registro_id,data_evento,cidade,uf,canal,dispositivo,categoria_produto,produto,preco_produto,valor_frete,cupom_utilizado,desconto_pct,etapa_funil,adicionou_carrinho,iniciou_pagamento,pagamento_aprovado,motivo_falha_pagamento,tempo_site_seg,quantidade_cliques,avaliacao_experiencia,origem_trafego,status_pedido,observacao
ECOM-00000,2025-04-04,Curitiba,pr,site,mobile,smartphone,Galaxy X,6406.85,21.91,nao,5,pagamento,sim,sim,nao,limite_insuficiente,741,14,4.2,organico,,
ECOM-00001,16/04/2025,Uberlândia,MG,site,mobile,smartfone,Earbuds,606.51,78.41,nao,20,compra,sim,sim,nao,,240,26,3.0,organico,abandonado,
ECOM-00002,2025-04-03,Campinas,SP,site,mobile,notbook,Redmi Pro,3431.93,57.94,nao,20,carrinho,sim,nao,nao,,551,10,5,email,procesado,
ECOM-00003,2025-10-20,Curitiba,PR,app,mobile,fone,Headset Gamer,"366,88","59,56",nao,20,visualizou,sim,nao,nao,,5,21,"4,0",email,falha_pagamento,
ECOM-00004,2025-08-29,uberlândia,MG,app,mobile,smartphone,Redmi Pro,2044.1,"11,51",,20,visualizou,nao,nao,nao,,137,12,3.9,google_ads,abandonado,
ECOM-00005,2025-06-23,Uberaba,MG,app,mobile,smartphone,Moto Plus,3338.4,"55,29",nao,0,pagamento,sim,sim,nao,,164,17,3.7,instagram,abandonado,
ECOM-00006,2025-06-18,Campinas,SP,app,mobile,fone,Headset Gamer,799.12,64.74,nao,15,carrinho,sim,nao,nao,,,28,2.7,organico,finalizado,
ECOM-00007,01/06/2025,São Paulo,SP,site,tablet,smartwatch,Watch Pro,2064.93,58.7,nao,10,visualizou,sim,nao,nao,,197,12,3.4,google_ads,,
ECOM-00008,2025-06-07,Salvador,BA,app,mobile,acessorios,Teclado,286.1,39.61,nao,0,visualizou,nao,nao,nao,,335,9,3.4,organico,finalizado,
ECOM-00009,2025-02-22,são paulo,SP,site,mobile,acessorios,Cabo USB-C,314.22,16.33,nao,5,carrinho,sim,nao,nao,,321,22,"3,4",organico,,
ECOM-00010,2025-08-30,Uberaba,MG,site,desktop,smartphone,iPhone Z,99999.99,18.0,sim,5,visualizou,nao,nao,nao,,293,1,4.1,google_ads,,OUTLIER preco muito alto
ECOM-00011,2025-06-14,são paulo,SP,app,mobile,notebook,Notebook Office,6427.46,"50,53",sim,20,visualizou,sim,nao,nao,,397,18,5,instagram,falha_pagamento,
ECOM-00012,data_invalida,São Paulo,SP,app,mobile,smartphone,Moto Plus,2227.46,"63,01",nao,0,pagamento,sim,sim,nao,cartao_recusado,370,14,1.9,direto,,
ECOM-00013,2025-01-08,Uberlândia,MG,site,tablet,acessorios,Teclado,"248,57","17,73",sim,20,compra,sim,sim,sim,,442,13,4.3,direto,,
ECOM-00014,2025-03-07,são paulo,SP,app,mobile,smartwatch,Smartwatch Fit,1873.89,29.91,sim,0,visualizou,nao,nao,nao,,360,1,3.6,organico,procesado,
ECOM-00015,2025-04-21,Goiânia,GO,site,desktop,smartphone,Moto Plus,2036.18,35.18,sim,15,carrinho,sim,nao,nao,,5,19,3.8,organico,abandonado,
ECOM-00016,2025-08-27,Campinas,SP,site,tablet,smartwatch,Smartwatch Fit,1461.13,10.45,,15,pagamento,sim,sim,nao,pix_expirado,255,19,4.2,direto,abandonado,
ECOM-00017,2025-08-10,São Paulo,SP,site,mobile,smartphone,Redmi Pro,"6014,27",44.65,sim,15,pagamento,sim,sim,nao,limite_insuficiente,224,17,3.4,email,falha_pagamento,
ECOM-00018,2025-08-16,Goiânia,GO,site,mobile,fone,Headset Gamer,545.92,"41,4",sim,0,compra,sim,sim,sim,,484,5,3.0,google_ads,falha_pagamento,
ECOM-00019,data_invalida,Curitiba,PR,app,mobile,notebook,Notebook Gamer,"6911,57","30,32",nao,20,pagamento,sim,sim,nao,,415,2,4.2,google_ads,abandonado,
ECOM-00020,2025-06-24,Campinas,SP,site,mobile,notebook,Ultrabook,6373.52,38.37,sim,5,carrinho,sim,nao,nao,,431,4,4.1,organico,procesado,
ECOM-00021,2025-01-09,Goiânia,GO,site,mobile,notebook,Ultrabook,4310.42,"21,58",,5,compra,sim,sim,sim,,5,15,2.4,email,finalizado,
ECOM-00022,2025-05-27,Goiânia,GO,app,mobile,acessorios,Mouse,221.45,"54,6",sim,5,visualizou,sim,nao,nao,,486,1,3.6,google_ads,,
ECOM-00023,2025-03-12,São Paulo,SP,site,desktop,acessorios,Mouse,223.0,18.65,nao,10,pagamento,sim,sim,nao,pix_expirado,159,1,4.0,google_ads,procesado,
ECOM-00024,2025-06-18,Salvador,BA,site,mobile,fone,Earbuds,376.7,4.21,nao,5,carrinho,sim,nao,nao,,29,9,5,google_ads,procesado,
ECOM-00025,25/06/2025,Curitiba,PR,app,mobile,smartwatch,Smartwatch Fit,1004.4,1500.00,sim,20,pagamento,sim,sim,nao,pix_expirado,586,16,3.5,google_ads,finalizado,OUTLIER frete muito alto
ECOM-00026,2025-01-06,são paulo,SP,app,mobile,notebook,Notebook Office,5820.93,19.33,nao,0,carrinho,sim,nao,nao,,311,16,"2,0",google_ads,abandonado,
ECOM-00027,2025-05-17,Uberaba,MG,app,mobile,smartwatch,Smartwatch Fit,644.48,68.68,sim,15,carrinho,sim,nao,nao,,284,17,4.2,google_ads,falha_pagamento,
ECOM-00028,2025-05-21,Uberlândia,MG,site,mobile,smartphone,Galaxy X,1105.27,69.16,sim,15,carrinho,sim,nao,nao,,239,13,4.5,google_ads,procesado,
ECOM-00029,2025-09-17,São Paulo,SP,site,mobile,smartphone,Moto Plus,2185.19,37.67,nao,0,carrinho,sim,nao,nao,,574,26,1,organico,falha_pagamento,
ECOM-00030,2025-04-25,Uberaba,MG,app,mobile,smartphone,Redmi Pro,2696.49,"65,2",sim,5,compra,sim,sim,sim,,314,22,4.6,direto,,
ECOM-00031,2025-05-30,Goiânia,GO,site,mobile,smartwatch,Watch Pro,1986.85,66.05,sim,5,carrinho,sim,nao,nao,,295,4,5,instagram,finalizado,
ECOM-00032,2025-01-30,Curitiba,PR,app,desktop,smartphone,Redmi Pro,"2986,25",25.71,sim,10,compra,sim,sim,nao,limite_insuficiente,5,11,"3,6",instagram,falha_pagamento,
ECOM-00033,2025-02-19,Campinas,SP,site,mobile,notebook,Notebook Office,"3730,43",24.44,sim,0,pagamento,sim,sim,nao,cartao_recusado,5,12,5,instagram,abandonado,
ECOM-00034,2025-08-01,Goiânia,GO,site,desktop,notebook,Notebook Office,7473.56,15.17,nao,0,pagamento,sim,sim,nao,,326,16,3.6,google_ads,falha_pagamento,
ECOM-00035,2025-01-04,Salvador,BA,site,tablet,acessorios,Teclado,129.86,12.25,sim,15,visualizou,nao,nao,nao,,273,14,4.3,organico,,
ECOM-00036,2025-05-07,São Paulo,SP,app,desktop,acessorios,Mouse,201.24,10.54,nao,0,carrinho,sim,nao,nao,,356,12,1.8,google_ads,procesado,
ECOM-00037,03/06/2025,Goiânia,GO,app,mobile,smartphone,iPhone Z,1970.65,53.1,sim,0,compra,sim,sim,sim,,253,1,"2,4",email,falha_pagamento,
ECOM-00038,07-22-2025,Goiânia,GO,app,mobile,smartphone,Moto Plus,4703.97,12.15,nao,0,carrinho,sim,nao,nao,,5,25,3.6,organico,,
ECOM-00039,2025-06-06,Uberaba,mg,app,mobile,smartwatch,Watch Pro,1347.87,59.26,,15,carrinho,sim,nao,nao,,402,1,"4,4",organico,falha_pagamento,
ECOM-00040,2025-05-09,Salvador,BA,site,mobile,smartphone,iPhone Z,1447.72,65.95,sim,150,pagamento,sim,sim,nao,erro_gateway,427,4,3.9,organico,,VALOR INVALIDO desconto maior que 100
ECOM-00041,2025-10-17,Salvador,BA,app,mobile,smartwatch,Smartwatch Fit,1443.82,23.62,nao,0,compra,sim,sim,sim,,464,8,4.7,google_ads,,
ECOM-00042,2025-07-21,São Paulo,SP,app,mobile,notebook,Notebook Office,"7833,83",60.75,sim,15,carrinho,sim,nao,nao,,60,3,2.0,organico,finalizado,
ECOM-00043,10-23-2025,Uberlândia,MG,app,mobile,smartphone,Moto Plus,4024.48,40.98,nao,10,carrinho,sim,nao,nao,,75,24,4.5,instagram,finalizado,
ECOM-00044,2025-01-22,Goiânia,GO,app,mobile,smartwatch,Watch Pro,2009.41,35.05,sim,20,visualizou,nao,nao,nao,,300,23,4.4,instagram,abandonado,
ECOM-00045,2025-04-07,Campinas,sp,site,mobile,smartphone,Moto Plus,1701.45,"16,08",nao,0,carrinho,sim,nao,nao,,527,8,1.9,organico,falha_pagamento,
ECOM-00046,2025-10-27,salvador,BA,site,desktop,notebook,Notebook Office,5513.15,23.18,,5,carrinho,sim,nao,nao,,177,14,3.7,organico,procesado,
ECOM-00047,03-20-2025,Uberaba,mg,site,mobile,fone,Fone Bluetooth,503.87,"46,74",,20,visualizou,nao,nao,nao,,270,11,3.9,instagram,falha_pagamento,
ECOM-00048,2025-03-26,Salvador,BA,site,mobile,smartphone,Redmi Pro,6046.79,"32,99",nao,20,visualizou,sim,nao,nao,,166,7,1.6,instagram,abandonado,
ECOM-00049,2025-10-27,uberlândia,MG,site,mobile,smartphone,iPhone Z,2396.26,"74,68",sim,15,carrinho,sim,nao,nao,,333,17,"4,9",google_ads,falha_pagamento,
ECOM-00050,2025-04-13,Uberaba,MG,site,mobile,smartphone,iPhone Z,3450.5,53.37,sim,10,carrinho,sim,nao,nao,,356,32,4.1,organico,falha_pagamento,
ECOM-00051,2025-07-20,São Paulo,SP,app,mobile,smartphone,iPhone Z,"5957,03",24.67,sim,0,pagamento,sim,sim,nao,,197,26,3.7,organico,,
ECOM-00052,19/06/2025,Uberlândia,MG,site,desktop,notebook,Notebook Gamer,9149.87,11.35,nao,0,visualizou,nao,nao,nao,,213,22,"2,0",instagram,falha_pagamento,
ECOM-00053,2025-02-05,Uberlândia,MG,app,desktop,smartphone,iPhone Z,1501.47,"72,09",sim,0,visualizou,nao,nao,nao,,315,28,4.2,organico,finalizado,
ECOM-00054,09/03/2025,salvador,BA,app,desktop,smartwatch,Watch Pro,2234.04,"40,55",,0,visualizou,nao,nao,nao,,365,22,"3,7",direto,,
ECOM-00055,24/07/2025,Uberlândia,MG,site,mobile,smartfone,Redmi Pro,4143.3,9.83,,10,compra,sim,sim,sim,,50000,1,4.4,instagram,finalizado,OUTLIER tempo no site extremo
ECOM-00056,2025-03-01,Goiânia,GO,app,desktop,smartwatch,Watch Pro,"862,16",75.49,nao,5,visualizou,nao,nao,nao,,536,20,4.6,organico,,
ECOM-00057,2025-09-09,São Paulo,SP,site,mobile,smartfone,Galaxy X,"1586,26","20,35",,5,visualizou,nao,nao,nao,,132,6,4.1,organico,procesado,
ECOM-00058,2025-03-13,Campinas,SP,app,desktop,smartfone,Ultrabook,1990.18,"29,19",nao,10,carrinho,sim,nao,nao,,414,5,5,google_ads,abandonado,
ECOM-00059,2025-03-08,Campinas,SP,site,desktop,fone,Earbuds,799.58,"12,68",,0,pagamento,sim,sim,nao,cartao_recusado,81,6,4.1,organico,,
ECOM-00060,03-19-2025,Uberlândia,MG,app,mobile,smartphone,iPhone Z,1087.81,0.41,nao,15,pagamento,sim,sim,nao,erro_gateway,85,21,4.6,organico,procesado,
ECOM-00061,2025-03-30,Uberaba,MG,site,desktop,notebook,Notebook Office,3900.27,62.59,nao,0,pagamento,sim,sim,nao,cartao_recusado,5,21,4.7,organico,,
ECOM-00062,08-01-2025,São Paulo,SP,app,mobile,smartwatch,Watch Pro,2113.37,18.76,nao,15,pagamento,sim,sim,nao,limite_insuficiente,5,27,3.3,direto,falha_pagamento,
ECOM-00063,01-24-2025,Uberaba,MG,site,desktop,fone,Fone Bluetooth,578.92,"58,45",sim,15,compra,sim,sim,nao,limite_insuficiente,,18,5,direto,procesado,
ECOM-00064,2025-02-07,Uberaba,MG,site,mobile,smartphone,iPhone Z,6485.4,40.16,nao,20,visualizou,nao,nao,nao,,145,24,4.2,google_ads,falha_pagamento,
ECOM-00065,2025-07-11,Goiânia,GO,app,mobile,notebook,Notebook Office,4445.24,68.21,sim,5,visualizou,sim,nao,nao,,363,1,2.9,email,procesado,
ECOM-00066,03/07/2025,Uberlândia,MG,app,tablet,notbook,iPhone Z,6476.46,48.66,,10,visualizou,sim,nao,nao,,166,19,3.8,google_ads,falha_pagamento,
ECOM-00067,2025-08-15,Campinas,sp,site,mobile,notebook,Notebook Office,6674.65,62.29,,0,compra,sim,sim,sim,,584,18,2.7,instagram,finalizado,
ECOM-00068,2025-04-07,Uberaba,MG,site,mobile,smartwatch,Watch Pro,643.73,"26,78",,0,carrinho,sim,nao,nao,,583,25,3.8,organico,procesado,
ECOM-00069,2025-10-21,Curitiba,PR,app,mobile,smartphone,Galaxy X,3122.7,11.49,sim,0,pagamento,sim,sim,nao,cartao_recusado,300,1,3.7,instagram,finalizado,
ECOM-00070,2025-09-20,Uberlândia,MG,site,mobile,acessorios,Teclado,94.52,13.31,nao,10,compra,sim,sim,sim,,328,900,5,direto,procesado,OUTLIER quantidade de cliques
ECOM-00071,2025-05-20,Curitiba,PR,site,mobile,smartphone,iPhone Z,6215.1,20.54,nao,15,compra,sim,sim,sim,,188,16,4.1,google_ads,procesado,
ECOM-00072,2025-05-16,Salvador,BA,site,mobile,fone,Earbuds,816.85,49.29,nao,15,visualizou,nao,nao,nao,,213,9,3.9,google_ads,abandonado,
ECOM-00073,2025-01-12,uberlândia,MG,site,desktop,notebook,Notebook Office,3897.86,79.41,nao,5,carrinho,sim,nao,nao,,198,18,"5,0",google_ads,finalizado,
ECOM-00074,09/07/2025,São Paulo,SP,app,mobile,smartphone,Redmi Pro,4407.67,4.83,sim,20,compra,sim,sim,sim,,503,10,5,email,abandonado,
ECOM-00075,2025-04-29,Goiânia,GO,site,mobile,smartwatch,Watch Pro,1263.42,1.5,,15,visualizou,sim,nao,nao,,306,18,2.4,google_ads,finalizado,
ECOM-00076,2025-04-06,Curitiba,PR,site,desktop,notebook,Notebook Office,3634.58,78.31,nao,0,visualizou,sim,nao,nao,,,16,4.7,email,abandonado,
ECOM-00077,2025-01-23,Campinas,SP,site,mobile,notebook,Notebook Gamer,3084.94,68.25,,0,visualizou,sim,nao,nao,,476,5,"4,0",google_ads,procesado,
ECOM-00078,2025-09-11,Curitiba,PR,app,mobile,smartphone,Galaxy X,1211.13,17.48,,20,pagamento,sim,sim,nao,limite_insuficiente,186,11,5,organico,falha_pagamento,
ECOM-00079,2025-04-08,Campinas,SP,site,mobile,notebook,Notebook Office,3138.11,71.44,sim,15,visualizou,nao,nao,nao,,511,3,2.2,organico,,
ECOM-00080,2025-06-28,Curitiba,PR,site,desktop,smartphone,iPhone Z,2657.12,34.72,nao,15,visualizou,nao,nao,nao,,518,8,4.2,direto,procesado,
ECOM-00081,2025-02-23,São Paulo,SP,app,mobile,smartphone,Galaxy X,5803.8,3.6,sim,20,compra,sim,sim,sim,,195,8,5,google_ads,finalizado,
ECOM-00082,2025-06-24,Campinas,SP,site,mobile,acessorios,Cabo USB-C,243.77,55.73,,20,compra,sim,sim,sim,,74,6,3.8,organico,,
ECOM-00083,2025-07-25,Salvador,BA,app,mobile,notebook,Notebook Office,"9254,4","24,81",,10,pagamento,sim,sim,nao,cartao_recusado,282,17,3.7,google_ads,finalizado,
ECOM-00084,2025-09-19,são paulo,sp,app,desktop,notbook,Smartwatch Fit,1755.77,55.78,,0,carrinho,sim,nao,nao,,462,16,4.0,direto,falha_pagamento,
ECOM-00085,2025-07-13,Curitiba,PR,site,desktop,smartwatch,Watch Pro,878.46,"51,19",sim,10,visualizou,nao,nao,nao,,147,9,9,instagram,procesado,VALOR INVALIDO avaliacao fora da escala
ECOM-00086,2025-04-10,Uberlândia,MG,site,mobile,notebook,Notebook Gamer,5403.66,58.86,nao,5,pagamento,sim,sim,nao,cartao_recusado,186,1,4.5,organico,procesado,
ECOM-00087,2025-07-31,Uberaba,MG,site,mobile,notebook,Notebook Gamer,4075.88,19.07,,0,carrinho,sim,nao,nao,,427,4,"2,9",organico,finalizado,
ECOM-00088,2025-07-30,Uberlândia,MG,app,mobile,notebook,Ultrabook,8057.26,72.65,sim,0,visualizou,nao,nao,nao,,258,16,3.7,direto,,
ECOM-00089,2025-08-02,Campinas,SP,site,mobile,smartphone,iPhone Z,4430.0,64.3,nao,5,pagamento,sim,sim,nao,pix_expirado,223,3,2.2,instagram,finalizado,
ECOM-00090,2025-01-13,Curitiba,pr,site,mobile,smartphone,Redmi Pro,"3516,36","52,08",nao,0,pagamento,sim,sim,nao,pix_expirado,343,8,5,email,,
ECOM-00091,2025-04-18,Uberaba,MG,site,mobile,notebook,Ultrabook,"2749,99",43.38,,10,visualizou,nao,nao,nao,,344,1,3.9,organico,,
ECOM-00092,2025-06-21,Curitiba,PR,site,mobile,smartphone,iPhone Z,"1368,97","66,51",,0,carrinho,sim,nao,nao,,364,4,2.9,email,,
ECOM-00093,2025-06-09,Curitiba,PR,app,desktop,smartwatch,Watch Pro,1432.8,"74,83",sim,5,compra,sim,sim,sim,,291,31,5,instagram,finalizado,
ECOM-00094,2025-05-20,Salvador,BA,app,mobile,smartphone,Galaxy X,2472.58,76.85,sim,0,compra,sim,sim,sim,,352,18,3.1,email,procesado,
ECOM-00095,2025-05-16,Salvador,BA,app,desktop,notebook,Notebook Gamer,5464.8,56.33,sim,0,visualizou,nao,nao,nao,,196,18,2.5,google_ads,finalizado,
ECOM-00096,2025-07-17,Uberaba,MG,site,tablet,notebook,Notebook Office,6322.59,66.5,nao,15,pagamento,sim,sim,nao,,83,4,"3,7",organico,falha_pagamento,
ECOM-00097,2025-09-25,Curitiba,PR,site,desktop,notebook,Notebook Office,5164.85,"44,23",sim,5,visualizou,nao,nao,nao,,199,14,4.3,google_ads,,
ECOM-00098,2025-01-05,Salvador,BA,app,mobile,smartwatch,Smartwatch Fit,"1089,63","23,87",nao,15,pagamento,sim,sim,nao,pix_expirado,321,25,3.1,google_ads,procesado,
ECOM-00099,2025-04-29,São Paulo,SP,app,mobile,fone,Fone Bluetooth,281.64,10.63,sim,0,pagamento,sim,sim,nao,cartao_recusado,23,3,"1,8",google_ads,falha_pagamento,
ECOM-00100,2025-08-12,Goiânia,GO,site,mobile,acessorios,Cabo USB-C,-200,23.96,,0,carrinho,sim,nao,nao,,193,25,"3,7",google_ads,procesado,VALOR INVALIDO preco negativo
ECOM-00101,25/04/2025,Campinas,SP,app,desktop,notebook,Ultrabook,8062.7,32.15,nao,10,visualizou,nao,nao,nao,,,1,3.2,google_ads,finalizado,
ECOM-00102,2025-05-23,Campinas,SP,site,mobile,fone,Earbuds,845.16,"40,77",sim,0,visualizou,sim,nao,nao,,644,15,3.5,email,falha_pagamento,
ECOM-00103,04/06/2025,Goiânia,GO,site,desktop,notebook,Notebook Office,8012.47,"51,47",sim,15,compra,sim,sim,sim,,369,27,"3,9",organico,abandonado,
ECOM-00104,2025-05-30,Goiânia,GO,site,mobile,smartwatch,Watch Pro,809.47,67.51,nao,0,carrinho,sim,nao,nao,,,10,4.4,organico,,
ECOM-00105,13/04/2025,São Paulo,SP,site,mobile,smartphone,Redmi Pro,5566.57,"21,56",sim,0,compra,sim,sim,sim,,256,14,2.7,google_ads,,
ECOM-00106,06-04-2025,Uberlândia,MG,site,mobile,fone,Earbuds,679.91,76.65,sim,0,compra,sim,sim,nao,erro_gateway,240,25,3.0,google_ads,falha_pagamento,
ECOM-00107,2025-05-25,Salvador,BA,site,desktop,fone,Fone Bluetooth,"894,4",51.78,nao,5,visualizou,nao,nao,nao,,365,9,4.0,google_ads,,
ECOM-00108,2025-07-21,curitiba,PR,site,desktop,notebook,Notebook Gamer,2639.15,72.44,sim,5,pagamento,sim,sim,nao,,521,3,4.2,organico,falha_pagamento,
ECOM-00109,27/06/2025,Goiânia,GO,site,desktop,smartphone,Galaxy X,4901.34,44.91,nao,20,visualizou,sim,nao,nao,,5,1,5,instagram,finalizado,
ECOM-00110,2025-03-09,Uberaba,MG,site,mobile,smartphone,Redmi Pro,2701.04,"54,02",nao,15,pagamento,sim,sim,nao,pix_expirado,436,1,3.5,google_ads,abandonado,
ECOM-00111,2025-05-26,Salvador,BA,app,tablet,smartphone,Redmi Pro,"5888,98",33.65,sim,15,pagamento,sim,sim,nao,limite_insuficiente,192,9,5,organico,procesado,
ECOM-00112,2025-01-18,Campinas,SP,app,desktop,notebook,Notebook Office,8122.97,55.53,,0,pagamento,sim,sim,nao,erro_gateway,570,14,5,google_ads,,
ECOM-00113,data_invalida,Campinas,SP,site,mobile,smartphone,Galaxy X,6019.27,16.86,sim,10,visualizou,nao,nao,nao,,560,17,4.4,email,abandonado,
ECOM-00114,2025-04-20,São Paulo,SP,app,mobile,smartphone,Galaxy X,"5008,81",48.55,,0,visualizou,nao,nao,nao,,264,1,"3,6",organico,falha_pagamento,
ECOM-00115,06/09/2025,Uberlândia,MG,site,mobile,fone,Headset Gamer,586.39,"44,04",nao,15,compra,sim,sim,sim,,264,5,4.2,google_ads,falha_pagamento,
ECOM-00116,2025-06-19,São Paulo,SP,site,mobile,notebook,Notebook Gamer,9231.67,22.97,,0,carrinho,sim,nao,nao,,446,12,4.2,email,abandonado,
ECOM-00117,22/10/2025,Campinas,SP,app,mobile,fone,Headset Gamer,"453,95",40.18,sim,0,carrinho,sim,nao,nao,,597,19,3.4,instagram,falha_pagamento,
ECOM-00118,2025-02-05,São Paulo,SP,site,mobile,notbook,Watch Pro,2182.89,11.87,,5,carrinho,sim,nao,nao,,338,6,4.2,google_ads,falha_pagamento,
ECOM-00119,2025-10-14,Uberaba,MG,site,mobile,smartphone,Redmi Pro,4566.7,19.38,,10,visualizou,sim,nao,nao,,260,5,5.0,instagram,,
ECOM-00120,2025-08-14,salvador,BA,app,desktop,notebook,Ultrabook,"4478,09",11.81,nao,20,carrinho,sim,nao,nao,,348,14,4.4,organico,abandonado,
ECOM-00121,2025-01-19,Goiânia,GO,site,mobile,notebook,Notebook Gamer,5346.32,39.75,nao,0,compra,sim,sim,nao,cartao_recusado,63,1,2.9,organico,procesado,
ECOM-00122,2025-03-08,Campinas,SP,site,mobile,smartwatch,Smartwatch Fit,2447.27,68.15,sim,5,visualizou,sim,nao,nao,,430,9,3.2,direto,abandonado,
ECOM-00123,data_invalida,Goiânia,GO,app,mobile,smartwatch,Watch Pro,2055.33,12.44,,15,visualizou,nao,nao,nao,,191,12,3.7,google_ads,finalizado,
ECOM-00124,2025-06-21,Uberlândia,MG,site,mobile,smartphone,iPhone Z,1077.9,47.32,nao,15,pagamento,sim,sim,nao,erro_gateway,110,1,2.2,direto,,
ECOM-00125,07-05-2025,Goiânia,GO,app,mobile,fone,Headset Gamer,110.63,19.11,,0,visualizou,nao,nao,nao,,194,1,4.0,google_ads,finalizado,
ECOM-00126,2025-05-15,Uberlândia,MG,site,mobile,smartphone,Moto Plus,"4740,46","5,23",sim,0,pagamento,sim,sim,nao,,261,1,5,instagram,finalizado,
ECOM-00127,data_invalida,São Paulo,SP,site,mobile,smartphone,Galaxy X,3982.87,71.51,sim,15,compra,sim,sim,nao,cartao_recusado,,12,5,organico,falha_pagamento,
ECOM-00128,2025-07-19,Salvador,BA,site,tablet,notebook,Ultrabook,9495.66,59.31,sim,0,pagamento,sim,sim,nao,erro_gateway,5,8,2.8,google_ads,falha_pagamento,
ECOM-00129,2025-04-07,Uberlândia,mg,app,mobile,notebook,Notebook Gamer,"7651,5",62.69,,15,visualizou,nao,nao,nao,,5,7,"2,1",google_ads,abandonado,
ECOM-00130,2025-02-21,Goiânia,GO,site,mobile,smartphone,Redmi Pro,4738.21,11.92,nao,5,visualizou,nao,nao,nao,,140,5,4.9,direto,,
ECOM-00131,01-26-2025,Curitiba,PR,site,mobile,smartphone,Moto Plus,5529.57,31.54,,20,carrinho,sim,nao,nao,,179,8,"3,3",instagram,finalizado,
ECOM-00132,2025-01-17,Curitiba,PR,site,mobile,smartphone,iPhone Z,2898.85,63.02,nao,0,compra,sim,sim,sim,,253,13,3.1,google_ads,,
ECOM-00133,2025-10-06,Campinas,SP,app,desktop,fone,Headset Gamer,131.03,"50,82",nao,15,visualizou,sim,nao,nao,,45,7,5,email,,
ECOM-00134,2025-01-25,Uberaba,MG,site,mobile,fone,Fone Bluetooth,"487,45",1.29,sim,0,compra,sim,sim,sim,,343,11,3.4,organico,,
ECOM-00135,2025-10-03,Campinas,SP,site,mobile,notebook,Notebook Gamer,3710.49,"59,07",sim,0,visualizou,nao,nao,nao,,68,1,3.0,google_ads,finalizado,
ECOM-00136,2025-02-02,Uberlândia,MG,app,mobile,notebook,Notebook Office,"2801,14",71.3,,5,pagamento,sim,sim,nao,erro_gateway,53,15,3.8,organico,procesado,
ECOM-00137,2025-02-11,Campinas,SP,site,mobile,acessorios,Teclado,89.24,74.78,,5,visualizou,sim,nao,nao,,545,1,3.5,instagram,falha_pagamento,
ECOM-00138,16/02/2025,Salvador,BA,site,mobile,smartphone,Galaxy X,4170.81,"15,17",sim,0,pagamento,sim,sim,nao,limite_insuficiente,124,1,3.9,organico,procesado,
ECOM-00139,2025-02-10,São Paulo,SP,site,mobile,smartwatch,Watch Pro,1428.81,53.33,sim,0,carrinho,sim,nao,nao,,473,13,3.4,instagram,finalizado,
ECOM-00140,2025-02-09,Campinas,SP,site,desktop,smartphone,Galaxy X,4917.47,"33,36",nao,0,compra,sim,sim,sim,,252,10,3.9,organico,abandonado,
ECOM-00141,2025-07-26,São Paulo,SP,app,desktop,fone,Headset Gamer,227.34,58.29,sim,0,pagamento,sim,sim,nao,pix_expirado,396,19,2.7,organico,procesado,
ECOM-00142,2025-06-16,Salvador,BA,site,desktop,smartwatch,Watch Pro,1065.56,6.93,nao,0,compra,sim,sim,sim,,429,6,4.1,organico,falha_pagamento,
ECOM-00143,2025-08-05,Uberlândia,MG,site,mobile,smartphone,iPhone Z,6428.73,"58,52",sim,0,pagamento,sim,sim,nao,limite_insuficiente,372,1,4.1,instagram,abandonado,
ECOM-00144,27/06/2025,Campinas,SP,site,desktop,notebook,Notebook Gamer,"5593,37","27,21",,0,visualizou,nao,nao,nao,,143,16,5,instagram,abandonado,
ECOM-00145,2025-07-27,São Paulo,SP,site,desktop,smartphone,iPhone Z,2294.74,47.69,sim,15,carrinho,sim,nao,nao,,610,6,"4,3",organico,abandonado,
ECOM-00146,2025-06-12,São Paulo,SP,site,mobile,smartwatch,Smartwatch Fit,"1911,61",41.64,,15,compra,sim,sim,sim,,384,10,3.6,google_ads,falha_pagamento,
ECOM-00147,2025-05-09,Goiânia,GO,app,tablet,fone,Fone Bluetooth,806.61,68.97,sim,20,compra,sim,sim,sim,,327,5,5,instagram,,
ECOM-00148,2025-03-14,Uberaba,MG,site,mobile,smartphone,iPhone Z,"3493,89",45.34,nao,10,carrinho,sim,nao,nao,,333,15,"4,6",direto,,
ECOM-00149,03-06-2025,Uberlândia,MG,app,mobile,smartphone,Redmi Pro,1126.88,30.16,,15,compra,sim,sim,sim,,146,28,2.4,instagram,,
ECOM-00150,25/09/2025,Goiânia,GO,site,mobile,acessorios,Mouse,380.86,"16,6",,0,visualizou,nao,nao,nao,,272,18,5,instagram,abandonado,
ECOM-00151,2025-04-06,São Paulo,SP,site,mobile,smartphone,iPhone Z,3913.15,34.24,,0,carrino,sim,nao,nao,,283,5,1.3,email,,
ECOM-00152,2025-07-15,Uberaba,MG,app,mobile,fone,Fone Bluetooth,144.8,2.11,sim,5,visualizou,sim,nao,nao,,615,5,3.2,organico,abandonado,
ECOM-00153,2025-04-18,Curitiba,PR,site,desktop,fone,Earbuds,187.29,"54,42",nao,15,compra,sim,sim,sim,,55,13,"2,7",direto,abandonado,
ECOM-00154,2025-02-15,Uberaba,MG,site,mobile,acessorios,Mouse,116.26,7.72,sim,10,pagamento,sim,sim,nao,pix_expirado,230,12,3.2,instagram,abandonado,
ECOM-00155,01-18-2025,São Paulo,SP,site,mobile,fone,Fone Bluetooth,370.99,42.81,,0,pagamento,sim,sim,nao,,230,1,3.9,organico,,
ECOM-00156,2025-06-16,Curitiba,PR,site,desktop,fone,Earbuds,"611,21",49.38,sim,15,carrinho,sim,nao,nao,,5,12,3.9,instagram,procesado,
ECOM-00157,data_invalida,Uberlândia,MG,app,mobile,smartphone,Galaxy X,3525.58,62.65,nao,10,visualizou,sim,nao,nao,,56,1,3.5,google_ads,falha_pagamento,
ECOM-00158,10/01/2025,Salvador,BA,site,mobile,smartphone,iPhone Z,"4385,59",53.48,,10,compra,sim,sim,sim,,,11,4.2,google_ads,,
ECOM-00159,08-02-2025,Goiânia,GO,site,mobile,notebook,Notebook Gamer,7506.15,40.9,nao,15,compra,sim,sim,sim,,298,16,4.0,instagram,falha_pagamento,
ECOM-00160,2025-09-24,Salvador,BA,site,desktop,fone,Earbuds,144.38,59.05,sim,0,visualizou,sim,nao,nao,,323,17,5,instagram,finalizado,
ECOM-00161,2025-08-20,Campinas,SP,site,mobile,acessorios,Mouse,"307,41",8.0,nao,5,pagamento,sim,sim,nao,cartao_recusado,39,17,3.0,organico,finalizado,
ECOM-00162,2025-01-03,Campinas,SP,app,mobile,smartphone,Galaxy X,2151.9,"42,54",sim,5,compra,sim,sim,nao,erro_gateway,,8,3.1,direto,finalizado,
ECOM-00163,2025-02-02,Curitiba,pr,site,mobile,fone,Headset Gamer,252.2,"28,18",,15,pagamento,sim,sim,nao,pix_expirado,308,6,3.7,google_ads,falha_pagamento,
ECOM-00164,2025-08-14,Salvador,BA,site,mobile,fone,Fone Bluetooth,454.36,18.73,nao,5,pagto,sim,sim,nao,cartao_recusado,197,18,2.7,direto,procesado,
ECOM-00165,2025-03-02,Salvador,BA,site,mobile,notebook,Notebook Office,6206.39,7.48,sim,0,compra,sim,sim,sim,,200,4,4.3,organico,,
ECOM-00166,2025-09-04,Curitiba,PR,app,mobile,fone,Fone Bluetooth,"338,71",39.14,nao,0,pagamento,sim,sim,nao,limite_insuficiente,215,11,"4,0",direto,,
ECOM-00167,09-21-2025,Campinas,SP,app,tablet,notebook,Notebook Office,2035.74,4.83,,5,carrinho,sim,nao,nao,,409,11,"3,6",email,finalizado,
ECOM-00168,2025-04-05,Uberlândia,MG,site,mobile,smartphone,iPhone Z,"2248,94",38.76,nao,10,pagamento,sim,sim,nao,erro_gateway,404,5,2.7,instagram,finalizado,
ECOM-00169,08/05/2025,Salvador,BA,site,desktop,smartphone,iPhone Z,1322.05,44.43,,0,visualizou,sim,nao,nao,,5,1,5,organico,finalizado,
ECOM-00170,2025-07-29,Salvador,ba,app,desktop,fone,Fone Bluetooth,496.21,"42,11",nao,20,compra,sim,sim,sim,,5,8,"2,7",direto,,
ECOM-00171,2025-04-26,Salvador,BA,site,mobile,notebook,Ultrabook,5611.08,67.8,nao,10,visualizou,sim,nao,nao,,159,12,5,instagram,abandonado,
ECOM-00172,2025-06-20,são paulo,SP,app,mobile,notebook,Notebook Gamer,2180.56,66.13,nao,10,compra,sim,sim,sim,,399,11,4.4,direto,falha_pagamento,
ECOM-00173,07/01/2025,São Paulo,SP,site,mobile,smartphone,Redmi Pro,"2685,0",51.13,nao,0,visualizou,sim,nao,nao,,331,1,"4,3",organico,,
ECOM-00174,2025-01-03,Curitiba,PR,app,desktop,smartphone,Redmi Pro,3649.52,47.13,nao,20,pagamento,sim,sim,nao,,,9,3.5,google_ads,abandonado,
ECOM-00175,2025-08-25,Uberlândia,MG,site,mobile,notebook,Notebook Gamer,3866.25,55.94,nao,5,carrinho,sim,nao,nao,,,1,5,organico,finalizado,
ECOM-00176,2025-09-02,Uberlândia,MG,site,desktop,acessorios,Carregador,265.22,11.47,,15,carrinho,sim,nao,nao,,55,16,3.1,instagram,,
ECOM-00177,09-29-2025,Salvador,BA,site,desktop,notebook,Notebook Gamer,6881.86,46.1,,0,carrinho,sim,nao,nao,,603,15,3.9,organico,abandonado,
ECOM-00178,2025-07-23,Salvador,BA,app,mobile,notebook,Notebook Gamer,8616.49,33.25,nao,0,pagamento,sim,sim,nao,cartao_recusado,462,21,3.9,organico,,
ECOM-00179,2025-06-27,São Paulo,SP,site,mobile,notebook,Notebook Office,4239.53,41.51,sim,0,carrinho,sim,nao,nao,,559,23,3.5,organico,abandonado,
ECOM-00180,2025-05-01,curitiba,PR,app,mobile,fone,Headset Gamer,818.6,17.65,,0,visualizou,nao,nao,nao,,160,4,3.4,direto,procesado,
ECOM-00181,03/08/2025,Uberlândia,MG,site,desktop,notebook,Ultrabook,3396.68,"73,53",,10,pagamento,sim,sim,nao,cartao_recusado,,17,"3,6",organico,falha_pagamento,
ECOM-00182,2025-07-24,Salvador,BA,app,mobile,fone,Headset Gamer,498.01,15.42,nao,10,compra,sim,sim,sim,,571,20,4.6,google_ads,finalizado,
ECOM-00183,20/08/2025,Campinas,SP,app,mobile,acessorios,Teclado,"123,26",48.32,,5,carrinho,sim,nao,nao,,480,10,2.4,organico,procesado,
ECOM-00184,2025-06-27,Uberlândia,MG,app,mobile,notebook,Notebook Office,5936.23,51.93,sim,5,visualizou,sim,nao,nao,,222,16,4.1,google_ads,abandonado,
ECOM-00185,2025-09-03,São Paulo,SP,app,desktop,smartphone,iPhone Z,1150.92,"11,25",nao,0,pagamento,sim,sim,nao,cartao_recusado,387,16,3.2,google_ads,finalizado,
ECOM-00186,2025-08-18,Salvador,BA,app,mobile,smartphone,Moto Plus,3986.38,56.06,nao,0,carrinho,sim,nao,nao,,219,2,"4,2",organico,abandonado,
ECOM-00187,2025-02-09,Uberaba,MG,app,desktop,smartwatch,Smartwatch Fit,859.66,26.34,sim,0,pagamento,sim,sim,nao,,549,6,3.5,organico,falha_pagamento,
ECOM-00188,2025-06-19,Salvador,BA,site,mobile,acessorios,Teclado,377.81,77.91,nao,20,pagamento,sim,sim,nao,pix_expirado,663,1,4.9,instagram,abandonado,
ECOM-00189,2025-03-25,Salvador,BA,app,mobile,notebook,Notebook Office,4331.67,"29,23",,0,carrinho,sim,nao,nao,,157,24,4.4,instagram,abandonado,
ECOM-00190,2025-08-13,Salvador,BA,site,desktop,notebook,Ultrabook,4633.58,20.76,sim,20,carrino,nao,nao,nao,,359,15,2.7,organico,falha_pagamento,
ECOM-00191,2025-05-06,Salvador,BA,site,desktop,smartphone,Redmi Pro,"1976,96","29,82",sim,20,visualizou,sim,nao,nao,,15,14,2.9,organico,finalizado,
ECOM-00192,2025-08-19,Salvador,BA,site,mobile,fone,Earbuds,693.26,"64,26",sim,0,compra,sim,sim,sim,,5,12,4.9,organico,,
ECOM-00193,07-27-2025,São Paulo,sp,site,mobile,fone,Earbuds,322.43,15.62,sim,0,pagamento,sim,sim,nao,,5,16,3.4,instagram,,
ECOM-00194,2025-08-31,Uberaba,MG,app,mobile,notebook,Notebook Gamer,"1927,32",70.93,sim,10,carrinho,sim,nao,nao,,673,1,4.1,instagram,falha_pagamento,
ECOM-00195,2025-08-25,Goiânia,GO,app,mobile,smartphone,iPhone Z,2036.99,47.5,sim,15,pagamento,sim,sim,nao,erro_gateway,,14,4.2,google_ads,abandonado,
ECOM-00196,2025-04-22,Curitiba,PR,app,mobile,smartphone,Galaxy X,5277.59,44.58,sim,0,pagamento,sim,sim,nao,erro_gateway,5,1,"4,0",direto,,
ECOM-00197,2025-04-01,Uberaba,mg,site,mobile,smartphone,Galaxy X,"1502,22","52,93",nao,10,pagamento,sim,sim,nao,cartao_recusado,124,10,4.4,email,,
ECOM-00198,2025-05-03,Uberlândia,mg,app,mobile,notebook,Notebook Office,"4691,43",51.44,sim,0,carrinho,sim,nao,nao,,85,8,4.7,google_ads,,
ECOM-00199,2025-09-22,Salvador,BA,app,mobile,acessorios,Carregador,97.25,79.03,nao,0,pagamento,sim,sim,nao,pix_expirado,,3,3.9,google_ads,,
ECOM-00200,2025-10-14,Salvador,BA,site,mobile,smartwatch,Smartwatch Fit,1316.31,63.94,nao,0,pagamento,sim,sim,nao,cartao_recusado,468,4,3.1,organico,procesado,
ECOM-00201,2025-06-01,Curitiba,PR,site,mobile,acessorios,Carregador,262.57,32.1,nao,5,visualizou,nao,nao,nao,,297,11,"2,1",google_ads,procesado,
ECOM-00202,09-12-2025,Uberaba,MG,app,mobile,smartwatch,Smartwatch Fit,"1058,02",49.07,,0,compra,sim,sim,sim,,330,25,5,google_ads,abandonado,
ECOM-00203,07-01-2025,Uberlândia,MG,site,mobile,smartphone,Galaxy X,1992.25,30.82,sim,20,visualizou,sim,nao,nao,,355,7,5,google_ads,procesado,
ECOM-00204,2025-06-17,Goiânia,GO,app,mobile,smartphone,Galaxy X,"3852,81",6.41,nao,0,visualizou,sim,nao,nao,,5,7,3.1,instagram,,
ECOM-00205,2025-05-24,Uberaba,MG,app,mobile,fone,Headset Gamer,701.29,45.34,nao,0,carrinho,sim,nao,nao,,192,6,"4,1",instagram,falha_pagamento,
ECOM-00206,10-06-2025,Goiânia,GO,app,mobile,notebook,Ultrabook,3350.72,44.38,nao,0,carrinho,sim,nao,nao,,273,3,4.0,organico,,
ECOM-00207,2025-07-02,Goiânia,GO,site,mobile,smartwatch,Smartwatch Fit,1109.95,79.58,,5,visualizou,sim,nao,nao,,326,26,3.9,instagram,abandonado,
ECOM-00208,2025-10-27,Campinas,SP,app,desktop,notebook,Ultrabook,6364.37,11.39,nao,5,carrinho,sim,nao,nao,,278,15,3.5,organico,,
ECOM-00209,2025-07-01,Uberaba,MG,app,mobile,notebook,Notebook Office,1884.2,13.63,nao,15,carrinho,sim,nao,nao,,474,12,3.9,organico,,
ECOM-00210,2025-10-13,Curitiba,PR,site,mobile,notebook,Ultrabook,6693.2,32.65,sim,15,carrinho,sim,nao,nao,,5,7,4.0,google_ads,finalizado,
ECOM-00211,2025-04-08,Campinas,SP,site,mobile,smartphone,Moto Plus,4436.21,65.79,,0,pagamento,sim,sim,nao,,75,15,3.1,google_ads,falha_pagamento,
ECOM-00212,2025-08-18,Uberlândia,MG,site,mobile,smartphone,Galaxy X,2558.6,20.24,sim,0,compra,sim,sim,nao,erro_gateway,222,1,4.4,email,finalizado,
ECOM-00213,03-27-2025,Campinas,SP,app,mobile,smartphone,iPhone Z,5353.49,56.23,sim,0,pagamento,sim,sim,nao,,386,8,"2,8",direto,,
ECOM-00214,2025-05-15,Curitiba,PR,app,mobile,acessorios,Carregador,"140,67",21.45,sim,0,carrino,sim,sim,nao,pix_expirado,196,10,2.9,google_ads,abandonado,
ECOM-00215,2025-10-20,Curitiba,PR,app,desktop,notebook,Notebook Office,3841.03,44.63,nao,0,compra,sim,sim,sim,,417,19,4.2,direto,falha_pagamento,
ECOM-00216,2025-09-19,Uberlândia,MG,app,mobile,smartwatch,Smartwatch Fit,854.33,26.99,sim,15,carrinho,sim,nao,nao,,138,14,5,organico,,
ECOM-00217,2025-08-05,São Paulo,SP,site,desktop,smartphone,Galaxy X,4170.64,38.76,sim,10,carrinho,sim,nao,nao,,187,4,4.3,google_ads,finalizado,
ECOM-00218,2025-05-19,Uberlândia,MG,site,mobile,smartphone,Galaxy X,5570.14,46.72,sim,20,pagamento,sim,sim,nao,cartao_recusado,203,18,3.4,google_ads,falha_pagamento,
ECOM-00219,05-02-2025,Campinas,SP,site,mobile,fone,Earbuds,123.82,48.49,sim,0,carrinho,sim,nao,nao,,350,1,5,direto,,
ECOM-00220,27/09/2025,Campinas,SP,app,mobile,smartwatch,Watch Pro,"871,18",53.81,sim,15,visualizou,sim,nao,nao,,389,20,5,email,falha_pagamento,
ECOM-00221,2025-09-03,Goiânia,GO,app,mobile,notebook,Notebook Gamer,9470.46,45.32,sim,0,pagamento,sim,sim,nao,,197,7,4.1,direto,abandonado,
ECOM-00222,2025-03-03,Uberlândia,MG,site,desktop,smartwatch,Watch Pro,666.65,70.34,nao,0,carrinho,sim,nao,nao,,94,16,5,email,,
ECOM-00223,06/02/2025,Campinas,SP,site,mobile,smartwatch,Watch Pro,2203.37,17.09,sim,10,carrino,sim,nao,nao,,5,9,4.9,organico,falha_pagamento,
ECOM-00224,2025-05-17,salvador,BA,site,desktop,fone,Earbuds,492.9,1.36,,0,carrino,sim,nao,nao,,391,1,3.6,organico,abandonado,
ECOM-00225,2025-05-06,Curitiba,PR,app,mobile,notebook,Notebook Gamer,9126.58,"74,96",sim,0,pagamento,sim,sim,nao,erro_gateway,142,5,5,email,,
ECOM-00226,2025-07-01,São Paulo,SP,app,mobile,fone,Headset Gamer,651.67,33.19,,15,visualizou,nao,nao,nao,,5,9,3.4,google_ads,finalizado,
ECOM-00227,2025-05-28,salvador,BA,site,mobile,fone,Fone Bluetooth,298.07,69.54,nao,10,carrinho,sim,nao,nao,,344,29,3.2,email,abandonado,
ECOM-00228,03/08/2025,Campinas,SP,app,mobile,smartphone,Moto Plus,3298.31,75.73,sim,0,pagamento,sim,sim,nao,pix_expirado,242,16,"3,3",google_ads,falha_pagamento,
ECOM-00229,2025-07-25,campinas,sp,site,mobile,fone,Fone Bluetooth,883.45,0.32,nao,5,pagamento,sim,sim,nao,,215,1,2.9,email,abandonado,
ECOM-00230,2025-09-30,Goiânia,GO,app,mobile,notebook,Ultrabook,5988.43,26.55,,0,visualizou,nao,nao,nao,,307,12,1.3,google_ads,procesado,
ECOM-00231,28/04/2025,Campinas,SP,app,desktop,smartphone,Moto Plus,6066.69,6.29,,0,carrinho,sim,nao,nao,,369,12,3.2,google_ads,falha_pagamento,
ECOM-00232,2025-01-14,Goiânia,GO,app,mobile,smartphone,Redmi Pro,3171.46,"31,13",nao,5,compra,sim,sim,sim,,91,21,3.2,google_ads,procesado,
ECOM-00233,22/05/2025,curitiba,PR,app,mobile,notebook,Ultrabook,"5875,76",39.38,,20,visualizou,nao,nao,nao,,262,11,4.3,organico,finalizado,
ECOM-00234,18/01/2025,Curitiba,PR,site,tablet,smartphone,Redmi Pro,"6206,56",57.36,sim,15,carrinho,sim,nao,nao,,217,19,3.1,organico,procesado,
ECOM-00235,2025-10-14,Curitiba,PR,site,mobile,smartphone,Redmi Pro,1051.71,31.47,sim,10,visualizou,sim,nao,nao,,217,11,4.0,email,,
ECOM-00236,06-30-2025,São Paulo,SP,site,tablet,fone,Earbuds,860.1,18.99,nao,0,pagamento,sim,sim,nao,cartao_recusado,737,24,5,google_ads,procesado,
ECOM-00237,30/06/2025,São Paulo,SP,site,mobile,smartphone,iPhone Z,"4775,36",64.01,sim,20,compra,sim,sim,nao,pix_expirado,243,1,2.2,google_ads,finalizado,
ECOM-00238,2025-09-27,Goiânia,GO,app,desktop,fone,Earbuds,323.95,20.51,sim,20,visualizou,nao,nao,nao,,381,10,5.0,email,falha_pagamento,
ECOM-00239,2025-08-02,Salvador,BA,app,mobile,smartwatch,Smartwatch Fit,1610.97,79.23,sim,5,compra,sim,sim,sim,,352,26,2.9,email,finalizado,
ECOM-00240,2025-10-13,Salvador,BA,site,mobile,smartwatch,Watch Pro,"986,31",67.83,sim,0,carrinho,sim,nao,nao,,41,1,4.4,email,finalizado,
ECOM-00241,01-04-2025,Goiânia,GO,app,mobile,smartphone,iPhone Z,2180.52,"36,35",nao,10,carrinho,sim,nao,nao,,308,17,4.5,direto,falha_pagamento,
ECOM-00242,2025-07-24,Campinas,SP,app,desktop,notebook,Notebook Office,5497.2,8.31,nao,20,pagamento,sim,sim,nao,limite_insuficiente,133,12,5,direto,finalizado,
ECOM-00243,2025-07-18,São Paulo,SP,site,desktop,fone,Earbuds,758.28,34.38,,15,carrinho,sim,nao,nao,,5,9,5,email,finalizado,
ECOM-00244,2025-06-15,São Paulo,sp,site,mobile,smartwatch,Watch Pro,1554.19,"11,53",nao,0,compra,sim,sim,sim,,5,3,2.3,email,,
ECOM-00245,2025-09-28,Uberlândia,MG,site,mobile,smartphone,Galaxy X,"2545,77",26.66,,15,pagamento,sim,sim,nao,erro_gateway,220,1,3.7,email,abandonado,
ECOM-00246,2025-08-24,São Paulo,SP,site,desktop,fone,Earbuds,397.07,"17,52",nao,15,visualizou,sim,nao,nao,,87,7,2.9,google_ads,procesado,
ECOM-00247,2025-10-21,Uberlândia,MG,site,mobile,notebook,Notebook Office,4261.8,35.51,nao,5,pagamento,sim,sim,nao,,488,14,4.5,organico,,
ECOM-00248,2025-07-20,salvador,BA,app,mobile,smartphone,Galaxy X,"1712,97",54.79,nao,0,pagamento,sim,sim,nao,cartao_recusado,54,8,4.2,email,abandonado,
ECOM-00249,2025-08-12,são paulo,sp,site,mobile,notebook,Ultrabook,2245.2,54.41,,10,visualizou,nao,nao,nao,,5,8,"3,2",direto,,
ECOM-00250,2025-03-10,Uberaba,MG,app,mobile,fone,Fone Bluetooth,639.76,72.61,nao,0,visualizou,nao,nao,nao,,374,9,4.6,google_ads,falha_pagamento,
ECOM-00251,06-24-2025,Salvador,BA,app,mobile,smartphone,Moto Plus,"4652,04",47.08,,5,carrino,sim,sim,sim,,365,2,3.6,instagram,procesado,
ECOM-00252,2025-01-05,Goiânia,GO,site,mobile,notebook,Notebook Office,2880.03,59.02,sim,15,carrinho,sim,nao,nao,,102,5,4.4,direto,abandonado,
ECOM-00253,2025-01-29,Uberaba,mg,site,mobile,smartphone,Galaxy X,"4949,88",54.09,,15,carrino,nao,nao,nao,,164,9,"2,8",email,falha_pagamento,
ECOM-00254,2025-01-24,campinas,SP,site,mobile,smartphone,iPhone Z,2144.91,63.96,nao,15,visualizou,sim,nao,nao,,334,4,3.4,google_ads,falha_pagamento,
ECOM-00255,2025-08-25,uberlândia,MG,app,desktop,smartphone,Moto Plus,1886.86,34.34,,20,compra,sim,sim,sim,,5,30,"2,2",organico,abandonado,
ECOM-00256,2025-08-10,São Paulo,SP,site,mobile,acessorios,Mouse,37.81,53.63,nao,15,compra,sim,sim,sim,,273,7,2.7,organico,falha_pagamento,
ECOM-00257,22/03/2025,curitiba,PR,site,mobile,acessorios,Mouse,185.1,37.44,nao,0,visualizou,sim,nao,nao,,405,6,3.4,google_ads,abandonado,
ECOM-00258,2025-04-23,Uberlândia,MG,app,mobile,notbook,Notebook Office,7667.3,52.43,nao,0,carrinho,sim,nao,nao,,5,17,5,organico,abandonado,
ECOM-00259,2025-06-22,Uberlândia,MG,app,mobile,fone,Fone Bluetooth,371.64,32.39,nao,20,pagamento,sim,sim,nao,,274,1,3.3,google_ads,falha_pagamento,
ECOM-00260,2025-07-21,Curitiba,PR,site,mobile,acessorios,Cabo USB-C,41.34,"19,38",sim,20,pagamento,sim,sim,nao,limite_insuficiente,442,9,5,google_ads,falha_pagamento,
ECOM-00261,06/02/2025,Campinas,SP,site,desktop,notebook,Ultrabook,"8910,08",46.71,nao,20,carrinho,sim,nao,nao,,197,5,4.7,instagram,finalizado,
ECOM-00262,2025-10-19,Campinas,SP,site,mobile,fone,Fone Bluetooth,722.01,"51,53",,15,compra,sim,sim,sim,,254,23,4.4,google_ads,,
ECOM-00263,2025-05-13,São Paulo,SP,site,mobile,smartphone,iPhone Z,4390.65,50.19,sim,10,visualizou,nao,nao,nao,,326,16,3.7,organico,finalizado,
ECOM-00264,2025-10-25,Uberaba,MG,site,mobile,smartphone,iPhone Z,3983.11,10.75,sim,0,visualizou,sim,nao,nao,,423,18,5,email,finalizado,
ECOM-00265,19/03/2025,Uberlândia,MG,app,desktop,smartwatch,Watch Pro,868.94,35.47,nao,0,pagamento,sim,sim,nao,pix_expirado,231,3,"3,7",instagram,abandonado,
ECOM-00266,data_invalida,Curitiba,PR,app,mobile,smartphone,Galaxy X,1040.01,34.23,nao,20,carrinho,sim,nao,nao,,119,13,2.3,google_ads,abandonado,
ECOM-00267,2025-09-03,Curitiba,PR,app,mobile,smartphone,Galaxy X,4097.63,"16,93",,5,compra,sim,sim,sim,,379,14,3.4,organico,finalizado,
ECOM-00268,2025-10-09,Campinas,SP,app,mobile,smartwatch,Smartwatch Fit,1766.57,58.85,sim,0,compra,sim,sim,sim,,137,4,"2,7",instagram,finalizado,
ECOM-00269,2025-08-21,Salvador,BA,app,mobile,fone,Earbuds,604.23,61.38,,10,compra,sim,sim,sim,,,18,5.0,google_ads,procesado,
ECOM-00270,2025-05-17,Uberlândia,MG,app,desktop,smartwatch,Smartwatch Fit,1427.72,6.24,nao,0,pagamento,sim,sim,nao,cartao_recusado,26,21,3.1,google_ads,procesado,
ECOM-00271,2025-08-28,São Paulo,SP,site,mobile,smartphone,Galaxy X,5035.27,65.03,nao,15,pagamento,sim,sim,nao,limite_insuficiente,521,2,3.2,email,,
ECOM-00272,01/08/2025,Salvador,BA,site,mobile,notebook,Notebook Office,4502.46,52.94,nao,20,carrinho,sim,nao,nao,,5,14,3.2,google_ads,procesado,
ECOM-00273,2025-02-17,Uberaba,MG,app,desktop,smartphone,Redmi Pro,2966.31,"38,52",sim,0,visualizou,sim,nao,nao,,394,24,3.4,organico,falha_pagamento,
ECOM-00274,2025-07-15,Goiânia,GO,app,mobile,notebook,Notebook Office,"5136,78",79.44,sim,10,visualizou,sim,nao,nao,,541,7,4.4,organico,,
ECOM-00275,07-21-2025,Goiânia,GO,site,desktop,smartphone,iPhone Z,3836.53,74.11,nao,0,pagto,sim,nao,nao,,318,7,2.6,google_ads,falha_pagamento,
ECOM-00276,2025-06-05,Uberaba,MG,app,mobile,notebook,Notebook Office,5802.15,26.28,sim,0,compra,sim,sim,sim,,189,13,5,organico,falha_pagamento,
ECOM-00277,2025-01-30,Uberaba,mg,app,mobile,notebook,Ultrabook,6773.37,8.21,sim,15,compra,sim,sim,sim,,236,2,3.6,instagram,finalizado,
ECOM-00278,2025-04-19,Goiânia,go,site,mobile,smartphone,Redmi Pro,3359.06,50.03,nao,15,visualizou,nao,nao,nao,,254,18,5,google_ads,abandonado,
ECOM-00279,2025-03-03,Curitiba,PR,site,desktop,smartphone,Moto Plus,1298.06,22.46,sim,20,carrinho,sim,nao,nao,,219,11,4.5,direto,finalizado,
ECOM-00280,05-28-2025,Uberaba,MG,site,mobile,acessorios,Teclado,397.34,54.87,sim,0,compra,sim,sim,sim,,208,17,4.8,direto,falha_pagamento,
ECOM-00281,2025-02-12,São Paulo,SP,site,mobile,smartphone,Redmi Pro,1456.82,36.92,nao,20,carrino,sim,sim,nao,cartao_recusado,45,16,"3,5",organico,falha_pagamento,
ECOM-00282,2025-01-18,Uberaba,MG,app,mobile,fone,Earbuds,337.08,59.36,,20,carrinho,sim,nao,nao,,390,4,4.2,google_ads,abandonado,
ECOM-00283,2025-06-04,São Paulo,sp,app,mobile,fone,Earbuds,539.93,56.64,,5,carrinho,sim,nao,nao,,96,14,5,direto,abandonado,
ECOM-00284,2025-02-22,Uberlândia,MG,site,desktop,notebook,Notebook Gamer,9364.64,29.34,nao,0,carrino,sim,sim,nao,limite_insuficiente,432,5,1.9,direto,finalizado,
ECOM-00285,2025-05-26,Goiânia,GO,app,desktop,smartphone,Galaxy X,4890.13,43.69,sim,0,visualizou,nao,nao,nao,,48,8,3.2,organico,finalizado,
ECOM-00286,2025-07-11,Curitiba,PR,app,mobile,notebook,Notebook Gamer,8372.88,21.83,nao,10,carrinho,sim,nao,nao,,325,19,"2,8",google_ads,abandonado,
ECOM-00287,2025-07-03,Campinas,SP,site,mobile,smartphone,iPhone Z,2831.78,52.55,sim,0,carrinho,sim,nao,nao,,309,13,5,organico,finalizado,
ECOM-00288,2025-05-05,Curitiba,PR,site,mobile,smartphone,Redmi Pro,4618.71,64.52,sim,5,pagamento,sim,sim,nao,cartao_recusado,169,20,3.8,organico,falha_pagamento,
ECOM-00289,2025-02-14,Uberlândia,MG,site,desktop,notebook,Notebook Office,6272.32,25.47,sim,0,compra,sim,sim,sim,,511,16,2.9,google_ads,finalizado,
ECOM-00290,2025-07-08,Salvador,BA,app,desktop,fone,Earbuds,115.46,48.26,nao,5,visualizou,sim,nao,nao,,250,17,2.8,google_ads,falha_pagamento,
ECOM-00291,2025-06-04,Uberlândia,MG,site,tablet,notebook,Notebook Office,"5411,25",19.84,nao,15,pagamento,sim,sim,nao,,426,11,5,direto,falha_pagamento,
ECOM-00292,2025-04-02,São Paulo,SP,app,mobile,smartwatch,Watch Pro,"1558,58",18.67,sim,0,compra,sim,sim,sim,,506,16,3.9,google_ads,abandonado,
ECOM-00293,15/09/2025,Campinas,SP,site,desktop,fone,Headset Gamer,741.26,"1,79",sim,0,carrinho,sim,nao,nao,,5,12,4.6,instagram,falha_pagamento,
ECOM-00294,02-20-2025,campinas,SP,site,mobile,smartphone,Galaxy X,3033.5,"57,16",nao,0,visualizou,sim,nao,nao,,206,17,3.7,instagram,,
ECOM-00295,2025-06-18,Campinas,SP,site,mobile,fone,Fone Bluetooth,"547,0",77.64,,10,carrinho,sim,nao,nao,,456,10,3.7,google_ads,,
ECOM-00296,2025-06-20,Uberlândia,MG,app,mobile,fone,Earbuds,164.75,9.83,nao,20,visualizou,sim,nao,nao,,5,19,5,instagram,,
ECOM-00297,2025-07-12,Uberaba,MG,app,desktop,notebook,Ultrabook,8464.86,21.57,sim,5,carrinho,sim,nao,nao,,87,16,3.6,instagram,,
ECOM-00298,2025-07-26,Uberlândia,MG,site,mobile,smartphone,iPhone Z,1551.65,40.81,nao,0,pagamento,sim,sim,nao,limite_insuficiente,124,13,5,google_ads,procesado,
ECOM-00299,2025-04-09,Salvador,BA,site,desktop,smartphone,iPhone Z,3974.99,31.22,,5,carrinho,sim,nao,nao,,328,20,4.0,direto,finalizado,
ECOM-00300,2025-03-07,Uberlândia,MG,site,mobile,notebook,Notebook Office,"5597,82",71.36,sim,0,pagamento,sim,sim,nao,cartao_recusado,24,6,2.3,organico,falha_pagamento,
ECOM-00301,2025-10-06,São Paulo,SP,site,mobile,fone,Headset Gamer,711.47,71.08,sim,0,visualizou,sim,nao,nao,,177,8,2.6,email,,
ECOM-00302,2025-08-21,Uberlândia,MG,site,desktop,smartwatch,Smartwatch Fit,1688.77,"67,12",sim,0,visualizou,nao,nao,nao,,124,7,2.5,organico,falha_pagamento,
ECOM-00303,2025-04-18,Campinas,SP,site,mobile,smartphone,Redmi Pro,4435.65,3.21,,5,pagamento,sim,sim,nao,cartao_recusado,,9,3.6,instagram,procesado,
ECOM-00304,2025-03-23,Uberaba,MG,site,mobile,smartphone,Galaxy X,"2944,88",9.83,sim,0,compra,sim,sim,nao,pix_expirado,111,1,3.7,google_ads,falha_pagamento,
ECOM-00305,2025-04-13,São Paulo,sp,site,mobile,acessorios,Teclado,147.85,77.69,nao,15,visualizou,nao,nao,nao,,413,3,3.9,instagram,,
ECOM-00306,2025-08-27,Uberlândia,MG,site,mobile,fone,Fone Bluetooth,868.61,35.87,nao,0,carrinho,sim,nao,nao,,425,11,3.5,google_ads,finalizado,
ECOM-00307,2025-03-24,Uberaba,MG,site,mobile,smartwatch,Smartwatch Fit,908.62,41.53,,15,visualizou,nao,nao,nao,,358,16,3.6,email,procesado,
ECOM-00308,2025-09-20,Curitiba,PR,site,desktop,smartphone,iPhone Z,2671.72,28.41,nao,20,pagamento,sim,sim,nao,limite_insuficiente,211,25,"3,5",direto,abandonado,
ECOM-00309,2025-10-27,Curitiba,PR,site,mobile,notebook,Notebook Office,3196.04,75.13,,20,visualizou,sim,nao,nao,,139,3,3.1,instagram,,
ECOM-00310,2025-10-12,Uberaba,MG,site,mobile,acessorios,Carregador,34.36,22.74,sim,0,pagamento,sim,sim,nao,pix_expirado,5,6,3.5,google_ads,procesado,
ECOM-00311,2025-03-01,São Paulo,SP,site,mobile,smartphone,Redmi Pro,"2787,24",38.39,,0,carrinho,sim,nao,nao,,278,6,4.8,google_ads,abandonado,
ECOM-00312,2025-10-10,Uberlândia,MG,site,mobile,fone,Earbuds,277.36,22.32,nao,0,compra,sim,sim,sim,,316,23,2.1,google_ads,,
ECOM-00313,2025-05-31,Campinas,SP,site,desktop,smartphone,Moto Plus,3341.02,"74,36",sim,20,carrinho,sim,nao,nao,,294,8,4.5,organico,falha_pagamento,
ECOM-00314,2025-02-13,Uberaba,MG,site,mobile,acessorios,Teclado,"154,23","23,09",,15,carrinho,sim,nao,nao,,173,5,4.9,google_ads,finalizado,
ECOM-00315,2025-05-02,Campinas,SP,site,desktop,acessorios,Cabo USB-C,371.69,"40,45",sim,0,carrinho,sim,nao,nao,,5,3,1.8,instagram,finalizado,
ECOM-00316,28/02/2025,Uberlândia,mg,app,mobile,fone,Fone Bluetooth,654.59,22.22,nao,15,carrinho,sim,nao,nao,,512,17,5,organico,falha_pagamento,
ECOM-00317,2025-04-28,São Paulo,SP,app,tablet,smartphone,Redmi Pro,3651.59,53.87,sim,15,visualizou,sim,nao,nao,,312,13,"4,0",email,abandonado,
ECOM-00318,2025-09-19,Goiânia,GO,site,mobile,smartphone,Moto Plus,2010.26,"16,49",,15,visualizou,nao,nao,nao,,338,7,3.7,google_ads,finalizado,
ECOM-00319,2025-07-05,Curitiba,PR,site,mobile,notebook,Notebook Gamer,8238.99,34.65,,10,compra,sim,sim,sim,,342,7,4.2,google_ads,finalizado,
ECOM-00320,2025-09-08,Campinas,SP,app,mobile,notebook,Notebook Office,6594.84,42.0,nao,0,carrinho,sim,nao,nao,,140,26,5,instagram,,
ECOM-00321,2025-09-24,Goiânia,GO,app,mobile,notebook,Ultrabook,8237.29,49.29,,0,compra,sim,sim,sim,,445,5,3.9,google_ads,falha_pagamento,
ECOM-00322,2025-06-17,Campinas,SP,site,tablet,notebook,Notebook Office,7419.93,51.64,,0,carrinho,sim,nao,nao,,196,10,4.4,organico,abandonado,
ECOM-00323,2025-06-22,São Paulo,SP,app,mobile,fone,Fone Bluetooth,"574,8",56.35,,20,carrinho,sim,nao,nao,,365,12,2.7,direto,finalizado,
ECOM-00324,2025-08-06,Uberaba,MG,site,desktop,smartwatch,Watch Pro,1375.25,19.58,nao,0,carrinho,sim,nao,nao,,80,3,5,direto,falha_pagamento,
ECOM-00325,2025-04-25,Salvador,BA,site,mobile,notebook,Notebook Office,3153.93,25.33,,20,carrinho,sim,nao,nao,,625,22,3.6,google_ads,falha_pagamento,
ECOM-00326,2025-02-25,goiânia,GO,site,mobile,fone,Earbuds,172.5,59.95,nao,0,compra,sim,sim,sim,,315,20,3.4,instagram,procesado,
ECOM-00327,2025-02-18,Campinas,SP,site,mobile,smartphone,Galaxy X,968.69,"4,01",nao,0,carrinho,sim,nao,nao,,436,20,2.7,google_ads,,
ECOM-00328,2025-04-07,São Paulo,SP,site,mobile,fone,Earbuds,128.41,42.56,nao,0,pagamento,sim,sim,nao,pix_expirado,233,7,5,google_ads,procesado,
ECOM-00329,2025-10-23,Uberlândia,MG,site,mobile,acessorios,Mouse,289.02,18.99,,5,pagto,sim,nao,nao,,558,29,2.2,organico,,
ECOM-00330,2025-05-12,Salvador,BA,site,mobile,notebook,Notebook Office,"4642,85",54.63,nao,0,visualizou,nao,nao,nao,,573,3,"2,0",google_ads,finalizado,
ECOM-00331,23/08/2025,São Paulo,SP,site,mobile,smartfone,iPhone Z,"3444,15","3,89",sim,15,pagamento,sim,sim,nao,cartao_recusado,374,10,"3,6",google_ads,finalizado,
ECOM-00332,2025-03-04,São Paulo,SP,site,desktop,smartphone,Galaxy X,2390.64,60.32,nao,20,compra,sim,sim,sim,,309,21,3.9,google_ads,abandonado,
ECOM-00333,17/06/2025,Salvador,BA,site,tablet,smartphone,Galaxy X,1039.61,"17,43",nao,20,carrinho,sim,nao,nao,,78,11,4.4,instagram,falha_pagamento,
ECOM-00334,2025-07-10,Uberlândia,MG,site,desktop,fone,Fone Bluetooth,394.59,74.19,,20,compra,sim,sim,nao,,277,14,"3,6",google_ads,,
ECOM-00335,2025-08-28,Uberaba,MG,site,mobile,acessorios,Teclado,"361,48","6,43",sim,10,pagamento,sim,sim,nao,pix_expirado,53,12,3.2,instagram,abandonado,
ECOM-00336,06/05/2025,Salvador,BA,site,desktop,notebook,Ultrabook,"5267,01",6.44,,0,visualizou,sim,nao,nao,,213,22,4.9,instagram,abandonado,
ECOM-00337,2025-10-14,Goiânia,GO,app,mobile,acessorios,Carregador,45.04,67.02,nao,20,visualizou,nao,nao,nao,,134,16,"4,9",google_ads,abandonado,
ECOM-00338,2025-07-16,Goiânia,GO,site,mobile,smartphone,Moto Plus,3327.76,6.34,sim,10,compra,sim,sim,sim,,397,15,"4,0",email,abandonado,
ECOM-00339,2025-05-08,Uberlândia,MG,site,mobile,fone,Headset Gamer,340.42,46.26,nao,5,carrinho,sim,nao,nao,,177,20,3.0,organico,falha_pagamento,
ECOM-00340,2025-09-12,Campinas,SP,app,mobile,smartphone,iPhone Z,6255.44,33.4,sim,5,carrinho,sim,nao,nao,,361,2,3.3,organico,finalizado,
ECOM-00341,04-23-2025,Uberlândia,MG,app,mobile,smartwatch,Smartwatch Fit,490.34,69.97,nao,5,pagamento,sim,sim,nao,pix_expirado,263,3,3.8,organico,falha_pagamento,
ECOM-00342,2025-02-02,são paulo,sp,site,mobile,notebook,Ultrabook,8769.39,78.16,sim,0,carrinho,sim,nao,nao,,143,5,3.9,google_ads,finalizado,
ECOM-00343,2025-07-02,Campinas,SP,site,tablet,acessorios,Mouse,314.34,18.12,,0,compra,sim,sim,sim,,419,18,2.4,instagram,falha_pagamento,
ECOM-00344,2025-01-21,Goiânia,GO,app,mobile,fone,Fone Bluetooth,474.49,73.44,,20,visualizou,nao,nao,nao,,258,14,4.2,instagram,abandonado,
ECOM-00345,2025-03-12,curitiba,PR,site,mobile,notebook,Notebook Gamer,3853.65,21.62,,20,compra,sim,sim,sim,,363,14,2.9,google_ads,falha_pagamento,
ECOM-00346,2025-05-30,Goiânia,GO,site,desktop,notebook,Ultrabook,"3842,94","43,97",sim,0,carrino,sim,nao,nao,,30,17,2.6,organico,,
ECOM-00347,29/09/2025,Uberlândia,mg,site,tablet,smartphone,iPhone Z,4917.19,"9,3",,5,visualizou,sim,nao,nao,,288,10,"3,0",direto,,
ECOM-00348,2025-02-28,Uberaba,MG,site,mobile,smartphone,Redmi Pro,"1118,42",19.1,,15,pagamento,sim,sim,nao,cartao_recusado,186,22,4.6,google_ads,abandonado,
ECOM-00349,data_invalida,Salvador,BA,app,desktop,fone,Fone Bluetooth,"550,09",50.5,,0,compra,sim,sim,sim,,272,23,"2,3",instagram,,
ECOM-00350,16/02/2025,Salvador,BA,app,mobile,smartfone,Notebook Office,4721.47,4.78,,20,pagamento,sim,sim,nao,erro_gateway,300,11,"4,4",organico,procesado,
ECOM-00351,2025-08-13,São Paulo,SP,app,desktop,fone,Fone Bluetooth,669.72,45.76,,0,compra,sim,sim,sim,,109,20,1.4,google_ads,falha_pagamento,
ECOM-00352,2025-05-09,São Paulo,SP,site,mobile,smartwatch,Smartwatch Fit,1155.45,43.46,nao,20,carrinho,sim,nao,nao,,363,16,3.2,instagram,finalizado,
ECOM-00353,22/04/2025,Goiânia,GO,site,mobile,smartfone,Moto Plus,5151.8,"73,48",,20,carrinho,sim,nao,nao,,236,6,3.3,direto,falha_pagamento,
ECOM-00354,2025-10-10,Campinas,SP,site,mobile,smartphone,Moto Plus,2826.16,22.67,nao,10,compra,sim,sim,sim,,284,2,2.9,google_ads,finalizado,
ECOM-00355,2025-08-27,Salvador,BA,app,mobile,acessorios,Mouse,136.91,42.42,,15,pagamento,sim,sim,nao,limite_insuficiente,382,11,5,direto,falha_pagamento,
ECOM-00356,06/04/2025,Campinas,SP,app,mobile,smartphone,Galaxy X,5999.18,20.82,nao,0,visualizou,nao,nao,nao,,34,14,5,google_ads,,
ECOM-00357,2025-03-19,São Paulo,SP,site,mobile,smartphone,Galaxy X,5079.54,68.23,sim,20,pagamento,sim,sim,nao,cartao_recusado,260,9,3.9,instagram,finalizado,
ECOM-00358,2025-03-31,Campinas,SP,site,mobile,smartphone,iPhone Z,3386.54,26.01,nao,15,visualizou,nao,nao,nao,,494,8,2.9,email,abandonado,
ECOM-00359,2025-04-02,Salvador,BA,app,mobile,notebook,Notebook Office,6776.24,"67,57",,15,visualizou,sim,nao,nao,,153,8,"2,1",email,procesado,
ECOM-00360,09-28-2025,Salvador,BA,site,desktop,acessorios,Cabo USB-C,258.33,42.2,nao,0,visualizou,sim,nao,nao,,620,16,4.0,organico,finalizado,
ECOM-00361,2025-03-01,Curitiba,PR,site,mobile,notebook,Notebook Office,4944.56,78.62,sim,10,carrinho,sim,nao,nao,,120,2,2.5,google_ads,falha_pagamento,
ECOM-00362,2025-08-08,Uberaba,MG,site,mobile,notebook,Notebook Gamer,7452.76,42.57,,20,pagamento,sim,sim,nao,erro_gateway,74,29,5,google_ads,abandonado,
ECOM-00363,2025-09-19,Goiânia,GO,app,desktop,fone,Headset Gamer,777.18,5.11,nao,10,carrinho,sim,nao,nao,,5,23,2.6,direto,finalizado,
ECOM-00364,2025-04-09,Uberlândia,MG,site,desktop,acessorios,Teclado,324.87,64.42,,5,compra,sim,sim,sim,,309,18,"3,0",google_ads,procesado,
ECOM-00365,2025-06-10,São Paulo,SP,site,desktop,notebook,Notebook Office,4750.91,35.36,nao,0,visualizou,sim,nao,nao,,570,23,4.6,instagram,procesado,
ECOM-00366,2025-07-23,Campinas,SP,site,mobile,notebook,Notebook Office,6777.94,17.3,nao,0,pagamento,sim,sim,nao,,332,7,4.1,organico,,
ECOM-00367,2025-05-28,Goiânia,GO,app,tablet,acessorios,Mouse,26.91,"37,16",sim,0,carrinho,sim,nao,nao,,126,1,5,google_ads,abandonado,
ECOM-00368,2025-07-01,goiânia,GO,app,mobile,smartphone,Redmi Pro,"4248,4",73.85,sim,0,visualizou,nao,nao,nao,,528,16,4.0,organico,finalizado,
ECOM-00369,2025-05-25,Campinas,SP,site,desktop,smartwatch,Watch Pro,2292.36,"51,35",sim,0,carrinho,sim,nao,nao,,431,10,4.0,instagram,procesado,
ECOM-00370,2025-08-18,são paulo,SP,site,mobile,smartphone,iPhone Z,4137.48,72.75,,0,visualizou,sim,nao,nao,,5,5,4.8,direto,,
ECOM-00371,2025-10-05,Uberlândia,mg,site,mobile,acessorios,Mouse,"95,96","74,18",,10,compra,sim,sim,sim,,5,14,3.0,instagram,falha_pagamento,
ECOM-00372,2025-03-22,Campinas,SP,app,desktop,notebook,Notebook Office,"7363,18",39.14,,20,carrinho,sim,nao,nao,,311,10,5,google_ads,,
ECOM-00373,2025-01-03,Campinas,SP,site,mobile,notebook,Notebook Office,3309.38,69.96,nao,20,visualizou,nao,nao,nao,,275,16,5,google_ads,falha_pagamento,
ECOM-00374,2025-04-20,Uberlândia,MG,app,mobile,notebook,Notebook Office,8244.72,53.96,,5,visualizou,sim,nao,nao,,83,14,2.0,email,abandonado,
ECOM-00375,2025-04-10,Uberaba,MG,site,mobile,acessorios,Carregador,104.56,"48,17",nao,0,compra,sim,sim,sim,,81,1,3.5,organico,abandonado,
ECOM-00376,2025-08-10,Campinas,SP,app,mobile,notebook,Ultrabook,3447.82,63.24,sim,5,visualizou,sim,nao,nao,,,15,2.2,instagram,procesado,
ECOM-00377,2025-03-14,São Paulo,SP,site,mobile,notebook,Notebook Gamer,3801.83,69.52,,20,pagto,sim,sim,sim,,144,10,2.8,google_ads,,
ECOM-00378,2025-03-22,Salvador,BA,app,mobile,smartphone,Moto Plus,3889.8,27.82,,0,visualizou,nao,nao,nao,,5,1,3.3,organico,,
ECOM-00379,2025-04-06,Salvador,BA,site,mobile,fone,Earbuds,"599,2",29.27,,0,carrinho,sim,nao,nao,,250,6,4.9,instagram,falha_pagamento,
ECOM-00380,2025-07-05,Goiânia,GO,site,mobile,fone,Fone Bluetooth,746.49,49.0,,0,carrinho,sim,nao,nao,,148,6,3.9,organico,falha_pagamento,
ECOM-00381,26/10/2025,São Paulo,SP,site,desktop,smartwatch,Watch Pro,829.46,1.56,,0,pagamento,sim,sim,nao,pix_expirado,187,28,1.4,google_ads,procesado,
ECOM-00382,2025-03-08,Uberaba,MG,site,mobile,smartwatch,Watch Pro,"1144,34",61.75,sim,15,pagamento,sim,sim,nao,pix_expirado,257,4,2.0,organico,,
ECOM-00383,26/06/2025,Campinas,SP,app,desktop,fone,Headset Gamer,151.06,70.18,nao,10,carrinho,sim,nao,nao,,116,3,5,organico,falha_pagamento,
ECOM-00384,2025-09-04,salvador,BA,site,mobile,notebook,Notebook Gamer,7093.74,14.07,,10,compra,sim,sim,sim,,468,22,1.7,direto,,
ECOM-00385,2025-01-09,Uberaba,MG,site,mobile,fone,Headset Gamer,"199,2","61,47",sim,15,pagamento,sim,sim,nao,limite_insuficiente,105,13,4.6,google_ads,,
ECOM-00386,2025-06-20,Curitiba,PR,app,tablet,smartphone,Moto Plus,3320.94,30.48,,10,carrinho,sim,nao,nao,,160,4,3.1,direto,abandonado,
ECOM-00387,2025-08-28,Uberlândia,MG,app,desktop,notebook,Notebook Gamer,3277.35,32.6,sim,15,pagamento,sim,sim,nao,erro_gateway,5,8,5,google_ads,procesado,
ECOM-00388,2025-08-30,Salvador,BA,app,mobile,smartphone,iPhone Z,"2742,12",36.4,,15,carrinho,sim,nao,nao,,310,3,5,direto,,
ECOM-00389,2025-08-26,salvador,BA,site,tablet,smartphone,Moto Plus,"1088,38",38.91,,0,visualizou,nao,nao,nao,,5,12,2.2,direto,finalizado,
ECOM-00390,21/06/2025,São Paulo,SP,app,mobile,fone,Headset Gamer,"796,92","40,81",nao,5,carrinho,sim,nao,nao,,336,29,4.3,instagram,procesado,
ECOM-00391,2025-08-20,Uberlândia,MG,app,mobile,fone,Fone Bluetooth,402.52,"22,5",nao,0,carrinho,sim,nao,nao,,164,17,3.6,instagram,abandonado,
ECOM-00392,2025-03-09,Goiânia,GO,site,desktop,smartphone,iPhone Z,"5550,79","74,02",nao,0,visualizou,nao,nao,nao,,48,12,2.7,direto,falha_pagamento,
ECOM-00393,05-01-2025,Goiânia,GO,site,mobile,acessorios,Cabo USB-C,232.64,35.25,,10,visualizou,sim,nao,nao,,,26,2.5,instagram,,
ECOM-00394,21/07/2025,São Paulo,SP,site,mobile,smartphone,Galaxy X,"2015,52",28.07,nao,10,compra,sim,sim,sim,,216,14,5,direto,finalizado,
ECOM-00395,2025-07-18,Campinas,SP,app,mobile,smartphone,Galaxy X,2495.61,"61,09",,0,compra,sim,sim,sim,,186,28,2.9,organico,abandonado,
ECOM-00396,2025-09-16,Goiânia,GO,site,desktop,notebook,Notebook Gamer,4783.39,8.47,,15,compra,sim,sim,sim,,138,6,3.3,email,abandonado,
ECOM-00397,2025-06-20,São Paulo,SP,site,desktop,fone,Earbuds,"220,55",43.24,sim,5,carrino,nao,nao,nao,,126,4,4.7,google_ads,,
ECOM-00398,2025-10-14,Goiânia,go,site,mobile,smartphone,Moto Plus,2992.63,"79,66",,15,visualizou,sim,nao,nao,,312,1,2.1,instagram,finalizado,
ECOM-00399,2025-05-19,Campinas,SP,site,mobile,smartphone,Galaxy X,4477.74,"4,93",,20,visualizou,sim,nao,nao,,559,10,4.0,organico,procesado,
ECOM-00400,2025-10-16,Uberlândia,MG,app,desktop,smartwatch,Smartwatch Fit,1889.34,"15,52",nao,5,visualizou,sim,nao,nao,,606,9,3.5,instagram,falha_pagamento,
ECOM-00401,2025-04-28,Salvador,BA,app,mobile,fone,Headset Gamer,265.99,"51,43",sim,15,carrinho,sim,nao,nao,,544,14,4.5,google_ads,falha_pagamento,
ECOM-00402,2025-06-27,Salvador,BA,site,mobile,smartphone,Redmi Pro,5808.64,24.91,nao,0,compra,sim,sim,sim,,403,1,3.1,organico,abandonado,
ECOM-00403,03-01-2025,Uberlândia,MG,app,mobile,acessorios,Mouse,"34,39","34,23",nao,0,pagamento,sim,sim,nao,limite_insuficiente,248,12,4.0,direto,procesado,
ECOM-00404,2025-10-15,Goiânia,GO,app,mobile,acessorios,Mouse,395.3,31.11,nao,0,visualizou,sim,nao,nao,,346,21,4.6,email,finalizado,
ECOM-00405,data_invalida,Salvador,BA,site,desktop,smartphone,iPhone Z,6214.22,69.89,,0,compra,sim,sim,sim,,165,1,3.2,google_ads,procesado,
ECOM-00406,2025-07-03,São Paulo,SP,site,mobile,smartphone,Galaxy X,"6076,91","63,6",,15,pagamento,sim,sim,nao,erro_gateway,388,11,4.9,instagram,,
ECOM-00407,2025-06-17,Curitiba,PR,app,tablet,notebook,Ultrabook,5375.78,15.58,nao,10,pagto,sim,sim,sim,,,5,5,organico,finalizado,
ECOM-00408,01-07-2025,Goiânia,GO,site,desktop,smartphone,Redmi Pro,5503.27,39.27,sim,0,visualizou,sim,nao,nao,,93,13,5,google_ads,procesado,
ECOM-00409,2025-09-13,Curitiba,PR,site,desktop,smartphone,iPhone Z,5091.42,20.69,sim,10,compra,sim,sim,sim,,198,27,3.5,google_ads,procesado,
ECOM-00410,2025-03-09,Uberaba,MG,app,mobile,smartwatch,Watch Pro,2402.4,"59,55",,5,visualizou,sim,nao,nao,,149,5,2.0,direto,finalizado,
ECOM-00411,2025-07-24,uberaba,MG,site,mobile,acessorios,Teclado,135.74,69.72,sim,0,carrinho,sim,nao,nao,,287,19,5,instagram,procesado,
ECOM-00412,18/02/2025,Curitiba,PR,site,mobile,acessorios,Cabo USB-C,210.21,71.0,,15,visualizou,nao,nao,nao,,198,35,"2,9",direto,abandonado,
ECOM-00413,06-17-2025,Salvador,ba,site,desktop,smartphone,Moto Plus,"3442,76",74.62,sim,15,visualizou,sim,nao,nao,,485,1,2.9,email,,
ECOM-00414,2025-06-22,são paulo,SP,site,mobile,notebook,Notebook Office,2139.04,59.92,,15,carrinho,sim,nao,nao,,180,3,3.3,instagram,finalizado,
ECOM-00415,2025-02-07,São Paulo,SP,site,mobile,notebook,Ultrabook,3739.31,61.3,sim,0,compra,sim,sim,nao,erro_gateway,200,18,1.9,instagram,falha_pagamento,
ECOM-00416,2025-08-06,Uberaba,MG,site,desktop,fone,Earbuds,"444,88",30.84,,10,visualizou,sim,nao,nao,,512,3,3.1,instagram,procesado,
ECOM-00417,2025-06-11,São Paulo,SP,site,mobile,smartphone,Galaxy X,3320.86,19.68,sim,0,carrinho,sim,nao,nao,,126,1,4.5,organico,finalizado,
ECOM-00418,2025-08-18,Uberlândia,MG,site,mobile,smartphone,Galaxy X,3266.02,61.72,nao,0,visualizou,nao,nao,nao,,176,15,3.6,organico,finalizado,
ECOM-00419,2025-10-09,Uberlândia,MG,site,mobile,smartwatch,Smartwatch Fit,1446.63,11.44,sim,0,pagamento,sim,sim,nao,pix_expirado,329,23,1.8,organico,procesado,
ECOM-00420,24/07/2025,São Paulo,SP,site,mobile,smartphone,Galaxy X,2603.1,14.46,sim,20,compra,sim,sim,sim,,174,1,"4,7",google_ads,finalizado,
ECOM-00421,2025-04-25,São Paulo,SP,site,desktop,smartfone,Notebook Office,9411.36,"0,88",sim,20,compra,sim,sim,sim,,5,15,2.8,organico,finalizado,
ECOM-00422,07-27-2025,Salvador,BA,site,desktop,fone,Fone Bluetooth,189.89,78.52,,0,visualizou,sim,nao,nao,,589,9,5,organico,finalizado,
ECOM-00423,2025-10-25,Campinas,SP,app,desktop,fone,Fone Bluetooth,850.7,5.38,,15,carrinho,sim,nao,nao,,313,8,3.1,organico,,
ECOM-00424,18/02/2025,Campinas,SP,site,mobile,notebook,Notebook Office,4632.88,38.25,sim,5,pagamento,sim,sim,nao,erro_gateway,345,16,3.9,instagram,falha_pagamento,
ECOM-00425,2025-07-12,Salvador,BA,app,desktop,smartphone,Galaxy X,6190.15,"75,92",nao,15,carrinho,sim,nao,nao,,131,14,"3,0",direto,,
ECOM-00426,05-28-2025,Uberaba,MG,site,desktop,fone,Headset Gamer,639.53,6.35,sim,0,carrinho,sim,nao,nao,,198,13,2.8,email,falha_pagamento,
ECOM-00427,06-09-2025,Uberaba,MG,site,mobile,smartphone,iPhone Z,2235.14,5.6,nao,10,pagamento,sim,sim,nao,,301,1,3.4,organico,finalizado,
ECOM-00428,2025-07-22,Goiânia,GO,site,mobile,notebook,Notebook Office,6011.47,51.1,,0,pagamento,sim,sim,nao,,469,1,5,google_ads,procesado,
ECOM-00429,2025-06-07,Uberaba,MG,app,mobile,smartphone,Redmi Pro,2405.49,"35,32",nao,0,pagamento,sim,sim,nao,,,6,2.4,organico,finalizado,
ECOM-00430,30/05/2025,Goiânia,GO,site,mobile,fone,Fone Bluetooth,101.24,"2,72",nao,10,carrinho,sim,nao,nao,,36,1,2.6,organico,falha_pagamento,
ECOM-00431,2025-09-06,Salvador,BA,app,mobile,smartphone,iPhone Z,4458.16,12.2,nao,0,carrinho,sim,nao,nao,,5,5,2.8,instagram,falha_pagamento,
ECOM-00432,2025-07-07,Salvador,BA,app,mobile,acessorios,Teclado,76.06,10.25,nao,0,pagamento,sim,sim,nao,cartao_recusado,7,23,3.2,instagram,,
ECOM-00433,2025-10-11,Goiânia,GO,app,mobile,fone,Headset Gamer,805.87,28.43,,0,compra,sim,sim,sim,,383,18,3.2,organico,procesado,
ECOM-00434,2025-09-10,salvador,BA,app,mobile,smartphone,iPhone Z,935.0,38.22,sim,20,pagamento,sim,sim,nao,limite_insuficiente,254,30,3.8,google_ads,falha_pagamento,
ECOM-00435,2025-08-01,Curitiba,PR,site,desktop,smartphone,iPhone Z,1148.67,"23,6",nao,20,carrinho,sim,nao,nao,,86,5,"4,4",google_ads,falha_pagamento,
ECOM-00436,2025-06-07,São Paulo,SP,app,mobile,notebook,Notebook Gamer,5459.92,17.84,sim,0,pagamento,sim,sim,nao,,328,19,3.6,google_ads,,
ECOM-00437,08-09-2025,Curitiba,PR,site,mobile,smartphone,iPhone Z,5638.47,23.49,nao,0,visualizou,sim,nao,nao,,210,17,5,google_ads,abandonado,
ECOM-00438,2025-06-28,Curitiba,PR,site,mobile,smartwatch,Watch Pro,2003.31,34.43,sim,20,compra,sim,sim,sim,,488,28,5,google_ads,abandonado,
ECOM-00439,2025-08-08,Salvador,BA,site,mobile,smartphone,Galaxy X,2483.14,"73,7",sim,0,compra,sim,sim,sim,,5,2,2.8,google_ads,finalizado,
ECOM-00440,2025-07-07,Curitiba,PR,site,mobile,smartwatch,Smartwatch Fit,2361.89,8.84,nao,20,pagamento,sim,sim,nao,pix_expirado,412,16,4.2,instagram,falha_pagamento,
ECOM-00441,2025-02-12,Curitiba,PR,app,mobile,notebook,Notebook Gamer,5808.64,17.66,,0,compra,sim,sim,sim,,256,15,1.6,organico,,
ECOM-00442,18/08/2025,Salvador,BA,site,mobile,smartphone,Redmi Pro,1401.02,4.21,sim,0,carrinho,sim,nao,nao,,357,21,4.1,google_ads,,
ECOM-00443,2025-05-24,campinas,SP,site,desktop,fone,Headset Gamer,631.71,41.58,nao,10,carrinho,sim,nao,nao,,269,19,4.0,instagram,abandonado,
ECOM-00444,2025-02-22,Curitiba,PR,site,mobile,notebook,Notebook Gamer,3287.36,54.34,,10,carrinho,sim,nao,nao,,140,11,4.0,google_ads,finalizado,
ECOM-00445,2025-09-15,Uberaba,MG,site,mobile,notebook,Notebook Gamer,6692.57,5.03,nao,5,compra,sim,sim,sim,,5,12,3.5,google_ads,procesado,
ECOM-00446,2025-02-14,Uberaba,MG,app,mobile,smartfone,Redmi Pro,6079.8,41.14,,5,compra,sim,sim,nao,erro_gateway,279,15,4.9,organico,finalizado,
ECOM-00447,2025-05-28,uberlândia,MG,site,desktop,notebook,Notebook Office,5311.44,72.3,nao,0,compra,sim,sim,nao,erro_gateway,278,14,5,organico,finalizado,
ECOM-00448,2025-08-17,Uberlândia,MG,app,mobile,fone,Earbuds,446.91,64.39,nao,0,compra,sim,sim,sim,,382,17,4.3,google_ads,procesado,
ECOM-00449,01-16-2025,São Paulo,SP,site,mobile,fone,Headset Gamer,341.94,20.47,sim,5,compra,sim,sim,sim,,489,5,4.7,direto,finalizado,
ECOM-00450,05-20-2025,São Paulo,SP,site,mobile,notebook,Ultrabook,1892.76,15.66,nao,0,pagamento,sim,sim,nao,erro_gateway,350,10,4.1,organico,,
ECOM-00451,29/04/2025,Salvador,BA,app,desktop,fone,Earbuds,"558,62",49.0,,0,pagamento,sim,sim,nao,erro_gateway,413,17,"4,0",organico,falha_pagamento,
ECOM-00452,2025-05-17,Goiânia,GO,site,desktop,smartwatch,Smartwatch Fit,2389.34,13.76,sim,0,carrinho,sim,nao,nao,,230,15,"2,5",google_ads,procesado,
ECOM-00453,2025-03-11,Uberaba,mg,site,mobile,smartwatch,Watch Pro,560.89,40.64,sim,0,compra,sim,sim,sim,,454,11,"4,5",direto,abandonado,
ECOM-00454,2025-02-11,Uberlândia,MG,site,desktop,smartphone,iPhone Z,"2192,48",23.76,,0,carrinho,sim,nao,nao,,178,16,2.4,google_ads,abandonado,
ECOM-00455,2025-05-24,Goiânia,GO,site,desktop,smartphone,Moto Plus,4536.58,5.02,sim,20,pagamento,sim,sim,nao,erro_gateway,344,12,2.1,instagram,falha_pagamento,
ECOM-00456,2025-06-30,Uberaba,MG,site,mobile,smartphone,iPhone Z,4347.52,"59,88",,5,pagamento,sim,sim,nao,erro_gateway,357,1,"3,9",email,finalizado,
ECOM-00457,2025-02-05,campinas,SP,site,mobile,fone,Earbuds,696.44,13.87,sim,20,carrinho,sim,nao,nao,,193,8,5,google_ads,,
ECOM-00458,2025-05-02,Curitiba,PR,app,desktop,fone,Fone Bluetooth,724.3,"15,12",,15,compra,sim,sim,sim,,647,8,4.6,organico,finalizado,
ECOM-00459,2025-03-27,Campinas,sp,app,mobile,smartphone,Moto Plus,3376.37,62.84,sim,5,compra,sim,sim,sim,,229,11,"3,1",google_ads,falha_pagamento,
ECOM-00460,2025-07-04,Curitiba,PR,site,desktop,smartphone,Moto Plus,1183.52,31.79,sim,10,visualizou,sim,nao,nao,,320,17,3.7,email,falha_pagamento,
ECOM-00461,2025-09-06,Curitiba,pr,site,mobile,smartphone,Galaxy X,"6121,44",65.96,nao,20,visualizou,sim,nao,nao,,315,13,3.5,organico,abandonado,
ECOM-00462,2025-01-29,Uberaba,MG,site,mobile,smartphone,Galaxy X,6401.99,70.57,sim,0,carrinho,sim,nao,nao,,,8,"4,1",google_ads,abandonado,
ECOM-00463,data_invalida,São Paulo,SP,site,desktop,notebook,Ultrabook,3945.48,78.66,,20,compra,sim,sim,sim,,352,1,3.9,instagram,abandonado,
ECOM-00464,2025-06-28,Salvador,BA,site,mobile,notebook,Notebook Office,7044.82,"76,4",sim,15,visualizou,sim,nao,nao,,,19,3.7,instagram,abandonado,
ECOM-00465,2025-04-11,São Paulo,sp,site,desktop,smartphone,Galaxy X,3019.36,4.61,,20,pagamento,sim,sim,nao,erro_gateway,370,24,3.4,instagram,procesado,
ECOM-00466,2025-05-21,São Paulo,SP,app,mobile,smartphone,Galaxy X,4560.65,17.82,nao,0,compra,sim,sim,sim,,257,15,5,organico,falha_pagamento,
ECOM-00467,2025-07-04,São Paulo,SP,site,desktop,notebook,Notebook Gamer,4850.52,58.16,nao,0,visualizou,nao,nao,nao,,185,18,"4,5",instagram,falha_pagamento,
ECOM-00468,11/06/2025,Salvador,BA,site,mobile,smartfone,Moto Plus,3478.73,7.37,sim,10,visualizou,nao,nao,nao,,366,5,4.0,organico,,
ECOM-00469,data_invalida,Uberlândia,MG,app,mobile,smartphone,Redmi Pro,5691.77,21.76,sim,15,visualizou,sim,nao,nao,,5,13,3.9,organico,procesado,
ECOM-00470,04-03-2025,Uberaba,MG,app,mobile,smartwatch,Smartwatch Fit,811.95,"7,73",nao,0,carrinho,sim,nao,nao,,133,14,3.6,instagram,procesado,
ECOM-00471,16/05/2025,São Paulo,SP,app,tablet,fone,Earbuds,412.02,65.31,sim,0,pagamento,sim,sim,nao,limite_insuficiente,520,14,5,google_ads,falha_pagamento,
ECOM-00472,2025-10-21,São Paulo,SP,site,mobile,notebook,Ultrabook,3376.24,54.26,,0,compra,sim,sim,sim,,56,6,"4,5",direto,finalizado,
ECOM-00473,2025-05-22,Salvador,BA,app,mobile,fone,Headset Gamer,434.08,"1,22",sim,0,carrinho,sim,nao,nao,,115,22,"4,6",instagram,finalizado,
ECOM-00474,2025-09-09,Salvador,BA,site,mobile,smartphone,Moto Plus,5941.74,40.26,,0,compra,sim,sim,nao,cartao_recusado,68,9,1.8,instagram,abandonado,
ECOM-00475,2025-02-01,São Paulo,SP,site,mobile,fone,Earbuds,456.01,"11,73",nao,20,visualizou,sim,nao,nao,,139,7,3.9,organico,abandonado,
ECOM-00476,2025-03-01,Curitiba,PR,site,mobile,smartphone,Moto Plus,1584.29,17.52,nao,0,carrinho,sim,nao,nao,,474,19,4.4,google_ads,falha_pagamento,
ECOM-00477,08/07/2025,Salvador,BA,site,mobile,smartphone,iPhone Z,5246.39,0.16,,5,carrinho,sim,nao,nao,,202,5,5,direto,falha_pagamento,
ECOM-00478,2025-05-28,Uberlândia,MG,app,mobile,fone,Headset Gamer,834.37,"57,32",sim,10,visualizou,nao,nao,nao,,230,15,3.9,organico,abandonado,
ECOM-00479,2025-02-25,São Paulo,SP,app,mobile,fone,Fone Bluetooth,608.92,"23,05",nao,20,carrinho,sim,nao,nao,,233,9,2.8,organico,,
ECOM-00480,02-18-2025,Campinas,SP,app,mobile,smartphone,Redmi Pro,2263.5,62.4,sim,0,visualizou,sim,nao,nao,,313,16,3.1,email,falha_pagamento,
ECOM-00481,2025-03-01,Uberaba,MG,site,mobile,smartphone,Galaxy X,"2134,56","45,48",nao,0,carrino,nao,nao,nao,,347,13,"3,5",email,,
ECOM-00482,04-05-2025,Uberlândia,MG,site,mobile,smartphone,Moto Plus,2451.59,43.23,nao,0,visualizou,sim,nao,nao,,430,15,2.5,google_ads,,
ECOM-00483,2025-10-17,salvador,BA,site,tablet,smartwatch,Smartwatch Fit,1361.06,38.74,,5,compra,sim,sim,sim,,356,21,2.4,instagram,,
ECOM-00484,08-15-2025,Campinas,SP,site,mobile,smartphone,Redmi Pro,"5689,34",0.45,,20,visualizou,sim,nao,nao,,,1,"4,6",google_ads,falha_pagamento,
ECOM-00485,2025-07-21,Uberaba,MG,app,mobile,smartphone,Galaxy X,5923.93,62.67,,0,pagamento,sim,sim,nao,limite_insuficiente,5,19,3.2,google_ads,falha_pagamento,
ECOM-00486,2025-05-11,Uberaba,MG,app,mobile,notebook,Notebook Office,5314.79,71.06,sim,5,visualizou,sim,nao,nao,,350,22,4.9,google_ads,procesado,
ECOM-00487,2025-02-25,Goiânia,GO,site,mobile,smartphone,Redmi Pro,1141.4,76.8,sim,0,carrinho,sim,nao,nao,,264,6,3.5,instagram,procesado,
ECOM-00488,2025-04-18,Campinas,sp,app,mobile,notebook,Notebook Office,"6054,06","39,22",nao,0,carrinho,sim,nao,nao,,21,10,3.2,organico,,
ECOM-00489,23/08/2025,Uberaba,MG,app,mobile,notebook,Ultrabook,2031.23,6.77,nao,15,compra,sim,sim,sim,,464,11,2.7,google_ads,procesado,
ECOM-00490,20/03/2025,Curitiba,PR,site,mobile,fone,Fone Bluetooth,655.75,60.33,sim,0,pagamento,sim,sim,nao,cartao_recusado,482,20,2.6,organico,falha_pagamento,
ECOM-00491,2025-10-18,São Paulo,SP,app,mobile,smartphone,Moto Plus,5490.67,"0,71",sim,5,visualizou,nao,nao,nao,,,1,4.3,google_ads,procesado,
ECOM-00492,2025-04-23,São Paulo,SP,site,mobile,acessorios,Mouse,396.17,71.99,sim,0,pagamento,sim,sim,nao,limite_insuficiente,5,7,3.9,organico,abandonado,
ECOM-00493,2025-01-16,Salvador,BA,app,desktop,fone,Fone Bluetooth,454.78,11.54,nao,0,pagamento,sim,sim,nao,erro_gateway,214,16,"4,5",google_ads,,
ECOM-00494,2025-05-10,Goiânia,GO,site,mobile,notebook,Ultrabook,8358.69,34.61,nao,0,compra,sim,sim,sim,,159,1,3.9,email,procesado,
ECOM-00495,2025-07-10,Curitiba,PR,site,desktop,smartwatch,Smartwatch Fit,448.55,53.14,nao,10,carrinho,sim,nao,nao,,160,26,"4,5",google_ads,,
ECOM-00496,2025-09-02,Campinas,SP,site,desktop,smartwatch,Smartwatch Fit,599.44,41.65,nao,10,visualizou,sim,nao,nao,,325,1,3.4,google_ads,falha_pagamento,
ECOM-00497,2025-04-03,Uberlândia,MG,app,mobile,notbook,Ultrabook,2300.36,79.5,,15,compra,sim,sim,sim,,53,17,5,google_ads,abandonado,
ECOM-00498,2025-09-18,Salvador,BA,app,desktop,smartphone,Galaxy X,5132.21,56.02,,10,visualizou,sim,nao,nao,,445,17,3.7,google_ads,falha_pagamento,
ECOM-00499,2025-03-07,Salvador,BA,app,mobile,acessorios,Cabo USB-C,23.46,51.49,sim,0,pagamento,sim,sim,nao,,322,17,3.4,direto,falha_pagamento,
ECOM-00500,01-16-2025,Campinas,SP,site,mobile,acessorios,Teclado,379.47,64.47,sim,5,visualizou,sim,nao,nao,,29,8,"3,3",google_ads,finalizado,
ECOM-00501,2025-04-05,Goiânia,GO,site,mobile,smartwatch,Watch Pro,1067.84,50.06,sim,5,carrinho,sim,nao,nao,,203,15,5,direto,procesado,
ECOM-00502,2025-01-11,Campinas,SP,site,mobile,smartphone,iPhone Z,5125.6,3.03,sim,0,compra,sim,sim,sim,,444,6,4.4,google_ads,procesado,
ECOM-00503,data_invalida,Uberaba,MG,app,desktop,fone,Earbuds,512.47,48.93,,15,pagamento,sim,sim,nao,pix_expirado,368,10,2.1,organico,falha_pagamento,
ECOM-00504,11/03/2025,Uberlândia,MG,app,mobile,acessorios,Teclado,105.49,32.64,sim,10,compra,sim,sim,sim,,141,22,2.7,google_ads,procesado,
ECOM-00505,2025-04-19,Salvador,BA,site,mobile,notebook,Notebook Gamer,2458.84,68.07,,0,carrinho,sim,nao,nao,,258,8,3.5,direto,abandonado,
ECOM-00506,2025-05-02,Goiânia,GO,site,desktop,smartphone,Moto Plus,3963.16,22.49,,10,visualizou,sim,nao,nao,,5,2,4.8,organico,falha_pagamento,
ECOM-00507,2025-05-13,Goiânia,GO,app,mobile,smartphone,Galaxy X,3797.94,9.0,,20,visualizou,nao,nao,nao,,406,1,3.2,google_ads,procesado,
ECOM-00508,2025-08-21,Uberaba,MG,app,desktop,fone,Fone Bluetooth,270.19,"2,53",nao,0,visualizou,nao,nao,nao,,,15,5,direto,,
ECOM-00509,2025-09-30,Uberlândia,MG,app,mobile,smartphone,Galaxy X,1405.3,64.46,nao,20,pagamento,sim,sim,nao,cartao_recusado,340,14,3.9,google_ads,finalizado,
ECOM-00510,09-12-2025,Goiânia,GO,app,mobile,smartphone,Moto Plus,6374.62,"64,2",nao,0,visualizou,sim,nao,nao,,231,13,4.8,instagram,falha_pagamento,
ECOM-00511,2025-06-24,uberaba,mg,site,desktop,smartphone,Galaxy X,1856.16,67.51,,15,carrinho,sim,nao,nao,,558,8,"4,0",instagram,finalizado,
ECOM-00512,2025-01-16,uberlândia,MG,site,mobile,fone,Earbuds,475.41,50.24,sim,10,carrino,sim,sim,nao,erro_gateway,294,1,5.0,organico,abandonado,
ECOM-00513,2025-01-06,Uberlândia,MG,site,mobile,notebook,Notebook Gamer,3331.05,15.79,sim,20,carrinho,sim,nao,nao,,326,10,4.0,google_ads,,
ECOM-00514,2025-08-06,Salvador,ba,site,mobile,fone,Headset Gamer,781.95,14.22,,5,visualizou,sim,nao,nao,,468,10,"3,9",organico,procesado,
ECOM-00515,13/04/2025,Salvador,BA,site,mobile,smartphone,Redmi Pro,944.1,55.86,,20,visualizou,sim,nao,nao,,128,11,4.7,organico,,
ECOM-00516,2025-05-30,Curitiba,PR,site,mobile,smartphone,Redmi Pro,4074.08,7.54,sim,0,compra,sim,sim,nao,erro_gateway,431,9,5,instagram,finalizado,
ECOM-00517,2025-06-24,Goiânia,GO,site,desktop,smartwatch,Watch Pro,"2160,18",6.71,,15,pagamento,sim,sim,nao,erro_gateway,114,18,2.1,email,procesado,
ECOM-00518,2025-05-17,Goiânia,GO,site,mobile,fone,Headset Gamer,662.34,34.26,nao,0,carrinho,sim,nao,nao,,5,9,4.7,instagram,procesado,
ECOM-00519,2025-07-29,Uberlândia,MG,app,desktop,notebook,Notebook Gamer,"3312,51",35.99,sim,0,carrinho,sim,nao,nao,,83,5,4.8,direto,abandonado,
ECOM-00520,2025-03-01,Curitiba,PR,site,mobile,smartphone,Galaxy X,2340.55,74.95,sim,5,compra,sim,sim,sim,,400,20,3.4,instagram,falha_pagamento,
ECOM-00521,2025-03-25,Uberlândia,MG,app,desktop,smartphone,Galaxy X,2086.14,26.97,,15,compra,sim,sim,sim,,289,5,3.9,organico,abandonado,
ECOM-00522,data_invalida,Goiânia,GO,site,tablet,fone,Fone Bluetooth,235.15,9.55,nao,20,compra,sim,sim,sim,,415,7,5,google_ads,,
ECOM-00523,2025-09-13,Goiânia,GO,site,mobile,smartphone,iPhone Z,6195.96,37.74,sim,0,visualizou,nao,nao,nao,,185,27,3.4,instagram,,
ECOM-00524,2025-09-27,Salvador,BA,site,mobile,smartphone,Moto Plus,"5535,94","1,3",,5,visualizou,nao,nao,nao,,358,9,3.6,google_ads,falha_pagamento,
ECOM-00525,2025-05-04,Goiânia,GO,site,mobile,smartwatch,Watch Pro,413.95,16.62,sim,0,compra,sim,sim,sim,,116,11,3.1,email,falha_pagamento,
ECOM-00526,2025-08-27,São Paulo,SP,site,mobile,fone,Fone Bluetooth,652.82,51.02,,0,pagamento,sim,sim,nao,erro_gateway,354,4,"4,2",google_ads,procesado,
ECOM-00527,2025-10-23,Uberlândia,MG,site,mobile,notebook,Ultrabook,3584.33,70.76,sim,5,carrinho,sim,nao,nao,,252,11,4.7,instagram,procesado,
ECOM-00528,2025-02-15,Goiânia,GO,app,mobile,smartphone,Redmi Pro,4361.09,76.62,sim,10,pagamento,sim,sim,nao,cartao_recusado,396,1,3.6,email,,
ECOM-00529,2025-09-04,Uberlândia,MG,app,mobile,smartphone,iPhone Z,1887.6,70.01,,5,carrinho,sim,nao,nao,,104,15,3.8,email,finalizado,
ECOM-00530,2025-10-02,São Paulo,SP,app,mobile,smartwatch,Smartwatch Fit,1212.08,8.03,nao,20,compra,sim,sim,sim,,275,16,3.5,direto,,
ECOM-00531,16/01/2025,São Paulo,SP,site,mobile,smartphone,Moto Plus,4671.6,"12,78",,0,pagamento,sim,sim,nao,cartao_recusado,60,7,3.0,direto,finalizado,
ECOM-00532,2025-07-31,Uberlândia,MG,site,desktop,fone,Earbuds,"875,39",52.6,nao,0,compra,sim,sim,sim,,511,6,5.0,organico,finalizado,
ECOM-00533,2025-07-09,Uberaba,MG,site,mobile,notebook,Notebook Office,9446.09,"25,54",sim,15,carrinho,sim,nao,nao,,313,21,5,organico,finalizado,
ECOM-00534,23/07/2025,Salvador,BA,site,mobile,fone,Earbuds,"442,04",71.84,,20,carrino,sim,nao,nao,,549,16,"3,6",google_ads,,
ECOM-00535,2025-05-13,São Paulo,SP,app,mobile,smartphone,Galaxy X,2662.63,3.03,nao,10,visualizou,nao,nao,nao,,414,1,1.6,google_ads,,
ECOM-00536,10-09-2025,Goiânia,GO,app,mobile,notebook,Ultrabook,"9484,0","44,57",nao,20,visualizou,nao,nao,nao,,587,17,"5,0",google_ads,finalizado,
ECOM-00537,2025-05-17,São Paulo,SP,site,mobile,smartphone,Moto Plus,3804.4,0.66,nao,0,compra,sim,sim,nao,,166,29,3.9,google_ads,procesado,
ECOM-00538,2025-09-15,Uberaba,MG,app,tablet,notebook,Notebook Gamer,5664.73,"67,75",,0,carrinho,sim,nao,nao,,65,14,4.9,google_ads,abandonado,
ECOM-00539,data_invalida,Curitiba,PR,site,mobile,smartphone,Galaxy X,6461.8,9.32,nao,0,compra,sim,sim,sim,,243,16,1.8,instagram,abandonado,
ECOM-00540,2025-04-03,curitiba,pr,site,mobile,acessorios,Teclado,309.34,30.41,nao,10,compra,sim,sim,sim,,66,21,4.6,organico,procesado,
ECOM-00541,2025-08-31,são paulo,SP,app,mobile,smartphone,Galaxy X,4467.35,41.7,nao,0,pagamento,sim,sim,nao,pix_expirado,308,3,"3,0",email,abandonado,
ECOM-00542,09/08/2025,Salvador,ba,app,desktop,smartphone,Redmi Pro,3664.56,69.68,nao,10,pagamento,sim,sim,nao,,285,11,5,google_ads,procesado,
ECOM-00543,data_invalida,Goiânia,go,app,mobile,fone,Headset Gamer,871.46,54.76,,0,visualizou,nao,nao,nao,,237,5,3.3,google_ads,finalizado,
ECOM-00544,2025-04-30,Uberlândia,mg,app,desktop,fone,Headset Gamer,"477,12","47,06",nao,0,visualizou,nao,nao,nao,,366,14,4.9,email,falha_pagamento,
ECOM-00545,2025-02-18,Uberlândia,MG,site,mobile,notebook,Ultrabook,8853.05,"54,33",,5,pagamento,sim,sim,nao,limite_insuficiente,198,1,4.6,direto,procesado,
ECOM-00546,2025-08-21,Uberaba,MG,site,mobile,notebook,Notebook Gamer,1870.61,"10,38",sim,15,carrinho,sim,nao,nao,,152,3,3.8,email,finalizado,
ECOM-00547,08-09-2025,Uberaba,MG,site,mobile,notebook,Notebook Gamer,"2307,49",3.64,sim,0,pagamento,sim,sim,nao,cartao_recusado,485,1,3.9,organico,abandonado,
ECOM-00548,07/09/2025,Salvador,BA,app,mobile,smartwatch,Watch Pro,1858.04,"39,42",nao,5,compra,sim,sim,sim,,325,3,"3,9",organico,finalizado,
ECOM-00549,2025-01-06,Salvador,BA,site,mobile,smartphone,iPhone Z,2592.97,57.49,sim,0,visualizou,sim,nao,nao,,321,1,3.1,email,procesado,
ECOM-00550,05-18-2025,Salvador,ba,site,mobile,smartfone,Headset Gamer,648.42,7.13,,10,pagamento,sim,sim,nao,erro_gateway,278,19,3.7,email,,
ECOM-00551,2025-02-26,São Paulo,SP,app,mobile,smartphone,iPhone Z,4854.87,59.99,nao,5,compra,sim,sim,sim,,426,22,3.5,instagram,finalizado,
ECOM-00552,2025-03-06,Salvador,BA,site,mobile,smartphone,Redmi Pro,4547.74,6.89,sim,0,carrinho,sim,nao,nao,,143,5,3.8,google_ads,abandonado,
ECOM-00553,2025-07-27,curitiba,PR,app,desktop,notebook,Ultrabook,2117.47,2.74,,20,compra,sim,sim,sim,,332,1,2.4,direto,abandonado,
ECOM-00554,2025-04-03,Curitiba,pr,app,mobile,smartwatch,Smartwatch Fit,"1205,9",23.82,,10,carrinho,sim,nao,nao,,382,12,2.6,google_ads,procesado,
ECOM-00555,2025-08-31,São Paulo,SP,app,mobile,notebook,Notebook Gamer,"8308,93",70.32,,0,carrinho,sim,nao,nao,,,9,5,google_ads,abandonado,
ECOM-00556,2025-06-13,uberlândia,MG,site,desktop,notebook,Ultrabook,6479.62,18.56,nao,0,carrinho,sim,nao,nao,,88,23,"4,0",direto,,
ECOM-00557,08-04-2025,Uberlândia,MG,site,mobile,notebook,Notebook Office,8741.41,"29,8",nao,0,compra,sim,sim,sim,,488,19,3.5,direto,procesado,
ECOM-00558,2025-10-28,Uberaba,MG,app,desktop,smartphone,Moto Plus,1584.79,1.71,sim,0,pagamento,sim,sim,nao,,415,11,"3,6",google_ads,finalizado,
ECOM-00559,2025-04-25,Campinas,SP,site,desktop,fone,Earbuds,365.3,74.88,nao,0,compra,sim,sim,sim,,227,2,"4,7",instagram,abandonado,
ECOM-00560,2025-05-12,uberaba,MG,site,mobile,fone,Fone Bluetooth,259.74,"28,06",nao,5,pagamento,sim,sim,nao,cartao_recusado,242,11,4.6,google_ads,procesado,
ECOM-00561,2025-08-06,Campinas,sp,app,mobile,acessorios,Mouse,381.76,61.76,sim,0,visualizou,nao,nao,nao,,5,13,3.3,email,abandonado,
ECOM-00562,11/08/2025,Curitiba,pr,site,mobile,notebook,Notebook Office,7196.53,"32,46",,0,visualizou,nao,nao,nao,,5,9,3.7,instagram,,
ECOM-00563,2025-07-07,São Paulo,SP,site,mobile,smartwatch,Watch Pro,2322.15,1.97,sim,5,pagamento,sim,sim,nao,erro_gateway,253,12,3.0,instagram,abandonado,
ECOM-00564,2025-09-30,Curitiba,PR,site,mobile,notebook,Notebook Gamer,7210.36,"10,02",nao,15,pagamento,sim,sim,nao,cartao_recusado,600,16,2.9,email,falha_pagamento,
ECOM-00565,2025-05-04,Salvador,BA,app,mobile,smartphone,Galaxy X,5804.45,52.21,,5,visualizou,sim,nao,nao,,207,19,5,organico,finalizado,
ECOM-00566,2025-06-16,São Paulo,SP,app,desktop,notebook,Notebook Office,4609.3,3.72,,5,compra,sim,sim,sim,,22,15,2.1,instagram,falha_pagamento,
ECOM-00567,2025-02-22,Goiânia,GO,site,mobile,smartphone,Galaxy X,3040.83,5.52,sim,20,compra,sim,sim,sim,,5,15,2.5,google_ads,abandonado,
ECOM-00568,2025-06-23,uberaba,MG,app,mobile,smartwatch,Smartwatch Fit,1091.51,16.22,nao,0,compra,sim,sim,sim,,478,18,4.3,organico,falha_pagamento,
ECOM-00569,2025-03-21,São Paulo,SP,app,mobile,notbook,Moto Plus,1746.14,"53,51",nao,0,pagamento,sim,sim,nao,cartao_recusado,589,10,5,organico,finalizado,
ECOM-00570,04-06-2025,Uberlândia,MG,site,mobile,smartphone,Redmi Pro,4163.55,40.14,sim,10,visualizou,nao,nao,nao,,444,20,4.5,organico,finalizado,
ECOM-00571,2025-03-30,Campinas,SP,app,mobile,smartwatch,Smartwatch Fit,833.81,"9,77",,0,pagamento,sim,sim,nao,cartao_recusado,232,19,4.3,google_ads,falha_pagamento,
ECOM-00572,2025-02-07,Uberaba,MG,app,mobile,notebook,Ultrabook,"7076,91",21.6,sim,0,visualizou,nao,nao,nao,,120,19,2.7,google_ads,falha_pagamento,
ECOM-00573,2025-06-19,salvador,BA,site,mobile,smartphone,iPhone Z,1763.66,76.21,nao,0,compra,sim,sim,sim,,185,8,3.4,organico,finalizado,
ECOM-00574,2025-10-21,Uberaba,MG,site,mobile,smartphone,Moto Plus,"2653,72",5.24,nao,0,compra,sim,sim,sim,,247,9,4.1,google_ads,,
ECOM-00575,2025-07-13,Curitiba,PR,site,tablet,notebook,Notebook Gamer,"4138,01",37.87,nao,0,visualizou,sim,nao,nao,,166,3,"3,8",google_ads,finalizado,
ECOM-00576,04-26-2025,campinas,SP,app,mobile,notebook,Ultrabook,"6647,98",0.3,sim,0,visualizou,nao,nao,nao,,175,8,2.5,google_ads,abandonado,
ECOM-00577,2025-06-02,Salvador,BA,site,mobile,fone,Fone Bluetooth,352.23,35.48,sim,10,carrinho,sim,nao,nao,,5,8,5.0,email,finalizado,
ECOM-00578,2025-10-16,São Paulo,SP,site,desktop,notebook,Notebook Gamer,"3358,24",53.28,,15,pagamento,sim,sim,nao,pix_expirado,152,11,"3,8",direto,abandonado,
ECOM-00579,2025-05-27,Uberlândia,MG,site,mobile,notbook,Notebook Gamer,"2184,67",73.97,sim,0,compra,sim,sim,sim,,5,10,5,google_ads,abandonado,
ECOM-00580,01-26-2025,Curitiba,PR,site,mobile,smartphone,Galaxy X,6425.26,"76,17",,10,pagamento,sim,sim,nao,erro_gateway,108,12,3.9,direto,,
ECOM-00581,15/03/2025,Salvador,BA,site,mobile,smartfone,Galaxy X,3581.96,56.48,,0,compra,sim,sim,sim,,5,19,5,email,finalizado,
ECOM-00582,06-07-2025,Uberaba,MG,site,mobile,notebook,Notebook Office,"8336,93","19,67",nao,5,carrinho,sim,nao,nao,,392,28,3.3,google_ads,falha_pagamento,
ECOM-00583,09/02/2025,Uberlândia,MG,site,mobile,smartwatch,Smartwatch Fit,2307.69,42.31,nao,0,pagamento,sim,sim,nao,erro_gateway,251,5,"2,5",google_ads,finalizado,
ECOM-00584,2025-02-21,Uberlândia,MG,site,mobile,notebook,Ultrabook,8138.85,"7,54",sim,0,carrinho,sim,nao,nao,,102,14,4.1,instagram,finalizado,
ECOM-00585,2025-01-25,Curitiba,PR,site,desktop,notbook,Smartwatch Fit,392.32,"38,16",sim,0,visualizou,nao,nao,nao,,144,9,3.1,google_ads,abandonado,
ECOM-00586,2025-05-10,Curitiba,PR,site,mobile,notebook,Notebook Office,7375.29,19.03,sim,5,visualizou,nao,nao,nao,,578,1,"2,7",google_ads,finalizado,
ECOM-00587,2025-07-27,Uberlândia,MG,site,mobile,fone,Fone Bluetooth,324.4,22.04,nao,15,compra,sim,sim,sim,,152,10,3.5,instagram,abandonado,
ECOM-00588,2025-05-02,Campinas,SP,site,mobile,smartfone,Notebook Gamer,"7032,66",14.81,nao,15,carrinho,sim,nao,nao,,332,14,4.7,instagram,abandonado,
ECOM-00589,05-13-2025,Uberaba,MG,site,mobile,smartphone,iPhone Z,"4114,48",39.32,nao,20,pagamento,sim,sim,nao,cartao_recusado,334,9,3.5,google_ads,falha_pagamento,
ECOM-00590,2025-09-21,Campinas,SP,site,desktop,notebook,Notebook Office,6798.94,10.59,sim,0,pagamento,sim,sim,nao,,485,14,"4,4",organico,procesado,
ECOM-00591,2025-01-02,Curitiba,PR,site,desktop,smartwatch,Watch Pro,2340.66,"26,75",sim,20,pagamento,sim,sim,nao,erro_gateway,501,1,5,google_ads,abandonado,
ECOM-00592,2025-03-05,São Paulo,SP,site,mobile,smartphone,Galaxy X,5322.64,4.18,,5,visualizou,sim,nao,nao,,5,2,3.8,instagram,,
ECOM-00593,2025-08-01,curitiba,PR,site,desktop,fone,Headset Gamer,564.24,35.66,,0,visualizou,nao,nao,nao,,152,19,"2,2",organico,,
ECOM-00594,2025-09-07,Curitiba,PR,app,mobile,smartphone,Redmi Pro,1845.38,2.09,sim,10,pagto,sim,nao,nao,,99,20,3.4,instagram,abandonado,
ECOM-00595,2025-09-05,Uberlândia,MG,site,tablet,acessorios,Carregador,168.66,28.55,sim,15,pagamento,sim,sim,nao,cartao_recusado,296,7,3.5,email,falha_pagamento,
ECOM-00596,2025-06-25,Campinas,SP,site,desktop,notebook,Ultrabook,7156.32,8.32,sim,15,compra,sim,sim,sim,,404,17,4.6,google_ads,abandonado,
ECOM-00597,2025-03-21,Salvador,BA,site,mobile,smartphone,Moto Plus,5217.87,69.22,nao,15,pagamento,sim,sim,nao,limite_insuficiente,256,10,5,google_ads,,
ECOM-00598,2025-10-05,Uberlândia,MG,site,mobile,smartwatch,Watch Pro,442.61,5.47,nao,10,carrinho,sim,nao,nao,,478,17,5,organico,abandonado,
ECOM-00599,10-20-2025,Uberlândia,MG,site,desktop,fone,Fone Bluetooth,516.21,32.02,,0,carrinho,sim,nao,nao,,550,9,4.7,direto,procesado,
ECOM-00600,2025-08-25,Uberlândia,MG,app,desktop,notebook,Notebook Office,3496.53,15.32,,0,carrinho,sim,nao,nao,,183,1,3.6,google_ads,falha_pagamento,
ECOM-00601,2025-07-10,Salvador,BA,site,desktop,smartwatch,Watch Pro,682.54,66.08,nao,0,carrinho,sim,nao,nao,,76,11,5,organico,abandonado,
ECOM-00602,2025-02-02,Salvador,BA,app,mobile,acessorios,Carregador,27.02,27.94,,10,pagamento,sim,sim,nao,cartao_recusado,341,21,"2,6",google_ads,procesado,
ECOM-00603,2025-05-30,Campinas,SP,site,desktop,smartphone,Moto Plus,4601.39,8.9,nao,0,compra,sim,sim,sim,,143,14,3.3,google_ads,finalizado,
ECOM-00604,12/02/2025,Goiânia,GO,site,mobile,notebook,Notebook Office,5090.52,21.15,sim,20,visualizou,sim,nao,nao,,483,2,"3,1",organico,finalizado,
ECOM-00605,data_invalida,São Paulo,SP,app,mobile,notbook,Cabo USB-C,203.98,35.62,nao,15,carrinho,sim,nao,nao,,52,4,5,direto,falha_pagamento,
ECOM-00606,2025-01-21,Uberaba,MG,site,desktop,smartphone,Redmi Pro,5727.54,28.57,nao,10,compra,sim,sim,sim,,234,14,4.1,organico,finalizado,
ECOM-00607,2025-03-15,Goiânia,GO,site,desktop,smartwatch,Watch Pro,1897.73,54.97,,0,compra,sim,sim,sim,,211,9,4.6,email,abandonado,
ECOM-00608,2025-01-05,São Paulo,sp,site,mobile,acessorios,Mouse,"190,76",57.31,nao,15,pagamento,sim,sim,nao,pix_expirado,142,13,"4,1",google_ads,falha_pagamento,
ECOM-00609,2025-08-17,Campinas,SP,site,desktop,smartphone,Galaxy X,3190.84,17.05,,15,carrinho,sim,nao,nao,,390,12,"4,9",instagram,falha_pagamento,
ECOM-00610,2025-10-10,Uberlândia,MG,site,mobile,smartphone,iPhone Z,"1672,91",32.07,nao,5,pagamento,sim,sim,nao,,360,1,"2,3",organico,abandonado,
ECOM-00611,2025-07-15,São Paulo,SP,app,mobile,smartphone,Galaxy X,"2295,51",74.15,nao,20,pagamento,sim,sim,nao,erro_gateway,,19,2.8,organico,procesado,
ECOM-00612,2025-01-01,Curitiba,PR,site,desktop,smartfone,Galaxy X,3756.43,"22,51",,20,carrinho,sim,nao,nao,,315,1,3.7,organico,,
ECOM-00613,2025-08-18,Salvador,BA,app,mobile,smartphone,Moto Plus,1403.88,16.74,sim,20,visualizou,nao,nao,nao,,329,26,3.2,organico,procesado,
ECOM-00614,2025-02-05,Salvador,BA,site,mobile,smartphone,iPhone Z,"1460,4",4.44,sim,0,carrinho,sim,nao,nao,,276,3,3.4,instagram,abandonado,
ECOM-00615,2025-07-25,Curitiba,PR,app,mobile,notebook,Notebook Office,5755.56,61.38,,0,compra,sim,sim,sim,,264,10,5,email,falha_pagamento,
ECOM-00616,2025-07-04,São Paulo,SP,app,tablet,notebook,Notebook Gamer,8114.49,70.16,,10,compra,sim,sim,nao,,421,15,4.5,direto,falha_pagamento,
ECOM-00617,data_invalida,Salvador,BA,site,desktop,notebook,Ultrabook,5480.27,"10,24",sim,5,pagamento,sim,sim,nao,limite_insuficiente,113,13,3.8,google_ads,abandonado,
ECOM-00618,2025-03-15,São Paulo,SP,app,desktop,fone,Fone Bluetooth,324.15,46.04,nao,0,pagamento,sim,sim,nao,,518,32,"4,1",instagram,falha_pagamento,
ECOM-00619,2025-05-06,uberlândia,MG,app,mobile,fone,Earbuds,353.69,60.77,,15,carrinho,sim,nao,nao,,5,11,4.4,google_ads,finalizado,
ECOM-00620,2025-10-26,curitiba,PR,site,mobile,acessorios,Teclado,198.04,37.28,sim,10,visualizou,nao,nao,nao,,5,2,5,instagram,falha_pagamento,
ECOM-00621,2025-02-25,Campinas,SP,app,mobile,smartphone,iPhone Z,3901.01,3.7,sim,0,visualizou,nao,nao,nao,,479,17,4.8,google_ads,procesado,
ECOM-00622,2025-04-23,Uberlândia,MG,site,mobile,smartphone,Moto Plus,"4261,15",27.0,,10,visualizou,sim,nao,nao,,245,4,"2,4",instagram,,
ECOM-00623,05-11-2025,Uberaba,MG,site,desktop,smartphone,Redmi Pro,4097.53,52.83,,20,compra,sim,sim,sim,,596,15,"4,1",direto,falha_pagamento,
ECOM-00624,01-29-2025,Campinas,SP,app,mobile,notebook,Notebook Gamer,4806.88,61.71,,10,carrinho,sim,nao,nao,,138,1,"4,3",email,falha_pagamento,
ECOM-00625,06-06-2025,Uberaba,MG,site,tablet,notebook,Notebook Office,3380.38,21.16,sim,15,visualizou,sim,nao,nao,,132,8,3.6,instagram,,
ECOM-00626,2025-01-18,Uberaba,MG,app,desktop,acessorios,Carregador,"108,61",33.07,,20,pagamento,sim,sim,nao,cartao_recusado,256,14,3.2,google_ads,procesado,
ECOM-00627,2025-02-09,Uberaba,MG,site,mobile,smartphone,Moto Plus,2223.35,30.95,sim,0,compra,sim,sim,sim,,5,16,3.5,organico,procesado,
ECOM-00628,29/04/2025,Salvador,BA,app,desktop,smartphone,Moto Plus,2652.3,75.37,sim,0,compra,sim,sim,sim,,395,1,"2,5",instagram,falha_pagamento,
ECOM-00629,2025-09-05,Salvador,BA,app,desktop,fone,Earbuds,"252,73",59.02,sim,0,carrinho,sim,nao,nao,,5,12,4.9,organico,,
ECOM-00630,2025-02-09,salvador,BA,site,desktop,smartwatch,Watch Pro,2448.39,4.96,,0,carrinho,sim,nao,nao,,314,9,4.5,instagram,finalizado,
ECOM-00631,2025-02-01,Campinas,SP,site,mobile,fone,Fone Bluetooth,285.38,31.62,,15,visualizou,sim,nao,nao,,364,23,4.7,google_ads,abandonado,
ECOM-00632,02-20-2025,São Paulo,SP,app,mobile,notebook,Notebook Gamer,2499.42,"3,36",nao,0,carrinho,sim,nao,nao,,323,3,5,organico,,
ECOM-00633,2025-07-24,Uberaba,MG,site,mobile,smartphone,iPhone Z,3026.19,1.48,sim,15,carrinho,sim,nao,nao,,137,1,4.1,google_ads,finalizado,
ECOM-00634,2025-01-13,Uberaba,MG,site,desktop,fone,Earbuds,762.9,12.38,,20,carrinho,sim,nao,nao,,344,29,4.7,direto,procesado,
ECOM-00635,2025-08-24,Curitiba,PR,site,mobile,smartwatch,Watch Pro,549.34,44.27,nao,15,compra,sim,sim,nao,erro_gateway,208,27,5,organico,,
ECOM-00636,2025-10-22,Salvador,BA,site,mobile,notebook,Notebook Office,2758.42,35.17,,5,pagto,sim,sim,nao,erro_gateway,421,13,2.4,direto,finalizado,
ECOM-00637,2025-10-04,Curitiba,PR,app,mobile,fone,Fone Bluetooth,310.74,79.21,,0,carrino,sim,sim,nao,limite_insuficiente,166,13,4.0,organico,abandonado,
ECOM-00638,2025-08-18,Uberlândia,MG,site,mobile,fone,Fone Bluetooth,"251,56",34.38,,0,compra,sim,sim,nao,erro_gateway,,17,2.9,direto,falha_pagamento,
ECOM-00639,2025-10-28,Curitiba,PR,site,mobile,smartphone,Redmi Pro,"5802,86",55.22,sim,0,pagamento,sim,sim,nao,cartao_recusado,374,5,3.1,google_ads,,
ECOM-00640,01/09/2025,Uberaba,MG,site,mobile,notebook,Notebook Office,8525.09,22.75,,0,compra,sim,sim,sim,,115,15,5,google_ads,procesado,
ECOM-00641,2025-07-27,Goiânia,GO,site,mobile,smartphone,iPhone Z,3006.38,22.78,,0,carrinho,sim,nao,nao,,99,27,1.0,organico,falha_pagamento,
ECOM-00642,2025-06-05,Curitiba,PR,site,mobile,smartphone,Galaxy X,4266.48,19.85,sim,20,pagamento,sim,sim,nao,pix_expirado,219,11,5,organico,procesado,
ECOM-00643,2025-04-13,Uberaba,MG,site,desktop,smartphone,iPhone Z,3875.36,34.15,nao,0,visualizou,nao,nao,nao,,220,8,4.9,organico,abandonado,
ECOM-00644,19/10/2025,Uberaba,mg,site,desktop,notebook,Notebook Office,2461.78,31.24,,0,pagamento,sim,sim,nao,limite_insuficiente,376,1,3.1,google_ads,abandonado,
ECOM-00645,data_invalida,Curitiba,PR,site,desktop,notbook,Earbuds,"323,92",44.58,,20,carrinho,sim,nao,nao,,70,11,"4,5",instagram,abandonado,
ECOM-00646,2025-01-04,Uberaba,MG,site,mobile,smartphone,Galaxy X,2485.98,64.19,,15,visualizou,sim,nao,nao,,116,14,3.9,instagram,abandonado,
ECOM-00647,11/05/2025,São Paulo,SP,site,mobile,fone,Headset Gamer,285.25,"46,53",nao,0,pagamento,sim,sim,nao,pix_expirado,501,12,4.7,organico,abandonado,
ECOM-00648,2025-01-10,Uberaba,MG,app,desktop,acessorios,Mouse,281.62,42.53,,10,carrinho,sim,nao,nao,,200,1,4.1,instagram,falha_pagamento,
ECOM-00649,2025-06-29,Uberlândia,MG,app,mobile,fone,Headset Gamer,828.48,7.46,nao,10,pagamento,sim,sim,nao,erro_gateway,252,12,"4,8",google_ads,finalizado,
ECOM-00650,2025-04-09,Salvador,BA,site,mobile,smartphone,iPhone Z,"4751,22","10,99",sim,0,pagamento,sim,sim,nao,limite_insuficiente,278,11,"4,3",direto,procesado,
ECOM-00651,2025-07-27,Uberlândia,MG,site,tablet,smartwatch,Smartwatch Fit,993.4,74.71,nao,10,compra,sim,sim,sim,,369,14,4.0,direto,abandonado,
ECOM-00652,2025-04-09,Campinas,SP,site,desktop,fone,Earbuds,835.48,70.8,,0,visualizou,nao,nao,nao,,5,8,2.6,email,abandonado,
ECOM-00653,05-15-2025,Curitiba,PR,site,mobile,fone,Earbuds,297.81,72.14,,5,visualizou,nao,nao,nao,,368,20,5,instagram,abandonado,
ECOM-00654,08-12-2025,uberaba,MG,site,mobile,smartphone,Redmi Pro,2895.26,"16,27",nao,0,compra,sim,sim,sim,,189,18,2.2,instagram,finalizado,
ECOM-00655,02-01-2025,Goiânia,GO,site,mobile,notebook,Notebook Gamer,"3969,57",37.93,,0,pagamento,sim,sim,nao,erro_gateway,222,1,5.0,google_ads,finalizado,
ECOM-00656,2025-03-21,Uberaba,MG,site,mobile,smartphone,Moto Plus,4785.37,28.98,nao,0,carrinho,sim,nao,nao,,5,8,3.7,instagram,,
ECOM-00657,2025-02-12,Uberaba,MG,app,mobile,fone,Earbuds,262.96,48.71,sim,0,carrinho,sim,nao,nao,,276,21,2.4,google_ads,,
ECOM-00658,data_invalida,Uberlândia,MG,app,tablet,fone,Headset Gamer,419.5,4.27,,5,carrinho,sim,nao,nao,,214,9,"3,3",google_ads,finalizado,
ECOM-00659,2025-03-28,Uberaba,MG,site,tablet,smartphone,Moto Plus,"2728,95","38,41",nao,20,carrinho,sim,nao,nao,,507,13,5,organico,,
ECOM-00660,2025-10-25,Campinas,SP,app,mobile,notebook,Notebook Office,3789.91,66.46,sim,0,visualizou,nao,nao,nao,,413,17,"2,6",google_ads,falha_pagamento,
ECOM-00661,2025-05-31,Uberlândia,mg,site,desktop,smartphone,Redmi Pro,4978.57,16.74,,20,pagamento,sim,sim,nao,cartao_recusado,298,7,3.4,email,abandonado,
ECOM-00662,2025-09-20,Curitiba,PR,site,mobile,notebook,Ultrabook,6614.22,50.7,nao,20,visualizou,sim,nao,nao,,153,1,4.2,instagram,abandonado,
ECOM-00663,2025-06-22,são paulo,SP,site,desktop,smartphone,iPhone Z,3582.85,"47,64",,20,pagamento,sim,sim,nao,,5,1,3.1,google_ads,abandonado,
ECOM-00664,2025-06-22,Uberaba,MG,site,mobile,acessorios,Carregador,192.35,"66,09",sim,0,pagamento,sim,sim,nao,cartao_recusado,199,4,2.6,google_ads,abandonado,
ECOM-00665,03-24-2025,Curitiba,PR,site,mobile,smartphone,iPhone Z,3629.55,49.52,sim,0,pagamento,sim,sim,nao,erro_gateway,412,18,"4,2",organico,falha_pagamento,
ECOM-00666,05-25-2025,Curitiba,PR,site,tablet,notebook,Notebook Office,3476.72,28.5,,15,carrinho,sim,nao,nao,,453,8,3.7,instagram,abandonado,
ECOM-00667,2025-05-30,São Paulo,SP,app,mobile,notebook,Notebook Office,4782.68,79.92,,0,pagamento,sim,sim,nao,pix_expirado,435,9,3.6,organico,abandonado,
ECOM-00668,2025-09-21,Campinas,SP,app,mobile,smartphone,Moto Plus,1833.07,11.76,sim,0,carrinho,sim,nao,nao,,327,26,4.4,google_ads,procesado,
ECOM-00669,2025-04-06,Curitiba,PR,site,mobile,smartphone,Moto Plus,1989.83,68.47,sim,20,visualizou,sim,nao,nao,,161,8,5,organico,falha_pagamento,
ECOM-00670,06-20-2025,Uberlândia,mg,app,desktop,fone,Headset Gamer,"379,25",22.71,sim,10,visualizou,sim,nao,nao,,300,1,"4,4",direto,procesado,
ECOM-00671,2025-01-19,Uberlândia,MG,site,mobile,smartphone,Redmi Pro,5963.34,28.61,nao,0,visualizou,nao,nao,nao,,131,23,"3,0",google_ads,procesado,
ECOM-00672,2025-09-28,Curitiba,PR,site,mobile,smartphone,iPhone Z,4053.81,68.82,,20,carrinho,sim,nao,nao,,5,5,5,organico,procesado,
ECOM-00673,2025-05-31,Uberaba,MG,site,mobile,smartwatch,Smartwatch Fit,"1581,31",18.3,,10,pagamento,sim,sim,nao,pix_expirado,182,8,3.8,organico,abandonado,
ECOM-00674,06-22-2025,uberlândia,mg,app,mobile,smartwatch,Smartwatch Fit,1951.88,"24,08",nao,15,visualizou,nao,nao,nao,,676,21,3.9,google_ads,procesado,
ECOM-00675,2025-09-08,Uberlândia,MG,site,desktop,notebook,Notebook Office,5723.3,"31,8",sim,20,carrinho,sim,nao,nao,,73,16,5,instagram,falha_pagamento,
ECOM-00676,03-11-2025,Salvador,BA,site,mobile,smartwatch,Smartwatch Fit,918.62,"50,03",sim,0,compra,sim,sim,sim,,84,8,4.2,organico,procesado,
ECOM-00677,2025-08-30,curitiba,PR,site,mobile,notebook,Ultrabook,"8020,42",27.22,,5,pagamento,sim,sim,nao,cartao_recusado,360,8,4.4,google_ads,finalizado,
ECOM-00678,2025-07-02,Salvador,ba,site,mobile,smartfone,Notebook Gamer,8069.69,59.4,,0,pagamento,sim,sim,nao,erro_gateway,81,19,5,google_ads,finalizado,
ECOM-00679,2025-05-09,São Paulo,SP,site,mobile,fone,Headset Gamer,158.15,62.87,nao,0,carrinho,sim,nao,nao,,512,10,3.6,google_ads,abandonado,
ECOM-00680,2025-01-16,curitiba,PR,site,mobile,smartphone,Redmi Pro,5754.18,3.26,sim,20,compra,sim,sim,sim,,142,14,4.2,google_ads,falha_pagamento,
ECOM-00681,29/08/2025,Uberaba,MG,site,mobile,smartphone,Redmi Pro,2336.04,25.9,sim,5,visualizou,sim,nao,nao,,,11,"3,5",organico,finalizado,
ECOM-00682,2025-08-09,São Paulo,SP,site,tablet,smartphone,Galaxy X,4199.2,58.81,,20,pagamento,sim,sim,nao,cartao_recusado,252,5,2.4,organico,,
ECOM-00683,2025-08-29,Uberlândia,MG,site,mobile,acessorios,Mouse,21.32,"63,69",nao,0,compra,sim,sim,sim,,162,13,2.8,organico,falha_pagamento,
ECOM-00684,26/03/2025,Uberlândia,MG,site,mobile,smartphone,Redmi Pro,"4851,21","72,07",sim,5,carrinho,sim,nao,nao,,47,12,4.8,google_ads,finalizado,
ECOM-00685,2025-04-29,Goiânia,go,site,desktop,fone,Earbuds,666.43,"52,03",sim,0,visualizou,nao,nao,nao,,259,12,3.8,organico,finalizado,
ECOM-00686,2025-10-02,Campinas,SP,app,mobile,notebook,Notebook Gamer,1908.77,42.74,sim,20,compra,sim,sim,nao,,391,10,3.8,instagram,abandonado,
ECOM-00687,2025-09-11,uberaba,MG,app,mobile,fone,Earbuds,298.25,61.16,,10,carrinho,sim,nao,nao,,5,15,4.9,organico,,
ECOM-00688,2025-01-11,Curitiba,PR,app,mobile,smartphone,Galaxy X,1469.43,47.25,sim,20,visualizou,sim,nao,nao,,147,13,5,email,finalizado,
ECOM-00689,2025-10-09,São Paulo,SP,site,mobile,notbook,Notebook Gamer,5686.93,53.29,,10,carrinho,sim,nao,nao,,529,12,2.9,organico,procesado,
ECOM-00690,18/01/2025,Goiânia,GO,app,mobile,smartphone,Moto Plus,"5614,27",43.82,sim,0,visualizou,sim,nao,nao,,455,18,3.9,organico,procesado,
ECOM-00691,19/01/2025,Goiânia,GO,site,mobile,acessorios,Cabo USB-C,240.27,31.68,nao,15,carrinho,sim,nao,nao,,169,19,5,direto,finalizado,
ECOM-00692,2025-07-06,Uberaba,MG,app,mobile,smartphone,iPhone Z,5578.26,5.2,,0,carrino,sim,nao,nao,,,13,2.6,direto,abandonado,
ECOM-00693,data_invalida,uberaba,MG,site,mobile,acessorios,Cabo USB-C,"90,08",14.59,nao,0,visualizou,nao,nao,nao,,53,6,4.0,email,,
ECOM-00694,2025-02-05,São Paulo,SP,site,desktop,acessorios,Carregador,290.51,18.72,,5,visualizou,sim,nao,nao,,365,7,3.8,google_ads,abandonado,
ECOM-00695,20/09/2025,Goiânia,GO,app,mobile,smartphone,Redmi Pro,2137.76,"16,91",,10,visualizou,sim,nao,nao,,299,32,"3,9",google_ads,falha_pagamento,
ECOM-00696,05-18-2025,São Paulo,SP,app,mobile,smartwatch,Smartwatch Fit,"1057,32",49.35,nao,15,visualizou,sim,nao,nao,,501,15,4.0,google_ads,finalizado,
ECOM-00697,2025-08-13,curitiba,PR,app,mobile,notebook,Notebook Office,"9339,24",30.51,sim,0,pagamento,sim,sim,nao,,419,6,2.8,google_ads,procesado,
ECOM-00698,2025-02-04,São Paulo,SP,site,mobile,smartwatch,Smartwatch Fit,2302.61,30.77,sim,0,visualizou,sim,nao,nao,,211,24,5.0,instagram,finalizado,
ECOM-00699,2025-04-20,Curitiba,PR,app,mobile,acessorios,Cabo USB-C,329.41,27.28,,0,visualizou,nao,nao,nao,,444,15,"3,8",google_ads,abandonado,
ECOM-00700,2025-07-06,Uberlândia,MG,site,desktop,acessorios,Mouse,46.61,32.12,sim,10,carrinho,sim,nao,nao,,313,11,4.4,google_ads,abandonado,
ECOM-00701,2025-08-07,Curitiba,PR,site,mobile,fone,Earbuds,107.18,24.73,sim,15,pagamento,sim,sim,nao,limite_insuficiente,250,1,3.2,organico,finalizado,
ECOM-00702,2025-03-19,Salvador,BA,site,desktop,smartwatch,Watch Pro,2366.08,"41,95",sim,20,visualizou,nao,nao,nao,,372,16,3.3,organico,abandonado,
ECOM-00703,2025-09-10,Salvador,BA,site,mobile,smartphone,Redmi Pro,3155.38,9.75,sim,20,visualizou,nao,nao,nao,,302,2,4.2,google_ads,abandonado,
ECOM-00704,2025-04-07,Campinas,SP,site,mobile,smartphone,Redmi Pro,1705.89,"39,82",nao,0,carrinho,sim,nao,nao,,240,1,3.4,email,finalizado,
ECOM-00705,2025-07-01,Campinas,SP,site,mobile,fone,Headset Gamer,"415,01",15.11,nao,5,compra,sim,sim,sim,,303,10,4.0,google_ads,falha_pagamento,
ECOM-00706,2025-08-13,uberlândia,MG,site,mobile,notebook,Notebook Office,4122.83,14.23,sim,20,pagamento,sim,sim,nao,limite_insuficiente,170,8,4.3,google_ads,abandonado,
ECOM-00707,2025-09-27,Goiânia,GO,site,mobile,fone,Earbuds,"236,53",39.93,sim,10,carrinho,sim,nao,nao,,5,7,5,organico,,
ECOM-00708,2025-07-22,Curitiba,PR,site,mobile,smartphone,iPhone Z,2221.84,7.29,nao,20,visualizou,sim,nao,nao,,5,29,3.5,direto,,
ECOM-00709,10-19-2025,Uberlândia,MG,app,mobile,fone,Fone Bluetooth,898.06,39.1,nao,0,carrinho,sim,nao,nao,,225,17,"4,4",organico,,
ECOM-00710,2025-01-02,Curitiba,pr,app,mobile,fone,Fone Bluetooth,"538,18",50.33,sim,0,compra,sim,sim,sim,,211,4,4.2,google_ads,finalizado,
ECOM-00711,02-22-2025,Campinas,SP,app,desktop,acessorios,Carregador,"223,1",51.05,,20,compra,sim,sim,sim,,286,22,4.0,google_ads,finalizado,
ECOM-00712,2025-02-21,Campinas,sp,site,desktop,notebook,Notebook Office,3364.01,75.48,sim,15,compra,sim,sim,sim,,127,13,5,organico,falha_pagamento,
ECOM-00713,2025-08-01,Campinas,SP,app,mobile,acessorios,Carregador,337.59,17.31,,0,carrinho,sim,nao,nao,,308,13,3.7,instagram,falha_pagamento,
ECOM-00714,data_invalida,São Paulo,SP,app,mobile,smartphone,Redmi Pro,5080.77,49.25,,20,pagto,sim,nao,nao,,244,20,4.7,instagram,abandonado,
ECOM-00715,2025-05-25,Goiânia,GO,app,mobile,smartphone,iPhone Z,4821.22,65.86,nao,10,carrinho,sim,nao,nao,,493,12,3.6,organico,finalizado,
ECOM-00716,2025-02-12,São Paulo,SP,site,desktop,smartphone,Redmi Pro,1730.82,65.42,sim,10,pagamento,sim,sim,nao,limite_insuficiente,5,18,3.1,google_ads,procesado,
ECOM-00717,2025-07-06,Uberlândia,MG,site,mobile,smartphone,Redmi Pro,4160.7,60.59,nao,0,compra,sim,sim,sim,,571,11,4.9,organico,falha_pagamento,
ECOM-00718,2025-08-25,Goiânia,GO,site,mobile,smartphone,Moto Plus,2925.98,35.03,sim,15,compra,sim,sim,sim,,5,20,2.2,organico,finalizado,
ECOM-00719,2025-07-11,Uberaba,MG,site,desktop,smartphone,Redmi Pro,4635.68,69.83,,20,pagamento,sim,sim,nao,limite_insuficiente,184,23,3.6,email,procesado,
ECOM-00720,2025-10-09,curitiba,PR,app,mobile,smartwatch,Smartwatch Fit,2239.62,43.98,sim,15,visualizou,sim,nao,nao,,5,10,"3,5",google_ads,finalizado,
ECOM-00721,data_invalida,Goiânia,GO,site,mobile,fone,Earbuds,"615,36",37.11,nao,5,pagamento,sim,sim,nao,pix_expirado,,12,2.0,organico,abandonado,
ECOM-00722,27/02/2025,São Paulo,sp,site,desktop,acessorios,Teclado,361.3,11.11,,5,visualizou,nao,nao,nao,,322,6,5,google_ads,finalizado,
ECOM-00723,2025-10-03,Salvador,BA,site,mobile,smartwatch,Smartwatch Fit,1305.15,"53,75",,15,compra,sim,sim,nao,,38,13,4.5,organico,finalizado,
ECOM-00724,2025-01-28,São Paulo,SP,app,mobile,notebook,Notebook Office,"1898,75",29.56,,20,pagamento,sim,sim,nao,limite_insuficiente,552,17,4.7,google_ads,,
ECOM-00725,2025-05-16,Salvador,ba,site,desktop,smartwatch,Watch Pro,"1194,77",79.96,sim,0,carrinho,sim,nao,nao,,275,2,3.7,organico,,
ECOM-00726,2025-05-01,Curitiba,PR,site,mobile,smartphone,Redmi Pro,4154.38,41.0,,20,compra,sim,sim,sim,,326,17,"4,0",google_ads,,
ECOM-00727,13/07/2025,Goiânia,GO,site,mobile,smartphone,iPhone Z,4915.58,21.22,,10,compra,sim,sim,sim,,281,19,5,organico,procesado,
ECOM-00728,07/10/2025,Goiânia,GO,site,desktop,smartphone,Moto Plus,"5711,12",64.8,nao,10,pagamento,sim,sim,nao,pix_expirado,329,19,3.7,instagram,finalizado,
ECOM-00729,2025-08-17,São Paulo,SP,site,desktop,notebook,Ultrabook,"9000,08",8.55,,0,visualizou,sim,nao,nao,,299,23,5,email,,
ECOM-00730,2025-03-16,Goiânia,go,app,mobile,notebook,Notebook Office,3478.92,26.94,nao,20,pagamento,sim,sim,nao,pix_expirado,176,19,4.4,email,,
ECOM-00731,2025-04-30,são paulo,SP,app,desktop,acessorios,Cabo USB-C,"377,86",41.22,,0,pagamento,sim,sim,nao,erro_gateway,179,6,3.4,organico,finalizado,
ECOM-00732,2025-06-01,Salvador,BA,site,desktop,fone,Earbuds,873.87,19.39,nao,20,pagamento,sim,sim,nao,cartao_recusado,46,9,"3,1",direto,,
ECOM-00733,2025-10-14,Campinas,SP,site,mobile,smartphone,Galaxy X,2599.62,38.11,sim,0,visualizou,nao,nao,nao,,487,11,"3,2",google_ads,,
ECOM-00734,2025-07-25,Uberlândia,mg,site,mobile,smartphone,iPhone Z,2866.97,73.11,sim,5,pagamento,sim,sim,nao,erro_gateway,310,9,2.7,organico,procesado,
ECOM-00735,2025-02-14,São Paulo,SP,site,mobile,smartphone,Redmi Pro,6042.85,49.51,,10,carrinho,sim,nao,nao,,5,11,"2,1",google_ads,abandonado,
ECOM-00736,2025-03-23,Campinas,SP,site,mobile,notebook,Notebook Gamer,"2385,16",22.28,,20,carrinho,sim,nao,nao,,193,11,4.2,instagram,procesado,
ECOM-00737,2025-07-31,Campinas,SP,site,desktop,smartphone,iPhone Z,"4075,44",1.66,,0,pagamento,sim,sim,nao,,547,3,2.5,instagram,,
ECOM-00738,2025-02-10,Campinas,SP,app,mobile,fone,Earbuds,"810,18",11.78,sim,20,carrinho,sim,nao,nao,,5,4,3.0,organico,finalizado,
ECOM-00739,2025-03-27,Uberlândia,MG,site,desktop,fone,Fone Bluetooth,573.93,78.62,nao,15,carrinho,sim,nao,nao,,353,1,2.8,google_ads,abandonado,
ECOM-00740,2025-05-20,salvador,BA,app,mobile,smartphone,iPhone Z,3298.11,"32,92",nao,0,visualizou,sim,nao,nao,,206,1,2.5,organico,falha_pagamento,
ECOM-00741,2025-06-23,Uberlândia,MG,app,desktop,acessorios,Cabo USB-C,333.92,7.23,nao,10,carrinho,sim,nao,nao,,141,18,4.5,email,procesado,
ECOM-00742,05-11-2025,Curitiba,PR,site,mobile,fone,Earbuds,"382,15",0.46,sim,15,pagamento,sim,sim,nao,cartao_recusado,22,16,2.3,google_ads,finalizado,
ECOM-00743,2025-07-11,São Paulo,SP,site,mobile,notebook,Notebook Office,7667.4,"36,96",nao,10,pagamento,sim,sim,nao,,5,11,"4,1",instagram,finalizado,
ECOM-00744,03-16-2025,Uberaba,MG,app,mobile,smartwatch,Smartwatch Fit,2151.28,49.51,nao,10,compra,sim,sim,sim,,43,7,5,direto,falha_pagamento,
ECOM-00745,2025-05-19,Campinas,sp,app,mobile,smartphone,iPhone Z,6376.8,21.0,,10,pagamento,sim,sim,nao,erro_gateway,5,17,"4,3",instagram,,
ECOM-00746,04-21-2025,Campinas,SP,app,mobile,acessorios,Mouse,"65,8","73,72",sim,10,compra,sim,sim,sim,,93,2,5,google_ads,abandonado,
ECOM-00747,2025-08-26,Curitiba,PR,site,mobile,smartphone,Moto Plus,6261.05,69.77,nao,15,compra,sim,sim,nao,pix_expirado,551,27,3.4,google_ads,finalizado,
ECOM-00748,2025-08-20,Uberaba,MG,app,mobile,fone,Headset Gamer,142.67,60.22,nao,0,carrinho,sim,nao,nao,,501,12,2.5,organico,procesado,
ECOM-00749,2025-06-09,Goiânia,GO,app,tablet,smartphone,Redmi Pro,2941.97,26.21,sim,0,visualizou,sim,nao,nao,,5,18,2.7,organico,procesado,
ECOM-00750,2025-06-05,Uberaba,MG,site,mobile,notebook,Notebook Gamer,2561.12,65.4,sim,0,pagto,sim,sim,sim,,106,3,3.7,direto,procesado,
ECOM-00751,2025-03-06,Salvador,BA,site,mobile,fone,Fone Bluetooth,161.91,"51,54",nao,20,compra,sim,sim,sim,,505,16,5.0,instagram,abandonado,
ECOM-00752,10-28-2025,Uberaba,MG,site,mobile,smartfone,iPhone Z,3126.55,42.65,,15,carrinho,sim,nao,nao,,273,1,3.8,instagram,abandonado,
ECOM-00753,2025-01-21,Salvador,BA,app,mobile,fone,Fone Bluetooth,652.91,"73,69",,10,visualizou,sim,nao,nao,,84,8,"4,2",email,falha_pagamento,
ECOM-00754,2025-10-08,São Paulo,SP,site,mobile,fone,Earbuds,810.95,"75,88",,20,visualizou,sim,nao,nao,,242,10,5,instagram,finalizado,
ECOM-00755,06-17-2025,Goiânia,GO,app,mobile,smartphone,iPhone Z,1019.78,"45,11",sim,10,visualizou,nao,nao,nao,,,14,3.3,instagram,finalizado,
ECOM-00756,16/07/2025,uberaba,MG,site,desktop,smartwatch,Watch Pro,"713,85",15.63,nao,20,compra,sim,sim,sim,,324,18,"4,6",google_ads,abandonado,
ECOM-00757,2025-09-25,Campinas,SP,app,mobile,fone,Earbuds,"624,75",43.82,nao,0,compra,sim,sim,sim,,310,14,3.2,organico,,
ECOM-00758,2025-10-24,Salvador,BA,site,desktop,smartphone,iPhone Z,5438.14,77.02,nao,0,visualizou,sim,nao,nao,,172,23,3.4,email,procesado,
ECOM-00759,2025-06-07,Curitiba,PR,app,mobile,fone,Headset Gamer,558.08,35.2,sim,10,pagamento,sim,sim,nao,pix_expirado,628,16,3.0,organico,finalizado,
ECOM-00760,2025-05-26,Uberaba,MG,app,mobile,smartphone,Moto Plus,3204.78,71.79,nao,15,visualizou,nao,nao,nao,,472,11,3.9,organico,finalizado,
ECOM-00761,2025-01-23,São Paulo,SP,app,mobile,notebook,Ultrabook,"4100,43",59.47,,10,carrinho,sim,nao,nao,,,4,3.7,email,procesado,
ECOM-00762,2025-06-03,São Paulo,SP,site,mobile,smartfone,Galaxy X,1584.54,75.88,sim,20,carrinho,sim,nao,nao,,185,12,3.4,direto,falha_pagamento,
ECOM-00763,2025-09-03,Salvador,BA,app,mobile,smartwatch,Smartwatch Fit,460.85,24.48,nao,20,pagamento,sim,sim,nao,erro_gateway,242,10,3.8,instagram,,
ECOM-00764,25/06/2025,Campinas,SP,site,mobile,smartphone,Galaxy X,4743.77,38.12,nao,20,compra,sim,sim,sim,,5,1,4.1,email,,
ECOM-00765,01-24-2025,Uberlândia,MG,app,desktop,smartwatch,Watch Pro,1358.84,62.57,,0,pagamento,sim,sim,nao,cartao_recusado,125,6,3.7,google_ads,finalizado,
ECOM-00766,06/10/2025,Salvador,BA,app,mobile,smartphone,Moto Plus,6025.23,7.01,,5,compra,sim,sim,sim,,44,14,3.8,organico,,
ECOM-00767,2025-10-16,Curitiba,PR,site,mobile,notbook,Mouse,279.29,46.12,nao,10,pagamento,sim,sim,nao,pix_expirado,211,6,5,organico,falha_pagamento,
ECOM-00768,07-21-2025,Uberlândia,MG,site,mobile,smartwatch,Watch Pro,313.19,"68,27",nao,0,visualizou,nao,nao,nao,,304,13,4.7,google_ads,finalizado,
ECOM-00769,2025-10-16,Uberaba,MG,app,mobile,acessorios,Cabo USB-C,106.92,79.91,sim,5,visualizou,nao,nao,nao,,131,10,2.4,google_ads,falha_pagamento,
ECOM-00770,2025-05-09,Uberaba,MG,site,mobile,notebook,Ultrabook,"4906,6",68.63,,5,visualizou,nao,nao,nao,,245,20,3.2,google_ads,procesado,
ECOM-00771,2025-06-30,Salvador,BA,site,mobile,notbook,Redmi Pro,"5631,33",34.09,sim,20,pagamento,sim,sim,nao,cartao_recusado,127,20,3.2,instagram,procesado,
ECOM-00772,2025-06-19,São Paulo,SP,app,mobile,smartphone,Redmi Pro,5653.65,38.03,nao,0,compra,sim,sim,sim,,238,6,"3,2",direto,abandonado,
ECOM-00773,2025-06-26,Salvador,BA,site,mobile,notebook,Notebook Gamer,"7801,72","75,56",nao,0,pagamento,sim,sim,nao,pix_expirado,297,22,3.9,organico,abandonado,
ECOM-00774,10-04-2025,Goiânia,GO,site,mobile,fone,Earbuds,"254,23",32.36,,0,pagamento,sim,sim,nao,limite_insuficiente,134,15,"2,4",email,,
ECOM-00775,2025-02-06,Goiânia,GO,site,mobile,smartphone,Galaxy X,3416.54,46.79,,20,pagamento,sim,sim,nao,cartao_recusado,163,15,4.5,google_ads,finalizado,
ECOM-00776,2025-06-20,são paulo,SP,site,desktop,notebook,Notebook Office,2843.49,"11,9",sim,0,pagamento,sim,sim,nao,pix_expirado,252,22,4.2,organico,abandonado,
ECOM-00777,2025-04-28,Curitiba,PR,site,mobile,notebook,Ultrabook,"3386,7",10.28,,20,pagamento,sim,sim,nao,erro_gateway,349,7,3.9,google_ads,finalizado,
ECOM-00778,14/09/2025,Campinas,SP,app,desktop,smartphone,Galaxy X,"2219,18",44.66,sim,20,visualizou,sim,nao,nao,,303,20,3.3,instagram,,
ECOM-00779,23/09/2025,Uberlândia,MG,site,mobile,smartphone,Redmi Pro,2216.32,"10,79",,0,visualizou,sim,nao,nao,,159,29,3.1,instagram,procesado,
ECOM-00780,2025-10-27,Campinas,SP,app,mobile,smartphone,Redmi Pro,1663.3,13.92,,0,visualizou,nao,nao,nao,,331,2,1.6,organico,falha_pagamento,
ECOM-00781,2025-03-21,Campinas,SP,site,desktop,fone,Fone Bluetooth,719.08,30.68,nao,0,carrinho,sim,nao,nao,,419,3,"3,5",google_ads,procesado,
ECOM-00782,2025-05-26,Campinas,SP,site,mobile,notebook,Notebook Office,"5481,11",2.34,nao,15,pagamento,sim,sim,nao,erro_gateway,437,6,4.2,direto,,
ECOM-00783,2025-05-01,Salvador,BA,app,mobile,smartphone,Moto Plus,5280.85,35.89,sim,0,pagamento,sim,sim,nao,erro_gateway,617,18,3.6,instagram,procesado,
ECOM-00784,2025-04-05,Uberaba,MG,site,mobile,smartphone,Redmi Pro,2425.78,78.08,nao,10,visualizou,nao,nao,nao,,222,6,4.2,instagram,finalizado,
ECOM-00785,2025-04-23,Salvador,BA,site,desktop,smartphone,iPhone Z,6351.47,40.34,sim,15,visualizou,sim,nao,nao,,425,22,3.8,email,finalizado,
ECOM-00786,2025-10-10,Goiânia,GO,app,desktop,notbook,Galaxy X,"2889,47",59.54,,10,pagamento,sim,sim,nao,cartao_recusado,42,24,3.6,google_ads,procesado,
ECOM-00787,data_invalida,Uberaba,MG,site,mobile,notebook,Notebook Gamer,2691.35,74.86,,5,compra,sim,sim,sim,,49,8,3.9,organico,abandonado,
ECOM-00788,2025-04-24,Uberlândia,MG,site,mobile,notebook,Notebook Office,8307.06,62.5,sim,10,pagamento,sim,sim,nao,,262,8,3.1,direto,finalizado,
ECOM-00789,01-15-2025,curitiba,PR,site,mobile,smartphone,iPhone Z,4759.7,22.41,sim,15,visualizou,sim,nao,nao,,339,5,4.6,google_ads,procesado,
ECOM-00790,2025-08-30,Goiânia,GO,site,mobile,smartwatch,Watch Pro,2047.42,52.19,nao,0,pagamento,sim,sim,nao,pix_expirado,98,18,4.6,instagram,falha_pagamento,
ECOM-00791,03/07/2025,Uberaba,MG,app,mobile,fone,Earbuds,632.01,58.0,nao,0,pagamento,sim,sim,nao,pix_expirado,255,11,"3,8",google_ads,finalizado,
ECOM-00792,27/02/2025,Uberlândia,MG,site,desktop,smartphone,Redmi Pro,"4367,59",16.24,nao,0,pagamento,sim,sim,nao,erro_gateway,5,12,5,instagram,falha_pagamento,
ECOM-00793,2025-10-25,Curitiba,PR,app,mobile,acessorios,Cabo USB-C,320.09,54.3,nao,0,carrinho,sim,nao,nao,,155,1,3.7,organico,abandonado,
ECOM-00794,2025-08-05,Uberlândia,MG,site,mobile,notebook,Notebook Office,5407.11,27.76,nao,0,carrinho,sim,nao,nao,,305,15,4.4,instagram,abandonado,
ECOM-00795,2025-03-12,Campinas,SP,site,mobile,smartphone,Galaxy X,2699.61,"79,99",sim,0,pagamento,sim,sim,nao,limite_insuficiente,389,6,3.3,email,procesado,
ECOM-00796,2025-03-07,Uberlândia,mg,site,desktop,smartwatch,Watch Pro,2075.57,25.86,,5,compra,sim,sim,nao,limite_insuficiente,264,17,"2,4",google_ads,,
ECOM-00797,2025-09-26,Salvador,BA,app,desktop,smartphone,iPhone Z,"5037,75",75.21,,0,pagamento,sim,sim,nao,erro_gateway,149,17,3.4,direto,procesado,
ECOM-00798,02/04/2025,Uberaba,MG,site,desktop,smartphone,Moto Plus,6281.28,41.74,sim,5,compra,sim,sim,nao,cartao_recusado,381,17,5,instagram,procesado,
ECOM-00799,2025-09-18,São Paulo,sp,app,mobile,smartwatch,Watch Pro,1089.54,17.89,sim,20,pagto,sim,nao,nao,,405,27,4.4,google_ads,,
ECOM-00800,04/09/2025,São Paulo,SP,site,mobile,smartwatch,Smartwatch Fit,1481.51,"13,92",,5,visualizou,nao,nao,nao,,139,7,2.5,organico,procesado,
ECOM-00801,2025-10-02,Goiânia,GO,site,desktop,smartwatch,Smartwatch Fit,377.73,66.72,sim,0,visualizou,nao,nao,nao,,418,14,"3,1",google_ads,falha_pagamento,
ECOM-00802,2025-02-25,Salvador,BA,site,mobile,notebook,Notebook Gamer,5837.42,52.73,sim,0,carrinho,sim,nao,nao,,203,11,3.3,google_ads,procesado,
ECOM-00803,2025-06-13,são paulo,SP,app,mobile,notebook,Notebook Office,"8436,07",66.6,,20,pagamento,sim,sim,nao,erro_gateway,133,10,3.1,organico,abandonado,
ECOM-00804,2025-09-25,Uberaba,MG,site,mobile,fone,Fone Bluetooth,307.53,24.33,sim,15,carrinho,sim,nao,nao,,99,31,3.7,google_ads,finalizado,
ECOM-00805,2025-07-12,Salvador,BA,app,mobile,smartphone,Moto Plus,3006.1,33.31,nao,0,visualizou,nao,nao,nao,,5,5,"2,4",instagram,abandonado,
ECOM-00806,04-26-2025,Uberlândia,MG,app,mobile,fone,Headset Gamer,784.37,33.73,nao,0,pagamento,sim,sim,nao,,117,17,4.4,organico,finalizado,
ECOM-00807,2025-01-25,Campinas,SP,site,desktop,notbook,Teclado,263.73,13.36,,5,pagamento,sim,sim,nao,cartao_recusado,390,3,4.4,email,procesado,
ECOM-00808,2025-05-20,São Paulo,SP,site,mobile,fone,Headset Gamer,85.36,44.74,nao,10,pagamento,sim,sim,nao,limite_insuficiente,5,4,"4,3",organico,falha_pagamento,
ECOM-00809,data_invalida,Curitiba,PR,site,mobile,smartfone,Redmi Pro,5313.52,30.5,nao,15,compra,sim,sim,sim,,604,3,4.5,organico,abandonado,
ECOM-00810,2025-10-20,Uberlândia,MG,app,desktop,notebook,Notebook Gamer,2340.11,"8,26",sim,10,visualizou,sim,nao,nao,,409,5,4.4,instagram,,
ECOM-00811,data_invalida,São Paulo,SP,site,desktop,smartfone,Ultrabook,3851.82,70.36,,15,compra,sim,sim,sim,,149,10,4.3,instagram,falha_pagamento,
ECOM-00812,2025-02-15,Salvador,BA,site,mobile,acessorios,Carregador,184.09,41.67,sim,10,carrinho,sim,nao,nao,,406,24,3.1,organico,abandonado,
ECOM-00813,data_invalida,Campinas,SP,site,mobile,acessorios,Teclado,357.33,56.97,,15,compra,sim,sim,sim,,372,16,3.0,google_ads,falha_pagamento,
ECOM-00814,2025-03-04,Goiânia,GO,site,desktop,notebook,Notebook Office,"7037,1",75.92,,0,carrinho,sim,nao,nao,,296,1,"2,7",organico,,
ECOM-00815,19/06/2025,Campinas,SP,app,desktop,smartwatch,Watch Pro,488.24,"20,35",,0,compra,sim,sim,sim,,551,8,3.3,organico,,
ECOM-00816,2025-03-07,Uberlândia,MG,site,mobile,fone,Headset Gamer,481.38,15.14,sim,0,compra,sim,sim,sim,,298,12,3.4,instagram,falha_pagamento,
ECOM-00817,2025-07-25,Campinas,SP,site,mobile,smartwatch,Watch Pro,1323.39,"8,8",,20,carrinho,sim,nao,nao,,297,17,"2,9",google_ads,finalizado,
ECOM-00818,2025-09-19,Goiânia,GO,app,desktop,smartphone,Galaxy X,1346.3,57.53,,0,visualizou,sim,nao,nao,,157,19,4.2,instagram,abandonado,
ECOM-00819,2025-04-15,Goiânia,GO,site,mobile,notebook,Notebook Gamer,2144.58,45.43,sim,20,carrinho,sim,nao,nao,,530,15,4.0,organico,abandonado,
ECOM-00820,09-13-2025,Campinas,SP,app,mobile,acessorios,Carregador,339.78,63.35,sim,0,visualizou,sim,nao,nao,,313,10,4.5,google_ads,,
ECOM-00821,2025-02-24,São Paulo,SP,site,mobile,notebook,Notebook Gamer,2351.24,16.14,sim,0,visualizou,nao,nao,nao,,333,12,1.9,google_ads,procesado,
ECOM-00822,2025-05-30,Uberlândia,MG,app,mobile,smartphone,Galaxy X,"1738,94","2,42",sim,0,visualizou,sim,nao,nao,,167,2,4.3,organico,finalizado,
ECOM-00823,2025-07-08,Goiânia,GO,app,desktop,smartphone,Moto Plus,5322.81,15.16,sim,0,pagto,sim,sim,sim,,256,12,3.2,instagram,procesado,
ECOM-00824,2025-10-18,Uberlândia,mg,app,mobile,smartphone,Galaxy X,4937.99,71.72,sim,0,carrinho,sim,nao,nao,,334,6,"4,8",organico,procesado,
ECOM-00825,2025-08-17,Salvador,ba,site,mobile,fone,Earbuds,449.2,31.58,sim,15,carrinho,sim,nao,nao,,35,26,4.5,organico,,
ECOM-00826,2025-08-14,Uberlândia,MG,app,mobile,notebook,Ultrabook,9076.37,78.71,nao,10,compra,sim,sim,sim,,222,10,3.2,organico,procesado,
ECOM-00827,08-12-2025,Uberlândia,MG,site,mobile,acessorios,Carregador,152.17,70.54,,10,visualizou,nao,nao,nao,,608,22,4.2,organico,falha_pagamento,
ECOM-00828,2025-10-21,Campinas,SP,app,desktop,smartwatch,Smartwatch Fit,1343.62,22.72,nao,0,pagto,sim,nao,nao,,5,23,3.6,email,abandonado,
ECOM-00829,2025-04-19,Salvador,BA,site,mobile,notebook,Ultrabook,8592.42,51.28,,15,pagamento,sim,sim,nao,,221,14,3.1,email,,
ECOM-00830,2025-03-21,Campinas,SP,site,mobile,smartphone,Moto Plus,"5626,37",19.77,,20,visualizou,sim,nao,nao,,338,18,3.8,google_ads,procesado,
ECOM-00831,06/01/2025,campinas,SP,site,mobile,smartwatch,Watch Pro,2467.34,56.48,nao,0,pagamento,sim,sim,nao,pix_expirado,8,1,4.3,direto,falha_pagamento,
ECOM-00832,03-17-2025,Campinas,sp,site,mobile,fone,Earbuds,292.49,48.77,,15,compra,sim,sim,sim,,99,6,4.1,google_ads,abandonado,
ECOM-00833,2025-08-21,São Paulo,SP,site,mobile,notebook,Ultrabook,1970.78,61.75,sim,0,visualizou,nao,nao,nao,,5,17,3.1,instagram,falha_pagamento,
ECOM-00834,2025-04-14,Uberaba,MG,site,mobile,notebook,Ultrabook,8079.46,"57,71",sim,15,carrinho,sim,nao,nao,,438,8,3.8,email,falha_pagamento,
ECOM-00835,2025-03-27,Uberlândia,MG,site,desktop,notebook,Notebook Office,2076.59,"72,88",sim,10,pagamento,sim,sim,nao,cartao_recusado,497,20,2.1,google_ads,procesado,
ECOM-00836,2025-04-24,Curitiba,PR,app,mobile,smartphone,Moto Plus,3264.83,47.38,sim,15,visualizou,sim,nao,nao,,437,17,"2,8",organico,finalizado,
ECOM-00837,data_invalida,São Paulo,SP,app,mobile,smartfone,Moto Plus,"904,57",67.81,sim,15,pagamento,sim,sim,nao,cartao_recusado,169,1,4.3,google_ads,finalizado,
ECOM-00838,06-20-2025,Goiânia,GO,site,tablet,smartphone,iPhone Z,1364.73,5.97,,0,pagamento,sim,sim,nao,erro_gateway,348,5,4.1,instagram,procesado,
ECOM-00839,2025-08-21,Uberlândia,MG,app,mobile,fone,Earbuds,578.2,49.87,,10,carrinho,sim,nao,nao,,159,8,1,organico,abandonado,
ECOM-00840,2025-04-06,Salvador,BA,site,desktop,fone,Earbuds,393.77,16.17,nao,10,pagamento,sim,sim,nao,erro_gateway,211,13,4.8,organico,,
ECOM-00841,2025-10-23,Salvador,BA,site,mobile,notebook,Ultrabook,5746.93,1.98,,0,carrinho,sim,nao,nao,,239,16,"3,1",direto,abandonado,
ECOM-00842,2025-07-18,campinas,SP,site,desktop,smartphone,Moto Plus,4880.67,22.04,sim,15,visualizou,sim,nao,nao,,571,18,5,instagram,,
ECOM-00843,2025-01-27,Curitiba,PR,site,mobile,smartphone,Galaxy X,4334.04,2.49,nao,10,pagamento,sim,sim,nao,cartao_recusado,373,5,5,google_ads,falha_pagamento,
ECOM-00844,2025-03-26,Campinas,SP,app,tablet,fone,Headset Gamer,"772,53",14.65,,0,compra,sim,sim,sim,,92,13,3.2,google_ads,falha_pagamento,
ECOM-00845,17/06/2025,uberaba,MG,app,mobile,acessorios,Carregador,148.01,73.64,sim,5,carrinho,sim,nao,nao,,359,2,3.7,google_ads,falha_pagamento,
ECOM-00846,2025-08-15,campinas,SP,site,mobile,fone,Fone Bluetooth,849.21,67.24,,0,compra,sim,sim,sim,,445,16,5,instagram,finalizado,
ECOM-00847,2025-06-29,São Paulo,SP,app,mobile,notebook,Notebook Gamer,"4593,39",44.82,nao,0,pagto,nao,nao,nao,,356,15,3.5,organico,,
ECOM-00848,data_invalida,Uberlândia,MG,site,mobile,smartwatch,Watch Pro,495.31,"76,08",,10,carrinho,sim,nao,nao,,5,21,1.6,google_ads,abandonado,
ECOM-00849,2025-07-14,Curitiba,pr,app,mobile,smartfone,Fone Bluetooth,293.34,48.19,,0,visualizou,sim,nao,nao,,,18,2.6,google_ads,,
ECOM-00850,2025-06-22,Curitiba,PR,site,mobile,notbook,Headset Gamer,"554,5",44.28,sim,15,pagamento,sim,sim,nao,,235,15,1,google_ads,finalizado,
ECOM-00851,data_invalida,São Paulo,sp,app,desktop,smartwatch,Smartwatch Fit,812.48,37.43,sim,5,visualizou,nao,nao,nao,,212,13,3.3,instagram,abandonado,
ECOM-00852,2025-10-27,Goiânia,GO,site,mobile,notbook,Notebook Office,7383.89,43.83,sim,10,compra,sim,sim,sim,,125,22,4.1,instagram,procesado,
ECOM-00853,2025-06-13,Campinas,SP,app,desktop,acessorios,Teclado,98.41,67.56,sim,0,visualizou,nao,nao,nao,,353,11,"4,4",organico,procesado,
ECOM-00854,2025-05-24,Goiânia,GO,app,desktop,smartphone,iPhone Z,3172.7,46.08,sim,20,visualizou,sim,nao,nao,,214,17,3.3,instagram,procesado,
ECOM-00855,2025-09-03,Campinas,SP,site,mobile,notbook,Ultrabook,8716.96,62.96,,0,visualizou,sim,nao,nao,,316,21,4.2,google_ads,abandonado,
ECOM-00856,2025-07-31,Campinas,SP,site,mobile,smartphone,Redmi Pro,"2249,62",9.33,sim,10,pagamento,sim,sim,nao,pix_expirado,400,11,4.7,google_ads,,
ECOM-00857,2025-05-10,Curitiba,PR,site,tablet,notebook,Notebook Gamer,8898.12,"30,12",sim,15,pagamento,sim,sim,nao,limite_insuficiente,56,10,2.9,instagram,finalizado,
ECOM-00858,09-26-2025,Salvador,BA,site,mobile,notebook,Notebook Office,2415.99,3.95,sim,5,compra,sim,sim,sim,,5,19,2.8,email,finalizado,
ECOM-00859,21/07/2025,São Paulo,SP,site,desktop,smartwatch,Smartwatch Fit,2444.33,"22,13",sim,20,carrinho,sim,nao,nao,,,18,2.4,google_ads,,
ECOM-00860,24/03/2025,São Paulo,SP,site,desktop,acessorios,Mouse,111.5,65.65,nao,0,visualizou,nao,nao,nao,,587,8,3.7,email,abandonado,
ECOM-00861,2025-06-09,Uberlândia,MG,site,mobile,smartphone,iPhone Z,969.47,53.01,,5,carrinho,sim,nao,nao,,250,15,3.9,organico,finalizado,
ECOM-00862,2025-01-01,Uberlândia,MG,site,desktop,smartphone,iPhone Z,5671.57,"39,3",,0,compra,sim,sim,sim,,306,16,"2,4",direto,abandonado,
ECOM-00863,2025-01-21,Uberlândia,MG,app,mobile,smartwatch,Watch Pro,1275.78,21.44,nao,5,carrinho,sim,nao,nao,,389,2,"3,1",instagram,abandonado,
ECOM-00864,07-03-2025,Campinas,SP,site,desktop,smartphone,iPhone Z,1183.86,53.12,sim,15,visualizou,nao,nao,nao,,296,8,5,email,abandonado,
ECOM-00865,2025-04-12,Curitiba,PR,site,desktop,notebook,Ultrabook,"8959,71",70.83,,15,pagamento,sim,sim,nao,limite_insuficiente,338,16,4.3,instagram,procesado,
ECOM-00866,2025-09-14,Curitiba,PR,site,mobile,fone,Headset Gamer,293.43,35.82,sim,0,pagamento,sim,sim,nao,limite_insuficiente,102,9,4.2,instagram,falha_pagamento,
ECOM-00867,2025-07-07,Uberlândia,MG,app,desktop,smartphone,Galaxy X,2262.29,73.78,nao,0,pagamento,sim,sim,nao,limite_insuficiente,91,16,3.6,google_ads,procesado,
ECOM-00868,2025-05-15,uberaba,MG,app,mobile,smartfone,Moto Plus,2753.5,68.38,sim,15,visualizou,nao,nao,nao,,236,17,4.2,instagram,procesado,
ECOM-00869,05/08/2025,Salvador,BA,site,mobile,acessorios,Teclado,187.01,"19,59",,10,visualizou,sim,nao,nao,,313,13,4.3,email,procesado,
ECOM-00870,data_invalida,Uberlândia,MG,site,tablet,smartphone,iPhone Z,1506.86,"72,17",nao,5,pagamento,sim,sim,nao,erro_gateway,99,13,5,google_ads,finalizado,
ECOM-00871,2025-07-10,Salvador,ba,site,mobile,smartwatch,Watch Pro,2179.93,"52,46",sim,20,visualizou,sim,nao,nao,,238,22,4.2,instagram,procesado,
ECOM-00872,2025-03-23,São Paulo,SP,site,mobile,smartphone,Moto Plus,4651.61,24.22,nao,20,visualizou,sim,nao,nao,,507,25,4.3,instagram,,
ECOM-00873,09-04-2025,Goiânia,GO,app,desktop,smartphone,Galaxy X,2791.94,15.86,nao,0,visualizou,sim,nao,nao,,573,23,5,google_ads,abandonado,
ECOM-00874,2025-07-12,Uberlândia,MG,app,desktop,notbook,Moto Plus,4184.38,31.61,nao,20,visualizou,nao,nao,nao,,5,9,3.5,organico,procesado,
ECOM-00875,2025-03-24,Curitiba,PR,site,mobile,smartphone,Moto Plus,5395.72,71.47,sim,15,pagamento,sim,sim,nao,limite_insuficiente,375,6,4.4,google_ads,falha_pagamento,
ECOM-00876,2025-02-13,Uberaba,mg,site,desktop,notebook,Ultrabook,7780.72,30.99,sim,5,visualizou,nao,nao,nao,,82,9,3.9,organico,,
ECOM-00877,08-30-2025,Uberlândia,MG,app,mobile,smartphone,Moto Plus,2011.39,69.35,sim,0,pagamento,sim,sim,nao,limite_insuficiente,405,11,3.8,instagram,abandonado,
ECOM-00878,2025-06-15,São Paulo,SP,app,mobile,fone,Fone Bluetooth,"431,27",58.1,nao,15,visualizou,nao,nao,nao,,157,11,5,direto,procesado,
ECOM-00879,data_invalida,Uberaba,MG,app,desktop,smartphone,Moto Plus,"5700,36",69.92,nao,15,compra,sim,sim,sim,,189,8,3.0,email,falha_pagamento,
ECOM-00880,2025-10-14,Campinas,SP,app,mobile,notebook,Notebook Office,6372.39,"50,4",,10,visualizou,sim,nao,nao,,53,16,"4,5",google_ads,falha_pagamento,
ECOM-00881,2025-03-22,Goiânia,GO,app,desktop,smartwatch,Smartwatch Fit,665.6,33.6,,0,compra,sim,sim,sim,,161,33,4.8,organico,procesado,
ECOM-00882,2025-06-30,Goiânia,GO,site,mobile,acessorios,Mouse,88.28,24.02,nao,0,pagamento,sim,sim,nao,erro_gateway,431,5,4.7,email,finalizado,
ECOM-00883,03-18-2025,Uberlândia,MG,site,mobile,notebook,Notebook Office,4767.56,51.0,sim,10,compra,sim,sim,nao,cartao_recusado,146,1,2.9,organico,falha_pagamento,
ECOM-00884,2025-09-29,Curitiba,PR,site,mobile,smartfone,Redmi Pro,1741.15,73.59,,0,pagamento,sim,sim,nao,pix_expirado,429,15,4.4,organico,procesado,
ECOM-00885,data_invalida,Salvador,BA,app,desktop,notebook,Ultrabook,8941.4,49.29,sim,5,pagamento,sim,sim,nao,limite_insuficiente,7,7,2.0,email,abandonado,
ECOM-00886,2025-07-15,Goiânia,GO,app,mobile,smartphone,iPhone Z,4199.91,5.69,nao,5,visualizou,sim,nao,nao,,147,4,4.7,organico,,
ECOM-00887,2025-08-14,Salvador,BA,app,tablet,notebook,Notebook Office,8143.85,"47,7",sim,0,visualizou,sim,nao,nao,,555,14,"4,5",email,finalizado,
ECOM-00888,2025-09-23,Curitiba,pr,site,desktop,smartphone,Moto Plus,5379.24,7.34,nao,0,pagamento,sim,sim,nao,pix_expirado,174,14,2.8,organico,finalizado,
ECOM-00889,02-11-2025,Salvador,BA,app,mobile,smartphone,Redmi Pro,2275.43,58.63,sim,20,compra,sim,sim,sim,,234,7,"3,0",direto,procesado,
ECOM-00890,2025-01-19,Curitiba,PR,app,mobile,notebook,Notebook Office,"6141,68",2.69,sim,0,carrinho,sim,nao,nao,,320,19,3.3,email,,
ECOM-00891,2025-08-29,Uberaba,MG,site,mobile,notebook,Ultrabook,8354.78,"35,74",,0,pagamento,sim,sim,nao,,431,8,5,organico,,
ECOM-00892,2025-02-16,Goiânia,GO,app,tablet,acessorios,Teclado,64.06,3.61,nao,0,compra,sim,sim,sim,,389,11,4.1,email,,
ECOM-00893,data_invalida,Curitiba,PR,site,mobile,smartphone,Galaxy X,1943.62,24.17,nao,15,visualizou,sim,nao,nao,,445,7,4.8,direto,falha_pagamento,
ECOM-00894,07-18-2025,Campinas,SP,site,mobile,smartphone,iPhone Z,2601.9,42.34,sim,0,visualizou,nao,nao,nao,,193,4,3.9,instagram,procesado,
ECOM-00895,2025-03-03,Uberaba,MG,site,mobile,smartphone,iPhone Z,4569.16,30.01,nao,5,carrinho,sim,nao,nao,,48,27,3.3,google_ads,procesado,
ECOM-00896,2025-03-26,Goiânia,GO,site,mobile,acessorios,Cabo USB-C,231.2,"68,33",sim,0,visualizou,sim,nao,nao,,187,4,3.4,organico,finalizado,
ECOM-00897,26/04/2025,São Paulo,SP,app,tablet,smartphone,Galaxy X,3090.26,31.44,nao,5,visualizou,nao,nao,nao,,190,9,4.4,instagram,finalizado,
ECOM-00898,11/04/2025,Uberlândia,MG,site,mobile,smartphone,iPhone Z,2413.13,32.41,sim,15,carrinho,sim,nao,nao,,212,3,4.7,google_ads,falha_pagamento,
ECOM-00899,2025-04-28,Uberlândia,MG,app,mobile,smartphone,Redmi Pro,"3887,64",52.81,sim,10,compra,sim,sim,sim,,288,21,3.1,instagram,falha_pagamento,
ECOM-00900,23/05/2025,Goiânia,GO,site,mobile,smartphone,Moto Plus,6276.74,"50,25",nao,10,compra,sim,sim,nao,cartao_recusado,202,22,4.5,google_ads,,
ECOM-00901,17/06/2025,São Paulo,SP,app,mobile,smartphone,Moto Plus,"4472,18",37.09,,15,carrinho,sim,nao,nao,,319,8,3.8,google_ads,finalizado,
ECOM-00902,2025-09-01,Uberlândia,MG,site,mobile,smartphone,Redmi Pro,5065.84,69.66,nao,0,carrinho,sim,nao,nao,,302,17,4.5,google_ads,falha_pagamento,
ECOM-00903,2025-09-30,Uberaba,MG,app,mobile,smartphone,iPhone Z,5354.13,31.19,sim,0,visualizou,sim,nao,nao,,,18,3.8,instagram,falha_pagamento,
ECOM-00904,2025-06-13,Uberaba,MG,site,desktop,smartphone,Galaxy X,6295.5,"18,46",nao,20,compra,sim,sim,sim,,329,15,3.7,organico,procesado,
ECOM-00905,09/09/2025,Uberaba,MG,app,desktop,smartwatch,Watch Pro,1835.5,7.19,,5,carrinho,sim,nao,nao,,56,1,3.3,google_ads,,
ECOM-00906,2025-08-01,Goiânia,GO,site,desktop,smartphone,Galaxy X,1664.55,"36,7",,5,carrinho,sim,nao,nao,,407,12,4.3,instagram,,
ECOM-00907,2025-07-27,Curitiba,PR,site,desktop,smartphone,Redmi Pro,5864.9,47.56,sim,20,visualizou,sim,nao,nao,,173,9,3.8,instagram,procesado,
ECOM-00908,08-09-2025,Goiânia,GO,site,desktop,smartphone,Galaxy X,"3282,39",33.6,nao,0,visualizou,nao,nao,nao,,100,13,"4,6",instagram,procesado,
ECOM-00909,10/09/2025,Uberaba,MG,site,mobile,notebook,Notebook Gamer,6739.82,8.09,,0,compra,sim,sim,sim,,5,12,3.5,organico,falha_pagamento,
ECOM-00910,2025-08-10,Salvador,BA,site,desktop,smartphone,Moto Plus,"3645,01",78.24,nao,5,visualizou,sim,nao,nao,,325,6,3.0,direto,falha_pagamento,
ECOM-00911,2025-06-23,Uberaba,MG,site,tablet,smartphone,iPhone Z,"4633,79",54.13,sim,0,compra,sim,sim,sim,,39,4,3.0,direto,falha_pagamento,
ECOM-00912,data_invalida,Uberlândia,MG,app,mobile,notebook,Ultrabook,"6106,38",4.15,,0,compra,sim,sim,sim,,92,5,5,email,procesado,
ECOM-00913,28/08/2025,goiânia,GO,app,mobile,fone,Fone Bluetooth,882.7,22.02,,5,carrinho,sim,nao,nao,,123,14,"4,1",organico,,
ECOM-00914,20/02/2025,Campinas,SP,app,mobile,notebook,Notebook Office,4219.37,53.03,,5,visualizou,sim,nao,nao,,5,26,3.5,email,,
ECOM-00915,2025-08-12,Uberlândia,MG,site,mobile,fone,Earbuds,648.08,36.96,sim,20,carrinho,sim,nao,nao,,284,21,3.6,organico,finalizado,
ECOM-00916,06-07-2025,curitiba,pr,site,desktop,smartphone,Moto Plus,3455.79,40.95,,15,carrinho,sim,nao,nao,,558,1,5,google_ads,falha_pagamento,
ECOM-00917,2025-04-04,Campinas,sp,site,mobile,fone,Earbuds,712.17,"37,04",sim,0,visualizou,sim,nao,nao,,267,6,5,direto,abandonado,
ECOM-00918,2025-09-15,São Paulo,SP,site,mobile,fone,Headset Gamer,"800,21",41.46,sim,15,carrinho,sim,nao,nao,,399,20,3.5,email,,
ECOM-00919,2025-04-18,Uberaba,MG,site,desktop,smartwatch,Watch Pro,1131.48,67.47,nao,0,carrinho,sim,nao,nao,,246,13,3.9,instagram,falha_pagamento,
ECOM-00920,2025-01-02,Goiânia,GO,site,mobile,smartwatch,Watch Pro,2405.87,12.8,sim,0,compra,sim,sim,sim,,250,13,4.0,google_ads,abandonado,
ECOM-00921,2025-06-19,Curitiba,PR,app,desktop,smartphone,Galaxy X,4531.33,5.65,,0,pagamento,sim,sim,nao,limite_insuficiente,,10,3.0,google_ads,finalizado,
ECOM-00922,05-07-2025,Campinas,SP,site,mobile,notebook,Notebook Office,"9169,39",21.79,,20,carrinho,sim,nao,nao,,257,23,4.8,direto,finalizado,
ECOM-00923,2025-07-11,goiânia,GO,site,desktop,fone,Headset Gamer,530.75,"79,33",,5,pagamento,sim,sim,nao,pix_expirado,206,6,4.5,instagram,finalizado,
ECOM-00924,06-09-2025,São Paulo,sp,app,mobile,acessorios,Mouse,341.11,25.82,nao,10,visualizou,nao,nao,nao,,30,8,3.3,google_ads,,
ECOM-00925,2025-02-06,Curitiba,PR,app,desktop,smartphone,Redmi Pro,"1076,72",44.02,sim,15,compra,sim,sim,sim,,81,8,2.3,organico,falha_pagamento,
ECOM-00926,2025-10-09,Uberlândia,MG,app,mobile,smartphone,Redmi Pro,4223.24,"79,13",nao,15,carrinho,sim,nao,nao,,394,6,"2,8",instagram,falha_pagamento,
ECOM-00927,2025-07-14,curitiba,PR,site,mobile,notebook,Notebook Office,"6799,22",78.89,nao,0,pagamento,sim,sim,nao,erro_gateway,116,20,4.5,organico,abandonado,
ECOM-00928,2025-02-23,Uberlândia,MG,app,desktop,acessorios,Teclado,325.44,79.75,sim,0,visualizou,sim,nao,nao,,437,10,5,google_ads,finalizado,
ECOM-00929,04-18-2025,Campinas,SP,app,mobile,fone,Earbuds,154.96,76.4,nao,0,visualizou,sim,nao,nao,,123,16,4.3,instagram,abandonado,
ECOM-00930,02-20-2025,Uberlândia,MG,site,mobile,smartphone,iPhone Z,2626.31,51.29,sim,20,visualizou,sim,nao,nao,,73,15,5,organico,abandonado,
ECOM-00931,09-23-2025,Uberaba,MG,site,mobile,notebook,Notebook Gamer,3856.1,1.61,sim,5,visualizou,sim,nao,nao,,187,8,3.3,instagram,abandonado,
ECOM-00932,2025-01-31,Salvador,BA,site,desktop,acessorios,Carregador,"290,35",49.34,nao,15,visualizou,nao,nao,nao,,538,8,2.1,instagram,,
ECOM-00933,2025-01-30,São Paulo,SP,app,mobile,fone,Fone Bluetooth,480.78,7.05,nao,0,compra,sim,sim,sim,,350,1,4.7,instagram,procesado,
ECOM-00934,2025-03-13,Uberaba,MG,site,desktop,fone,Fone Bluetooth,667.63,38.72,,0,compra,sim,sim,sim,,339,5,4.8,instagram,finalizado,
ECOM-00935,2025-01-01,São Paulo,SP,site,mobile,smartphone,iPhone Z,4262.11,"58,53",nao,5,compra,sim,sim,sim,,5,11,3.4,google_ads,abandonado,
ECOM-00936,2025-01-21,Curitiba,PR,app,desktop,smartwatch,Watch Pro,"1463,18",50.71,sim,10,visualizou,nao,nao,nao,,222,14,3.4,organico,,
ECOM-00937,03-19-2025,Curitiba,PR,app,mobile,smartphone,iPhone Z,5369.09,9.71,,0,compra,sim,sim,sim,,172,18,5,email,procesado,
ECOM-00938,2025-10-01,Uberlândia,MG,site,mobile,smartphone,Moto Plus,4904.2,45.4,sim,0,carrinho,sim,nao,nao,,389,8,4.9,direto,finalizado,
ECOM-00939,2025-08-09,Salvador,BA,site,mobile,notbook,Notebook Gamer,6967.83,77.61,,0,visualizou,sim,nao,nao,,75,21,4.7,google_ads,procesado,
ECOM-00940,2025-04-29,Uberlândia,MG,app,mobile,smartphone,Moto Plus,"3155,97",35.84,nao,0,pagamento,sim,sim,nao,,100,20,4.0,organico,procesado,
ECOM-00941,2025-08-23,Curitiba,PR,site,mobile,smartwatch,Smartwatch Fit,1403.1,71.45,sim,0,carrinho,sim,nao,nao,,203,8,3.5,google_ads,abandonado,
ECOM-00942,2025-05-07,São Paulo,SP,app,mobile,fone,Earbuds,127.27,70.46,,0,carrinho,sim,nao,nao,,5,21,3.6,organico,finalizado,
ECOM-00943,2025-07-10,Goiânia,GO,site,mobile,smartfone,Ultrabook,4289.75,48.86,,20,visualizou,sim,nao,nao,,244,8,4.6,google_ads,abandonado,
ECOM-00944,data_invalida,Uberlândia,MG,site,mobile,notebook,Notebook Gamer,7911.08,79.3,sim,0,carrinho,sim,nao,nao,,234,14,"3,3",email,,
ECOM-00945,2025-05-15,Salvador,BA,app,mobile,smartphone,iPhone Z,6395.35,30.93,sim,0,visualizou,nao,nao,nao,,254,1,3.5,organico,abandonado,
ECOM-00946,2025-01-23,São Paulo,SP,site,mobile,smartphone,Galaxy X,4064.94,39.58,sim,20,pagamento,sim,sim,nao,pix_expirado,355,6,4.3,instagram,abandonado,
ECOM-00947,2025-03-15,São Paulo,SP,site,mobile,notebook,Notebook Gamer,3753.02,44.99,,0,compra,sim,sim,nao,cartao_recusado,35,11,4.3,instagram,abandonado,
ECOM-00948,2025-09-09,São Paulo,SP,app,mobile,notebook,Ultrabook,"5538,19",8.27,nao,20,visualizou,sim,nao,nao,,164,18,2.4,google_ads,,
ECOM-00949,2025-08-16,Uberaba,MG,app,desktop,fone,Headset Gamer,332.01,77.43,sim,0,pagamento,sim,sim,nao,,196,15,5,google_ads,,
ECOM-00950,2025-01-26,Uberaba,MG,site,mobile,fone,Headset Gamer,883.02,61.93,sim,5,compra,sim,sim,sim,,477,18,5,google_ads,falha_pagamento,
ECOM-00951,2025-09-14,Campinas,SP,site,desktop,smartphone,Moto Plus,"4097,25",10.98,sim,5,pagamento,sim,sim,nao,cartao_recusado,5,23,4.0,google_ads,finalizado,
ECOM-00952,2025-05-15,São Paulo,SP,site,mobile,smartphone,Galaxy X,4780.92,40.44,,0,pagamento,sim,sim,nao,erro_gateway,321,2,3.5,google_ads,procesado,
ECOM-00953,2025-04-22,Salvador,BA,app,mobile,smartphone,Redmi Pro,6083.76,"30,23",nao,15,compra,sim,sim,sim,,5,7,5,google_ads,procesado,
ECOM-00954,2025-02-02,São Paulo,sp,app,desktop,smartphone,Galaxy X,2633.09,1.87,sim,15,compra,sim,sim,sim,,502,6,2.9,instagram,procesado,
ECOM-00955,14/06/2025,Campinas,SP,app,mobile,notebook,Ultrabook,9137.53,54.81,sim,0,visualizou,sim,nao,nao,,5,12,2.0,direto,finalizado,
ECOM-00956,05-08-2025,Salvador,BA,app,mobile,smartphone,Moto Plus,6317.52,51.66,sim,15,carrinho,sim,nao,nao,,412,13,4.2,organico,finalizado,
ECOM-00957,2025-05-17,Goiânia,GO,app,mobile,notebook,Notebook Gamer,4588.83,"32,8",sim,0,visualizou,sim,nao,nao,,322,1,3.4,google_ads,procesado,
ECOM-00958,2025-05-30,Curitiba,PR,site,desktop,smartphone,Moto Plus,1293.94,33.62,nao,5,carrinho,sim,nao,nao,,183,8,3.5,email,falha_pagamento,
ECOM-00959,data_invalida,Goiânia,GO,app,mobile,smartwatch,Watch Pro,"751,2",17.87,sim,0,compra,sim,sim,sim,,653,1,4.4,direto,procesado,
ECOM-00960,2025-07-08,Campinas,SP,app,mobile,fone,Headset Gamer,781.3,57.66,sim,0,visualizou,sim,nao,nao,,172,16,4.7,organico,procesado,
ECOM-00961,05-02-2025,Salvador,BA,app,desktop,fone,Earbuds,460.26,37.75,,5,visualizou,sim,nao,nao,,260,2,"3,9",google_ads,,
ECOM-00962,2025-05-15,Goiânia,GO,app,mobile,fone,Earbuds,529.91,21.15,sim,0,visualizou,sim,nao,nao,,162,11,3.2,google_ads,,
ECOM-00963,2025-03-13,Campinas,SP,site,desktop,notebook,Notebook Gamer,8342.48,40.66,sim,10,pagamento,sim,sim,nao,limite_insuficiente,5,13,4.0,email,abandonado,
ECOM-00964,2025-09-15,Curitiba,PR,site,desktop,smartphone,Moto Plus,"1193,32",9.8,sim,15,visualizou,nao,nao,nao,,293,19,4.5,direto,finalizado,
ECOM-00965,07-15-2025,Uberaba,MG,app,mobile,fone,Headset Gamer,270.17,76.51,nao,10,compra,sim,sim,nao,cartao_recusado,83,12,4.8,organico,abandonado,
ECOM-00966,2025-08-13,campinas,SP,site,mobile,smartphone,Moto Plus,3439.36,26.85,nao,20,carrinho,sim,nao,nao,,317,11,1.1,instagram,falha_pagamento,
ECOM-00967,2025-03-16,Salvador,BA,site,mobile,smartphone,Galaxy X,1776.5,"22,11",sim,0,carrinho,sim,nao,nao,,451,19,4.1,google_ads,,
ECOM-00968,2025-05-11,São Paulo,SP,app,desktop,smartphone,Moto Plus,6009.09,60.71,nao,15,compra,sim,sim,sim,,5,21,2.7,google_ads,finalizado,
ECOM-00969,2025-03-23,uberlândia,MG,app,mobile,smartwatch,Smartwatch Fit,1023.19,7.74,sim,0,carrinho,sim,nao,nao,,419,13,3.4,instagram,finalizado,
ECOM-00970,05-13-2025,Campinas,SP,site,mobile,notebook,Notebook Office,7594.76,25.67,nao,10,visualizou,sim,nao,nao,,127,27,4.2,instagram,,
ECOM-00971,2025-01-31,Uberlândia,mg,site,mobile,smartwatch,Watch Pro,2083.63,52.78,,0,compra,sim,sim,nao,erro_gateway,249,8,3.8,instagram,finalizado,
ECOM-00972,2025-08-24,Campinas,sp,app,tablet,smartphone,Moto Plus,"995,67",43.72,,0,visualizou,nao,nao,nao,,5,13,2.0,instagram,abandonado,
ECOM-00973,2025-09-18,Campinas,SP,app,mobile,acessorios,Mouse,55.08,18.14,nao,15,pagamento,sim,sim,nao,limite_insuficiente,524,21,2.3,google_ads,procesado,
ECOM-00974,2025-08-10,Uberlândia,MG,site,mobile,fone,Headset Gamer,531.45,35.94,nao,15,visualizou,sim,nao,nao,,212,24,3.5,google_ads,procesado,
ECOM-00975,2025-06-13,Goiânia,GO,app,mobile,fone,Headset Gamer,878.85,64.74,,20,visualizou,sim,nao,nao,,484,1,"3,0",organico,,
ECOM-00976,2025-01-21,Uberaba,MG,site,desktop,smartphone,iPhone Z,5985.74,"58,54",nao,10,carrinho,sim,nao,nao,,399,1,2.9,google_ads,finalizado,
ECOM-00977,2025-02-23,Uberlândia,MG,site,mobile,notebook,Ultrabook,6600.4,70.09,,10,carrinho,sim,nao,nao,,353,4,4.4,google_ads,finalizado,
ECOM-00978,2025-04-22,São Paulo,SP,site,mobile,fone,Headset Gamer,"130,39",63.1,,0,carrinho,sim,nao,nao,,354,6,"5,0",instagram,finalizado,
ECOM-00979,2025-08-01,Uberlândia,MG,app,mobile,smartphone,Redmi Pro,4507.05,21.04,,0,visualizou,nao,nao,nao,,135,19,"3,5",google_ads,abandonado,
ECOM-00980,2025-09-06,São Paulo,SP,site,mobile,acessorios,Cabo USB-C,112.92,41.06,,10,compra,sim,sim,sim,,106,16,2.9,organico,,
ECOM-00981,2025-07-10,São Paulo,SP,app,mobile,smartwatch,Watch Pro,1707.41,40.24,sim,20,pagamento,sim,sim,nao,,224,10,"3,7",instagram,,
ECOM-00982,05-03-2025,Uberaba,mg,app,desktop,smartphone,Redmi Pro,4257.53,39.64,,0,pagamento,sim,sim,nao,pix_expirado,120,2,2.9,email,procesado,
ECOM-00983,2025-05-05,Salvador,BA,app,mobile,smartwatch,Watch Pro,488.59,2.53,sim,5,compra,sim,sim,sim,,,17,4.2,instagram,procesado,
ECOM-00984,2025-05-30,Uberlândia,MG,app,mobile,smartphone,Moto Plus,3982.3,"42,23",sim,5,carrinho,sim,nao,nao,,91,23,2.0,direto,abandonado,
ECOM-00985,2025-08-16,Salvador,BA,site,mobile,notebook,Ultrabook,5702.04,36.39,sim,10,carrinho,sim,nao,nao,,321,5,"3,6",instagram,finalizado,
ECOM-00986,2025-10-04,salvador,BA,app,mobile,notebook,Notebook Gamer,8819.94,49.64,sim,0,pagamento,sim,sim,nao,erro_gateway,384,15,3.7,google_ads,procesado,
ECOM-00987,2025-03-12,Goiânia,GO,site,mobile,fone,Fone Bluetooth,897.88,60.38,sim,0,pagamento,sim,sim,nao,cartao_recusado,5,26,3.7,google_ads,falha_pagamento,
ECOM-00988,2025-03-01,São Paulo,SP,site,mobile,notebook,Notebook Gamer,6570.95,28.01,sim,20,carrinho,sim,nao,nao,,120,13,3.0,direto,falha_pagamento,
ECOM-00989,2025-05-19,Campinas,SP,site,desktop,smartwatch,Watch Pro,1313.89,"28,97",,15,carrinho,sim,nao,nao,,265,13,3.9,email,finalizado,
ECOM-00990,2025-04-14,Uberaba,mg,app,desktop,smartwatch,Smartwatch Fit,1889.57,55.96,sim,0,visualizou,nao,nao,nao,,437,20,3.0,direto,procesado,
ECOM-00991,07-30-2025,Campinas,SP,site,desktop,notebook,Notebook Office,3668.56,70.96,sim,20,carrinho,sim,nao,nao,,103,1,2.9,google_ads,falha_pagamento,
ECOM-00992,2025-09-04,Uberlândia,MG,site,mobile,acessorios,Carregador,"300,9","8,82",,10,visualizou,sim,nao,nao,,29,18,3.2,google_ads,finalizado,
ECOM-00993,2025-10-23,goiânia,GO,site,mobile,smartwatch,Watch Pro,1741.62,57.77,sim,0,pagamento,sim,sim,nao,cartao_recusado,558,11,3.9,google_ads,abandonado,
ECOM-00994,2025-05-23,Goiânia,GO,app,mobile,smartwatch,Watch Pro,1575.76,"3,15",,0,compra,sim,sim,sim,,263,11,4.3,direto,finalizado,
ECOM-00995,2025-08-07,uberaba,MG,app,mobile,fone,Fone Bluetooth,"648,4",45.93,nao,20,carrinho,sim,nao,nao,,615,13,2.6,direto,falha_pagamento,
ECOM-00996,2025-07-16,Goiânia,GO,app,mobile,smartfone,Smartwatch Fit,2234.27,56.5,,10,pagamento,sim,sim,nao,limite_insuficiente,169,1,"3,1",google_ads,procesado,
ECOM-00997,03-13-2025,Goiânia,GO,site,mobile,fone,Earbuds,388.72,55.21,,0,compra,sim,sim,sim,,412,18,"4,4",organico,abandonado,
ECOM-00998,2025-07-15,Goiânia,GO,app,mobile,notebook,Notebook Gamer,"9077,88",44.5,nao,0,carrinho,sim,nao,nao,,164,4,"1,9",instagram,finalizado,
ECOM-00999,2025-05-01,Curitiba,PR,site,mobile,smartwatch,Watch Pro,751.25,36.86,sim,0,compra,sim,sim,sim,,332,32,3.0,email,,
ECOM-00000,2025-04-04,Curitiba,pr,site,mobile,smartphone,Galaxy X,6406.85,21.91,nao,5,pagamento,sim,sim,nao,limite_insuficiente,741,14,4.2,organico,,
ECOM-00001,16/04/2025,Uberlândia,MG,site,mobile,smartfone,Earbuds,606.51,78.41,nao,20,compra,sim,sim,nao,,240,26,3.0,organico,abandonado,
ECOM-00002,2025-04-03,Campinas,SP,site,mobile,notbook,Redmi Pro,3431.93,57.94,nao,20,carrinho,sim,nao,nao,,551,10,5,email,procesado,
ECOM-00003,2025-10-20,Curitiba,PR,app,mobile,fone,Headset Gamer,"366,88","59,56",nao,20,visualizou,sim,nao,nao,,5,21,"4,0",email,falha_pagamento,
ECOM-00004,2025-08-29,uberlândia,MG,app,mobile,smartphone,Redmi Pro,2044.1,"11,51",,20,visualizou,nao,nao,nao,,137,12,3.9,google_ads,abandonado,
ECOM-00005,2025-06-23,Uberaba,MG,app,mobile,smartphone,Moto Plus,3338.4,"55,29",nao,0,pagamento,sim,sim,nao,,164,17,3.7,instagram,abandonado,
ECOM-00006,2025-06-18,Campinas,SP,app,mobile,fone,Headset Gamer,799.12,64.74,nao,15,carrinho,sim,nao,nao,,,28,2.7,organico,finalizado,
ECOM-00007,01/06/2025,São Paulo,SP,site,tablet,smartwatch,Watch Pro,2064.93,58.7,nao,10,visualizou,sim,nao,nao,,197,12,3.4,google_ads,,
ECOM-00008,2025-06-07,Salvador,BA,app,mobile,acessorios,Teclado,286.1,39.61,nao,0,visualizou,nao,nao,nao,,335,9,3.4,organico,finalizado,
ECOM-00009,2025-02-22,são paulo,SP,site,mobile,acessorios,Cabo USB-C,314.22,16.33,nao,5,carrinho,sim,nao,nao,,321,22,"3,4",organico,,
ECOM-00010,2025-08-30,Uberaba,MG,site,desktop,smartphone,iPhone Z,"5941,09",18.0,sim,5,visualizou,nao,nao,nao,,293,1,4.1,google_ads,,
ECOM-00011,2025-06-14,são paulo,SP,app,mobile,notebook,Notebook Office,6427.46,"50,53",sim,20,visualizou,sim,nao,nao,,397,18,5,instagram,falha_pagamento,
ECOM-00012,data_invalida,São Paulo,SP,app,mobile,smartphone,Moto Plus,2227.46,"63,01",nao,0,pagamento,sim,sim,nao,cartao_recusado,370,14,1.9,direto,,
ECOM-00013,2025-01-08,Uberlândia,MG,site,tablet,acessorios,Teclado,"248,57","17,73",sim,20,compra,sim,sim,sim,,442,13,4.3,direto,,
ECOM-00014,2025-03-07,são paulo,SP,app,mobile,smartwatch,Smartwatch Fit,1873.89,29.91,sim,0,visualizou,nao,nao,nao,,360,1,3.6,organico,procesado,
ECOM-00015,2025-04-21,Goiânia,GO,site,desktop,smartphone,Moto Plus,2036.18,35.18,sim,15,carrinho,sim,nao,nao,,5,19,3.8,organico,abandonado,
ECOM-00016,2025-08-27,Campinas,SP,site,tablet,smartwatch,Smartwatch Fit,1461.13,10.45,,15,pagamento,sim,sim,nao,pix_expirado,255,19,4.2,direto,abandonado,
ECOM-00017,2025-08-10,São Paulo,SP,site,mobile,smartphone,Redmi Pro,"6014,27",44.65,sim,15,pagamento,sim,sim,nao,limite_insuficiente,224,17,3.4,email,falha_pagamento,
ECOM-00018,2025-08-16,Goiânia,GO,site,mobile,fone,Headset Gamer,545.92,"41,4",sim,0,compra,sim,sim,sim,,484,5,3.0,google_ads,falha_pagamento,
ECOM-00019,data_invalida,Curitiba,PR,app,mobile,notebook,Notebook Gamer,"6911,57","30,32",nao,20,pagamento,sim,sim,nao,,415,2,4.2,google_ads,abandonado,
ECOM-00020,2025-06-24,Campinas,SP,site,mobile,notebook,Ultrabook,6373.52,38.37,sim,5,carrinho,sim,nao,nao,,431,4,4.1,organico,procesado,
ECOM-00021,2025-01-09,Goiânia,GO,site,mobile,notebook,Ultrabook,4310.42,"21,58",,5,compra,sim,sim,sim,,5,15,2.4,email,finalizado,
ECOM-00022,2025-05-27,Goiânia,GO,app,mobile,acessorios,Mouse,221.45,"54,6",sim,5,visualizou,sim,nao,nao,,486,1,3.6,google_ads,,
ECOM-00023,2025-03-12,São Paulo,SP,site,desktop,acessorios,Mouse,223.0,18.65,nao,10,pagamento,sim,sim,nao,pix_expirado,159,1,4.0,google_ads,procesado,
ECOM-00024,2025-06-18,Salvador,BA,site,mobile,fone,Earbuds,376.7,4.21,nao,5,carrinho,sim,nao,nao,,29,9,5,google_ads,procesado,
