registro_id,data_ocorrencia,cidade,uf,bairro,latitude,longitude,canal_registro,tipo_ocorrencia,tempo_espera_min,tempo_preenchimento_bo_min,atendentes_disponiveis,turno,status_inquerito,tempo_resolucao_dias,bo_online_iniciado,bo_online_concluido,abandono_formulario,avaliacao_atendimento,chamados_190,bo_registrados,prioridade_triagem,status_registro,observacao
DD-00000,2025-06-12,Uberaba,MG,Santa Maria,-19.756224,"-47,934552",presencial,fraude_online,48,26,3,tarde,aberto,61,sim,sim,nao,4.94,49,25,media,procesado,
DD-00001,2025-09-29,Salvador,BA,Planalto,-12.929145,"-38,554132",site,furto,0,4,3,manha,concluido,39,sim,sim,nao,"3,97",2,1,baixa,procesado,
DD-00002,2025-09-28,Campinas,sp,Universitario,-22.967336,-47.029487,app,fraude_online,0,13,4,manha,procesado,2,nao,nao,nao,"4,3",4,3,urgente,cancelado,
DD-00003,2025-09-23,Belo Horizonte,MG,Industrial,-19.889413,"-43,944072",presencial,outros,38,28,2,noite,procesado,0,sim,nao,sim,3.19,42,30,media,procesado,
DD-00004,data_invalida,Uberlândia,mg,Morumbi,-18.902376,"-48,287544",presencial,furto,1,9,4,tarde,,71,nao,nao,nao,2.44,21,12,media,validado,
DD-00005,2025-06-12,Uberlândia,MG,Santa Maria,-18.965905,-48.261261,site,perda_doc,2,2,1,manha,arquivado,38,nao,nao,nao,3.73,44,22,baixa,,
DD-00006,2025-05-27,São Paulo,SP,Jardim America,-23.488292,"-46,59248",site,fraude_online,13,15,5,tarde,,7,sim,sim,nao,1.84,0,0,media,cancelado,
DD-00007,2025-02-10,Curitiba,PR,Centro,-25.380769,-49.225512,presencial,fraude_online,48,28,3,tarde,procesado,103,sim,nao,sim,"3,6",38,15,media,,
DD-00008,24/09/2025,Campinas,SP,Industrial,-22.960127,-47.088568,site,outros,0,29,4,manha,procesado,17,nao,nao,nao,"3,09",32,26,baixa,,
DD-00009,2025-10-06,Uberlândia,MG,Morumbi,-18.978217,-48.255782,site,ameaca,0,15,4,manha,aberto,52,sim,sim,nao,5,34,17,baixa,validado,
DD-00010,05/08/2025,Goiânia,GO,Santa Maria,"-16,755725",-49.309578,site,furto,720,6,2,tarde,concluido,24,sim,sim,nao,3.1,36,17,baixa,validado,OUTLIER espera extrema
DD-00011,2025-09-11,Curitiba,PR,Boa Vista,-25.390231,-49.311711,presencial,fraude_online,52,2,5,manha,concluido,29,sim,nao,sim,2.95,79,38,baixa,procesado,
DD-00012,2025-08-02,Campinas,SP,Santa Maria,-22.917825,-47.097394,site,outros,12,15,5,manha,,69,sim,nao,sim,2.94,21,13,baixa,pendente,
DD-00013,2025-05-14,Curitiba,PR,Jardim America,-25.353749,-49.206148,presencial,perda_documento,27,22,1,manha,concluido,0,nao,nao,nao,3.34,18,12,media,validado,
DD-00014,2025-05-09,uberlândia,MG,Jardim America,"-18,863915","-48,300809",presencial,perda_documento,33,14,5,tarde,aberto,62,sim,sim,nao,4.39,50,36,baixa,procesado,
DD-00015,2025-02-28,Goiânia,GO,Planalto,-16.751607,"-49,272389",presencial,roubo celular,10,24,2,tarde,aberto,46,sim,sim,nao,2.8,31,21,baixa,cancelado,
DD-00016,2025-01-27,Goiânia,GO,Jardim America,-16.648287,-49.240282,presencial,roubo_celular,30,10,1,manha,em_andamento,58,nao,nao,nao,1.51,64,53,baixa,pendente,
DD-00017,2025-01-17,salvador,BA,Planalto,"-12,915492",-38.487755,presencial,perda_documento,15,20,3,noite,arquivado,36,sim,sim,nao,2.31,0,0,urgente,pendente,
DD-00018,15/10/2025,Curitiba,PR,Santa Maria,-25.469294,"-49,231821",site,ameaca,0,32,5,noite,aberto,0,nao,nao,nao,5,35,25,media,validado,
DD-00019,2025-08-03,Curitiba,PR,Industrial,-25.361912,-49.345009,presencial,fraude_online,55,26,3,manha,,117,sim,sim,nao,3.2,42,34,baixa,,
DD-00020,04-23-2025,curitiba,PR,Centro,-25.428519,-49.28467,app,furto,11,29,6,noite,em_andamento,50,nao,nao,nao,3.58,35,24,alta,,
DD-00021,09-01-2025,São Paulo,SP,Morumbi,-23.526073,-46.657956,app,fraude_online,17,18,1,tarde,concluido,21,sim,sim,nao,3.74,37,20,media,procesado,
DD-00022,2025-04-22,Salvador,BA,Centro,-12.944865,-38.468556,app,furto,7,23,3,tarde,concluido,0,sim,sim,nao,"3,39",29,23,media,procesado,
DD-00023,03-07-2025,curitiba,PR,Jardim America,-25.477393,-49.20993,presencial,furto,67,26,5,noite,concluido,44,sim,sim,nao,2.51,33,18,media,validado,
DD-00024,2025-04-29,São Paulo,sp,Santa Maria,-23.520561,-46.603326,presencial,furto,55,24,1,tarde,concluido,60,sim,sim,nao,3.1,42,20,baixa,cancelado,
DD-00025,2025-10-21,são paulo,SP,Industrial,-23.557545,-46.708058,presencial,perda_documento,33,30,2,noite,arquivado,900,nao,nao,nao,4.98,27,15,baixa,cancelado,OUTLIER resolucao muito longa
DD-00026,2025-02-24,São Paulo,SP,Santa Maria,-23.575176,-46.671566,presencial,roubo_celular,58,33,1,tarde,concluido,79,sim,sim,nao,"2,61",57,32,baixa,,
DD-00027,03-13-2025,Uberlândia,MG,Planalto,-18.961438,-48.238575,site,fraude_online,3,26,4,madrugada,aberto,6,sim,nao,sim,4.02,32,23,baixa,,
DD-00028,2025-09-29,Campinas,sp,Morumbi,-22.980609,-47.127442,presencial,perda_documento,0,30,1,madrugada,aberto,114,sim,sim,nao,3.79,0,0,media,procesado,
DD-00029,2025-03-11,Uberaba,mg,Industrial,-19.801675,-47.859742,app,fraude_online,0,13,4,manha,concluido,40,nao,nao,nao,1.73,3,2,baixa,validado,
DD-00030,2025-04-17,São Paulo,SP,Morumbi,-23.588704,"-46,669962",site,furto,0,18,4,manha,,14,sim,sim,nao,3.19,17,12,urgente,pendente,
DD-00031,2025-04-22,Uberlândia,MG,Morumbi,-18.947861,-48.200509,totem,perda_documento,27,41,3,madrugada,aberto,87,sim,sim,nao,3.87,16,5,media,,
DD-00032,10-16-2025,Uberaba,MG,Universitario,-19.76173,-47.973817,site,fraude on-line,0,20,4,tarde,,49,sim,sim,nao,3.89,0,0,media,procesado,
DD-00033,2025-10-11,São Paulo,SP,Boa Vista,-23.568659,-46.667851,app,roubo_celular,3,23,4,manha,procesado,62,sim,nao,sim,3.52,14,5,alta,procesado,
DD-00034,2025-04-08,Uberaba,MG,Morumbi,"-19,701903",-48.001056,presencial,fraude_online,25,18,3,tarde,arquivado,54,sim,sim,nao,1.45,45,35,baixa,cancelado,
DD-00035,2025-07-01,Curitiba,PR,Industrial,-25.41252,-49.234848,app,ameaca,21,19,3,noite,arquivado,66,sim,sim,nao,5,36,24,media,,
DD-00036,2025-03-02,Campinas,SP,Industrial,-22.826248,-47.131086,app,fraude_online,1,25,3,noite,em_andamento,0,sim,sim,nao,4.01,27,15,baixa,,
DD-00037,2025-04-01,Belo Horizonte,MG,Morumbi,-19.843087,-43.996536,presencial,roubo_celular,26,34,3,manha,arquivado,83,nao,nao,nao,"3,11",12,8,alta,,
DD-00038,2025-10-12,Uberlândia,MG,Planalto,"-18,945428",-48.262961,site,perda_documento,0,12,6,tarde,em_andamento,28,sim,sim,nao,3.45,55,45,media,cancelado,
DD-00039,2025-02-26,Campinas,SP,Centro,-22.888247,-47.139701,app,ameaca,0,22,4,noite,,0,nao,nao,nao,3.3,42,17,baixa,cancelado,
DD-00040,2025-10-24,Uberlândia,MG,Boa Vista,"-18,902537",-48.24078,presencial,furto,60,15,0,manha,,25,nao,nao,nao,2.61,22,16,baixa,cancelado,VALOR INVALIDO nenhum atendente
DD-00041,2025-10-06,Uberlândia,MG,Santa Maria,-18.953873,-48.217951,app,roubo celular,10,18,1,noite,procesado,1,nao,nao,nao,3.45,28,17,urgente,,
DD-00042,2025-10-23,Salvador,BA,Centro,-12.897765,-38.475797,presencial,perda_documento,44,36,6,noite,concluido,0,sim,sim,nao,4.34,38,17,baixa,validado,
DD-00043,2025-01-22,Uberaba,MG,Morumbi,-19.791197,-47.969987,site,perda_documento,1,33,3,manha,aberto,15,sim,sim,nao,"3,54",50,42,media,pendente,
DD-00044,2025-04-17,Belo Horizonte,MG,Jardim America,"-19,953855",-43.863299,site,furto,12,12,3,manha,procesado,88,sim,sim,nao,2.23,59,28,media,validado,
DD-00045,2025-06-06,Uberaba,MG,Centro,-19.80958,-47.979065,app,furto,3,25,9,manha,arquivado,16,sim,sim,nao,5,31,17,baixa,validado,
DD-00046,2025-04-14,campinas,SP,Boa Vista,-22.958817,"-47,118726",presencial,perda_documento,48,2,2,madrugada,,22,sim,nao,sim,"3,33",34,14,baixa,,
DD-00047,2025-01-11,Salvador,BA,Industrial,-12.93491,-38.449402,app,roubo celular,17,7,2,manha,concluido,51,sim,nao,sim,2.99,31,17,baixa,procesado,
DD-00048,2025-03-25,Salvador,BA,Morumbi,-12.999004,-38.441538,app,outros,3,21,7,tarde,arquivado,53,sim,nao,sim,3.67,28,14,media,procesado,
DD-00049,08-05-2025,Curitiba,PR,Santa Maria,-25.389286,-49.257952,presencial,furto,26,16,4,noite,aberto,0,sim,sim,nao,2.91,37,13,media,,
DD-00050,2025-09-02,Belo Horizonte,MG,Jardim America,-19.914432,-43.888408,presencial,roubo_celular,55,37,3,noite,arquivado,68,sim,nao,sim,4.23,5,2,media,validado,
DD-00051,2025-02-07,Belo Horizonte,MG,Planalto,-19.937019,-44.003846,presencial,fraude_online,84,23,1,manha,aberto,73,sim,sim,nao,"3,45",29,13,baixa,cancelado,
DD-00052,2025-07-21,uberaba,MG,Industrial,-19.759574,-47.946701,presencial,ameaca,6,29,2,tarde,,3,nao,nao,nao,3.29,61,48,baixa,cancelado,
DD-00053,2025-04-25,Goiânia,GO,Centro,-16.754731,-49.217939,presencial,furto,105,12,2,tarde,aberto,137,sim,nao,sim,"4,0",53,36,baixa,cancelado,
DD-00054,2025-03-12,belo horizonte,mg,Santa Maria,"-19,9348",-43.864827,app,furto,11,14,6,tarde,aberto,6,sim,sim,nao,3.65,25,19,alta,procesado,
DD-00055,03-06-2025,Uberlândia,MG,Universitario,12.500000,-20.000000,presencial,furto,44,39,6,noite,arquivado,41,sim,sim,nao,3.36,17,15,alta,,COORDENADA FORA DO BRASIL
DD-00056,2025-06-30,uberaba,MG,Morumbi,-19.735069,"-48,00781",site,fraude_online,9,20,5,tarde,procesado,39,sim,sim,nao,5,12,4,media,procesado,
DD-00057,08-24-2025,Uberaba,MG,Industrial,-19.696463,"-47,990677",site,fraude_online,10,20,5,tarde,procesado,26,sim,sim,nao,1.99,54,39,baixa,pendente,
DD-00058,02/09/2025,belo horizonte,MG,Morumbi,-19.958893,-43.882736,presencial,roubo_celular,55,30,1,noite,aberto,0,sim,sim,nao,5,20,9,baixa,validado,
DD-00059,2025-04-19,Campinas,sp,Centro,-22.901628,-47.086773,site,roubo_celular,10,22,4,madrugada,em_andamento,28,nao,nao,nao,2.98,21,11,media,validado,
DD-00060,24/03/2025,Curitiba,PR,Boa Vista,-25.43795,-49.315318,presencial,perda_doc,45,20,3,noite,em_andamento,38,sim,nao,sim,2.64,31,23,baixa,pendente,
DD-00061,2025-05-06,São Paulo,SP,Industrial,-23.472771,"-46,704127",presencial,roubo celular,68,20,3,noite,,26,sim,sim,nao,2.6,0,0,baixa,,
DD-00062,2025-06-21,Uberlândia,mg,Industrial,-18.992045,"-48,260341",site,fraude_online,1,41,1,noite,aberto,57,sim,nao,sim,3.07,52,44,alta,cancelado,
DD-00063,06/03/2025,Salvador,BA,Universitario,-13.038487,-38.457455,presencial,furto,43,4,4,noite,,67,sim,sim,nao,3.5,25,10,media,procesado,
DD-00064,data_invalida,São Paulo,SP,Boa Vista,-23.607906,-46.669088,app,fraude on-line,7,13,4,manha,concluido,44,nao,nao,nao,"3,84",26,12,media,cancelado,
DD-00065,10/08/2025,Goiânia,GO,Centro,"-16,727373","-49,208735",site,furto,10,19,4,noite,concluido,10,sim,nao,sim,1.43,25,16,media,pendente,
DD-00066,2025-07-13,Curitiba,PR,Jardim America,-25.356663,-49.350678,presencial,ameaca,28,10,1,tarde,procesado,0,sim,nao,sim,3.65,8,4,baixa,validado,
DD-00067,10-16-2025,São Paulo,SP,Centro,-23.534254,-46.613956,presencial,furto,25,9,1,noite,aberto,50,nao,nao,nao,3.53,7,5,media,pendente,
DD-00068,data_invalida,Campinas,SP,Morumbi,"-22,851675","-47,069332",presencial,ameaca,65,34,2,madrugada,aberto,62,sim,sim,nao,4.21,22,17,media,pendente,
DD-00069,2025-08-06,Campinas,SP,Planalto,"-22,863589",-47.03897,site,furto,0,19,1,manha,procesado,60,sim,sim,nao,3.35,50,27,media,validado,
DD-00070,06-26-2025,Campinas,SP,Santa Maria,-22.90832,"-47,027534",app,furto,0,46,6,manha,aberto,22,nao,nao,nao,2.53,5000,12,baixa,pendente,OUTLIER discrepancia chamados x BO
DD-00071,02/06/2025,Campinas,SP,Boa Vista,-22.866972,-47.017732,presencial,perda_documento,9,35,4,madrugada,concluido,79,nao,nao,nao,4.93,44,24,baixa,pendente,
DD-00072,2025-01-13,Curitiba,PR,Centro,"-25,444895",-49.324271,app,furto,20,26,5,tarde,,19,nao,nao,nao,"4,16",8,5,baixa,cancelado,
DD-00073,2025-01-12,Salvador,BA,Planalto,-12.933854,"-38,438657",site,furto,2,11,4,tarde,aberto,40,sim,nao,sim,3.78,11,6,baixa,procesado,
DD-00074,03-25-2025,São Paulo,SP,Jardim America,-23.561957,-46.563584,site,roubo_celular,11,23,2,tarde,arquivado,89,sim,sim,nao,3.47,38,27,baixa,cancelado,
DD-00075,2025-10-12,Uberaba,MG,Morumbi,"-19,723888",-47.867732,site,outros,15,28,4,tarde,aberto,88,nao,nao,nao,5,2,1,media,validado,
DD-00076,2025-02-26,Uberlândia,MG,Universitario,-18.952828,-48.215389,presencial,perda_documento,81,10,2,tarde,procesado,64,sim,sim,nao,1.92,40,18,baixa,pendente,
DD-00077,2025-02-13,Goiânia,GO,Jardim America,"-16,701751",-49.307078,totem,furto,38,18,2,manha,aberto,78,sim,nao,sim,4.07,6,4,baixa,,
DD-00078,2025-09-09,Goiânia,GO,Centro,-16.647683,"-49,283857",presencial,furto,87,26,4,tarde,em_andamento,106,sim,sim,nao,"4,67",28,22,alta,pendente,
DD-00079,2025-07-21,campinas,SP,Santa Maria,-22.983776,"-47,08505",site,outros,7,23,3,madrugada,procesado,116,sim,sim,nao,4.4,22,16,baixa,validado,
DD-00080,2025-08-30,Goiânia,GO,Universitario,-16.734233,-49.217773,presencial,furto,0,20,7,manha,concluido,0,sim,nao,sim,"3,65",12,5,baixa,cancelado,
DD-00081,2025-07-08,Campinas,SP,Jardim America,-22.919057,-47.138199,presencial,outros,72,11,6,noite,em_andamento,39,nao,nao,nao,3.76,32,24,alta,procesado,
DD-00082,data_invalida,Salvador,BA,Boa Vista,-12.903372,-38.505751,presencial,furto,18,21,7,noite,arquivado,50,sim,nao,sim,3.56,0,0,baixa,,
DD-00083,24/08/2025,Goiânia,GO,Santa Maria,-16.709826,-49.212639,presencial,roubo_celular,25,27,3,manha,em_andamento,97,sim,sim,nao,3.37,0,0,media,validado,
DD-00084,2025-06-07,Campinas,SP,Santa Maria,-22.890341,"-47,065324",site,furto,18,16,4,manha,arquivado,62,nao,nao,nao,4.14,35,23,baixa,validado,
DD-00085,2025-02-28,Salvador,BA,Morumbi,-13.027125,-38.50167,app,furto,8,20,3,tarde,arquivado,73,nao,nao,nao,9.5,13,5,media,cancelado,VALOR INVALIDO avaliacao fora da escala
DD-00086,2025-07-24,Campinas,SP,Industrial,-22.878075,-47.113441,presencial,roubo_celular,25,21,1,tarde,aberto,28,sim,sim,nao,"3,93",36,30,baixa,validado,
DD-00087,2025-03-10,Campinas,SP,Universitario,-22.83202,-47.024522,presencial,furto,51,28,5,madrugada,,106,sim,nao,sim,5,12,10,baixa,pendente,
DD-00088,2025-03-02,Salvador,BA,Centro,"-13,042834",-38.430111,app,perda_documento,2,15,3,noite,,0,sim,sim,nao,4.9,28,16,media,procesado,
DD-00089,2025-02-20,Goiânia,GO,Universitario,-16.762081,-49.200236,site,fraude_online,1,25,2,madrugada,procesado,86,sim,sim,nao,3.94,22,10,media,validado,
DD-00090,2025-10-18,Campinas,SP,Santa Maria,-22.902386,-47.056162,presencial,outros,50,12,4,tarde,,31,sim,sim,nao,1.28,35,13,media,,
DD-00091,2025-07-22,Curitiba,PR,Jardim America,-25.372734,-49.273752,presencial,outros,0,2,1,madrugada,em_andamento,55,sim,nao,sim,3.35,36,23,baixa,,
DD-00092,2025-04-18,Salvador,BA,Centro,"-12,945124",-38.528385,site,outros,0,12,1,noite,aberto,23,sim,sim,nao,4.27,9,6,media,cancelado,
DD-00093,2025-04-13,Belo Horizonte,MG,Jardim America,-19.880421,-43.8951,presencial,fraude_online,29,29,1,noite,aberto,8,sim,sim,nao,2.73,32,18,baixa,procesado,
DD-00094,data_invalida,São Paulo,SP,Boa Vista,-23.603625,-46.591628,presencial,fraude_online,24,23,1,tarde,arquivado,26,sim,sim,nao,3.1,0,0,baixa,,
DD-00095,2025-09-24,Campinas,sp,Santa Maria,-22.889653,-47.112396,presencial,perda_documento,40,16,4,tarde,arquivado,91,nao,nao,nao,2.06,5,3,baixa,validado,
DD-00096,2025-08-16,Goiânia,GO,Centro,-16.741321,-49.302806,presencial,outros,38,2,8,manha,,9,nao,nao,nao,4.25,38,31,media,pendente,
DD-00097,2025-06-20,Uberlândia,MG,Boa Vista,-18.875122,-48.344329,presencial,roubo_celular,22,12,3,manha,procesado,93,sim,sim,nao,4.04,27,23,media,validado,
DD-00098,29/01/2025,Uberlândia,MG,Santa Maria,-18.928126,-48.339289,presencial,roubo_celular,49,22,3,tarde,aberto,0,sim,sim,nao,"4,66",21,7,media,,
DD-00099,2025-06-07,Goiânia,GO,Universitario,-16.754278,-49.31138,site,fraude_online,19,17,5,tarde,concluido,0,sim,sim,nao,5,2,0,alta,pendente,
DD-00100,07-29-2025,Uberaba,MG,Santa Maria,"-19,70439",-47.929755,site,furto,12,300,2,noite,concluido,49,sim,nao,sim,4.75,35,20,alta,procesado,OUTLIER preenchimento muito longo
DD-00101,2025-08-29,são paulo,SP,Santa Maria,-23.517071,-46.580255,presencial,outros,50,26,5,noite,,107,nao,nao,nao,"2,77",0,0,baixa,cancelado,
DD-00102,2025-02-17,são paulo,SP,Santa Maria,-23.592795,-46.619352,presencial,roubo_celular,41,27,3,tarde,em_andamento,39,sim,sim,nao,4.26,0,0,baixa,cancelado,
DD-00103,2025-03-17,São Paulo,SP,Centro,"-23,601174",-46.655887,presencial,furto,54,28,1,manha,concluido,4,sim,sim,nao,2.92,44,31,media,validado,
DD-00104,07-23-2025,Belo Horizonte,MG,Santa Maria,-19.851685,-43.859582,presencial,roubo_celular,75,4,1,tarde,procesado,21,sim,sim,nao,2.27,11,9,alta,procesado,
DD-00105,2025-04-21,Uberlândia,MG,Santa Maria,-18.876115,-48.339538,site,fraude_online,2,10,5,noite,procesado,16,nao,nao,nao,"2,11",54,23,media,cancelado,
DD-00106,11/05/2025,Goiânia,GO,Industrial,-16.621139,-49.268604,presencial,roubo_celular,19,19,1,noite,arquivado,34,sim,nao,sim,4.65,28,14,baixa,procesado,
DD-00107,2025-08-03,Uberlândia,MG,Santa Maria,-18.991639,-48.333611,site,perda_documento,,30,3,madrugada,procesado,32,sim,sim,nao,2.23,32,25,baixa,cancelado,
DD-00108,2025-03-11,Curitiba,PR,Industrial,"-25,408799",-49.316851,app,outros,5,36,5,manha,arquivado,43,sim,nao,sim,5,33,12,baixa,validado,
DD-00109,data_invalida,salvador,BA,Morumbi,-12.998829,-38.445672,site,perda_documento,0,19,4,manha,,77,sim,sim,nao,2.71,2,0,baixa,,
DD-00110,03/04/2025,Uberlândia,MG,Centro,-18.981275,-48.355389,presencial,roubo_celular,44,18,4,tarde,arquivado,91,sim,sim,nao,2.39,59,28,media,pendente,
DD-00111,2025-03-06,Salvador,BA,Jardim America,-12.946358,-38.581363,presencial,furto,35,14,5,tarde,,10,sim,nao,sim,4.56,13,10,baixa,,
DD-00112,2025-01-04,Curitiba,PR,Planalto,-25.479701,-49.32126,presencial,roubo_celular,29,40,3,tarde,,66,sim,sim,nao,3.48,64,26,baixa,cancelado,
DD-00113,2025-08-08,Salvador,BA,Planalto,-12.903236,-38.461695,site,furto,6,27,6,noite,concluido,61,sim,sim,nao,3.53,17,13,baixa,cancelado,
DD-00114,2025-04-05,Uberlândia,MG,Planalto,"-18,91445",-48.287293,presencial,fraude_online,,27,4,tarde,arquivado,1,sim,sim,nao,4.39,19,13,baixa,procesado,
DD-00115,2025-07-29,Curitiba,pr,Universitario,-25.485962,-49.278013,presencial,furto,0,26,1,tarde,em_andamento,4,nao,nao,nao,3.78,1,0,baixa,validado,
DD-00116,2025-06-24,Uberlândia,MG,Jardim America,"-18,953805","-48,314732",site,roubo_celular,7,30,1,madrugada,procesado,60,nao,nao,nao,5,44,25,baixa,validado,
DD-00117,2025-02-20,Curitiba,PR,Universitario,"-25,415299",-49.276133,presencial,perda_documento,56,31,5,manha,procesado,70,sim,sim,nao,3.19,11,9,baixa,cancelado,
DD-00118,2025-04-26,Uberlândia,MG,Planalto,-18.991666,"-48,222569",presencial,outros,39,19,2,tarde,aberto,56,nao,nao,nao,1.22,3,2,urgente,procesado,
DD-00119,2025-02-22,São Paulo,SP,Jardim America,-23.571964,-46.696279,site,fraude on-line,3,20,3,tarde,em_andamento,0,nao,nao,nao,4.13,27,23,baixa,,
DD-00120,2025-09-17,Salvador,ba,Planalto,-12.942632,-38.533282,site,perda_documento,0,20,4,manha,arquivado,71,sim,sim,nao,5,25,10,alta,validado,
DD-00121,data_invalida,salvador,BA,Santa Maria,-12.923738,"-38,56474",totem,roubo_celular,74,12,6,manha,procesado,11,nao,nao,nao,"3,07",20,13,baixa,validado,
DD-00122,2025-06-22,Belo Horizonte,MG,Centro,-19.89157,-43.909045,app,perda_doc,0,28,1,tarde,em_andamento,3,sim,sim,nao,3.3,21,7,alta,procesado,
DD-00123,data_invalida,Belo Horizonte,MG,Boa Vista,-19.846685,-43.915683,presencial,perda_documento,7,28,4,tarde,concluido,74,nao,nao,nao,1.87,68,24,baixa,validado,
DD-00124,2025-04-13,Uberaba,MG,Santa Maria,-19.697264,-47.89113,app,fraude_online,14,2,2,noite,em_andamento,62,sim,sim,nao,1.65,31,11,media,cancelado,
DD-00125,2025-06-17,Uberaba,MG,Boa Vista,-19.730805,-47.898683,presencial,furto,66,11,2,madrugada,arquivado,10,nao,nao,nao,3.32,13,6,baixa,procesado,
DD-00126,2025-04-20,Curitiba,PR,Santa Maria,-25.42522,-49.285606,presencial,perda_documento,15,31,3,noite,em_andamento,63,sim,nao,sim,3.04,36,17,media,cancelado,
DD-00127,2025-08-27,Goiânia,GO,Boa Vista,-16.741269,-49.335314,presencial,fraude_online,34,19,5,noite,concluido,86,nao,nao,nao,2.15,21,13,media,,
DD-00128,2025-08-07,São Paulo,SP,Jardim America,"-23,515365","-46,68012",presencial,furto,36,16,4,tarde,concluido,48,sim,sim,nao,3.22,29,22,baixa,cancelado,
DD-00129,2025-06-13,Curitiba,PR,Industrial,-25.46854,-49.220472,site,fraude_online,13,14,2,noite,concluido,77,sim,nao,sim,4.43,50,23,urgente,cancelado,
DD-00130,2025-04-01,São Paulo,SP,Centro,-23.617425,-46.682348,app,furto,2,14,1,manha,,116,sim,sim,nao,4.48,3,1,baixa,,
DD-00131,data_invalida,Belo Horizonte,MG,Planalto,"-19,918769",-43.939086,app,perda_documento,10,27,5,tarde,aberto,107,nao,nao,nao,"3,81",18,8,baixa,pendente,
DD-00132,2025-04-29,São Paulo,SP,Boa Vista,-23.553627,"-46,590833",presencial,perda_documento,40,24,1,madrugada,concluido,0,sim,sim,nao,3.5,18,13,media,validado,
DD-00133,2025-01-23,Uberaba,MG,Jardim America,"-19,79151",-47.960266,presencial,furto,6,11,4,madrugada,concluido,62,sim,nao,sim,4.05,0,0,media,validado,
DD-00134,2025-02-19,Goiânia,GO,Santa Maria,-16.748979,-49.218256,presencial,furto,33,26,5,tarde,arquivado,26,nao,nao,nao,2.61,4,2,urgente,pendente,
DD-00135,28/07/2025,Campinas,SP,Centro,-22.848942,-47.077903,presencial,fraude_online,48,29,3,manha,,75,sim,sim,nao,3.38,7,4,baixa,pendente,
DD-00136,2025-10-14,Campinas,SP,Planalto,-22.845995,-47.096043,site,roubo_celular,0,30,1,manha,procesado,47,nao,nao,nao,5,40,16,alta,cancelado,
DD-00137,2025-09-10,são paulo,SP,Universitario,"-23,537329",-46.643538,presencial,furto,63,13,2,noite,,86,sim,sim,nao,3.71,10,6,baixa,validado,
DD-00138,2025-01-18,Belo Horizonte,MG,Morumbi,-19.966528,-43.952196,presencial,ameaca,33,15,2,tarde,arquivado,12,sim,nao,sim,2.54,36,17,alta,procesado,
DD-00139,2025-01-19,Campinas,SP,Morumbi,"-22,975238","-47,064805",site,perda_documento,15,21,4,madrugada,em_andamento,36,sim,sim,nao,3.44,5,4,media,validado,
DD-00140,04-21-2025,Curitiba,PR,Universitario,-25.364106,-49.215745,presencial,furto,39,14,2,noite,procesado,93,sim,sim,nao,"4,88",24,19,media,,
DD-00141,2025-05-28,Campinas,SP,Industrial,"-22,943078",-47.019107,presencial,fraude_online,0,28,5,noite,aberto,35,sim,sim,nao,4.26,6,4,baixa,,
DD-00142,2025-03-21,Salvador,BA,Universitario,-13.019478,"-38,456805",app,perda_documento,7,21,2,noite,arquivado,88,nao,nao,nao,1.61,46,20,media,procesado,
DD-00143,2025-05-02,Uberlândia,mg,Centro,-18.951078,-48.302238,app,roubo_celular,14,5,1,tarde,em_andamento,79,sim,nao,sim,2.5,31,26,baixa,cancelado,
DD-00144,2025-04-05,Salvador,BA,Universitario,"-12,902023",-38.521004,presencial,furto,57,22,5,noite,arquivado,38,nao,nao,nao,2.64,9,4,media,validado,
DD-00145,2025-03-08,uberaba,MG,Boa Vista,-19.766108,-48.005655,app,furto,17,10,4,madrugada,aberto,0,sim,nao,sim,2.95,26,9,alta,validado,
DD-00146,data_invalida,São Paulo,sp,Santa Maria,-23.524697,-46.6954,site,furto,,30,2,manha,aberto,39,nao,nao,nao,2.94,28,15,baixa,,
DD-00147,2025-01-26,Campinas,SP,Boa Vista,-22.827835,-47.126882,presencial,fraude_online,3,12,5,noite,aberto,0,nao,nao,nao,4.92,29,20,alta,pendente,
DD-00148,2025-06-10,Goiânia,GO,Santa Maria,-16.680405,-49.229949,presencial,furto,83,20,2,tarde,em_andamento,115,sim,sim,nao,2.1,40,22,media,pendente,
DD-00149,26/08/2025,Curitiba,PR,Planalto,-25.418972,-49.234775,presencial,ameaca,60,23,3,tarde,procesado,68,sim,sim,nao,4.71,0,0,baixa,validado,
DD-00150,2025-06-26,Belo Horizonte,mg,Universitario,-19.912476,-43.892173,presencial,perda_doc,39,20,5,manha,arquivado,65,sim,sim,nao,"3,31",32,28,baixa,pendente,
DD-00151,29/05/2025,Belo Horizonte,MG,Industrial,"-19,953085",-43.865168,site,perda_documento,17,13,3,tarde,,24,sim,sim,nao,2.9,25,18,baixa,procesado,
DD-00152,2025-02-21,Salvador,BA,Boa Vista,-12.963138,"-38,570423",site,furto,7,26,3,manha,procesado,61,sim,sim,nao,"3,03",58,25,media,cancelado,
DD-00153,2025-03-12,Belo Horizonte,MG,Planalto,-19.860769,-43.927937,site,fraude_online,6,10,7,tarde,concluido,96,sim,sim,nao,2.25,58,37,media,validado,
DD-00154,2025-02-17,Belo Horizonte,MG,Universitario,-19.883455,-43.86407,site,fraude_online,16,22,6,tarde,em_andamento,25,sim,nao,sim,3.31,0,0,baixa,procesado,
DD-00155,2025-08-21,Uberaba,MG,Centro,-19.795275,-48.003159,presencial,ameaca,15,5,4,tarde,,87,sim,nao,sim,3.54,11,4,alta,pendente,
DD-00156,2025-06-17,Goiânia,GO,Universitario,-16.617825,-49.306815,presencial,furto,49,31,4,tarde,,35,sim,sim,nao,4.57,38,27,urgente,procesado,
DD-00157,2025-07-27,Goiânia,GO,Morumbi,-16.655648,-49.213204,presencial,roubo_celular,2,17,2,manha,em_andamento,51,sim,sim,nao,1.75,1,0,baixa,procesado,
DD-00158,2025-01-21,Campinas,SP,Planalto,-22.881707,"-47,103455",presencial,furto,92,15,2,noite,aberto,6,sim,sim,nao,2.39,12,10,baixa,cancelado,
DD-00159,2025-01-01,Curitiba,PR,Santa Maria,-25.439596,-49.298406,app,roubo_celular,10,14,1,tarde,procesado,74,nao,nao,nao,3.07,37,33,baixa,validado,
DD-00160,2025-06-26,Goiânia,go,Planalto,-16.714864,-49.209702,presencial,fraude_online,63,3,1,manha,concluido,61,sim,sim,nao,"2,47",26,11,baixa,pendente,
DD-00161,2025-04-07,São Paulo,SP,Morumbi,-23.559678,-46.663691,app,fraude_online,0,20,5,madrugada,procesado,25,sim,sim,nao,4.68,18,10,baixa,,
DD-00162,2025-04-16,São Paulo,SP,Planalto,-23.628937,-46.616081,presencial,fraude_online,83,10,2,manha,arquivado,40,sim,sim,nao,4.97,30,26,baixa,cancelado,
DD-00163,2025-01-13,Curitiba,PR,Morumbi,"-25,403508",-49.223552,presencial,furto,79,29,2,noite,concluido,14,sim,sim,nao,5,33,26,alta,procesado,
DD-00164,2025-03-31,Campinas,SP,Planalto,-22.856422,-47.109241,presencial,roubo_celular,61,2,3,noite,concluido,102,nao,nao,nao,2.62,13,9,media,cancelado,
DD-00165,01-14-2025,Uberaba,MG,Planalto,-19.809997,-47.897308,presencial,outros,38,24,4,tarde,procesado,50,sim,sim,nao,"2,95",48,18,media,validado,
DD-00166,2025-06-30,Curitiba,PR,Centro,-25.414898,-49.26721,presencial,outros,49,26,7,manha,em_andamento,114,sim,sim,nao,3.36,31,15,media,procesado,
DD-00167,data_invalida,Curitiba,PR,Planalto,"-25,490673","-49,210746",app,ameaca,4,15,2,noite,aberto,61,sim,nao,sim,2.48,14,6,baixa,cancelado,
DD-00168,2025-04-08,Campinas,SP,Morumbi,-22.927189,-47.057821,presencial,roubo_celular,65,6,6,madrugada,em_andamento,59,nao,nao,nao,4.73,28,16,baixa,cancelado,
DD-00169,2025-01-06,Uberaba,MG,Industrial,-19.719584,-47.865743,site,fraude_online,18,24,3,manha,arquivado,54,sim,sim,nao,2.45,9,7,media,,
DD-00170,2025-01-17,Uberlândia,MG,Centro,"-18,954986",-48.213652,presencial,furto,55,13,1,noite,,97,sim,sim,nao,"3,16",27,22,baixa,cancelado,
DD-00171,09/04/2025,Campinas,sp,Planalto,"-22,826125",-47.037959,presencial,fraude_online,29,8,3,tarde,aberto,1,sim,nao,sim,3.96,55,22,baixa,pendente,
DD-00172,10/04/2025,salvador,ba,Jardim America,-12.924715,-38.423958,presencial,perda_documento,26,10,2,noite,procesado,6,sim,sim,nao,2.93,25,10,baixa,validado,
DD-00173,2025-09-12,Belo Horizonte,MG,Industrial,-19.982688,-43.88464,site,ameaca,17,2,3,manha,procesado,19,sim,sim,nao,1.5,21,10,alta,,
DD-00174,14/10/2025,Campinas,SP,Morumbi,-22.981754,-47.100075,presencial,roubo_celular,122,23,3,noite,arquivado,3,sim,sim,nao,5,21,12,baixa,cancelado,
DD-00175,04-24-2025,Salvador,BA,Morumbi,-12.925226,-38.556988,presencial,perda_documento,48,8,7,noite,arquivado,9,sim,sim,nao,"3,83",21,13,baixa,validado,
DD-00176,2025-09-09,são paulo,SP,Industrial,-23.591009,-46.677065,site,fraude_online,7,34,2,tarde,concluido,21,sim,nao,sim,1.7,45,18,media,validado,
DD-00177,2025-09-09,Salvador,BA,Universitario,-12.977334,-38.55164,app,perda_documento,5,37,3,tarde,,16,sim,nao,sim,"4,44",66,30,baixa,cancelado,
DD-00178,07-15-2025,Goiânia,GO,Industrial,-16.610947,-49.320973,presencial,perda_doc,0,17,2,tarde,,138,sim,sim,nao,"3,18",51,22,baixa,cancelado,
DD-00179,data_invalida,Uberaba,MG,Industrial,-19.815853,-47.901329,presencial,furto,74,35,2,tarde,arquivado,21,nao,nao,nao,1.91,7,5,baixa,validado,
DD-00180,2025-06-16,Salvador,BA,Santa Maria,"-13,025699","-38,49208",presencial,furto,17,33,5,noite,em_andamento,33,nao,nao,nao,2.02,39,30,media,validado,
DD-00181,2025-08-28,Uberaba,MG,Jardim America,-19.731249,-47.995661,app,perda_documento,2,2,2,manha,concluido,0,sim,sim,nao,"3,02",14,7,baixa,procesado,
DD-00182,2025-04-21,Salvador,BA,Planalto,-12.952911,-38.573646,presencial,furto,22,47,1,tarde,arquivado,0,sim,sim,nao,"3,49",29,14,media,,
DD-00183,2025-05-06,Uberlândia,MG,Centro,-18.947227,-48.254723,presencial,perda_documento,39,18,5,manha,arquivado,74,nao,nao,nao,0.95,26,13,media,pendente,
DD-00184,2025-10-12,Uberaba,MG,Centro,"-19,736313",-48.013751,presencial,roubo_celular,52,11,2,tarde,em_andamento,77,nao,nao,nao,3.82,31,24,media,,
DD-00185,2025-04-07,uberaba,MG,Santa Maria,-19.72199,-47.976083,site,fraude_online,12,18,4,manha,em_andamento,39,sim,sim,nao,"3,2",16,11,alta,validado,
DD-00186,2025-01-08,Curitiba,PR,Planalto,-25.360064,-49.194476,presencial,perda_doc,24,17,6,noite,arquivado,91,sim,sim,nao,3.28,31,20,baixa,pendente,
DD-00187,2025-04-09,Goiânia,GO,Boa Vista,-16.653668,-49.222356,presencial,fraude_online,57,18,4,manha,aberto,130,sim,nao,sim,2.78,39,28,media,cancelado,
DD-00188,2025-01-24,Uberlândia,MG,Morumbi,-18.986368,-48.325732,presencial,fraude_online,66,23,3,tarde,em_andamento,46,sim,sim,nao,4.04,2,1,baixa,pendente,
DD-00189,2025-10-23,Belo Horizonte,MG,Centro,"-19,87721","-43,982004",site,perda_documento,7,27,2,noite,arquivado,24,nao,nao,nao,3.1,45,23,media,,
DD-00190,2025-03-18,Belo Horizonte,MG,Morumbi,-19.858283,-43.873047,presencial,furto,28,8,4,tarde,,72,sim,nao,sim,5,19,8,media,validado,
DD-00191,2025-10-14,Campinas,sp,Santa Maria,"-22,889393",-47.127306,app,furto,11,16,3,tarde,arquivado,99,sim,nao,sim,3.33,17,7,media,validado,
DD-00192,2025-01-08,Uberlândia,MG,Santa Maria,-18.989014,"-48,220331",app,roubo_celular,8,6,2,manha,concluido,0,sim,nao,sim,4.33,12,8,baixa,validado,
DD-00193,2025-08-21,Goiânia,GO,Centro,-16.758726,-49.292783,presencial,fraude_online,32,22,5,manha,procesado,70,sim,nao,sim,2.6,14,8,baixa,pendente,
DD-00194,data_invalida,Uberaba,mg,Jardim America,-19.706582,-47.897294,presencial,furto,39,25,3,noite,arquivado,37,sim,nao,sim,"3,43",17,11,baixa,,
DD-00195,data_invalida,Curitiba,PR,Jardim America,-25.468068,"-49,201486",presencial,furto,7,15,5,tarde,aberto,0,sim,nao,sim,2.64,53,30,alta,procesado,
DD-00196,2025-07-30,Curitiba,pr,Industrial,-25.421514,-49.320063,site,perda_documento,0,9,3,noite,concluido,63,nao,nao,nao,2.15,5,1,media,validado,
DD-00197,2025-09-04,Uberlândia,MG,Universitario,-18.859354,-48.240551,presencial,fraude_online,90,20,5,noite,,0,sim,sim,nao,3.18,17,12,baixa,cancelado,
DD-00198,2025-02-15,Curitiba,PR,Santa Maria,-25.48103,-49.287441,site,furto,25,20,3,noite,em_andamento,82,sim,sim,nao,4.24,6,4,baixa,validado,
DD-00199,2025-04-02,Curitiba,PR,Santa Maria,-25.469506,-49.267729,site,perda_documento,6,32,6,madrugada,aberto,78,sim,sim,nao,5,38,28,media,cancelado,
DD-00200,2025-01-04,Campinas,SP,Planalto,"-22,916459","-47,058605",app,ameaca,,13,2,manha,,17,sim,sim,nao,4.12,6,4,baixa,pendente,
DD-00201,06-09-2025,belo horizonte,MG,Morumbi,-19.991573,"-43,860098",site,perda_documento,1,17,1,manha,em_andamento,39,sim,nao,sim,4.32,13,10,media,validado,
DD-00202,2025-06-10,Campinas,SP,Centro,-22.980755,-47.000326,app,roubo_celular,28,27,2,manha,concluido,48,nao,nao,nao,4.46,4,1,alta,,
DD-00203,2025-04-14,são paulo,SP,Centro,-23.616216,-46.640727,presencial,furto,72,26,3,noite,em_andamento,26,sim,sim,nao,5,12,9,baixa,validado,
DD-00204,2025-05-28,belo horizonte,MG,Morumbi,-19.904978,"-43,896776",site,furto,6,19,3,tarde,aberto,35,sim,nao,sim,"3,02",28,17,baixa,pendente,
DD-00205,2025-02-27,Goiânia,go,Jardim America,-16.731321,-49.186113,site,ameaca,11,23,4,tarde,,32,sim,sim,nao,4.39,27,21,media,pendente,
DD-00206,2025-09-25,Uberaba,MG,Planalto,"-19,821076",-47.908942,site,perda_documento,11,34,4,manha,arquivado,53,sim,sim,nao,"3,85",0,0,baixa,validado,
DD-00207,05-05-2025,São Paulo,sp,Jardim America,-23.573249,"-46,702657",app,furto,8,20,1,noite,concluido,4,sim,sim,nao,3.79,2,1,media,,
DD-00208,01-20-2025,Salvador,BA,Universitario,-13.00186,-38.43756,app,furto,10,25,2,manha,procesado,44,sim,sim,nao,3.34,0,0,baixa,procesado,
DD-00209,2025-01-27,São Paulo,SP,Industrial,-23.617576,-46.699394,presencial,perda_documento,13,37,2,tarde,em_andamento,31,nao,nao,nao,5,2,0,alta,procesado,
DD-00210,11/05/2025,Goiânia,GO,Jardim America,-16.732737,-49.332489,presencial,furto,31,7,1,manha,aberto,82,nao,nao,nao,3.64,23,8,baixa,cancelado,
DD-00211,2025-03-26,Uberaba,MG,Santa Maria,-19.68552,"-47,875062",site,fraude_online,30,12,8,madrugada,procesado,107,sim,sim,nao,2.87,15,7,baixa,pendente,
DD-00212,2025-09-26,Campinas,sp,Jardim America,-22.900657,-47.11682,site,outros,0,31,3,tarde,arquivado,50,sim,sim,nao,1.37,34,23,baixa,pendente,
DD-00213,2025-04-24,Belo Horizonte,MG,Universitario,"-19,959984",-43.869019,presencial,roubo_celular,9,4,6,manha,concluido,54,nao,nao,nao,1.22,31,26,urgente,,
DD-00214,2025-09-24,Goiânia,GO,Industrial,-16.730378,-49.252773,app,roubo_celular,16,32,5,noite,procesado,40,nao,nao,nao,4.14,2,0,baixa,procesado,
DD-00215,2025-06-15,Uberaba,MG,Morumbi,-19.751605,-47.924545,presencial,fraude_online,2,13,3,tarde,em_andamento,82,sim,nao,sim,2.02,0,0,media,,
DD-00216,2025-02-24,uberlândia,MG,Planalto,"-18,980318",-48.241112,site,perda_documento,12,2,7,tarde,em_andamento,3,sim,sim,nao,4.02,32,23,alta,pendente,
DD-00217,05-30-2025,Salvador,BA,Jardim America,"-13,036307",-38.496186,site,fraude_online,7,14,2,madrugada,procesado,32,sim,sim,nao,4.2,14,4,baixa,validado,
DD-00218,2025-02-28,Salvador,BA,Santa Maria,"-12,905316",-38.470489,presencial,roubo_celular,6,12,5,noite,em_andamento,64,sim,sim,nao,2.97,24,20,media,validado,
DD-00219,2025-08-11,Curitiba,PR,Morumbi,"-25,36874",-49.229717,presencial,fraude on-line,11,9,5,noite,,71,sim,sim,nao,4.1,38,23,media,cancelado,
DD-00220,2025-01-13,Curitiba,PR,Industrial,-25.486335,-49.302845,presencial,furto,23,17,5,manha,concluido,21,nao,nao,nao,2.84,0,0,media,pendente,
DD-00221,2025-09-05,Curitiba,PR,Boa Vista,-25.44189,-49.203617,presencial,furto,0,19,4,madrugada,,49,nao,nao,nao,1.51,46,32,media,procesado,
DD-00222,2025-01-28,Salvador,BA,Universitario,"-12,963321",-38.477064,app,perda_documento,10,34,2,noite,,15,sim,nao,sim,5,14,12,media,procesado,
DD-00223,2025-04-01,Belo Horizonte,MG,Jardim America,-19.896562,"-43,915195",presencial,roubo_celular,73,32,5,manha,,0,sim,sim,nao,4.87,5,1,baixa,cancelado,
DD-00224,2025-09-02,Uberlândia,MG,Jardim America,-18.935304,"-48,303112",presencial,furto,83,16,3,manha,concluido,93,sim,sim,nao,3.25,17,14,media,pendente,
DD-00225,05/05/2025,Campinas,SP,Boa Vista,-22.91242,-47.042565,site,furto,0,25,6,madrugada,concluido,62,sim,nao,sim,4.95,19,8,alta,,
DD-00226,2025-05-08,Salvador,BA,Morumbi,-13.045525,-38.517639,presencial,fraude_online,0,24,1,noite,procesado,24,sim,nao,sim,1.92,56,26,baixa,pendente,
DD-00227,2025-08-24,Uberlândia,MG,Planalto,-18.90304,-48.233324,presencial,perda_documento,74,20,5,manha,em_andamento,55,sim,nao,sim,5,26,10,alta,pendente,
DD-00228,07-21-2025,Salvador,BA,Morumbi,-13.005181,-38.42751,presencial,perda_documento,69,20,4,noite,arquivado,69,nao,nao,nao,3.38,39,15,alta,pendente,
DD-00229,2025-03-22,Curitiba,PR,Industrial,-25.367204,-49.268352,presencial,furto,7,21,5,noite,arquivado,23,sim,sim,nao,4.06,37,29,baixa,validado,
DD-00230,2025-10-26,Goiânia,GO,Boa Vista,-16.737257,-49.226421,presencial,ameaca,68,8,4,manha,arquivado,101,sim,sim,nao,5,57,43,baixa,,
DD-00231,09-27-2025,Salvador,ba,Universitario,-13.051369,-38.454554,presencial,fraude_online,44,25,4,manha,aberto,47,sim,nao,sim,1.94,8,3,media,validado,
DD-00232,data_invalida,Campinas,SP,Planalto,-22.905136,"-47,06104",site,furto,6,36,1,noite,procesado,49,nao,nao,nao,2.69,33,11,baixa,validado,
DD-00233,06-23-2025,Uberaba,MG,Santa Maria,-19.762824,"-47,940348",presencial,fraude_online,45,33,4,noite,aberto,0,sim,nao,sim,3.31,48,35,baixa,validado,
DD-00234,2025-01-18,Campinas,SP,Morumbi,-22.896782,-47.119534,presencial,perda_documento,20,20,1,noite,aberto,58,sim,nao,sim,2.98,5,2,media,validado,
DD-00235,2025-07-24,Curitiba,PR,Jardim America,-25.402491,-49.214085,presencial,perda_documento,19,22,3,tarde,concluido,27,sim,nao,sim,3.18,4,2,alta,,
DD-00236,2025-08-01,Belo Horizonte,MG,Universitario,-19.981725,-43.956326,presencial,fraude_online,32,8,5,tarde,,76,sim,nao,sim,"2,3",16,12,media,pendente,
DD-00237,2025-02-15,Uberlândia,MG,Boa Vista,"-18,851532",-48.290603,presencial,roubo_celular,75,30,9,manha,em_andamento,78,nao,nao,nao,4.51,31,22,media,validado,
DD-00238,2025-10-19,Curitiba,PR,Morumbi,"-25,396313",-49.264443,presencial,fraude_online,99,12,3,noite,aberto,9,sim,sim,nao,4.87,28,19,baixa,cancelado,
DD-00239,2025-08-27,Curitiba,PR,Jardim America,-25.496014,"-49,249566",presencial,perda_documento,87,21,4,manha,procesado,71,sim,sim,nao,4.43,0,0,baixa,cancelado,
DD-00240,2025-10-25,campinas,SP,Boa Vista,-22.912338,"-46,991058",presencial,fraude on-line,55,19,4,manha,em_andamento,0,sim,sim,nao,5,22,19,media,validado,
DD-00241,01/01/2025,Salvador,BA,Santa Maria,-12.91194,-38.565723,presencial,fraude_online,27,14,1,tarde,,23,sim,sim,nao,4.26,36,16,alta,cancelado,
DD-00242,2025-06-01,Uberlândia,MG,Industrial,-18.957223,-48.234612,presencial,ameaca,56,16,4,manha,aberto,0,sim,sim,nao,4.89,59,27,media,,
DD-00243,2025-02-20,Belo Horizonte,MG,Centro,"-19,850786",-43.89883,app,fraude_online,13,19,3,manha,concluido,16,sim,nao,sim,"0,16",34,14,baixa,cancelado,
DD-00244,data_invalida,São Paulo,SP,Centro,-23.488287,"-46,595517",presencial,furto,13,29,3,manha,procesado,24,sim,sim,nao,2.33,15,12,media,pendente,
DD-00245,data_invalida,Belo Horizonte,MG,Industrial,-19.883577,"-43,98274",site,ameaca,9,18,3,noite,concluido,10,sim,nao,sim,4.32,3,2,baixa,,
DD-00246,2025-07-24,Salvador,BA,Jardim America,-12.984801,-38.449276,site,fraude_online,6,17,4,tarde,em_andamento,79,sim,sim,nao,"4,85",15,12,baixa,cancelado,
DD-00247,02-03-2025,São Paulo,SP,Universitario,-23.55878,-46.580737,presencial,fraude_online,63,11,1,tarde,,87,nao,nao,nao,3.82,33,12,media,procesado,
DD-00248,2025-02-19,Belo Horizonte,MG,Jardim America,-19.849489,-43.870013,site,furto,3,23,4,noite,,79,nao,nao,nao,3.63,6,2,alta,,
DD-00249,2025-10-07,Uberlândia,mg,Industrial,-18.942292,-48.220423,site,ameaca,3,23,2,tarde,arquivado,0,sim,sim,nao,3.66,51,23,baixa,validado,
DD-00250,2025-06-20,Campinas,SP,Boa Vista,-22.917345,-47.028445,site,perda_documento,0,43,1,manha,aberto,47,sim,sim,nao,"3,04",41,30,media,,
DD-00251,2025-03-10,curitiba,PR,Santa Maria,-25.472585,-49.278699,presencial,perda_documento,60,21,4,tarde,procesado,60,sim,nao,sim,2.5,64,53,baixa,,
DD-00252,data_invalida,Belo Horizonte,MG,Morumbi,-19.934439,-43.873909,site,furto,35,16,5,tarde,em_andamento,76,sim,sim,nao,"0,58",10,4,media,procesado,
DD-00253,2025-03-06,Belo Horizonte,MG,Planalto,-19.904599,"-43,891836",site,furto,14,12,4,manha,,44,nao,nao,nao,3.22,15,8,media,pendente,
DD-00254,2025-06-19,Uberlândia,MG,Universitario,"-18,853974",-48.233867,presencial,ameaca,0,15,7,madrugada,,30,sim,nao,sim,"4,58",0,0,alta,,
DD-00255,2025-02-16,belo horizonte,MG,Santa Maria,-19.874903,-43.931043,site,furto,9,30,1,manha,arquivado,55,sim,nao,sim,"1,04",36,27,baixa,pendente,
DD-00256,2025-09-24,Goiânia,GO,Centro,-16.713149,-49.325055,totem,furto,81,32,6,manha,em_andamento,2,sim,sim,nao,4.68,13,8,media,validado,
DD-00257,13/05/2025,Campinas,SP,Morumbi,"-22,840017",-47.065461,site,perda_documento,23,12,3,madrugada,arquivado,40,sim,sim,nao,2.74,35,13,baixa,procesado,
DD-00258,01-10-2025,Curitiba,PR,Jardim America,-25.424246,-49.214398,app,outros,12,2,8,tarde,procesado,148,sim,nao,sim,4.8,13,10,baixa,cancelado,
DD-00259,2025-04-30,Goiânia,GO,Jardim America,-16.700059,-49.262998,site,fraude_online,3,24,4,noite,concluido,42,nao,nao,nao,4.67,17,10,baixa,procesado,
DD-00260,2025-09-30,Belo Horizonte,MG,Centro,-19.969377,-43.939459,presencial,fraude_online,30,23,7,tarde,procesado,4,nao,nao,nao,4.64,42,26,alta,pendente,
DD-00261,2025-05-22,Salvador,BA,Industrial,-12.969043,-38.540426,presencial,furto,30,4,4,tarde,procesado,76,nao,nao,nao,4.17,28,17,media,cancelado,
DD-00262,2025-05-05,Uberaba,MG,Jardim America,-19.712682,"-47,859437",totem,furto,57,16,3,madrugada,procesado,30,sim,nao,sim,3.25,33,20,baixa,cancelado,
DD-00263,2025-02-20,Uberlândia,MG,Morumbi,-18.968447,-48.316238,app,ameaca,7,17,1,noite,procesado,52,sim,sim,nao,3.59,21,15,baixa,procesado,
DD-00264,2025-07-05,Campinas,SP,Planalto,-22.897176,-47.008849,totem,perda_documento,11,22,1,tarde,em_andamento,33,nao,nao,nao,4.33,46,39,baixa,pendente,
DD-00265,data_invalida,Curitiba,PR,Planalto,-25.378491,-49.343631,site,furto,16,5,4,noite,procesado,96,sim,sim,nao,2.14,19,13,alta,validado,
DD-00266,2025-05-20,goiânia,GO,Centro,-16.686229,-49.258044,site,furto,4,17,7,tarde,,56,sim,sim,nao,5,17,8,baixa,pendente,
DD-00267,2025-09-29,São Paulo,SP,Universitario,-23.486646,-46.573622,site,perda_doc,4,49,8,tarde,procesado,71,sim,sim,nao,3.15,33,22,media,pendente,
DD-00268,2025-10-15,São Paulo,SP,Industrial,"-23,557551",-46.562442,totem,fraude_online,51,27,4,manha,concluido,41,sim,sim,nao,4.35,22,8,alta,validado,
DD-00269,2025-09-01,São Paulo,SP,Planalto,-23.540206,"-46,657589",presencial,roubo_celular,23,18,5,manha,,31,nao,nao,nao,4.28,3,2,baixa,procesado,
DD-00270,06-21-2025,Uberaba,MG,Santa Maria,-19.714142,-47.961381,presencial,fraude_online,52,14,2,manha,concluido,92,sim,nao,sim,4.49,29,10,media,pendente,
DD-00271,2025-03-08,Belo Horizonte,MG,Morumbi,-19.925887,"-43,867835",site,furto,12,35,3,madrugada,concluido,51,sim,nao,sim,"3,56",1,0,baixa,pendente,
DD-00272,2025-06-07,Goiânia,GO,Morumbi,-16.677838,-49.262999,presencial,perda_documento,66,33,4,manha,procesado,42,nao,nao,nao,2.59,14,11,media,procesado,
DD-00273,02-26-2025,Uberaba,MG,Industrial,-19.705002,-47.900952,site,furto,14,23,5,manha,em_andamento,0,nao,nao,nao,3.35,38,18,alta,procesado,
DD-00274,2025-02-17,São Paulo,SP,Planalto,-23.614328,-46.561245,presencial,fraude_online,67,12,2,tarde,,20,sim,sim,nao,"4,38",5,2,media,,
DD-00275,14/06/2025,Campinas,SP,Industrial,"-22,904773",-46.988985,site,furto,3,4,5,noite,arquivado,54,sim,nao,sim,2.89,45,36,media,validado,
DD-00276,15/08/2025,Uberaba,MG,Industrial,-19.729348,-47.926007,presencial,perda_documento,90,27,1,madrugada,procesado,36,sim,sim,nao,3.03,24,17,baixa,pendente,
DD-00277,2025-01-11,Belo Horizonte,MG,Jardim America,-19.883797,"-43,992301",presencial,fraude_online,65,2,1,noite,em_andamento,41,sim,sim,nao,"3,15",46,17,media,validado,
DD-00278,2025-03-03,uberaba,MG,Planalto,-19.703139,-47.997914,site,perda_documento,1,27,5,noite,,85,sim,nao,sim,3.46,0,0,baixa,cancelado,
DD-00279,2025-09-15,Uberaba,MG,Industrial,-19.749205,-47.944092,presencial,perda_documento,34,9,4,noite,aberto,0,sim,nao,sim,5,0,0,baixa,pendente,
DD-00280,2025-07-05,Salvador,BA,Industrial,-12.926872,-38.53934,presencial,furto,57,16,3,manha,concluido,0,sim,nao,sim,2.64,49,17,media,pendente,
DD-00281,16/01/2025,Campinas,SP,Centro,-22.831193,-46.986032,presencial,perda_documento,48,12,6,noite,em_andamento,73,sim,sim,nao,4.19,0,0,baixa,,
DD-00282,2025-03-02,Goiânia,GO,Boa Vista,-16.690445,"-49,302646",app,perda_documento,9,30,3,tarde,procesado,0,sim,sim,nao,"3,71",45,31,baixa,procesado,
DD-00283,09-01-2025,São Paulo,SP,Jardim America,-23.593737,-46.679821,app,roubo celular,5,31,4,noite,em_andamento,42,nao,nao,nao,3.42,13,9,baixa,procesado,
DD-00284,07-17-2025,Belo Horizonte,MG,Universitario,-19.909054,-43.923282,site,furto,0,15,2,tarde,aberto,62,sim,sim,nao,3.87,23,8,media,pendente,
DD-00285,2025-03-28,Uberlândia,MG,Industrial,-18.953514,-48.252679,site,perda_documento,3,21,5,noite,arquivado,48,sim,sim,nao,3.28,51,25,baixa,procesado,
DD-00286,2025-03-09,São Paulo,SP,Centro,-23.624294,-46.666716,presencial,ameaca,53,42,7,tarde,procesado,54,sim,nao,sim,5,67,37,baixa,pendente,
DD-00287,2025-09-15,curitiba,PR,Santa Maria,-25.462566,-49.314157,site,furto,22,24,5,tarde,procesado,54,nao,nao,nao,4.48,25,20,alta,pendente,
DD-00288,2025-08-07,Goiânia,go,Boa Vista,-16.663001,-49.198656,presencial,ameaca,96,33,7,noite,,46,sim,sim,nao,3.38,58,26,media,cancelado,
DD-00289,2025-03-08,Belo Horizonte,MG,Santa Maria,-19.928411,"-43,893537",presencial,perda_documento,0,7,2,noite,aberto,14,nao,nao,nao,1.86,0,0,media,,
DD-00290,2025-06-15,São Paulo,SP,Centro,-23.489977,-46.611106,presencial,ameaca,31,31,5,noite,arquivado,9,nao,nao,nao,3.45,0,0,baixa,,
DD-00291,2025-01-08,Curitiba,PR,Planalto,-25.505086,-49.283937,presencial,furto,23,6,3,madrugada,,32,sim,sim,nao,4.38,28,20,baixa,pendente,
DD-00292,2025-03-17,Uberaba,MG,Boa Vista,-19.710798,-47.960678,app,furto,0,34,3,tarde,aberto,37,sim,sim,nao,2.37,47,23,media,procesado,
DD-00293,2025-04-11,Belo Horizonte,MG,Industrial,-19.97014,"-43,914538",presencial,fraude_online,31,25,1,manha,em_andamento,30,nao,nao,nao,4.18,37,27,urgente,,
DD-00294,2025-04-09,Belo Horizonte,MG,Santa Maria,-19.876533,-44.011469,totem,furto,73,12,1,noite,arquivado,0,nao,nao,nao,"4,57",28,15,media,pendente,
DD-00295,2025-01-23,Curitiba,PR,Universitario,-25.404758,-49.319596,presencial,fraude_online,0,16,2,madrugada,em_andamento,14,sim,nao,sim,3.23,0,0,alta,cancelado,
DD-00296,data_invalida,Uberaba,MG,Morumbi,-19.775895,-47.91961,presencial,furto,28,21,1,noite,em_andamento,51,nao,nao,nao,2.46,0,0,media,procesado,
DD-00297,2025-04-07,Uberaba,MG,Centro,-19.760219,-47.953119,site,roubo_celular,1,17,2,noite,concluido,0,sim,nao,sim,1.85,7,4,baixa,procesado,
DD-00298,2025-01-18,São Paulo,SP,Morumbi,-23.60643,-46.584099,presencial,fraude_online,10,28,4,tarde,arquivado,0,sim,nao,sim,"2,46",57,24,baixa,validado,
DD-00299,data_invalida,Salvador,BA,Boa Vista,-12.89773,-38.544985,presencial,furto,29,20,6,manha,em_andamento,27,nao,nao,nao,4.95,28,20,baixa,pendente,
DD-00300,2025-07-04,São Paulo,sp,Planalto,-23.512879,-46.567607,app,fraude_online,6,35,3,noite,arquivado,15,nao,nao,nao,5,2,1,media,,
DD-00301,2025-09-30,goiânia,GO,Industrial,-16.704564,-49.213561,site,roubo_celular,0,17,3,manha,concluido,42,sim,sim,nao,3.83,37,28,media,pendente,
DD-00302,2025-02-20,Uberlândia,MG,Universitario,-18.915398,-48.289272,presencial,roubo_celular,69,23,2,madrugada,aberto,53,nao,nao,nao,"3,06",25,19,baixa,procesado,
DD-00303,2025-02-24,Curitiba,PR,Boa Vista,-25.442541,"-49,281942",app,furto,8,28,5,manha,aberto,112,sim,sim,nao,4.26,32,14,baixa,cancelado,
DD-00304,2025-09-04,Belo Horizonte,MG,Boa Vista,"-19,974777",-43.934097,presencial,ameaca,38,12,6,tarde,em_andamento,94,sim,sim,nao,2.19,30,15,alta,validado,
DD-00305,2025-06-04,Salvador,BA,Morumbi,-12.946793,-38.46666,app,fraude on-line,10,18,5,noite,,47,sim,sim,nao,4.39,37,26,baixa,cancelado,
DD-00306,2025-06-18,São Paulo,SP,Industrial,-23.609659,-46.656145,presencial,perda_documento,19,12,4,madrugada,,60,sim,sim,nao,4.75,42,18,alta,pendente,
DD-00307,20/06/2025,Campinas,SP,Planalto,-22.930909,-47.118602,presencial,ameaca,55,2,5,madrugada,em_andamento,0,sim,nao,sim,"3,36",8,4,baixa,validado,
DD-00308,2025-03-01,São Paulo,SP,Morumbi,-23.562684,-46.563601,presencial,perda_doc,84,22,1,tarde,concluido,35,sim,nao,sim,3.46,24,15,alta,pendente,
DD-00309,2025-03-06,Curitiba,PR,Centro,-25.47754,-49.302788,presencial,outros,83,14,1,tarde,concluido,43,sim,sim,nao,4.1,32,19,media,procesado,
DD-00310,2025-01-31,Uberaba,MG,Industrial,"-19,807696","-47,987354",presencial,fraude_online,62,8,4,tarde,,27,nao,nao,nao,4.95,25,10,alta,validado,
DD-00311,2025-06-14,Salvador,BA,Industrial,-12.958995,-38.467367,app,ameaca,6,9,4,madrugada,em_andamento,15,sim,sim,nao,3.74,14,12,media,,
DD-00312,2025-10-23,Goiânia,GO,Industrial,-16.662554,-49.230813,presencial,fraude on-line,18,19,6,noite,,30,sim,nao,sim,4.82,60,51,media,procesado,
DD-00313,2025-04-25,Salvador,BA,Planalto,-12.946018,-38.490374,presencial,fraude_online,16,21,3,tarde,procesado,9,sim,sim,nao,2.91,33,26,media,pendente,
DD-00314,2025-05-20,Goiânia,GO,Santa Maria,-16.607606,-49.299228,presencial,outros,52,26,3,noite,em_andamento,57,sim,nao,sim,"3,53",21,14,baixa,procesado,
DD-00315,2025-05-19,Curitiba,PR,Jardim America,-25.500088,-49.201206,presencial,furto,51,31,1,manha,,16,sim,sim,nao,"4,03",24,10,media,,
DD-00316,2025-05-12,Uberaba,MG,Universitario,-19.790311,-47.959976,totem,perda_doc,23,25,6,manha,em_andamento,69,sim,sim,nao,4.11,21,8,baixa,pendente,
DD-00317,2025-10-08,são paulo,SP,Universitario,-23.626774,-46.596202,site,furto,1,10,4,manha,em_andamento,50,sim,nao,sim,4.54,69,33,baixa,cancelado,
DD-00318,2025-10-23,São Paulo,SP,Jardim America,-23.625744,-46.670495,presencial,fraude_online,61,36,4,manha,procesado,26,sim,nao,sim,2.39,28,16,media,cancelado,
DD-00319,2025-02-01,Salvador,BA,Universitario,-13.004473,-38.484227,site,roubo_celular,0,9,3,manha,procesado,9,nao,nao,nao,3.44,7,3,urgente,pendente,
DD-00320,2025-10-22,Uberaba,MG,Santa Maria,-19.668123,-47.91054,site,perda_documento,0,16,4,noite,,92,sim,sim,nao,3.73,34,16,alta,validado,
DD-00321,12/05/2025,Curitiba,PR,Morumbi,-25.491406,-49.200668,totem,perda_documento,24,6,6,manha,procesado,59,nao,nao,nao,3.6,15,12,baixa,validado,
DD-00322,2025-08-25,São Paulo,SP,Santa Maria,-23.510749,-46.701373,presencial,fraude_online,50,19,5,manha,em_andamento,8,sim,sim,nao,3.81,17,14,baixa,procesado,
DD-00323,2025-10-15,Goiânia,GO,Industrial,"-16,64778",-49.32598,app,furto,2,24,2,noite,arquivado,0,nao,nao,nao,4.09,35,21,baixa,pendente,
DD-00324,2025-06-30,Uberlândia,MG,Morumbi,-18.889384,-48.271082,presencial,outros,32,26,5,tarde,arquivado,83,sim,sim,nao,1.76,37,20,baixa,procesado,
DD-00325,01-11-2025,belo horizonte,MG,Boa Vista,-19.894112,-43.86635,presencial,fraude_online,122,19,8,tarde,em_andamento,7,sim,sim,nao,3.63,0,0,baixa,,
DD-00326,2025-10-13,campinas,SP,Industrial,-22.829285,-47.119123,presencial,outros,21,33,2,manha,procesado,22,sim,sim,nao,2.89,36,29,media,procesado,
DD-00327,2025-09-23,Campinas,SP,Industrial,-22.889978,"-47,046654",site,fraude_online,4,28,1,tarde,procesado,0,sim,nao,sim,2.79,17,8,baixa,,
DD-00328,2025-06-01,Belo Horizonte,MG,Planalto,-19.976816,-43.898723,presencial,furto,33,28,5,manha,em_andamento,54,sim,sim,nao,"4,5",44,39,baixa,procesado,
DD-00329,2025-03-14,Uberaba,MG,Boa Vista,-19.82624,"-47,928979",site,furto,12,25,2,tarde,concluido,33,nao,nao,nao,4.39,32,11,media,,
DD-00330,2025-09-21,uberlândia,MG,Jardim America,"-18,95229",-48.268753,site,fraude_online,9,17,1,tarde,,43,sim,sim,nao,5,6,3,baixa,pendente,
DD-00331,24/06/2025,São Paulo,SP,Universitario,-23.52139,-46.664561,presencial,perda_documento,57,25,5,manha,,59,sim,sim,nao,3.9,4,2,alta,pendente,
DD-00332,2025-08-21,Curitiba,PR,Industrial,"-25,349756",-49.233434,presencial,ameaca,66,24,5,manha,,61,sim,sim,nao,2.44,13,9,baixa,cancelado,
DD-00333,2025-10-02,Curitiba,PR,Morumbi,-25.438844,-49.197036,presencial,roubo_celular,7,9,2,tarde,arquivado,67,sim,sim,nao,1.47,16,13,media,validado,
DD-00334,2025-10-02,Uberaba,MG,Industrial,-19.803911,-48.003384,app,perda_documento,0,20,1,manha,arquivado,0,nao,nao,nao,4.85,0,0,baixa,validado,
DD-00335,10-06-2025,São Paulo,SP,Santa Maria,-23.594408,"-46,6218",presencial,roubo_celular,36,21,2,tarde,concluido,0,nao,nao,nao,1.83,40,29,baixa,,
DD-00336,03-03-2025,Uberaba,MG,Universitario,-19.730207,-47.882959,presencial,fraude_online,92,15,3,tarde,em_andamento,38,nao,nao,nao,3.68,9,5,media,,
DD-00337,2025-01-05,Uberaba,MG,Boa Vista,"-19,727426",-47.994783,site,fraude_online,7,19,2,manha,em_andamento,66,sim,sim,nao,2.71,15,12,baixa,pendente,
DD-00338,2025-03-18,Goiânia,GO,Morumbi,-16.616459,"-49,227813",site,fraude_online,18,25,3,manha,procesado,21,sim,sim,nao,3.91,17,11,alta,,
DD-00339,2025-10-28,Belo Horizonte,MG,Morumbi,-19.942015,-43.973225,app,fraude_online,0,23,2,tarde,em_andamento,55,sim,sim,nao,5,29,11,media,cancelado,
DD-00340,2025-03-14,Campinas,SP,Jardim America,-22.953319,-46.982263,presencial,ameaca,84,24,6,noite,aberto,82,nao,nao,nao,4.63,30,24,baixa,procesado,
DD-00341,2025-08-01,São Paulo,SP,Universitario,-23.591891,-46.578031,site,perda_documento,13,21,5,tarde,,99,nao,nao,nao,3.01,37,22,media,validado,
DD-00342,2025-06-28,Uberaba,MG,Jardim America,"-19,779197",-47.906258,site,furto,17,34,6,noite,procesado,65,sim,sim,nao,1.14,0,0,alta,validado,
DD-00343,2025-01-08,Salvador,BA,Morumbi,-13.035429,-38.422835,presencial,furto,72,31,4,noite,arquivado,0,nao,nao,nao,4.34,33,22,baixa,cancelado,
DD-00344,09-11-2025,Goiânia,GO,Industrial,-16.700373,-49.200144,presencial,furto,0,32,4,manha,procesado,0,nao,nao,nao,4.38,29,25,baixa,,
DD-00345,2025-01-13,Campinas,SP,Industrial,-22.956558,-47.099252,presencial,ameaca,24,52,3,manha,,15,sim,sim,nao,5,44,19,media,pendente,
DD-00346,2025-07-09,Campinas,SP,Planalto,-22.868542,-47.086987,presencial,furto,58,20,7,noite,aberto,39,nao,nao,nao,3.66,44,35,baixa,,
DD-00347,2025-02-18,Belo Horizonte,MG,Santa Maria,"-19,861532",-43.922494,site,roubo celular,5,35,3,tarde,concluido,7,sim,sim,nao,3.86,16,13,alta,validado,
DD-00348,2025-05-12,goiânia,GO,Boa Vista,"-16,729566",-49.300005,app,fraude_online,6,28,5,madrugada,arquivado,79,sim,sim,nao,3.59,6,4,baixa,validado,
DD-00349,2025-02-22,Salvador,BA,Boa Vista,"-13,044858",-38.436385,site,furto,13,7,4,manha,em_andamento,86,nao,nao,nao,4.74,25,8,baixa,procesado,
DD-00350,31/05/2025,Campinas,SP,Boa Vista,-22.925813,-47.009499,site,fraude_online,17,12,1,tarde,procesado,0,sim,nao,sim,5,7,3,baixa,pendente,
DD-00351,22/06/2025,São Paulo,SP,Universitario,-23.476984,-46.606942,presencial,furto,62,31,7,manha,concluido,0,sim,sim,nao,2.48,27,24,baixa,,
DD-00352,2025-05-17,São Paulo,SP,Jardim America,-23.566017,-46.655709,presencial,fraude_online,24,16,5,noite,concluido,32,sim,sim,nao,"4,24",46,22,alta,,
DD-00353,2025-04-29,Curitiba,PR,Morumbi,-25.430685,-49.25886,presencial,roubo_celular,,2,2,manha,concluido,47,nao,nao,nao,"3,73",16,14,baixa,validado,
DD-00354,2025-07-13,São Paulo,SP,Centro,-23.583175,-46.594075,presencial,furto,11,26,6,tarde,arquivado,35,sim,sim,nao,"3,89",12,5,alta,,
DD-00355,2025-02-01,Uberlândia,MG,Universitario,"-18,952648",-48.234109,presencial,ameaca,95,23,4,manha,procesado,0,nao,nao,nao,"4,38",2,0,baixa,validado,
DD-00356,2025-07-02,Campinas,SP,Planalto,-22.93693,-47.085633,presencial,roubo_celular,68,18,1,noite,procesado,35,sim,sim,nao,4.43,34,20,media,,
DD-00357,10/01/2025,Uberlândia,MG,Industrial,-18.947383,-48.310737,site,roubo_celular,20,23,1,noite,,21,sim,sim,nao,4.17,27,24,baixa,procesado,
DD-00358,2025-08-29,Uberaba,MG,Santa Maria,"-19,81387",-47.909263,app,ameaca,6,15,1,noite,em_andamento,10,sim,sim,nao,2.65,13,8,media,validado,
DD-00359,2025-10-05,Uberlândia,MG,Centro,"-18,937332",-48.214558,site,perda_documento,15,18,3,madrugada,concluido,82,nao,nao,nao,"2,12",52,19,baixa,validado,
DD-00360,2025-08-03,Salvador,ba,Universitario,-12.936742,-38.496295,app,roubo_celular,,26,5,noite,procesado,0,sim,nao,sim,4.67,38,13,media,procesado,
DD-00361,2025-06-02,São Paulo,SP,Jardim America,-23.580497,-46.638402,site,roubo celular,16,17,2,tarde,,31,sim,sim,nao,3.0,30,22,baixa,cancelado,
DD-00362,06/10/2025,Salvador,BA,Centro,-12.937882,-38.467022,totem,furto,79,11,7,tarde,aberto,49,sim,sim,nao,3.08,32,12,baixa,cancelado,
DD-00363,2025-10-03,Uberlândia,MG,Industrial,-18.923603,-48.246572,presencial,roubo_celular,39,12,4,manha,arquivado,52,nao,nao,nao,3.66,31,11,media,,
DD-00364,data_invalida,Belo Horizonte,MG,Santa Maria,-19.908607,-43.933524,presencial,furto,47,29,2,manha,em_andamento,0,sim,sim,nao,2.31,17,11,media,,
DD-00365,2025-08-30,Uberlândia,MG,Santa Maria,-18.857866,-48.222208,site,outros,2,20,4,tarde,concluido,49,nao,nao,nao,3.2,23,13,baixa,cancelado,
DD-00366,2025-07-07,São Paulo,SP,Santa Maria,-23.579689,-46.62985,site,furto,5,7,3,noite,em_andamento,1,nao,nao,nao,4.56,79,46,baixa,pendente,
DD-00367,2025-09-18,Salvador,BA,Universitario,-13.024845,"-38,541513",presencial,perda_documento,18,17,7,noite,aberto,76,nao,nao,nao,2.09,51,26,media,,
DD-00368,2025-06-29,São Paulo,SP,Centro,-23.498359,-46.662651,presencial,furto,44,23,4,noite,em_andamento,71,nao,nao,nao,3.88,13,10,baixa,validado,
DD-00369,2025-08-16,Curitiba,PR,Boa Vista,-25.470782,-49.327382,presencial,outros,58,25,5,manha,aberto,84,sim,nao,sim,5,41,34,baixa,procesado,
DD-00370,2025-08-08,Salvador,BA,Industrial,-13.030116,-38.463307,presencial,ameaca,17,37,2,madrugada,,29,sim,sim,nao,4.03,0,0,baixa,,
DD-00371,2025-05-18,Curitiba,PR,Centro,-25.434901,-49.199409,presencial,furto,86,26,2,tarde,aberto,53,sim,sim,nao,5,32,13,baixa,validado,
DD-00372,2025-01-21,uberaba,MG,Morumbi,-19.805591,-47.922762,presencial,furto,60,23,2,manha,procesado,104,sim,sim,nao,2.8,0,0,alta,pendente,
DD-00373,2025-10-25,São Paulo,SP,Morumbi,-23.582257,-46.684889,site,furto,0,24,5,noite,aberto,29,sim,sim,nao,"2,42",25,16,alta,pendente,
DD-00374,2025-02-24,Salvador,BA,Universitario,"-12,97371",-38.525047,presencial,fraude_online,42,18,4,tarde,,54,nao,nao,nao,5,8,3,media,validado,
DD-00375,2025-03-22,Salvador,BA,Jardim America,-12.907673,-38.498689,presencial,furto,66,21,5,manha,aberto,85,nao,nao,nao,5,27,10,media,validado,
DD-00376,2025-05-25,Uberaba,MG,Planalto,-19.679168,-48.015146,site,perda_documento,0,16,2,noite,concluido,56,nao,nao,nao,2.91,21,15,baixa,pendente,
DD-00377,2025-01-30,campinas,SP,Planalto,"-22,847293",-47.085501,app,fraude_online,13,40,1,tarde,procesado,24,sim,sim,nao,"2,02",11,4,baixa,,
DD-00378,2025-06-07,São Paulo,SP,Universitario,-23.564059,-46.705094,site,furto,,25,5,manha,concluido,0,sim,sim,nao,3.41,14,9,media,validado,
DD-00379,2025-10-11,Campinas,SP,Industrial,"-22,979589",-47.006663,app,fraude_online,17,10,2,manha,arquivado,52,sim,sim,nao,4.54,40,31,media,cancelado,
DD-00380,15/05/2025,São Paulo,sp,Santa Maria,-23.624295,-46.669881,presencial,roubo_celular,51,29,5,noite,em_andamento,82,sim,nao,sim,1.95,19,15,baixa,procesado,
DD-00381,2025-08-26,Uberlândia,MG,Morumbi,"-18,946483",-48.217712,presencial,outros,53,13,4,tarde,em_andamento,55,sim,sim,nao,1.13,29,11,baixa,procesado,
DD-00382,2025-04-18,Salvador,BA,Morumbi,-12.922473,-38.498702,presencial,perda_documento,47,21,3,tarde,arquivado,94,sim,sim,nao,4.39,10,7,media,validado,
DD-00383,2025-09-16,Campinas,SP,Jardim America,-22.960778,"-47,112662",site,furto,16,2,3,tarde,concluido,110,nao,nao,nao,"4,09",18,14,baixa,validado,
DD-00384,2025-06-11,Uberlândia,MG,Boa Vista,-18.946198,-48.226504,presencial,fraude_online,64,4,3,tarde,em_andamento,75,sim,nao,sim,4.3,39,17,baixa,,
DD-00385,2025-04-09,Goiânia,GO,Industrial,-16.673392,-49.319974,presencial,fraude_online,71,12,3,manha,,0,sim,nao,sim,2.12,11,9,baixa,validado,
DD-00386,2025-02-17,Curitiba,PR,Santa Maria,-25.48974,-49.240106,presencial,furto,2,31,3,tarde,em_andamento,0,nao,nao,nao,"3,61",10,4,baixa,procesado,
DD-00387,2025-07-27,Uberaba,MG,Jardim America,-19.751967,-47.972929,site,fraude_online,9,24,4,madrugada,,55,sim,nao,sim,3.67,0,0,baixa,cancelado,
DD-00388,2025-02-11,Curitiba,PR,Planalto,-25.479558,"-49,275256",presencial,fraude_online,39,22,3,tarde,em_andamento,0,sim,sim,nao,2.47,31,26,baixa,,
DD-00389,2025-03-05,Salvador,BA,Boa Vista,"-13,055342","-38,505039",site,outros,12,15,1,tarde,procesado,4,sim,sim,nao,"3,12",54,32,alta,,
DD-00390,2025-05-12,Belo Horizonte,MG,Santa Maria,-19.875542,-43.950836,site,fraude_online,1,10,3,tarde,aberto,0,nao,nao,nao,5,10,7,baixa,procesado,
DD-00391,2025-08-23,Salvador,BA,Santa Maria,-12.985194,-38.52427,site,fraude_online,7,25,6,madrugada,aberto,60,sim,sim,nao,"3,03",32,28,baixa,procesado,
DD-00392,06-11-2025,Goiânia,GO,Morumbi,-16.610749,-49.323189,presencial,furto,56,35,2,noite,concluido,37,sim,sim,nao,5,37,28,alta,,
DD-00393,02-06-2025,salvador,ba,Santa Maria,-12.916001,-38.52928,app,roubo_celular,20,19,2,noite,aberto,34,nao,nao,nao,"3,03",10,4,alta,cancelado,
DD-00394,2025-04-27,Uberlândia,MG,Santa Maria,-18.969929,-48.223507,site,roubo_celular,13,29,3,tarde,em_andamento,0,sim,sim,nao,3.84,32,23,baixa,,
DD-00395,2025-02-04,são paulo,SP,Planalto,-23.587716,-46.643707,site,ameaca,13,2,4,noite,procesado,39,sim,sim,nao,1.86,12,8,baixa,pendente,
DD-00396,2025-04-08,Campinas,SP,Santa Maria,-22.948692,"-47,055764",presencial,roubo_celular,51,30,3,tarde,concluido,21,sim,sim,nao,3.82,0,0,media,validado,
DD-00397,2025-07-19,Curitiba,PR,Santa Maria,-25.499262,-49.293903,site,outros,5,25,6,tarde,em_andamento,50,sim,nao,sim,4.22,27,22,baixa,pendente,
DD-00398,2025-09-04,Goiânia,GO,Boa Vista,-16.697816,-49.257185,presencial,perda_documento,20,23,3,tarde,aberto,98,nao,nao,nao,"2,53",40,18,alta,pendente,
DD-00399,2025-06-02,Curitiba,PR,Boa Vista,-25.508314,-49.223345,presencial,fraude_online,24,5,3,manha,concluido,15,nao,nao,nao,2.7,28,11,baixa,procesado,
DD-00400,2025-03-29,Belo Horizonte,MG,Santa Maria,-19.859275,-43.995713,presencial,furto,8,22,4,manha,aberto,43,nao,nao,nao,2.15,24,16,baixa,procesado,
DD-00401,2025-03-29,Campinas,SP,Jardim America,-22.974845,-47.129394,site,furto,,29,1,madrugada,procesado,4,sim,sim,nao,2.36,31,13,baixa,cancelado,
DD-00402,2025-02-10,Curitiba,PR,Jardim America,-25.414687,-49.279955,presencial,fraude_online,39,22,4,noite,,74,sim,nao,sim,"2,29",11,5,baixa,pendente,
DD-00403,2025-08-21,São Paulo,SP,Universitario,-23.533661,-46.601879,app,fraude_online,26,17,3,tarde,procesado,16,sim,nao,sim,3.27,0,0,media,,
DD-00404,01/01/2025,Salvador,BA,Centro,-12.964687,-38.550235,app,furto,0,13,6,tarde,arquivado,33,sim,sim,nao,3.97,36,18,baixa,,
DD-00405,2025-08-24,campinas,SP,Planalto,-22.962661,-47.107571,site,perda_documento,6,19,4,tarde,aberto,125,nao,nao,nao,3.57,23,17,media,cancelado,
DD-00406,2025-07-18,São Paulo,SP,Centro,-23.557409,-46.562542,presencial,furto,68,27,4,noite,arquivado,17,nao,nao,nao,4.74,27,23,baixa,validado,
DD-00407,2025-04-26,São Paulo,SP,Centro,-23.482291,"-46,57718",site,furto,0,24,2,madrugada,procesado,0,sim,sim,nao,4.03,27,10,baixa,pendente,
DD-00408,2025-01-15,Curitiba,PR,Industrial,-25.468431,-49.246301,presencial,roubo_celular,50,16,5,tarde,em_andamento,24,sim,sim,nao,"4,18",61,46,baixa,validado,
DD-00409,2025-03-24,Curitiba,PR,Santa Maria,-25.374374,-49.350317,presencial,ameaca,72,22,1,noite,concluido,76,sim,sim,nao,"3,67",41,31,baixa,,
DD-00410,16/02/2025,Salvador,BA,Boa Vista,-13.055734,"-38,481666",presencial,roubo_celular,33,33,4,tarde,em_andamento,30,nao,nao,nao,4.45,50,26,media,,
DD-00411,2025-08-16,Uberaba,MG,Boa Vista,"-19,791505","-47,959557",presencial,furto,27,27,3,noite,procesado,117,sim,sim,nao,5,53,40,baixa,,
DD-00412,2025-05-10,curitiba,PR,Centro,-25.355141,-49.275845,presencial,ameaca,5,5,1,tarde,aberto,55,nao,nao,nao,0.44,13,7,media,cancelado,
DD-00413,2025-10-18,São Paulo,SP,Universitario,-23.506961,-46.712552,presencial,outros,0,30,2,noite,arquivado,0,nao,nao,nao,2.81,23,17,media,procesado,
DD-00414,02/04/2025,Belo Horizonte,MG,Santa Maria,"-19,984065",-43.99433,site,furto,0,30,4,manha,procesado,2,sim,nao,sim,3.1,0,0,alta,pendente,
DD-00415,2025-03-06,Uberlândia,MG,Boa Vista,-18.969274,-48.331896,site,furto,9,24,3,madrugada,em_andamento,39,nao,nao,nao,4.72,4,1,media,pendente,
DD-00416,10-25-2025,belo horizonte,MG,Planalto,"-19,931431",-43.875843,site,ameaca,19,35,2,noite,procesado,85,sim,nao,sim,2.95,0,0,media,procesado,
DD-00417,2025-09-23,Goiânia,GO,Jardim America,-16.634755,-49.187112,presencial,furto,0,18,1,noite,arquivado,0,sim,sim,nao,3.26,4,2,media,pendente,
DD-00418,2025-07-08,São Paulo,SP,Jardim America,-23.584834,-46.673781,app,perda_documento,19,18,7,tarde,procesado,15,nao,nao,nao,4.42,33,29,media,cancelado,
DD-00419,2025-04-26,Uberaba,MG,Planalto,-19.776683,-47.920266,presencial,roubo_celular,0,26,5,manha,,123,nao,nao,nao,"3,07",10,7,baixa,validado,
DD-00420,2025-10-01,Salvador,BA,Industrial,-13.05203,"-38,50987",app,furto,14,31,3,noite,procesado,41,sim,sim,nao,2.57,24,13,media,validado,
DD-00421,2025-01-16,Uberlândia,MG,Centro,-18.95254,-48.253049,site,perda_documento,23,26,1,tarde,procesado,44,sim,sim,nao,4.87,57,32,media,validado,
DD-00422,2025-07-09,Belo Horizonte,MG,Centro,-19.936655,-43.924566,app,outros,3,16,3,tarde,aberto,54,sim,sim,nao,3.29,46,28,alta,cancelado,
DD-00423,2025-03-29,Salvador,BA,Boa Vista,-12.978128,-38.441837,site,ameaca,5,38,6,tarde,procesado,0,sim,sim,nao,3.28,26,12,baixa,procesado,
DD-00424,2025-04-30,Curitiba,PR,Morumbi,"-25,427787",-49.30319,presencial,ameaca,29,5,6,tarde,em_andamento,63,sim,sim,nao,"4,13",32,28,alta,pendente,
DD-00425,2025-05-06,Goiânia,GO,Santa Maria,-16.686655,-49.280692,presencial,fraude_online,83,6,4,tarde,arquivado,68,nao,nao,nao,"4,33",31,14,baixa,pendente,
DD-00426,2025-08-06,Curitiba,PR,Santa Maria,-25.411723,-49.289694,site,fraude_online,12,16,1,noite,em_andamento,78,nao,nao,nao,4.69,83,68,baixa,cancelado,
DD-00427,2025-06-17,são paulo,SP,Jardim America,-23.53005,-46.673564,app,fraude_online,17,39,1,tarde,,82,nao,nao,nao,4.95,3,1,media,pendente,
DD-00428,2025-01-28,Goiânia,GO,Santa Maria,-16.76163,-49.278524,app,outros,0,16,2,madrugada,em_andamento,54,sim,sim,nao,2.84,4,3,media,pendente,
DD-00429,2025-08-20,Goiânia,GO,Planalto,-16.721534,-49.205682,presencial,furto,44,24,3,madrugada,arquivado,36,nao,nao,nao,3.06,7,4,baixa,,
DD-00430,07-06-2025,Campinas,SP,Santa Maria,-22.853689,-47.051006,site,furto,0,38,7,noite,arquivado,78,nao,nao,nao,2.83,16,12,media,procesado,
DD-00431,2025-03-15,Uberaba,MG,Jardim America,"-19,787185",-47.966667,totem,furto,38,23,4,manha,em_andamento,0,nao,nao,nao,3.88,26,14,baixa,pendente,
DD-00432,2025-08-31,São Paulo,SP,Industrial,-23.496911,"-46,627202",presencial,furto,,32,2,tarde,arquivado,24,sim,sim,nao,3.51,80,39,baixa,,
DD-00433,2025-07-08,Campinas,SP,Jardim America,-22.92445,"-47,002473",site,fraude_online,1,29,5,tarde,arquivado,90,nao,nao,nao,3.01,12,4,media,procesado,
DD-00434,2025-05-06,Goiânia,GO,Jardim America,-16.754081,-49.265264,presencial,furto,64,4,4,noite,arquivado,0,sim,sim,nao,3.27,0,0,baixa,pendente,
DD-00435,2025-06-21,Campinas,SP,Industrial,-22.975537,-47.055814,app,furto,18,41,4,tarde,em_andamento,17,sim,sim,nao,"4,64",29,16,media,validado,
DD-00436,2025-04-10,Belo Horizonte,MG,Planalto,-19.975602,-43.93242,presencial,perda_documento,65,29,1,manha,aberto,57,sim,nao,sim,2.93,11,4,baixa,procesado,
DD-00437,2025-04-01,Uberaba,MG,Planalto,"-19,69306",-47.887491,site,fraude_online,4,20,5,manha,arquivado,2,sim,sim,nao,3.47,0,0,baixa,procesado,
DD-00438,31/03/2025,Goiânia,GO,Planalto,-16.675633,-49.263143,presencial,fraude_online,17,15,7,noite,procesado,44,nao,nao,nao,3.64,15,7,baixa,,
DD-00439,2025-06-08,Belo Horizonte,MG,Universitario,"-19,937564","-44,002144",site,ameaca,14,25,1,manha,arquivado,0,sim,sim,nao,2.29,48,22,baixa,procesado,
DD-00440,2025-10-20,Goiânia,GO,Planalto,-16.705378,"-49,276069",presencial,fraude_online,44,25,3,manha,procesado,83,sim,sim,nao,2.95,41,26,media,procesado,
DD-00441,07/09/2025,Salvador,BA,Morumbi,-12.972365,-38.543818,site,fraude_online,10,18,5,tarde,aberto,131,sim,sim,nao,5,54,43,baixa,procesado,
DD-00442,2025-04-03,Uberaba,MG,Planalto,-19.718738,-47.922335,presencial,roubo_celular,67,28,2,tarde,,69,sim,nao,sim,3.23,40,21,baixa,procesado,
DD-00443,2025-05-02,Salvador,BA,Morumbi,-12.911493,"-38,474597",presencial,furto,91,22,4,noite,em_andamento,1,sim,sim,nao,1.61,14,10,baixa,pendente,
DD-00444,2025-01-23,Curitiba,PR,Industrial,-25.489672,-49.212645,presencial,fraude_online,115,30,1,noite,concluido,44,sim,sim,nao,2.97,0,0,alta,,
DD-00445,2025-07-11,salvador,BA,Jardim America,"-13,056756",-38.57698,site,roubo_celular,1,12,5,noite,arquivado,0,sim,sim,nao,2.9,18,8,baixa,cancelado,
DD-00446,2025-10-14,Curitiba,PR,Centro,-25.424884,-49.308556,site,furto,19,23,6,manha,aberto,28,sim,sim,nao,3.95,12,5,baixa,validado,
DD-00447,2025-06-04,Uberaba,MG,Centro,-19.706926,"-47,931514",presencial,roubo_celular,28,26,4,tarde,aberto,35,sim,sim,nao,3.56,29,21,media,pendente,
DD-00448,2025-02-19,Uberaba,MG,Universitario,-19.737585,-47.864512,site,fraude_online,11,17,2,manha,concluido,96,nao,nao,nao,4.25,40,15,baixa,cancelado,
DD-00449,10/02/2025,Salvador,ba,Universitario,-12.982465,-38.527122,presencial,fraude_online,8,36,3,manha,em_andamento,82,nao,nao,nao,2.38,36,20,media,,
DD-00450,2025-02-19,Uberaba,MG,Boa Vista,-19.789961,-48.00759,site,roubo_celular,15,17,7,tarde,em_andamento,33,sim,nao,sim,1.73,59,25,baixa,,
DD-00451,data_invalida,Campinas,SP,Santa Maria,-22.902409,-47.071082,presencial,roubo_celular,27,18,2,manha,arquivado,14,nao,nao,nao,1.75,4,3,media,cancelado,
DD-00452,03-28-2025,Uberlândia,MG,Morumbi,"-18,892511",-48.349308,presencial,furto,0,13,5,noite,,43,sim,sim,nao,2.45,17,6,media,pendente,
DD-00453,2025-01-27,Campinas,SP,Boa Vista,"-22,834923",-47.071713,presencial,fraude_online,127,21,2,manha,concluido,35,nao,nao,nao,3.66,6,4,media,,
DD-00454,15/08/2025,São Paulo,SP,Morumbi,"-23,578727","-46,706734",presencial,furto,35,36,5,tarde,em_andamento,46,sim,sim,nao,3.23,16,9,baixa,cancelado,
DD-00455,2025-08-29,Uberlândia,MG,Santa Maria,-18.849597,-48.261298,site,furto,,25,5,noite,,40,nao,nao,nao,3.99,29,15,alta,pendente,
DD-00456,2025-06-18,salvador,BA,Santa Maria,-12.954105,-38.4473,app,ameaca,0,28,2,manha,aberto,61,sim,nao,sim,5,7,3,urgente,procesado,
DD-00457,2025-04-19,Uberlândia,mg,Universitario,-18.965876,-48.20382,presencial,fraude_online,79,22,6,manha,aberto,85,sim,sim,nao,4.49,18,12,baixa,,
DD-00458,2025-08-09,salvador,BA,Santa Maria,-12.992219,-38.510457,presencial,fraude_online,86,41,6,tarde,aberto,0,sim,nao,sim,3.79,20,11,baixa,,
DD-00459,2025-03-29,Salvador,BA,Planalto,"-13,047001",-38.483978,site,roubo_celular,5,22,1,madrugada,em_andamento,9,nao,nao,nao,"2,78",27,22,baixa,procesado,
DD-00460,2025-07-19,Campinas,SP,Universitario,-22.935438,-47.104317,app,fraude_online,7,6,4,manha,concluido,0,nao,nao,nao,1.43,25,14,media,cancelado,
DD-00461,23/09/2025,Campinas,SP,Santa Maria,-22.835499,-47.037703,presencial,ameaca,65,27,5,tarde,aberto,62,sim,sim,nao,3.91,42,34,media,procesado,
DD-00462,2025-03-24,Campinas,SP,Santa Maria,-22.9411,-46.992825,site,fraude on-line,17,37,1,tarde,concluido,35,nao,nao,nao,5,25,21,media,cancelado,
DD-00463,2025-06-20,Uberlândia,MG,Planalto,"-18,955657",-48.197672,app,fraude_online,21,16,3,madrugada,em_andamento,71,nao,nao,nao,5,30,14,urgente,validado,
DD-00464,2025-05-25,Belo Horizonte,MG,Universitario,-19.896875,-43.877129,presencial,perda_documento,43,25,4,madrugada,aberto,0,nao,nao,nao,5,2,1,baixa,procesado,
DD-00465,28/10/2025,Curitiba,PR,Centro,-25.502109,"-49,266908",site,ameaca,1,22,4,tarde,,38,sim,nao,sim,"4,43",29,19,media,cancelado,
DD-00466,2025-04-20,Campinas,SP,Industrial,-22.85547,-47.112792,app,outros,21,28,1,noite,aberto,60,sim,nao,sim,4.16,40,20,alta,validado,
DD-00467,2025-05-19,São Paulo,SP,Industrial,-23.491329,-46.674883,presencial,furto,60,5,3,tarde,procesado,29,sim,nao,sim,2.95,17,13,baixa,validado,
DD-00468,2025-08-19,Campinas,SP,Boa Vista,-22.934992,"-47,00676",presencial,furto,25,5,3,madrugada,concluido,76,sim,sim,nao,"4,85",30,19,alta,cancelado,
DD-00469,2025-09-12,Uberlândia,MG,Planalto,-18.929147,"-48,240614",site,furto,5,20,5,noite,arquivado,39,sim,sim,nao,4.07,8,3,baixa,,
DD-00470,2025-04-01,São Paulo,SP,Planalto,"-23,584245",-46.667916,site,perda_documento,3,20,4,manha,arquivado,0,nao,nao,nao,5,5,3,alta,,
DD-00471,2025-10-26,uberlândia,MG,Centro,-18.970074,-48.317093,app,fraude_online,7,23,4,madrugada,aberto,8,sim,nao,sim,1.65,33,29,urgente,,
DD-00472,2025-10-17,Uberaba,mg,Jardim America,-19.757289,-47.982573,presencial,furto,66,23,3,manha,,41,sim,sim,nao,"2,95",24,16,alta,,
DD-00473,2025-08-06,Belo Horizonte,MG,Planalto,-19.93039,"-43,857813",presencial,fraude on-line,66,12,2,madrugada,,30,sim,sim,nao,5,42,34,baixa,cancelado,
DD-00474,2025-02-25,Uberaba,MG,Centro,-19.816292,-48.009884,app,fraude_online,9,21,2,tarde,,32,nao,nao,nao,3.75,8,7,media,validado,
DD-00475,06/05/2025,Campinas,SP,Santa Maria,-22.960244,-47.065147,presencial,ameaca,52,8,3,noite,aberto,9,sim,sim,nao,2.23,35,27,alta,cancelado,
DD-00476,03-21-2025,belo horizonte,MG,Santa Maria,-19.963958,-43.88008,presencial,furto,27,26,3,noite,arquivado,20,nao,nao,nao,3.81,31,15,media,validado,
DD-00477,2025-08-18,Salvador,BA,Planalto,-13.006728,-38.553119,presencial,fraude_online,18,14,3,tarde,,45,sim,sim,nao,"2,19",33,27,baixa,pendente,
DD-00478,25/10/2025,goiânia,GO,Santa Maria,"-16,763568",-49.338211,presencial,perda_documento,22,21,3,noite,concluido,4,nao,nao,nao,"3,49",4,2,baixa,,
DD-00479,06/10/2025,Goiânia,GO,Boa Vista,"-16,71513",-49.320447,presencial,fraude_online,1,13,3,noite,concluido,20,sim,nao,sim,"4,64",31,22,baixa,cancelado,
DD-00480,2025-07-15,Uberaba,MG,Santa Maria,"-19,688032","-47,92755",presencial,ameaca,0,31,5,madrugada,concluido,11,sim,nao,sim,"3,21",10,4,baixa,,
DD-00481,2025-01-18,Uberaba,MG,Boa Vista,-19.688415,-47.891536,app,fraude_online,19,30,3,manha,arquivado,75,sim,sim,nao,3.4,27,21,media,,
DD-00482,2025-08-18,Campinas,SP,Industrial,-22.967712,-47.024508,presencial,ameaca,50,20,2,tarde,aberto,105,sim,nao,sim,2.04,19,9,media,procesado,
DD-00483,02-16-2025,Goiânia,GO,Planalto,-16.607039,-49.279965,presencial,ameaca,97,8,4,manha,arquivado,0,nao,nao,nao,3.53,36,27,baixa,procesado,
DD-00484,03-24-2025,Salvador,BA,Universitario,-13.007844,-38.470122,presencial,furto,47,40,2,noite,arquivado,56,sim,sim,nao,4.9,38,16,media,procesado,
DD-00485,2025-05-03,Campinas,SP,Centro,-22.980785,-47.051362,app,fraude_online,15,23,6,tarde,em_andamento,61,nao,nao,nao,2.04,62,41,media,validado,
DD-00486,2025-08-17,Belo Horizonte,mg,Planalto,-19.943986,-43.920613,site,roubo_celular,6,31,4,manha,procesado,40,nao,nao,nao,"2,47",35,12,baixa,procesado,
DD-00487,2025-02-12,Belo Horizonte,MG,Boa Vista,"-19,980744",-43.901994,presencial,roubo_celular,,25,1,tarde,aberto,11,sim,nao,sim,4.96,5,3,alta,pendente,
DD-00488,2025-03-17,Belo Horizonte,mg,Santa Maria,-19.934233,"-44,000192",site,perda_doc,6,47,3,noite,concluido,61,sim,sim,nao,"1,46",19,11,media,,
DD-00489,data_invalida,Goiânia,GO,Planalto,-16.615791,-49.20765,presencial,ameaca,51,19,3,manha,procesado,0,sim,sim,nao,4.13,39,23,baixa,cancelado,
DD-00490,2025-03-01,Belo Horizonte,MG,Boa Vista,-19.90658,-44.011701,site,roubo_celular,16,15,2,manha,em_andamento,76,sim,sim,nao,4.03,38,20,baixa,validado,
DD-00491,2025-07-29,goiânia,GO,Universitario,-16.641405,"-49,272129",presencial,fraude_online,29,26,2,madrugada,em_andamento,0,sim,nao,sim,"3,79",20,12,baixa,cancelado,
DD-00492,2025-05-08,São Paulo,sp,Santa Maria,-23.616575,-46.624291,presencial,perda_documento,38,16,6,tarde,,14,sim,nao,sim,2.86,54,28,baixa,procesado,
DD-00493,2025-07-25,São Paulo,SP,Santa Maria,-23.48257,-46.670255,presencial,furto,20,17,4,noite,,65,nao,nao,nao,"3,54",28,24,alta,procesado,
DD-00494,2025-04-16,Goiânia,GO,Santa Maria,-16.659162,-49.290398,presencial,furto,10,5,4,noite,em_andamento,42,sim,sim,nao,2.06,0,0,baixa,validado,
DD-00495,2025-01-13,São Paulo,SP,Planalto,"-23,603831",-46.593713,site,fraude_online,1,36,3,tarde,,19,sim,sim,nao,3.95,22,15,baixa,cancelado,
DD-00496,2025-08-13,Uberaba,MG,Boa Vista,"-19,667221",-47.889379,presencial,ameaca,13,38,6,madrugada,aberto,0,sim,sim,nao,2.72,28,13,baixa,cancelado,
DD-00497,2025-07-24,Uberaba,MG,Planalto,-19.788673,-47.921716,site,ameaca,4,25,5,tarde,procesado,33,nao,nao,nao,4.74,40,32,media,,
DD-00498,2025-02-25,Uberaba,MG,Planalto,-19.80482,-47.997697,site,furto,16,19,5,madrugada,procesado,35,sim,sim,nao,2.06,16,14,baixa,pendente,
DD-00499,2025-02-22,Salvador,BA,Santa Maria,-13.043968,-38.572987,site,fraude_online,1,11,4,tarde,arquivado,98,sim,sim,nao,4.58,30,26,baixa,cancelado,
DD-00500,2025-09-28,Salvador,BA,Planalto,"-12,946358",-38.546562,presencial,roubo_celular,69,34,2,manha,em_andamento,77,nao,nao,nao,"3,69",30,26,media,,
DD-00501,2025-03-31,Campinas,SP,Planalto,"-22,969778",-47.054815,site,fraude_online,7,15,3,manha,concluido,6,sim,nao,sim,3.19,12,7,baixa,procesado,
DD-00502,2025-01-06,Uberlândia,MG,Centro,-18.989133,-48.304734,presencial,ameaca,45,11,1,manha,concluido,24,sim,sim,nao,5,46,40,urgente,procesado,
DD-00503,2025-07-08,Belo Horizonte,MG,Morumbi,"-19,968707","-43,974749",presencial,roubo_celular,41,9,1,tarde,aberto,39,nao,nao,nao,1.42,27,20,alta,validado,
DD-00504,2025-01-28,são paulo,SP,Morumbi,-23.616695,-46.57818,app,fraude on-line,,10,4,noite,aberto,22,sim,sim,nao,2.66,2,1,media,cancelado,
DD-00505,2025-01-02,Curitiba,PR,Industrial,-25.384962,-49.33323,presencial,ameaca,0,20,1,madrugada,aberto,32,sim,nao,sim,3.7,22,13,baixa,cancelado,
DD-00506,2025-01-06,São Paulo,SP,Jardim America,-23.610023,-46.618791,presencial,perda_documento,73,36,5,tarde,arquivado,98,sim,nao,sim,3.46,40,22,baixa,pendente,
DD-00507,2025-08-14,uberlândia,MG,Centro,-18.871554,-48.267383,site,furto,13,16,1,madrugada,arquivado,2,sim,sim,nao,3.09,0,0,media,pendente,
DD-00508,2025-04-25,São Paulo,SP,Morumbi,-23.621472,-46.710085,totem,furto,74,21,4,manha,procesado,60,sim,sim,nao,3.36,14,11,baixa,cancelado,
DD-00509,2025-06-08,Uberaba,MG,Santa Maria,-19.700065,-48.002557,presencial,ameaca,14,13,4,manha,,28,nao,nao,nao,5,13,5,baixa,validado,
DD-00510,01-22-2025,São Paulo,SP,Morumbi,-23.538917,-46.603284,site,fraude_online,12,23,5,manha,concluido,0,sim,sim,nao,2.23,21,17,baixa,pendente,
DD-00511,2025-08-02,Goiânia,GO,Centro,"-16,71285",-49.344492,site,furto,6,21,6,noite,aberto,49,sim,sim,nao,3.73,42,33,media,,
DD-00512,2025-05-24,Uberaba,mg,Santa Maria,-19.748054,-47.940224,presencial,roubo celular,38,32,5,manha,arquivado,1,sim,nao,sim,3.61,30,15,baixa,cancelado,
DD-00513,2025-04-24,Salvador,BA,Universitario,-13.009167,-38.489905,presencial,perda_documento,101,28,2,manha,concluido,0,sim,nao,sim,2.53,16,10,media,,
DD-00514,2025-02-08,Uberaba,MG,Jardim America,-19.75148,-47.989719,presencial,furto,74,19,2,manha,procesado,67,sim,nao,sim,4.03,0,0,alta,cancelado,
DD-00515,05/08/2025,Campinas,SP,Universitario,-22.85643,"-47,109775",presencial,fraude_online,63,27,4,tarde,concluido,24,nao,nao,nao,5,25,21,media,,
DD-00516,2025-05-09,Curitiba,PR,Jardim America,"-25,468896",-49.315189,presencial,furto,29,32,1,tarde,arquivado,59,sim,sim,nao,"2,44",11,8,baixa,pendente,
DD-00517,2025-06-15,Campinas,SP,Morumbi,"-22,95299",-47.073101,presencial,furto,63,21,1,manha,arquivado,56,sim,sim,nao,4.83,0,0,alta,pendente,
DD-00518,2025-01-13,Goiânia,GO,Planalto,-16.720353,"-49,333823",presencial,fraude_online,74,17,1,manha,em_andamento,0,nao,nao,nao,4.6,52,41,alta,pendente,
DD-00519,data_invalida,Belo Horizonte,MG,Morumbi,-19.943486,"-43,997328",app,fraude_online,21,2,4,tarde,procesado,85,sim,sim,nao,3.69,0,0,media,cancelado,
DD-00520,2025-07-13,Uberaba,MG,Santa Maria,-19.821144,-47.932322,presencial,perda_documento,80,33,3,noite,procesado,45,sim,sim,nao,3.01,3,1,alta,pendente,
DD-00521,2025-01-08,Uberaba,MG,Jardim America,-19.764609,-47.902909,presencial,roubo celular,82,24,2,madrugada,aberto,0,sim,sim,nao,3.35,27,22,baixa,validado,
DD-00522,data_invalida,Curitiba,PR,Industrial,-25.500648,-49.26225,presencial,outros,17,20,3,madrugada,aberto,63,nao,nao,nao,3.21,2,1,media,cancelado,
DD-00523,2025-06-20,uberlândia,MG,Morumbi,-18.863368,-48.244277,presencial,perda_documento,43,29,6,manha,arquivado,0,sim,sim,nao,"3,06",25,21,baixa,,
DD-00524,2025-01-13,Campinas,SP,Jardim America,-22.849579,-47.033661,presencial,fraude_online,74,29,3,noite,,50,sim,sim,nao,0.95,11,4,media,,
DD-00525,2025-09-07,Belo Horizonte,MG,Jardim America,-19.951162,-44.001608,presencial,furto,78,15,4,madrugada,aberto,26,sim,sim,nao,2.99,17,12,baixa,validado,
DD-00526,2025-01-17,Salvador,BA,Industrial,-12.986959,-38.428435,presencial,furto,59,13,5,manha,concluido,80,sim,sim,nao,3.31,4,3,media,,
DD-00527,2025-08-08,Campinas,SP,Boa Vista,-22.858442,-47.081058,presencial,roubo_celular,78,27,4,noite,,91,sim,sim,nao,3.73,37,32,media,procesado,
DD-00528,2025-03-21,Goiânia,GO,Universitario,-16.726905,-49.329455,site,perda_documento,9,28,1,tarde,concluido,47,nao,nao,nao,2.88,42,34,alta,procesado,
DD-00529,2025-02-24,Uberaba,MG,Universitario,-19.721302,-47.934555,presencial,perda_documento,29,32,2,noite,procesado,43,sim,sim,nao,5,22,16,baixa,pendente,
DD-00530,2025-02-13,Uberlândia,MG,Jardim America,-18.912318,"-48,272616",site,roubo_celular,7,26,2,noite,aberto,41,sim,sim,nao,3.6,14,7,media,cancelado,
DD-00531,2025-02-28,Belo Horizonte,MG,Boa Vista,-19.98041,"-43,910078",app,fraude_online,7,22,4,manha,concluido,43,sim,nao,sim,2.29,25,16,media,,
DD-00532,2025-06-12,São Paulo,SP,Santa Maria,-23.518456,-46.65194,site,furto,9,12,1,noite,em_andamento,19,sim,sim,nao,3.22,43,30,media,pendente,
DD-00533,2025-03-28,Curitiba,PR,Santa Maria,-25.475003,-49.271759,site,furto,0,13,4,tarde,em_andamento,66,sim,nao,sim,2.23,48,26,baixa,cancelado,
DD-00534,28/02/2025,Uberlândia,MG,Planalto,"-18,922044","-48,29051",site,roubo_celular,1,23,7,noite,,110,nao,nao,nao,2.97,37,28,baixa,pendente,
DD-00535,2025-08-07,Belo Horizonte,MG,Jardim America,-19.969469,-43.947647,totem,furto,55,21,2,manha,,100,nao,nao,nao,4.44,33,13,baixa,cancelado,
DD-00536,2025-05-21,Uberlândia,MG,Centro,-18.979837,-48.287397,presencial,furto,80,6,1,noite,procesado,9,nao,nao,nao,3.13,17,11,baixa,procesado,
DD-00537,2025-04-22,Salvador,BA,Centro,"-12,936078",-38.440259,presencial,furto,60,11,2,manha,,73,sim,sim,nao,4.05,26,19,baixa,validado,
DD-00538,2025-04-16,Goiânia,go,Santa Maria,-16.6166,-49.339196,presencial,furto,5,2,5,manha,em_andamento,12,sim,nao,sim,3.47,34,28,baixa,,
DD-00539,2025-01-12,Belo Horizonte,MG,Boa Vista,-19.944901,-43.873667,presencial,fraude_online,29,2,1,noite,concluido,34,sim,nao,sim,3.81,12,5,media,,
DD-00540,2025-04-07,Curitiba,PR,Universitario,-25.360171,-49.207216,presencial,fraude_online,12,35,6,tarde,em_andamento,60,nao,nao,nao,4.08,14,10,media,procesado,
DD-00541,2025-06-17,Goiânia,go,Jardim America,-16.709368,-49.216925,presencial,furto,66,18,4,tarde,em_andamento,28,sim,sim,nao,"3,94",69,40,baixa,pendente,
DD-00542,2025-08-25,Curitiba,pr,Santa Maria,-25.448134,-49.339511,site,ameaca,18,11,3,manha,concluido,39,nao,nao,nao,"3,17",35,18,baixa,validado,
DD-00543,2025-06-10,Campinas,SP,Planalto,-22.945231,-47.110869,app,perda_documento,8,13,5,tarde,procesado,0,sim,sim,nao,3.08,28,19,media,cancelado,
DD-00544,2025-04-01,Campinas,sp,Boa Vista,-22.872893,-47.099514,presencial,perda_documento,83,19,6,tarde,em_andamento,92,sim,sim,nao,4.44,6,3,baixa,,
DD-00545,2025-04-18,São Paulo,sp,Santa Maria,-23.594783,-46.700401,presencial,furto,,12,2,noite,,18,nao,nao,nao,3.84,33,12,baixa,pendente,
DD-00546,2025-06-13,Uberaba,MG,Boa Vista,-19.74913,-47.962884,presencial,perda_documento,63,13,1,manha,procesado,29,sim,sim,nao,3.71,17,15,baixa,,
DD-00547,2025-05-11,Salvador,BA,Industrial,"-12,928172",-38.484989,app,perda_documento,11,22,3,tarde,procesado,25,sim,sim,nao,1.8,44,21,alta,validado,
DD-00548,2025-03-12,São Paulo,SP,Industrial,-23.617408,-46.553319,site,roubo_celular,11,13,5,noite,em_andamento,3,sim,sim,nao,5,1,0,baixa,validado,
DD-00549,10-04-2025,Salvador,ba,Industrial,-12.940059,-38.542138,presencial,perda_doc,68,16,3,noite,concluido,36,sim,nao,sim,3.62,1,0,alta,,
DD-00550,2025-01-06,Campinas,SP,Universitario,-22.967551,-47.139054,presencial,perda_doc,37,20,2,manha,arquivado,91,sim,nao,sim,3.42,37,20,baixa,validado,
DD-00551,06-10-2025,Campinas,SP,Centro,-22.946809,"-47,071373",presencial,ameaca,77,29,3,manha,arquivado,37,sim,sim,nao,1.79,16,11,baixa,procesado,
DD-00552,2025-10-06,uberaba,MG,Universitario,-19.766558,-47.880142,presencial,roubo_celular,0,30,7,manha,em_andamento,88,sim,sim,nao,3.5,55,19,baixa,cancelado,
DD-00553,2025-07-08,Campinas,SP,Jardim America,-22.958865,-47.118544,presencial,fraude_online,71,18,4,madrugada,concluido,25,sim,sim,nao,"2,56",33,27,baixa,procesado,
DD-00554,2025-08-01,Salvador,BA,Industrial,-12.94374,-38.55513,site,perda_documento,9,25,6,tarde,concluido,37,sim,sim,nao,4.29,44,39,media,validado,
DD-00555,08-18-2025,Belo Horizonte,MG,Santa Maria,-19.982374,"-43,86689",totem,fraude on-line,1,28,4,tarde,aberto,34,sim,sim,nao,2.62,8,5,alta,validado,
DD-00556,2025-02-23,Uberaba,MG,Centro,-19.68361,"-47,951881",site,fraude on-line,13,8,3,manha,arquivado,13,sim,nao,sim,"2,43",0,0,alta,validado,
DD-00557,2025-05-10,Uberaba,MG,Jardim America,"-19,690656",-47.890085,app,furto,10,30,3,manha,arquivado,0,sim,sim,nao,"3,58",31,18,alta,procesado,
DD-00558,2025-08-29,Campinas,SP,Morumbi,-22.930272,-47.071125,presencial,roubo_celular,42,9,7,noite,concluido,8,sim,nao,sim,3.44,29,11,baixa,validado,
DD-00559,14/02/2025,Salvador,BA,Morumbi,-12.910558,-38.573229,presencial,furto,70,23,4,madrugada,em_andamento,102,sim,sim,nao,"2,38",26,20,media,procesado,
DD-00560,30/04/2025,curitiba,PR,Morumbi,-25.408926,-49.24476,site,roubo_celular,11,18,4,tarde,procesado,10,sim,sim,nao,5,83,55,baixa,pendente,
DD-00561,2025-02-23,Belo Horizonte,MG,Jardim America,-19.965052,-43.869871,presencial,furto,3,28,2,noite,concluido,75,sim,nao,sim,3.06,23,16,baixa,cancelado,
DD-00562,2025-06-01,Uberlândia,MG,Santa Maria,-18.970516,"-48,345228",site,furto,5,4,4,tarde,concluido,0,sim,nao,sim,5,20,17,media,cancelado,
DD-00563,2025-02-15,uberlândia,MG,Morumbi,"-18,961522",-48.253054,site,furto,0,30,5,tarde,aberto,29,sim,sim,nao,3.35,27,16,media,cancelado,
DD-00564,04-16-2025,Goiânia,GO,Boa Vista,"-16,657275","-49,198954",presencial,outros,14,18,3,manha,procesado,78,sim,nao,sim,2.29,9,4,alta,pendente,
DD-00565,2025-02-07,São Paulo,SP,Centro,-23.566931,-46.628999,site,furto,8,35,1,noite,procesado,97,sim,sim,nao,4.36,17,6,baixa,validado,
DD-00566,2025-04-05,Salvador,ba,Jardim America,-13.04741,-38.439764,totem,fraude_online,0,35,1,tarde,procesado,72,nao,nao,nao,4.27,21,16,alta,pendente,
DD-00567,2025-05-27,Uberlândia,MG,Industrial,"-18,855751",-48.355704,presencial,furto,17,12,7,tarde,procesado,13,sim,sim,nao,3.63,51,36,urgente,,
DD-00568,2025-02-18,Uberlândia,MG,Jardim America,-18.880663,"-48,227593",presencial,ameaca,52,18,6,madrugada,procesado,58,nao,nao,nao,3.74,42,32,baixa,cancelado,
DD-00569,2025-05-17,goiânia,GO,Santa Maria,-16.666022,-49.277749,presencial,perda_doc,102,7,7,madrugada,em_andamento,7,nao,nao,nao,"1,59",20,16,baixa,pendente,
DD-00570,2025-09-04,Curitiba,pr,Industrial,"-25,46699",-49.233019,site,furto,19,12,5,manha,,32,sim,sim,nao,"3,91",17,10,media,procesado,
DD-00571,2025-04-07,São Paulo,SP,Planalto,-23.597695,-46.620845,totem,fraude_online,15,11,6,manha,,37,sim,sim,nao,3.53,66,31,baixa,validado,
DD-00572,2025-08-02,Uberlândia,MG,Jardim America,-18.98911,-48.250162,site,fraude_online,12,19,4,tarde,aberto,32,nao,nao,nao,3.43,19,17,baixa,,
DD-00573,2025-07-08,São Paulo,SP,Santa Maria,-23.489077,-46.656386,presencial,fraude_online,67,15,7,noite,arquivado,56,sim,sim,nao,2.99,22,19,baixa,pendente,
DD-00574,2025-03-28,uberlândia,MG,Centro,-18.902995,"-48,29995",presencial,fraude_online,49,28,7,tarde,arquivado,39,sim,sim,nao,5,38,29,media,procesado,
DD-00575,2025-06-01,Uberaba,MG,Morumbi,-19.789659,-47.935397,app,furto,0,26,1,manha,procesado,85,sim,sim,nao,4.44,48,31,baixa,cancelado,
DD-00576,2025-02-15,Goiânia,GO,Santa Maria,-16.72174,-49.273392,site,fraude_online,17,4,3,tarde,aberto,20,sim,sim,nao,3.57,30,19,baixa,cancelado,
DD-00577,2025-07-12,Goiânia,GO,Industrial,"-16,712861",-49.324355,presencial,fraude_online,37,24,7,noite,arquivado,70,nao,nao,nao,3.66,36,26,media,procesado,
DD-00578,2025-06-17,São Paulo,SP,Morumbi,-23.57342,-46.557411,totem,fraude_online,54,12,4,madrugada,,0,sim,nao,sim,3.44,20,15,baixa,,
DD-00579,2025-07-23,São Paulo,SP,Universitario,-23.482718,"-46,601738",totem,fraude_online,114,18,4,manha,procesado,39,sim,sim,nao,"4,16",20,15,baixa,pendente,
DD-00580,08/07/2025,curitiba,PR,Jardim America,-25.431977,-49.201799,presencial,fraude_online,0,18,3,manha,arquivado,26,nao,nao,nao,2.76,1,0,baixa,validado,
DD-00581,2025-09-20,Salvador,ba,Universitario,"-13,004726",-38.450982,site,roubo_celular,4,18,4,manha,aberto,0,sim,sim,nao,4.25,15,12,media,procesado,
DD-00582,2025-01-13,Salvador,BA,Boa Vista,-13.049411,-38.519923,presencial,perda_documento,79,21,4,manha,aberto,38,sim,sim,nao,2.31,8,3,baixa,,
DD-00583,2025-05-25,Uberlândia,MG,Industrial,-18.841825,-48.343192,presencial,fraude_online,83,21,1,tarde,concluido,47,sim,sim,nao,3.7,34,28,alta,pendente,
DD-00584,2025-08-26,Curitiba,PR,Morumbi,-25.44621,-49.30185,site,perda_documento,3,23,2,manha,arquivado,49,sim,sim,nao,3.02,25,12,baixa,cancelado,
DD-00585,2025-10-23,Uberlândia,MG,Industrial,"-18,914885",-48.309154,presencial,roubo celular,51,35,3,noite,em_andamento,86,sim,sim,nao,4.25,28,22,baixa,,
DD-00586,2025-10-22,Campinas,sp,Centro,-22.835614,-47.139622,presencial,fraude_online,0,6,6,tarde,arquivado,30,nao,nao,nao,4.26,13,5,media,,
DD-00587,2025-10-20,Goiânia,GO,Santa Maria,-16.702873,"-49,215974",presencial,fraude_online,0,38,6,noite,procesado,27,sim,nao,sim,4.36,28,20,baixa,pendente,
DD-00588,2025-05-15,Curitiba,PR,Morumbi,-25.482889,-49.307941,site,roubo_celular,,21,1,manha,procesado,112,sim,nao,sim,"3,87",43,36,alta,procesado,
DD-00589,2025-07-24,Goiânia,go,Morumbi,-16.63211,-49.333193,presencial,fraude_online,29,32,2,tarde,aberto,78,sim,nao,sim,"0,46",3,2,media,,
DD-00590,2025-09-24,Uberlândia,MG,Boa Vista,-18.862157,-48.304655,presencial,perda_documento,67,25,2,manha,arquivado,27,sim,sim,nao,1.75,10,8,media,cancelado,
DD-00591,2025-02-25,Curitiba,PR,Boa Vista,-25.428046,-49.268908,presencial,furto,27,43,1,tarde,concluido,109,sim,sim,nao,5,19,15,baixa,cancelado,
DD-00592,2025-09-12,Campinas,SP,Universitario,-22.874633,-47.052614,presencial,roubo_celular,18,14,6,manha,arquivado,65,nao,nao,nao,"2,42",20,15,baixa,,
DD-00593,01-19-2025,São Paulo,SP,Planalto,-23.484253,-46.667056,app,furto,3,23,3,tarde,procesado,77,sim,sim,nao,4.72,37,14,baixa,,
DD-00594,2025-06-19,Belo Horizonte,MG,Santa Maria,-19.89478,-43.864425,site,perda_documento,24,16,4,tarde,procesado,47,sim,sim,nao,3.64,46,29,baixa,pendente,
DD-00595,13/03/2025,Goiânia,GO,Planalto,-16.714254,-49.316245,presencial,roubo_celular,98,30,2,madrugada,procesado,56,sim,sim,nao,1.53,19,16,baixa,,
DD-00596,2025-04-29,Uberlândia,MG,Centro,"-18,845217",-48.261817,presencial,furto,117,27,7,noite,arquivado,46,nao,nao,nao,5,35,26,baixa,,
DD-00597,data_invalida,Goiânia,GO,Universitario,-16.750101,-49.228684,presencial,perda_documento,45,21,3,manha,arquivado,54,sim,sim,nao,3.58,60,32,urgente,,
DD-00598,2025-07-17,Uberlândia,MG,Jardim America,-18.860878,-48.217378,app,ameaca,,40,6,madrugada,aberto,3,sim,sim,nao,0.86,6,4,media,,
DD-00599,2025-05-13,Goiânia,GO,Centro,-16.726148,-49.292909,site,roubo_celular,4,5,5,tarde,aberto,59,sim,nao,sim,2.71,18,11,baixa,cancelado,
DD-00600,2025-09-19,Curitiba,PR,Jardim America,"-25,349138",-49.266118,presencial,outros,42,37,1,madrugada,procesado,9,sim,sim,nao,2.67,43,28,baixa,pendente,
DD-00601,2025-01-24,Curitiba,PR,Morumbi,-25.403945,-49.289521,presencial,roubo_celular,54,16,2,manha,procesado,45,sim,sim,nao,1.81,12,7,baixa,,
DD-00602,10/02/2025,Campinas,SP,Universitario,-22.967312,-47.10868,presencial,furto,61,13,5,madrugada,,65,sim,sim,nao,3.29,28,15,media,procesado,
DD-00603,2025-03-15,Salvador,BA,Jardim America,-13.012438,"-38,521685",app,perda_documento,26,9,5,tarde,,96,sim,nao,sim,4.47,35,18,media,pendente,
DD-00604,2025-06-15,Uberlândia,MG,Universitario,"-18,923047",-48.295871,presencial,outros,16,36,2,madrugada,em_andamento,75,sim,sim,nao,"2,77",31,25,media,procesado,
DD-00605,2025-06-02,São Paulo,SP,Centro,-23.545159,-46.631358,presencial,roubo_celular,63,15,3,tarde,em_andamento,107,sim,sim,nao,"2,22",17,8,media,,
DD-00606,2025-07-30,Belo Horizonte,MG,Planalto,-19.932293,-43.950486,presencial,furto,26,16,6,noite,em_andamento,21,sim,nao,sim,4.32,20,9,media,pendente,
DD-00607,09-22-2025,Curitiba,PR,Morumbi,"-25,442889","-49,249995",presencial,furto,66,4,2,noite,concluido,56,nao,nao,nao,2.36,5,2,media,validado,
DD-00608,12/04/2025,belo horizonte,MG,Boa Vista,-19.979513,-43.996455,site,fraude_online,20,24,3,noite,procesado,9,nao,nao,nao,3.18,29,17,baixa,validado,
DD-00609,data_invalida,Salvador,BA,Industrial,-12.936236,-38.471799,presencial,ameaca,23,14,4,noite,concluido,81,sim,nao,sim,3.03,18,15,alta,cancelado,
DD-00610,2025-01-19,curitiba,PR,Morumbi,-25.376337,-49.318784,site,fraude_online,0,36,4,noite,concluido,43,sim,sim,nao,1.86,9,4,baixa,pendente,
DD-00611,2025-09-02,Belo Horizonte,MG,Jardim America,-19.907978,-43.98489,site,outros,8,30,1,noite,,57,sim,nao,sim,3.24,20,9,baixa,validado,
DD-00612,2025-06-23,Goiânia,GO,Jardim America,-16.634862,-49.201597,presencial,furto,38,37,2,manha,,48,sim,nao,sim,2.29,12,10,baixa,cancelado,
DD-00613,2025-01-14,Uberlândia,MG,Jardim America,-18.855128,-48.264852,site,ameaca,6,27,5,madrugada,aberto,85,nao,nao,nao,3.99,55,46,media,cancelado,
DD-00614,2025-10-14,Goiânia,GO,Planalto,-16.757293,-49.336031,presencial,ameaca,80,2,4,tarde,concluido,0,sim,nao,sim,5,21,15,baixa,pendente,
DD-00615,2025-04-15,São Paulo,SP,Boa Vista,-23.623112,-46.584113,site,fraude_online,7,14,6,noite,em_andamento,30,sim,nao,sim,4.38,20,17,media,pendente,
DD-00616,2025-10-23,Salvador,BA,Morumbi,-13.030936,-38.469757,presencial,perda_documento,43,35,2,noite,procesado,80,nao,nao,nao,3.82,0,0,media,procesado,
DD-00617,2025-02-07,Salvador,BA,Santa Maria,-12.959204,"-38,50473",presencial,perda_documento,33,21,4,tarde,procesado,39,sim,sim,nao,3.64,8,6,baixa,validado,
DD-00618,2025-05-08,Curitiba,PR,Centro,-25.501426,-49.337135,site,furto,17,22,6,tarde,concluido,27,sim,sim,nao,3.8,15,8,baixa,pendente,
DD-00619,2025-10-06,Salvador,BA,Santa Maria,-12.973947,-38.549354,app,roubo_celular,0,27,3,tarde,concluido,36,sim,sim,nao,3.31,17,11,media,procesado,
DD-00620,07-17-2025,Uberlândia,mg,Morumbi,-18.993958,-48.328153,site,fraude_online,,29,6,noite,arquivado,45,sim,nao,sim,3.99,9,5,media,cancelado,
DD-00621,2025-01-28,Salvador,ba,Universitario,"-12,901813",-38.48563,app,furto,5,34,4,madrugada,em_andamento,22,sim,sim,nao,3.92,16,8,baixa,validado,
DD-00622,data_invalida,Belo Horizonte,MG,Jardim America,-19.899153,-43.890804,presencial,furto,14,29,3,noite,em_andamento,30,nao,nao,nao,3.84,51,23,baixa,,
DD-00623,17/09/2025,Salvador,BA,Industrial,-12.960994,-38.577344,presencial,perda_documento,94,20,1,tarde,arquivado,0,sim,sim,nao,4.94,19,11,urgente,validado,
DD-00624,25/04/2025,Uberlândia,MG,Industrial,"-18,908795",-48.214009,presencial,fraude_online,38,35,6,tarde,,98,nao,nao,nao,2.94,0,0,baixa,pendente,
DD-00625,2025-04-29,uberlândia,MG,Jardim America,-18.895038,-48.22319,presencial,fraude_online,39,2,6,tarde,concluido,74,sim,nao,sim,3.83,36,26,baixa,cancelado,
DD-00626,04-02-2025,Uberaba,MG,Jardim America,-19.823443,-47.920366,presencial,roubo_celular,6,34,5,manha,arquivado,85,nao,nao,nao,1.91,0,0,baixa,validado,
DD-00627,07/02/2025,São Paulo,SP,Jardim America,-23.620196,-46.651098,presencial,perda_documento,0,7,1,noite,arquivado,100,nao,nao,nao,0,29,11,baixa,pendente,
DD-00628,2025-01-03,Uberaba,MG,Morumbi,-19.738836,-48.012713,presencial,furto,8,21,1,manha,procesado,63,sim,sim,nao,2.53,32,13,baixa,pendente,
DD-00629,05-11-2025,Goiânia,GO,Morumbi,-16.688527,"-49,231618",presencial,perda_doc,60,14,4,madrugada,concluido,88,sim,sim,nao,3.28,0,0,baixa,pendente,
DD-00630,data_invalida,Salvador,BA,Industrial,-13.00315,-38.501064,presencial,ameaca,74,29,2,manha,aberto,61,sim,sim,nao,5,24,8,baixa,procesado,
DD-00631,data_invalida,Campinas,SP,Industrial,-22.865479,-47.061297,presencial,fraude_online,,18,1,manha,aberto,5,sim,sim,nao,4.1,40,23,baixa,cancelado,
DD-00632,2025-10-25,Curitiba,PR,Industrial,-25.375449,-49.291947,site,roubo_celular,0,25,3,manha,concluido,69,sim,nao,sim,2.74,43,20,baixa,validado,
DD-00633,2025-03-21,Curitiba,PR,Jardim America,-25.445738,-49.280895,site,fraude_online,12,6,3,manha,em_andamento,27,nao,nao,nao,5,16,12,alta,,
DD-00634,2025-08-13,São Paulo,SP,Boa Vista,-23.615043,-46.697728,site,perda_documento,12,3,6,tarde,arquivado,0,nao,nao,nao,5,14,9,media,validado,
DD-00635,2025-02-05,Curitiba,pr,Planalto,-25.451825,"-49,321108",app,furto,0,34,6,noite,,103,sim,sim,nao,"3,4",4,1,baixa,procesado,
DD-00636,2025-05-19,Curitiba,PR,Morumbi,-25.372117,"-49,320519",site,perda_documento,28,24,5,noite,procesado,90,nao,nao,nao,4.64,33,18,media,validado,
DD-00637,2025-02-09,Campinas,SP,Planalto,-22.956865,-47.066698,totem,fraude_online,84,27,2,manha,,2,sim,sim,nao,4.78,10,7,baixa,validado,
DD-00638,data_invalida,Salvador,ba,Universitario,-13.006112,-38.456376,site,furto,20,43,5,madrugada,procesado,11,sim,sim,nao,2.0,39,14,media,procesado,
DD-00639,2025-04-19,Campinas,SP,Boa Vista,-22.842321,-47.117028,presencial,perda_documento,71,11,8,manha,concluido,26,sim,sim,nao,"3,53",37,15,alta,pendente,
DD-00640,25/05/2025,Campinas,SP,Centro,-22.864003,"-47,010846",presencial,furto,113,29,5,manha,,74,nao,nao,nao,"3,27",39,21,baixa,cancelado,
DD-00641,data_invalida,Curitiba,PR,Boa Vista,-25.355532,-49.233552,presencial,perda_documento,0,24,4,tarde,procesado,53,sim,sim,nao,3.29,42,22,media,procesado,
DD-00642,2025-05-12,Uberaba,MG,Universitario,-19.713958,-47.868554,presencial,fraude on-line,62,34,2,manha,arquivado,1,sim,sim,nao,2.61,23,8,baixa,cancelado,
DD-00643,07/07/2025,Salvador,BA,Morumbi,-13.049321,-38.555507,presencial,fraude_online,29,6,4,manha,aberto,11,sim,sim,nao,3.79,27,20,alta,cancelado,
DD-00644,2025-10-07,São Paulo,SP,Santa Maria,-23.5604,"-46,62094",app,furto,3,28,6,tarde,arquivado,0,sim,sim,nao,2.63,54,39,media,procesado,
DD-00645,data_invalida,São Paulo,SP,Boa Vista,-23.502602,-46.642453,presencial,outros,66,21,4,noite,aberto,124,nao,nao,nao,3.42,44,24,media,,
DD-00646,06-27-2025,Uberaba,MG,Jardim America,-19.758884,-47.9267,presencial,fraude_online,69,14,3,tarde,aberto,0,sim,sim,nao,3.38,24,12,alta,cancelado,
DD-00647,2025-08-30,Goiânia,GO,Santa Maria,-16.651904,-49.203953,presencial,perda_documento,54,7,4,manha,procesado,38,sim,nao,sim,3.1,40,31,media,pendente,
DD-00648,2025-08-12,Salvador,ba,Jardim America,-12.943032,-38.567226,site,roubo_celular,13,21,3,manha,,56,sim,sim,nao,3.97,20,7,media,pendente,
DD-00649,2025-08-22,Uberlândia,MG,Santa Maria,-18.93615,-48.355392,app,furto,5,11,4,noite,concluido,116,nao,nao,nao,2.69,20,13,baixa,,
DD-00650,2025-10-08,uberaba,MG,Industrial,-19.76792,-47.875131,presencial,furto,75,11,6,tarde,em_andamento,0,nao,nao,nao,2.21,29,13,baixa,procesado,
DD-00651,01-13-2025,São Paulo,SP,Centro,"-23,503371",-46.656,app,perda_documento,13,15,6,noite,arquivado,0,sim,sim,nao,1.88,10,6,baixa,procesado,
DD-00652,2025-06-06,Uberlândia,MG,Centro,-18.957073,-48.266596,presencial,fraude_online,40,22,8,tarde,,81,nao,nao,nao,"2,44",13,11,baixa,pendente,
DD-00653,06-18-2025,Goiânia,GO,Morumbi,-16.620757,-49.244489,presencial,fraude_online,47,27,4,tarde,em_andamento,42,sim,nao,sim,3.97,21,14,baixa,procesado,
DD-00654,2025-06-19,Belo Horizonte,MG,Planalto,-19.846796,-43.971912,site,roubo celular,3,16,3,noite,,52,sim,sim,nao,"4,11",48,41,media,procesado,
DD-00655,11/09/2025,Belo Horizonte,MG,Industrial,-19.965784,-43.872519,site,roubo_celular,0,10,2,manha,procesado,0,nao,nao,nao,3.44,37,17,baixa,pendente,
DD-00656,2025-05-24,Campinas,SP,Universitario,-22.89254,-47.121432,app,perda_documento,,25,3,manha,em_andamento,56,sim,sim,nao,4.06,48,42,baixa,,
DD-00657,2025-07-26,Belo Horizonte,MG,Universitario,-19.913588,-43.955627,site,perda_documento,4,21,3,manha,em_andamento,34,sim,nao,sim,4.13,44,21,baixa,procesado,
DD-00658,2025-01-14,Curitiba,PR,Jardim America,-25.490373,"-49,19338",totem,fraude_online,50,14,7,manha,aberto,94,sim,sim,nao,4.27,54,32,alta,cancelado,
DD-00659,2025-07-15,São Paulo,SP,Universitario,-23.535331,"-46,628997",presencial,furto,18,27,4,manha,procesado,11,sim,sim,nao,5,38,28,baixa,cancelado,
DD-00660,2025-06-15,Goiânia,GO,Planalto,-16.726407,-49.185068,site,fraude_online,5,39,6,noite,,48,sim,nao,sim,"4,21",21,16,alta,pendente,
DD-00661,2025-10-26,Campinas,SP,Centro,-22.873293,-47.103925,site,furto,4,33,1,tarde,procesado,31,nao,nao,nao,3.76,49,20,baixa,pendente,
DD-00662,21/08/2025,São Paulo,SP,Morumbi,-23.547786,"-46,564256",presencial,fraude_online,83,6,3,noite,em_andamento,124,sim,sim,nao,2.54,0,0,urgente,pendente,
DD-00663,data_invalida,Salvador,BA,Centro,-13.04898,-38.544018,site,fraude_online,10,17,5,madrugada,procesado,62,sim,sim,nao,3.89,6,3,alta,cancelado,
DD-00664,2025-08-09,Uberaba,MG,Morumbi,-19.790646,-47.864924,presencial,perda_documento,74,8,3,madrugada,concluido,53,nao,nao,nao,4.05,39,15,baixa,,
DD-00665,data_invalida,Campinas,SP,Santa Maria,-22.905565,-47.114725,presencial,ameaca,0,37,3,manha,concluido,6,sim,nao,sim,"3,33",40,34,baixa,validado,
DD-00666,03-03-2025,Uberlândia,MG,Jardim America,-18.975433,-48.335296,presencial,fraude_online,34,20,3,manha,em_andamento,59,nao,nao,nao,3.95,0,0,baixa,cancelado,
DD-00667,2025-06-12,Belo Horizonte,MG,Planalto,-19.854833,"-43,913047",presencial,ameaca,16,22,6,madrugada,arquivado,66,sim,sim,nao,3.27,9,3,baixa,procesado,
DD-00668,2025-07-12,São Paulo,sp,Planalto,-23.613282,"-46,578477",presencial,outros,44,41,6,manha,procesado,24,sim,sim,nao,4.7,14,10,media,cancelado,
DD-00669,2025-05-26,Curitiba,PR,Jardim America,-25.417055,-49.211743,site,furto,19,20,1,tarde,em_andamento,115,sim,sim,nao,3.93,56,43,baixa,pendente,
DD-00670,2025-10-14,Uberlândia,MG,Santa Maria,-18.877682,"-48,251012",presencial,fraude_online,121,25,4,tarde,em_andamento,7,nao,nao,nao,"1,73",45,28,urgente,procesado,
DD-00671,2025-02-20,Curitiba,PR,Jardim America,"-25,456376",-49.193386,presencial,furto,55,17,2,madrugada,procesado,25,sim,nao,sim,4.05,22,10,baixa,validado,
DD-00672,2025-06-02,Curitiba,PR,Centro,-25.398113,-49.34661,site,fraude_online,13,26,1,manha,aberto,47,sim,sim,nao,3.01,33,16,alta,cancelado,
DD-00673,2025-02-02,Curitiba,PR,Centro,-25.349373,-49.268896,presencial,furto,,19,1,manha,em_andamento,47,nao,nao,nao,"2,4",12,5,baixa,,
DD-00674,data_invalida,belo horizonte,MG,Centro,"-19,843674",-44.007179,app,ameaca,20,21,3,tarde,aberto,20,sim,nao,sim,3.74,24,20,alta,,
DD-00675,2025-06-12,Curitiba,pr,Boa Vista,-25.425708,"-49,312818",presencial,roubo celular,66,27,4,tarde,concluido,99,sim,sim,nao,4.53,28,13,baixa,pendente,
DD-00676,2025-02-07,São Paulo,SP,Centro,-23.556346,-46.646145,presencial,furto,82,2,5,manha,arquivado,63,sim,sim,nao,2.21,15,12,media,cancelado,
DD-00677,2025-09-22,Uberaba,MG,Universitario,-19.797564,-47.940323,presencial,perda_documento,29,45,2,manha,procesado,38,sim,sim,nao,5,21,11,baixa,cancelado,
DD-00678,2025-05-09,Campinas,SP,Jardim America,-22.870373,-47.06055,presencial,furto,53,31,5,manha,concluido,14,sim,nao,sim,3.99,2,1,baixa,pendente,
DD-00679,02-15-2025,Uberaba,MG,Boa Vista,-19.7122,-47.965721,app,roubo_celular,1,28,5,manha,em_andamento,57,sim,nao,sim,4.28,0,0,media,validado,
DD-00680,08/06/2025,Salvador,ba,Industrial,-12.973881,-38.45802,app,roubo_celular,33,20,1,manha,,24,nao,nao,nao,3.85,64,26,baixa,pendente,
DD-00681,2025-04-16,Belo Horizonte,MG,Boa Vista,-19.863549,"-43,874697",presencial,ameaca,23,27,4,madrugada,aberto,44,sim,sim,nao,4.32,7,2,baixa,cancelado,
DD-00682,2025-01-09,Curitiba,PR,Jardim America,-25.443455,-49.270161,presencial,furto,73,14,4,manha,procesado,10,sim,sim,nao,3.49,58,49,media,,
DD-00683,2025-07-17,são paulo,SP,Boa Vista,-23.591001,-46.556916,presencial,furto,44,35,2,tarde,,0,nao,nao,nao,4.23,24,8,baixa,validado,
DD-00684,2025-01-29,São Paulo,SP,Morumbi,-23.599798,-46.570023,presencial,furto,52,38,2,tarde,,56,sim,nao,sim,3.81,26,15,alta,cancelado,
DD-00685,2025-05-29,Salvador,BA,Boa Vista,"-13,018323",-38.565467,presencial,furto,36,48,3,tarde,concluido,0,sim,nao,sim,3.93,49,41,baixa,,
DD-00686,07-22-2025,Curitiba,PR,Planalto,-25.493664,-49.288613,presencial,furto,65,21,2,noite,aberto,33,sim,nao,sim,4.05,31,16,baixa,procesado,
DD-00687,2025-03-06,Curitiba,PR,Industrial,-25.486984,-49.295194,presencial,roubo_celular,0,18,4,tarde,aberto,72,sim,sim,nao,3.11,27,18,baixa,pendente,
DD-00688,04/10/2025,Curitiba,PR,Morumbi,-25.382619,-49.296899,presencial,furto,81,26,3,tarde,,30,sim,nao,sim,"3,24",27,18,media,cancelado,
DD-00689,2025-10-10,São Paulo,sp,Santa Maria,-23.477766,"-46,682894",site,fraude_online,2,28,3,manha,arquivado,0,sim,sim,nao,3.55,22,15,baixa,validado,
DD-00690,2025-06-16,Goiânia,GO,Industrial,-16.745397,-49.293654,presencial,fraude_online,90,17,7,madrugada,em_andamento,13,sim,sim,nao,3.4,43,23,media,procesado,
DD-00691,2025-09-06,São Paulo,SP,Universitario,-23.601287,"-46,679229",presencial,furto,37,15,7,noite,concluido,29,sim,nao,sim,3.14,52,30,baixa,validado,
DD-00692,2025-10-05,Campinas,SP,Centro,-22.885445,"-47,014737",presencial,furto,34,29,4,noite,aberto,50,sim,sim,nao,2.88,11,9,media,validado,
DD-00693,2025-02-12,Curitiba,pr,Santa Maria,-25.480287,-49.327547,site,fraude_online,17,32,5,tarde,arquivado,38,sim,sim,nao,"2,11",21,14,alta,validado,
DD-00694,22/06/2025,Belo Horizonte,MG,Centro,"-19,873952",-43.908836,presencial,ameaca,0,7,1,tarde,procesado,50,nao,nao,nao,2.58,24,11,baixa,cancelado,
DD-00695,data_invalida,Campinas,SP,Morumbi,-22.905989,-47.036129,site,fraude_online,7,23,4,tarde,arquivado,35,sim,sim,nao,3.51,0,0,baixa,pendente,
DD-00696,05-28-2025,uberaba,MG,Morumbi,-19.683324,"-47,953752",site,furto,3,13,4,tarde,,24,nao,nao,nao,5,15,7,baixa,procesado,
DD-00697,06-06-2025,Goiânia,GO,Centro,-16.677132,-49.275053,totem,perda_documento,39,6,3,manha,em_andamento,71,nao,nao,nao,4.11,19,15,baixa,pendente,
DD-00698,2025-06-06,Belo Horizonte,MG,Morumbi,"-19,866963",-43.912737,presencial,fraude_online,0,34,1,manha,concluido,0,sim,nao,sim,2.7,39,28,media,procesado,
DD-00699,03-12-2025,Campinas,SP,Planalto,-22.845648,-47.110888,app,fraude_online,16,29,3,manha,procesado,82,sim,sim,nao,"3,33",25,16,media,pendente,
DD-00700,07-08-2025,Curitiba,PR,Jardim America,-25.449538,-49.246033,presencial,perda_documento,34,18,4,tarde,aberto,66,sim,nao,sim,2.56,0,0,alta,pendente,
DD-00701,2025-07-15,São Paulo,sp,Universitario,"-23,618326",-46.586123,presencial,outros,0,28,4,noite,,26,nao,nao,nao,"2,97",35,18,baixa,procesado,
DD-00702,data_invalida,Uberlândia,MG,Planalto,-18.875499,-48.31762,presencial,roubo_celular,8,26,6,tarde,concluido,0,sim,sim,nao,2.73,18,14,baixa,validado,
DD-00703,2025-06-26,Curitiba,PR,Planalto,-25.469887,-49.203129,presencial,fraude_online,13,28,2,tarde,,65,sim,sim,nao,5,19,11,media,cancelado,
DD-00704,2025-02-16,Salvador,BA,Industrial,"-13,050351",-38.494683,presencial,roubo celular,65,2,7,tarde,aberto,28,sim,sim,nao,3.38,25,12,baixa,procesado,
DD-00705,2025-04-25,Curitiba,PR,Jardim America,-25.505806,-49.210241,site,perda_documento,2,2,6,tarde,arquivado,31,sim,sim,nao,4.53,26,13,media,validado,
DD-00706,2025-03-29,Uberlândia,MG,Universitario,-18.940909,-48.318153,site,fraude_online,8,2,4,manha,em_andamento,59,sim,sim,nao,3.33,30,18,urgente,,
DD-00707,2025-01-24,Salvador,BA,Planalto,-13.031856,-38.460456,presencial,fraude_online,56,14,3,tarde,aberto,56,sim,sim,nao,"2,97",9,7,baixa,pendente,
DD-00708,2025-05-18,Salvador,BA,Industrial,-12.932284,"-38,53453",presencial,fraude_online,67,41,1,manha,procesado,115,sim,sim,nao,5,41,28,baixa,validado,
DD-00709,2025-05-10,Uberaba,MG,Jardim America,-19.809421,-47.894156,presencial,perda_documento,27,13,4,tarde,aberto,0,nao,nao,nao,4.17,0,0,media,procesado,
DD-00710,2025-03-19,São Paulo,SP,Centro,-23.548202,-46.572599,app,ameaca,6,11,1,tarde,em_andamento,10,sim,sim,nao,"3,77",33,12,baixa,procesado,
DD-00711,2025-04-24,São Paulo,SP,Planalto,"-23,473074",-46.597349,presencial,fraude_online,74,38,3,noite,procesado,70,sim,nao,sim,3.63,2,1,baixa,,
DD-00712,2025-03-13,São Paulo,SP,Morumbi,-23.524093,"-46,560388",presencial,perda_documento,74,18,3,noite,arquivado,119,nao,nao,nao,4.12,33,23,baixa,validado,
DD-00713,2025-01-10,Uberaba,MG,Boa Vista,-19.708861,-48.00904,presencial,fraude_online,27,19,5,madrugada,,40,nao,nao,nao,2.71,39,26,baixa,procesado,
DD-00714,2025-08-12,Campinas,SP,Centro,-22.922226,-47.120439,presencial,fraude_online,8,16,2,manha,,32,nao,nao,nao,4.01,47,27,baixa,procesado,
DD-00715,2025-10-20,Belo Horizonte,MG,Centro,-19.928117,-44.004583,presencial,perda_documento,59,11,4,madrugada,em_andamento,44,sim,sim,nao,2.85,38,14,baixa,pendente,
DD-00716,2025-03-17,Uberlândia,MG,Boa Vista,-18.953846,"-48,27998",presencial,furto,3,39,1,tarde,concluido,61,nao,nao,nao,5,46,39,baixa,procesado,
DD-00717,2025-09-21,Salvador,BA,Santa Maria,-12.956052,-38.563462,site,fraude_online,5,9,1,tarde,,16,sim,nao,sim,"3,96",35,19,baixa,validado,
DD-00718,2025-05-07,São Paulo,SP,Boa Vista,-23.608997,"-46,584568",site,perda_documento,22,24,6,noite,aberto,22,sim,sim,nao,2.06,42,28,media,pendente,
DD-00719,2025-05-12,Curitiba,PR,Santa Maria,"-25,353609",-49.227549,presencial,fraude_online,62,15,5,tarde,arquivado,0,sim,sim,nao,"3,1",59,21,baixa,validado,
DD-00720,2025-07-21,Salvador,BA,Jardim America,-12.958642,"-38,485179",app,roubo_celular,2,26,1,tarde,em_andamento,36,nao,nao,nao,1.16,16,10,media,,
DD-00721,2025-09-07,Uberaba,MG,Boa Vista,-19.694673,-47.898016,presencial,fraude_online,25,14,4,manha,aberto,41,sim,sim,nao,"4,12",30,24,baixa,cancelado,
DD-00722,2025-02-13,Uberlândia,MG,Jardim America,-18.901516,"-48,203755",site,perda_documento,5,22,3,tarde,concluido,79,nao,nao,nao,2.63,13,11,baixa,validado,
DD-00723,2025-09-02,Belo Horizonte,MG,Universitario,-19.957525,-43.881613,presencial,perda_documento,9,31,6,madrugada,aberto,41,sim,sim,nao,5,13,4,baixa,pendente,
DD-00724,2025-04-06,goiânia,GO,Jardim America,-16.713268,-49.271618,app,furto,12,22,4,madrugada,,83,sim,sim,nao,4.14,45,29,media,procesado,
DD-00725,24/01/2025,Campinas,SP,Santa Maria,-22.84792,-47.012078,presencial,ameaca,91,31,2,tarde,,10,nao,nao,nao,5,18,8,baixa,pendente,
DD-00726,15/10/2025,Salvador,BA,Jardim America,-12.9475,-38.573845,presencial,fraude_online,38,9,2,noite,,68,sim,sim,nao,4.6,10,8,media,pendente,
DD-00727,2025-02-11,São Paulo,SP,Industrial,-23.58788,-46.629081,presencial,furto,24,28,5,madrugada,em_andamento,82,sim,sim,nao,3.22,8,3,baixa,pendente,
DD-00728,2025-05-30,Salvador,BA,Universitario,-12.952436,-38.439698,site,furto,16,24,6,tarde,arquivado,6,nao,nao,nao,3.64,0,0,baixa,cancelado,
DD-00729,2025-02-20,Uberlândia,MG,Jardim America,-18.891809,-48.199227,site,roubo_celular,3,21,6,manha,arquivado,60,nao,nao,nao,3.62,49,28,baixa,procesado,
DD-00730,2025-07-28,Goiânia,GO,Morumbi,-16.708957,-49.253041,app,fraude_online,0,11,4,manha,procesado,34,sim,nao,sim,4.02,27,20,media,,
DD-00731,2025-08-05,Campinas,SP,Jardim America,"-22,856599",-47.025656,presencial,roubo_celular,80,30,3,noite,procesado,71,sim,sim,nao,"1,54",57,36,media,validado,
DD-00732,2025-10-11,Belo Horizonte,MG,Jardim America,-19.866087,-43.932115,site,perda_documento,16,14,1,manha,concluido,29,nao,nao,nao,"2,79",16,11,alta,validado,
DD-00733,02-17-2025,Goiânia,GO,Santa Maria,-16.680373,"-49,187713",app,roubo celular,5,8,4,tarde,,110,sim,sim,nao,3.99,14,9,baixa,validado,
DD-00734,2025-07-23,Salvador,BA,Morumbi,-12.910831,-38.462502,presencial,perda_documento,54,18,3,manha,,0,nao,nao,nao,3.28,19,16,media,,
DD-00735,2025-06-15,São Paulo,SP,Universitario,"-23,569159",-46.590928,presencial,fraude_online,100,51,4,noite,aberto,76,nao,nao,nao,1.93,22,13,media,procesado,
DD-00736,2025-10-20,Goiânia,GO,Boa Vista,-16.705905,-49.252713,site,roubo_celular,0,15,5,manha,,0,sim,sim,nao,4.14,39,21,urgente,validado,
DD-00737,28/07/2025,Belo Horizonte,MG,Planalto,-19.938409,"-43,916112",app,fraude_online,1,19,9,noite,concluido,51,sim,sim,nao,"3,65",21,18,baixa,pendente,
DD-00738,01-05-2025,Campinas,SP,Boa Vista,"-22,976269",-47.061512,presencial,furto,27,33,4,manha,aberto,122,sim,nao,sim,3.93,0,0,urgente,,
DD-00739,2025-10-10,Uberlândia,MG,Santa Maria,-18.946345,-48.341006,presencial,perda_documento,13,18,8,manha,,83,sim,nao,sim,3.1,7,5,baixa,,
DD-00740,2025-01-23,Salvador,BA,Centro,-13.026609,-38.579792,totem,furto,117,32,1,tarde,concluido,33,sim,sim,nao,3.54,37,30,baixa,cancelado,
DD-00741,2025-05-12,Uberlândia,MG,Boa Vista,-18.951171,"-48,298917",presencial,perda_documento,42,29,5,tarde,procesado,38,sim,sim,nao,"4,05",47,39,media,,
DD-00742,2025-10-28,curitiba,PR,Universitario,-25.390839,"-49,19749",presencial,roubo_celular,53,14,1,madrugada,procesado,49,nao,nao,nao,4.04,35,22,media,procesado,
DD-00743,2025-07-19,Campinas,SP,Universitario,-22.830949,-47.116608,presencial,furto,28,32,3,noite,procesado,75,sim,sim,nao,4.02,16,8,alta,procesado,
DD-00744,05/03/2025,Uberlândia,MG,Centro,-18.95517,-48.200716,presencial,roubo_celular,75,23,3,manha,aberto,63,sim,sim,nao,3.92,27,16,media,,
DD-00745,01/02/2025,Uberlândia,MG,Santa Maria,-18.911798,-48.321337,site,furto,10,21,2,tarde,concluido,48,sim,sim,nao,4.06,33,24,baixa,validado,
DD-00746,2025-03-12,Salvador,ba,Planalto,-12.919101,-38.468816,totem,perda_documento,21,24,3,noite,arquivado,30,sim,sim,nao,3.88,42,29,media,procesado,
DD-00747,2025-06-14,Uberlândia,MG,Universitario,-18.895512,"-48,242432",site,fraude_online,11,33,3,tarde,em_andamento,0,sim,sim,nao,2.02,54,31,baixa,validado,
DD-00748,2025-04-24,Campinas,SP,Industrial,-22.942825,"-47,00407",presencial,fraude on-line,44,26,2,noite,arquivado,3,sim,sim,nao,4.81,63,54,urgente,cancelado,
DD-00749,2025-09-14,salvador,ba,Planalto,-12.946072,-38.442651,site,roubo_celular,7,7,5,tarde,aberto,76,nao,nao,nao,5,29,14,media,,
DD-00750,13/07/2025,Uberaba,MG,Universitario,-19.681736,-47.880024,site,furto,9,22,3,noite,em_andamento,123,sim,sim,nao,3.18,54,34,baixa,validado,
DD-00751,2025-08-28,Uberaba,MG,Centro,-19.787777,-47.930881,app,furto,7,4,1,manha,arquivado,54,sim,nao,sim,4.21,11,5,media,,
DD-00752,2025-03-16,Salvador,BA,Industrial,-12.923658,-38.540565,presencial,ameaca,25,13,5,tarde,aberto,6,sim,sim,nao,1.95,34,19,alta,pendente,
DD-00753,2025-06-12,Campinas,SP,Industrial,-22.968671,"-47,020443",presencial,furto,52,4,4,madrugada,em_andamento,102,sim,sim,nao,4.63,16,7,baixa,pendente,
DD-00754,2025-10-20,Goiânia,GO,Centro,-16.621189,-49.199547,presencial,fraude_online,0,26,7,manha,,71,nao,nao,nao,"3,87",62,36,baixa,,
DD-00755,data_invalida,Salvador,BA,Morumbi,-12.952731,-38.576345,site,furto,12,9,6,noite,procesado,14,sim,sim,nao,5,9,5,baixa,validado,
DD-00756,2025-05-20,Curitiba,pr,Universitario,-25.416936,-49.287949,presencial,perda_documento,64,6,4,manha,procesado,104,nao,nao,nao,3.78,34,26,media,pendente,
DD-00757,2025-04-06,Belo Horizonte,mg,Centro,-19.932796,-43.930364,app,furto,14,14,8,noite,aberto,63,nao,nao,nao,5,27,15,baixa,pendente,
DD-00758,2025-07-30,Curitiba,PR,Morumbi,-25.365009,-49.269721,app,furto,4,8,4,madrugada,aberto,98,sim,sim,nao,2.7,45,22,baixa,validado,
DD-00759,2025-07-22,Campinas,SP,Planalto,-22.883778,-47.05272,presencial,perda_doc,111,34,6,noite,aberto,60,nao,nao,nao,3.13,34,25,alta,pendente,
DD-00760,2025-07-24,uberaba,MG,Universitario,-19.676612,-47.925818,totem,perda_documento,27,13,4,madrugada,em_andamento,57,sim,nao,sim,3.64,13,9,media,procesado,
DD-00761,2025-03-05,Belo Horizonte,MG,Santa Maria,-19.851431,-43.910868,site,furto,17,22,6,manha,,0,sim,nao,sim,3.36,25,15,baixa,validado,
DD-00762,2025-05-07,Uberaba,MG,Industrial,-19.812201,-47.914841,app,fraude_online,19,21,2,tarde,arquivado,48,sim,nao,sim,2.62,22,16,baixa,procesado,
DD-00763,02-05-2025,Uberlândia,MG,Industrial,-18.953185,-48.31964,presencial,furto,67,14,3,tarde,em_andamento,21,nao,nao,nao,"0,75",45,30,media,,
DD-00764,24/04/2025,Uberlândia,MG,Universitario,"-18,927786",-48.265754,presencial,ameaca,18,24,1,noite,,0,nao,nao,nao,2.73,20,15,media,procesado,
DD-00765,09/09/2025,São Paulo,SP,Boa Vista,-23.628231,-46.558279,presencial,perda_documento,58,26,6,noite,concluido,32,sim,sim,nao,2.99,57,30,baixa,cancelado,
DD-00766,04/09/2025,Uberaba,MG,Planalto,-19.774178,-47.991164,app,perda_documento,4,2,2,tarde,,25,sim,sim,nao,5,8,5,alta,,
DD-00767,2025-04-13,Goiânia,GO,Boa Vista,-16.68454,-49.230878,presencial,ameaca,82,28,1,manha,concluido,60,sim,sim,nao,"4,39",34,28,baixa,cancelado,
DD-00768,2025-09-27,Belo Horizonte,MG,Jardim America,-19.939495,-43.920291,site,ameaca,0,2,4,tarde,procesado,62,sim,sim,nao,1.27,11,6,media,pendente,
DD-00769,2025-08-19,São Paulo,SP,Jardim America,-23.479842,-46.617427,presencial,furto,58,30,1,noite,em_andamento,35,nao,nao,nao,3.08,0,0,media,cancelado,
DD-00770,2025-06-02,belo horizonte,MG,Industrial,-19.888458,-43.8563,presencial,outros,33,13,2,noite,em_andamento,19,nao,nao,nao,4.45,12,9,baixa,pendente,
DD-00771,data_invalida,Uberlândia,MG,Boa Vista,-18.88361,-48.293755,site,furto,6,10,3,madrugada,aberto,46,nao,nao,nao,"3,46",34,29,baixa,procesado,
DD-00772,data_invalida,Curitiba,PR,Centro,-25.453811,-49.351534,presencial,furto,23,15,2,manha,,0,sim,sim,nao,2.59,8,5,baixa,procesado,
DD-00773,01-07-2025,Uberlândia,MG,Universitario,-18.857611,-48.326444,presencial,roubo_celular,23,17,6,manha,,6,sim,nao,sim,4.86,15,6,baixa,,
DD-00774,2025-07-12,Salvador,BA,Jardim America,-12.910955,"-38,452022",presencial,roubo_celular,,40,3,tarde,arquivado,51,sim,sim,nao,"4,8",39,33,baixa,validado,
DD-00775,2025-03-19,Goiânia,GO,Boa Vista,-16.753893,-49.312925,app,perda_doc,4,19,3,manha,procesado,32,nao,nao,nao,2.47,44,16,alta,pendente,
DD-00776,19/03/2025,Campinas,SP,Industrial,-22.891551,-46.991657,presencial,furto,54,15,1,noite,em_andamento,0,sim,sim,nao,5,50,24,baixa,procesado,
DD-00777,2025-07-04,Goiânia,GO,Planalto,-16.729101,-49.227064,app,fraude_online,3,38,2,manha,aberto,105,nao,nao,nao,1.12,5,3,baixa,,
DD-00778,2025-09-06,Salvador,BA,Centro,-13.041987,-38.423616,app,ameaca,19,11,6,madrugada,aberto,53,sim,sim,nao,2.87,35,24,baixa,procesado,
DD-00779,22/07/2025,Belo Horizonte,MG,Universitario,-19.981417,-43.866145,site,outros,4,37,1,tarde,concluido,63,sim,sim,nao,3.62,0,0,baixa,pendente,
DD-00780,2025-05-29,São Paulo,SP,Industrial,-23.560806,-46.648634,site,fraude_online,0,32,2,manha,arquivado,37,sim,sim,nao,2.74,26,10,media,cancelado,
DD-00781,17/07/2025,Belo Horizonte,MG,Morumbi,-19.900846,-43.856419,presencial,furto,52,32,1,manha,procesado,21,sim,sim,nao,"3,14",40,31,media,,
DD-00782,26/06/2025,salvador,BA,Centro,-12.943143,-38.45215,presencial,perda_documento,47,26,3,noite,,0,nao,nao,nao,5,24,21,baixa,validado,
DD-00783,2025-03-03,Curitiba,PR,Universitario,-25.475503,-49.230614,presencial,furto,0,27,2,tarde,em_andamento,54,sim,sim,nao,"2,61",10,4,baixa,cancelado,
DD-00784,2025-01-15,Uberlândia,MG,Industrial,-18.881617,-48.321544,presencial,ameaca,62,22,6,tarde,procesado,110,sim,sim,nao,2.2,27,20,media,,
DD-00785,2025-01-17,Campinas,SP,Planalto,-22.966363,-47.090848,app,fraude on-line,8,17,2,noite,arquivado,0,sim,sim,nao,"4,11",43,33,baixa,pendente,
DD-00786,2025-09-28,uberlândia,MG,Santa Maria,-18.839764,-48.283381,site,outros,10,20,4,manha,aberto,84,sim,sim,nao,3.59,26,17,alta,validado,
DD-00787,08/04/2025,Belo Horizonte,MG,Planalto,-19.839206,-43.883417,app,furto,7,18,6,noite,,41,sim,nao,sim,5,8,3,baixa,procesado,
DD-00788,2025-05-02,Curitiba,PR,Santa Maria,-25.502094,-49.256077,presencial,furto,81,26,1,tarde,arquivado,0,nao,nao,nao,3.89,34,30,media,cancelado,
DD-00789,2025-05-03,Curitiba,PR,Jardim America,-25.379447,-49.245647,presencial,furto,66,37,3,manha,,11,sim,sim,nao,"4,84",6,3,baixa,procesado,
DD-00790,2025-09-13,Curitiba,pr,Centro,-25.472666,-49.28239,presencial,furto,38,11,4,tarde,arquivado,29,nao,nao,nao,3.26,53,37,alta,,
DD-00791,data_invalida,Uberlândia,MG,Jardim America,-18.980742,-48.336573,app,furto,13,32,4,manha,procesado,17,sim,sim,nao,4.42,0,0,media,pendente,
DD-00792,2025-07-28,belo horizonte,MG,Jardim America,-19.942612,-43.880477,presencial,furto,41,24,4,noite,aberto,45,nao,nao,nao,3.74,29,11,baixa,,
DD-00793,05/01/2025,Curitiba,pr,Morumbi,-25.362588,-49.333959,presencial,ameaca,57,24,1,tarde,em_andamento,97,sim,sim,nao,"4,52",19,11,baixa,validado,
DD-00794,2025-07-31,Uberlândia,MG,Universitario,-18.849231,-48.240893,presencial,fraude_online,60,45,3,noite,em_andamento,29,sim,nao,sim,3.61,7,5,baixa,,
DD-00795,04-02-2025,Goiânia,GO,Morumbi,-16.67536,-49.268308,presencial,perda_doc,89,41,3,manha,em_andamento,16,sim,nao,sim,3.26,29,14,baixa,pendente,
DD-00796,06-18-2025,Goiânia,GO,Boa Vista,"-16,686321","-49,281127",presencial,ameaca,58,18,3,noite,concluido,135,sim,sim,nao,3.59,14,9,media,,
DD-00797,2025-03-31,São Paulo,SP,Centro,-23.595854,-46.602148,presencial,roubo_celular,26,29,4,tarde,arquivado,0,nao,nao,nao,3.95,24,8,baixa,cancelado,
DD-00798,2025-05-06,Uberlândia,MG,Planalto,-18.968395,-48.327479,totem,fraude on-line,69,36,4,manha,concluido,35,sim,nao,sim,2.6,37,15,media,procesado,
DD-00799,19/10/2025,Belo Horizonte,MG,Centro,"-19,950263",-43.952179,presencial,perda_documento,45,18,5,manha,concluido,0,sim,sim,nao,3.01,47,29,media,cancelado,
DD-00800,2025-07-01,Curitiba,PR,Centro,-25.431016,-49.352198,presencial,furto,62,20,4,tarde,em_andamento,10,sim,sim,nao,3.1,37,31,alta,validado,
DD-00801,2025-08-05,Salvador,BA,Centro,-13.013735,-38.482128,app,fraude_online,11,24,3,manha,arquivado,26,sim,sim,nao,4.4,67,31,media,pendente,
DD-00802,2025-02-20,Goiânia,go,Morumbi,-16.735453,-49.209987,presencial,fraude_online,9,25,5,manha,procesado,58,sim,nao,sim,4.24,0,0,media,pendente,
DD-00803,2025-08-04,Curitiba,PR,Centro,-25.412576,-49.276775,presencial,perda_documento,0,20,4,madrugada,arquivado,147,nao,nao,nao,"1,93",25,15,baixa,pendente,
DD-00804,2025-10-15,Goiânia,GO,Industrial,-16.649855,-49.22749,app,furto,0,23,1,manha,em_andamento,46,nao,nao,nao,"4,1",5,3,urgente,pendente,
DD-00805,2025-01-27,são paulo,SP,Santa Maria,-23.478291,-46.643357,site,perda_doc,2,35,4,manha,,107,nao,nao,nao,"4,44",0,0,baixa,procesado,
DD-00806,2025-04-28,Belo Horizonte,MG,Universitario,-19.873931,-44.004477,presencial,roubo celular,54,17,1,manha,,35,sim,sim,nao,2.57,17,10,baixa,,
DD-00807,07/03/2025,Uberaba,MG,Universitario,-19.685907,-47.918692,app,furto,0,17,5,madrugada,arquivado,20,nao,nao,nao,4.0,4,3,media,validado,
DD-00808,28/03/2025,Belo Horizonte,MG,Boa Vista,-19.858119,"-43,867759",presencial,ameaca,38,11,4,tarde,procesado,73,sim,sim,nao,3.04,30,17,urgente,pendente,
DD-00809,data_invalida,Campinas,SP,Santa Maria,-22.866323,-47.098661,presencial,roubo_celular,17,29,1,tarde,concluido,34,sim,sim,nao,4.28,0,0,baixa,validado,
DD-00810,2025-08-24,Uberlândia,MG,Santa Maria,-18.879561,-48.209232,app,furto,16,16,5,tarde,concluido,67,sim,sim,nao,"3,87",53,26,media,procesado,
DD-00811,2025-05-08,Salvador,ba,Industrial,"-12,959647",-38.50946,presencial,furto,99,40,6,manha,,51,sim,sim,nao,5,67,36,baixa,,
DD-00812,2025-04-23,Belo Horizonte,mg,Universitario,"-19,868591",-43.859744,presencial,fraude_online,35,21,3,tarde,procesado,72,sim,sim,nao,4.46,43,20,media,,
DD-00813,2025-06-20,Campinas,SP,Jardim America,-22.838084,-47.138422,presencial,outros,0,5,6,manha,arquivado,97,sim,sim,nao,"2,94",25,16,baixa,,
DD-00814,2025-06-03,Belo Horizonte,MG,Planalto,-19.928184,-43.914526,presencial,furto,60,28,1,tarde,aberto,38,sim,nao,sim,2.29,9,4,baixa,cancelado,
DD-00815,data_invalida,Belo Horizonte,MG,Centro,-19.868689,-43.861056,app,ameaca,13,27,6,manha,em_andamento,81,sim,sim,nao,3.64,20,13,media,procesado,
DD-00816,2025-02-27,Curitiba,PR,Industrial,"-25,421933","-49,228749",site,furto,5,19,4,tarde,arquivado,0,sim,nao,sim,"2,79",22,8,baixa,validado,
DD-00817,2025-06-19,Goiânia,GO,Universitario,-16.609259,"-49,313288",site,fraude_online,6,21,3,manha,em_andamento,75,sim,sim,nao,"1,86",22,13,baixa,procesado,
DD-00818,2025-09-06,Salvador,BA,Planalto,"-12,992666",-38.522826,presencial,outros,17,28,5,manha,aberto,101,nao,nao,nao,"4,54",8,3,baixa,,
DD-00819,31/01/2025,Goiânia,GO,Jardim America,-16.662962,-49.313017,site,roubo_celular,6,23,1,noite,aberto,61,sim,nao,sim,3.7,20,15,alta,procesado,
DD-00820,2025-09-25,Uberlândia,MG,Santa Maria,-18.9802,-48.281713,presencial,fraude_online,17,29,3,tarde,concluido,95,nao,nao,nao,3.91,0,0,alta,cancelado,
DD-00821,data_invalida,Belo Horizonte,MG,Industrial,"-19,861787",-43.997395,site,furto,10,20,3,madrugada,,55,sim,sim,nao,3.12,12,4,media,cancelado,
DD-00822,2025-03-29,Goiânia,GO,Planalto,-16.694793,-49.248823,presencial,furto,,29,2,manha,,0,nao,nao,nao,2.38,7,5,baixa,validado,
DD-00823,2025-09-29,são paulo,SP,Boa Vista,"-23,549575",-46.68565,presencial,perda_documento,33,29,2,madrugada,procesado,42,sim,sim,nao,"4,33",36,21,alta,procesado,
DD-00824,2025-07-20,São Paulo,SP,Boa Vista,-23.481584,-46.573305,presencial,fraude_online,46,40,5,manha,aberto,4,sim,sim,nao,3.1,21,18,baixa,procesado,
DD-00825,2025-04-28,Uberaba,MG,Santa Maria,-19.739458,-47.86015,site,outros,0,44,7,noite,aberto,24,sim,sim,nao,1.85,8,3,baixa,,
DD-00826,2025-04-13,Campinas,sp,Santa Maria,-22.964721,-47.110251,presencial,ameaca,73,17,4,tarde,,55,nao,nao,nao,4.59,34,15,alta,validado,
DD-00827,2025-01-14,Campinas,SP,Industrial,-22.839023,-47.109863,presencial,furto,10,23,3,tarde,arquivado,0,sim,nao,sim,3.75,0,0,baixa,pendente,
DD-00828,06/02/2025,Goiânia,GO,Boa Vista,"-16,750113",-49.212384,presencial,fraude on-line,33,30,6,tarde,em_andamento,2,sim,sim,nao,1.39,5,3,alta,pendente,
DD-00829,2025-07-04,Curitiba,PR,Boa Vista,-25.419096,"-49,295109",presencial,fraude on-line,0,13,3,madrugada,concluido,55,nao,nao,nao,3.42,11,9,media,validado,
DD-00830,data_invalida,Uberaba,MG,Planalto,-19.79604,"-47,952846",presencial,fraude_online,52,14,1,manha,,70,sim,nao,sim,2.11,14,6,alta,procesado,
DD-00831,2025-07-14,Goiânia,GO,Industrial,-16.754429,-49.303915,app,furto,3,26,4,tarde,em_andamento,47,sim,nao,sim,2.48,34,25,media,,
DD-00832,2025-03-13,Salvador,BA,Centro,-12.94562,"-38,422149",site,furto,6,34,5,tarde,aberto,62,sim,nao,sim,4.12,27,21,baixa,procesado,
DD-00833,2025-10-17,Curitiba,PR,Universitario,-25.372051,-49.296014,presencial,roubo_celular,47,33,1,tarde,arquivado,19,sim,sim,nao,4.69,0,0,alta,cancelado,
DD-00834,2025-01-23,Uberlândia,MG,Morumbi,-18.993684,-48.277069,presencial,furto,,15,1,tarde,arquivado,0,sim,sim,nao,1.87,26,14,baixa,validado,
DD-00835,2025-10-23,Belo Horizonte,MG,Santa Maria,-19.941876,-44.000443,presencial,fraude_online,72,18,6,noite,procesado,12,sim,sim,nao,3.0,27,13,baixa,cancelado,
DD-00836,2025-03-21,São Paulo,SP,Industrial,"-23,485514",-46.593162,site,furto,0,8,4,noite,concluido,89,sim,nao,sim,3.26,38,32,baixa,pendente,
DD-00837,data_invalida,Goiânia,go,Boa Vista,-16.709985,-49.316596,site,fraude on-line,9,20,2,tarde,procesado,0,nao,nao,nao,2.97,24,13,alta,pendente,
DD-00838,2025-07-29,Salvador,BA,Santa Maria,-13.021113,"-38,547249",presencial,furto,64,20,1,manha,arquivado,97,sim,sim,nao,4.31,34,26,alta,validado,
DD-00839,2025-04-25,Campinas,SP,Santa Maria,-22.9764,-47.026361,presencial,furto,73,22,2,noite,em_andamento,54,nao,nao,nao,4.21,44,27,media,procesado,
DD-00840,2025-08-26,São Paulo,SP,Boa Vista,-23.591042,-46.591859,presencial,furto,91,19,1,manha,procesado,18,nao,nao,nao,4.08,9,5,media,validado,
DD-00841,2025-04-04,uberaba,MG,Centro,-19.820904,-47.883312,site,perda_documento,,4,3,manha,arquivado,14,sim,sim,nao,3.22,50,36,baixa,cancelado,
DD-00842,2025-05-21,Uberaba,MG,Industrial,-19.676143,-47.903253,site,fraude_online,10,29,4,tarde,em_andamento,37,nao,nao,nao,0.79,61,32,baixa,,
DD-00843,2025-08-25,Uberaba,mg,Santa Maria,"-19,6909","-47,963909",presencial,furto,89,24,4,manha,concluido,82,nao,nao,nao,5,26,19,media,pendente,
DD-00844,2025-04-25,Curitiba,PR,Universitario,-25.361171,-49.318229,presencial,fraude_online,0,13,3,tarde,procesado,69,sim,nao,sim,3.77,45,29,baixa,validado,
DD-00845,08-09-2025,Salvador,BA,Centro,-12.928333,-38.55556,presencial,furto,51,30,2,manha,em_andamento,36,sim,sim,nao,"3,4",16,12,media,validado,
DD-00846,10-28-2025,Belo Horizonte,MG,Centro,-19.979726,-44.005519,presencial,furto,65,50,4,madrugada,arquivado,73,sim,sim,nao,3.42,56,35,baixa,cancelado,
DD-00847,2025-07-30,Belo Horizonte,mg,Jardim America,-19.907731,"-43,943566",site,ameaca,0,31,2,tarde,em_andamento,60,sim,sim,nao,4.17,54,34,alta,procesado,
DD-00848,2025-05-27,Curitiba,PR,Jardim America,-25.502374,-49.276973,totem,roubo_celular,84,14,3,tarde,em_andamento,142,sim,sim,nao,3.19,24,9,baixa,pendente,
DD-00849,29/06/2025,Salvador,BA,Universitario,-13.025149,-38.564666,presencial,roubo_celular,97,24,4,noite,procesado,0,nao,nao,nao,3.0,0,0,media,cancelado,
DD-00850,2025-04-20,Salvador,BA,Planalto,-12.948926,-38.531515,presencial,fraude_online,82,29,6,noite,arquivado,83,sim,sim,nao,5,30,22,media,cancelado,
DD-00851,2025-06-23,Belo Horizonte,MG,Santa Maria,-19.881565,-43.892539,site,furto,12,38,1,tarde,em_andamento,27,nao,nao,nao,"3,45",10,5,baixa,procesado,
DD-00852,2025-03-30,Uberaba,MG,Centro,-19.684842,-47.945506,presencial,fraude_online,0,27,1,manha,em_andamento,39,sim,sim,nao,5,9,7,baixa,cancelado,
DD-00853,2025-05-05,Curitiba,PR,Morumbi,-25.351349,-49.196724,presencial,outros,55,43,5,noite,aberto,20,sim,sim,nao,4.69,0,0,baixa,pendente,
DD-00854,2025-02-12,Curitiba,PR,Morumbi,-25.481916,-49.335174,site,roubo celular,12,36,6,manha,arquivado,0,sim,sim,nao,5,52,40,baixa,,
DD-00855,2025-04-17,Uberaba,MG,Boa Vista,-19.725459,"-47,880576",presencial,furto,74,16,3,manha,,55,nao,nao,nao,3.85,52,29,baixa,cancelado,
DD-00856,2025-02-05,Goiânia,GO,Industrial,-16.701069,"-49,296858",totem,outros,56,4,1,tarde,em_andamento,30,nao,nao,nao,5,17,12,media,procesado,
DD-00857,09-27-2025,uberlândia,MG,Centro,"-18,993948",-48.29366,app,furto,14,23,2,manha,,119,sim,sim,nao,5,44,36,baixa,,
DD-00858,data_invalida,Salvador,BA,Boa Vista,"-12,991157",-38.565847,site,ameaca,5,21,3,manha,,70,sim,sim,nao,2.15,36,29,baixa,pendente,
DD-00859,2025-06-08,belo horizonte,MG,Planalto,-19.956753,-43.92991,totem,fraude_online,8,4,4,noite,procesado,79,sim,nao,sim,4.22,32,27,baixa,,
DD-00860,2025-09-14,Uberlândia,mg,Industrial,-18.948433,-48.209649,totem,perda_documento,45,32,8,noite,em_andamento,43,sim,sim,nao,2.6,34,30,media,procesado,
DD-00861,2025-06-29,Belo Horizonte,MG,Santa Maria,-19.852494,-43.951065,presencial,fraude on-line,13,36,5,manha,concluido,56,sim,sim,nao,3.55,49,31,alta,procesado,
DD-00862,data_invalida,Campinas,SP,Centro,"-22,929389",-47.103271,site,furto,2,38,2,manha,aberto,56,sim,sim,nao,3.81,36,29,baixa,pendente,
DD-00863,2025-09-05,Curitiba,PR,Jardim America,-25.432188,-49.23711,app,perda_documento,4,16,2,noite,concluido,40,sim,sim,nao,"2,47",23,14,baixa,pendente,
DD-00864,2025-03-13,Curitiba,PR,Morumbi,"-25,478581",-49.248116,presencial,ameaca,65,19,4,tarde,concluido,0,sim,nao,sim,3.55,34,24,media,,
DD-00865,2025-04-14,Uberlândia,MG,Santa Maria,-18.964069,-48.232023,presencial,fraude_online,75,24,1,noite,arquivado,24,sim,sim,nao,2.71,21,8,baixa,procesado,
DD-00866,2025-02-24,Uberaba,MG,Centro,-19.800714,-47.902527,presencial,furto,54,11,8,manha,aberto,37,sim,nao,sim,2.56,8,4,baixa,,
DD-00867,2025-10-10,Belo Horizonte,MG,Santa Maria,-19.945627,-44.010527,presencial,roubo_celular,55,16,4,manha,concluido,17,sim,sim,nao,3.28,42,21,media,validado,
DD-00868,2025-03-25,Uberlândia,MG,Boa Vista,-18.844964,-48.270421,app,fraude_online,8,18,5,tarde,,49,sim,sim,nao,4.04,19,13,baixa,,
DD-00869,2025-05-15,belo horizonte,MG,Industrial,-19.972892,-43.990035,presencial,roubo_celular,8,36,2,tarde,aberto,17,sim,sim,nao,"4,19",3,2,baixa,cancelado,
DD-00870,17/07/2025,belo horizonte,MG,Santa Maria,-19.839999,-43.863967,presencial,outros,84,23,4,tarde,procesado,32,sim,sim,nao,5,31,15,baixa,cancelado,
DD-00871,2025-01-16,Uberlândia,MG,Centro,-18.957387,"-48,34129",presencial,furto,1,21,3,noite,procesado,63,nao,nao,nao,4.13,42,20,media,cancelado,
DD-00872,2025-03-04,São Paulo,SP,Universitario,-23.576183,-46.608555,app,furto,16,26,3,tarde,procesado,71,sim,nao,sim,3.89,35,19,media,procesado,
DD-00873,2025-05-03,Curitiba,PR,Boa Vista,-25.502925,"-49,249942",presencial,outros,48,31,4,manha,concluido,106,sim,sim,nao,2.59,40,15,alta,validado,
DD-00874,2025-07-29,Goiânia,GO,Boa Vista,"-16,679579",-49.257668,presencial,perda_documento,84,29,1,tarde,arquivado,36,sim,nao,sim,2.88,51,28,baixa,validado,
DD-00875,21/09/2025,Curitiba,PR,Santa Maria,-25.414828,"-49,25235",site,fraude on-line,6,22,1,tarde,arquivado,104,sim,sim,nao,3.09,52,21,baixa,validado,
DD-00876,2025-04-27,Salvador,BA,Santa Maria,"-12,997534",-38.453706,site,furto,6,29,4,noite,em_andamento,45,sim,nao,sim,3.46,4,2,media,cancelado,
DD-00877,04-15-2025,belo horizonte,MG,Industrial,-19.902128,"-43,897144",site,fraude_online,12,9,2,madrugada,procesado,69,sim,sim,nao,1.61,22,18,alta,pendente,
DD-00878,2025-01-28,Uberlândia,MG,Industrial,-18.899756,-48.22266,app,ameaca,0,20,3,noite,procesado,15,sim,sim,nao,4.83,32,25,baixa,pendente,
DD-00879,2025-01-08,Salvador,BA,Universitario,-12.941421,-38.521839,app,fraude_online,0,15,4,tarde,concluido,56,sim,sim,nao,3.48,28,14,media,pendente,
DD-00880,2025-01-07,Uberaba,MG,Centro,"-19,806215",-48.002644,site,furto,15,29,5,tarde,concluido,43,sim,sim,nao,2.69,4,1,baixa,validado,
DD-00881,2025-03-26,Uberaba,MG,Boa Vista,-19.758598,-47.91644,site,furto,15,19,5,noite,arquivado,13,sim,nao,sim,"2,44",10,5,baixa,procesado,
DD-00882,2025-03-09,Uberaba,MG,Centro,-19.698229,"-47,894748",presencial,ameaca,36,26,5,noite,em_andamento,22,nao,nao,nao,2.84,45,20,baixa,procesado,
DD-00883,2025-01-13,Salvador,BA,Boa Vista,"-13,048931",-38.575,site,fraude_online,8,15,3,tarde,em_andamento,41,sim,sim,nao,2.52,19,12,baixa,validado,
DD-00884,2025-07-06,São Paulo,sp,Jardim America,-23.506987,-46.588037,presencial,ameaca,48,22,4,noite,,13,sim,sim,nao,3.42,49,22,baixa,procesado,
DD-00885,2025-04-08,Uberlândia,MG,Planalto,-18.846848,"-48,208164",presencial,furto,23,25,3,noite,,0,sim,sim,nao,3.12,3,2,baixa,pendente,
DD-00886,2025-08-09,belo horizonte,MG,Universitario,-19.919373,-43.992847,app,perda_documento,8,22,1,tarde,concluido,19,sim,sim,nao,1.73,29,24,baixa,validado,
DD-00887,2025-03-29,Goiânia,GO,Boa Vista,-16.709965,-49.259734,presencial,perda_documento,19,33,5,manha,procesado,18,sim,sim,nao,2.0,19,14,baixa,,
DD-00888,2025-05-05,Curitiba,PR,Industrial,-25.36216,-49.243574,app,furto,7,4,6,tarde,concluido,54,sim,nao,sim,5,58,34,media,,
DD-00889,2025-08-29,Salvador,BA,Morumbi,-12.914211,-38.559056,site,furto,0,23,4,noite,arquivado,1,sim,sim,nao,3.71,19,13,alta,procesado,
DD-00890,2025-05-14,Curitiba,PR,Industrial,-25.421027,-49.261823,presencial,furto,71,17,4,tarde,arquivado,60,nao,nao,nao,1.84,3,1,media,procesado,
DD-00891,2025-09-05,São Paulo,SP,Santa Maria,-23.508446,-46.64431,presencial,fraude_online,56,23,5,noite,arquivado,57,sim,sim,nao,4.16,36,20,baixa,procesado,
DD-00892,2025-08-03,Uberlândia,MG,Boa Vista,-18.945566,-48.32292,site,ameaca,0,8,2,tarde,aberto,107,sim,sim,nao,4.16,23,17,baixa,,
DD-00893,2025-08-22,salvador,BA,Industrial,"-13,011483",-38.533487,app,furto,6,23,7,manha,,46,nao,nao,nao,"4,75",24,19,baixa,cancelado,
DD-00894,2025-04-07,Goiânia,GO,Industrial,-16.723565,-49.231891,site,roubo_celular,13,3,3,madrugada,procesado,51,nao,nao,nao,3.04,38,16,media,,
DD-00895,28/04/2025,Goiânia,GO,Boa Vista,-16.634429,-49.217538,presencial,fraude_online,0,2,3,noite,arquivado,59,nao,nao,nao,"3,56",31,12,baixa,pendente,
DD-00896,2025-07-17,Curitiba,PR,Planalto,-25.488147,-49.26038,presencial,roubo celular,0,23,4,manha,arquivado,82,nao,nao,nao,2.25,53,40,alta,,
DD-00897,2025-09-27,belo horizonte,MG,Planalto,-19.879175,-43.874101,presencial,perda_documento,73,24,5,tarde,,21,sim,sim,nao,1.29,8,5,media,validado,
DD-00898,2025-10-24,Belo Horizonte,MG,Planalto,-19.937932,-43.919602,presencial,fraude_online,70,19,8,madrugada,concluido,0,nao,nao,nao,3.06,44,39,media,cancelado,
DD-00899,03-20-2025,Uberaba,MG,Centro,"-19,681685",-47.950093,presencial,fraude_online,27,31,7,tarde,concluido,38,sim,sim,nao,4.73,32,27,baixa,,
DD-00900,2025-09-02,São Paulo,SP,Santa Maria,-23.59463,-46.706912,site,fraude_online,9,30,5,tarde,,15,sim,sim,nao,5,22,11,baixa,validado,
DD-00901,2025-06-04,São Paulo,SP,Centro,"-23,490769",-46.691178,site,roubo celular,,11,2,manha,arquivado,0,nao,nao,nao,4.32,30,23,baixa,pendente,
DD-00902,2025-07-06,Campinas,SP,Jardim America,-22.971577,-47.131917,site,fraude_online,12,24,4,manha,procesado,33,sim,sim,nao,2.88,35,22,baixa,cancelado,
DD-00903,01-25-2025,Uberaba,MG,Morumbi,"-19,821479",-47.873443,presencial,furto,86,6,4,tarde,em_andamento,12,nao,nao,nao,"4,65",51,31,media,,
DD-00904,2025-07-12,Uberaba,MG,Morumbi,"-19,727276",-47.971681,presencial,fraude_online,0,32,4,manha,aberto,48,sim,nao,sim,5,7,4,alta,pendente,
DD-00905,2025-05-05,Curitiba,PR,Jardim America,-25.434763,-49.249327,site,furto,21,36,4,manha,,141,sim,sim,nao,"3,73",23,11,baixa,cancelado,
DD-00906,2025-01-09,goiânia,GO,Boa Vista,-16.618388,-49.309539,site,roubo_celular,6,14,4,noite,,1,sim,nao,sim,4.94,7,4,baixa,pendente,
DD-00907,2025-09-10,Belo Horizonte,MG,Morumbi,-19.955127,"-43,946536",presencial,roubo_celular,57,21,4,noite,procesado,68,sim,nao,sim,2.31,39,29,baixa,validado,
DD-00908,16/01/2025,Uberlândia,MG,Jardim America,-18.924598,-48.31467,site,perda_documento,0,5,5,manha,,103,sim,sim,nao,5,41,26,baixa,cancelado,
DD-00909,data_invalida,campinas,SP,Morumbi,-22.919155,-47.070535,presencial,fraude_online,48,20,7,madrugada,concluido,75,nao,nao,nao,3.3,14,5,baixa,validado,
DD-00910,2025-04-25,Campinas,SP,Boa Vista,-22.908479,-47.061415,presencial,roubo_celular,9,25,3,tarde,aberto,9,nao,nao,nao,4.08,5,2,media,validado,
DD-00911,2025-08-18,Uberlândia,MG,Boa Vista,-18.967062,"-48,212411",site,roubo_celular,4,37,5,tarde,arquivado,15,sim,sim,nao,5,37,14,media,validado,
DD-00912,2025-05-23,Campinas,SP,Morumbi,"-22,914943",-47.076438,totem,furto,54,23,1,tarde,concluido,107,sim,sim,nao,"1,32",1,0,urgente,cancelado,
DD-00913,2025-10-21,Salvador,BA,Santa Maria,-12.945178,-38.49147,presencial,furto,33,18,6,noite,arquivado,69,nao,nao,nao,2.63,22,19,media,procesado,
DD-00914,2025-01-13,belo horizonte,MG,Jardim America,-19.944216,-43.973127,presencial,furto,,29,4,tarde,em_andamento,30,sim,nao,sim,5,10,4,media,validado,
DD-00915,2025-01-18,Salvador,BA,Morumbi,-12.945918,-38.443159,presencial,outros,20,13,2,tarde,,40,sim,sim,nao,1.3,60,22,baixa,procesado,
DD-00916,2025-05-28,Uberaba,MG,Boa Vista,-19.81543,-47.938152,site,furto,3,25,5,tarde,aberto,34,nao,nao,nao,"2,79",15,13,media,procesado,
DD-00917,2025-06-02,Belo Horizonte,MG,Industrial,-19.917822,-43.962653,presencial,perda_documento,,21,2,noite,,54,sim,nao,sim,4.14,10,8,baixa,,
DD-00918,2025-02-01,Salvador,BA,Planalto,-12.962663,-38.507785,site,furto,12,30,7,manha,procesado,54,sim,nao,sim,2.43,0,0,baixa,pendente,
DD-00919,2025-10-23,Belo Horizonte,MG,Jardim America,"-19,985008",-43.89268,site,roubo_celular,11,20,4,tarde,aberto,20,sim,sim,nao,"1,39",16,7,alta,cancelado,
DD-00920,data_invalida,Curitiba,PR,Planalto,-25.358974,"-49,269649",site,perda_documento,11,41,3,tarde,em_andamento,20,nao,nao,nao,3.87,39,13,urgente,,
DD-00921,2025-01-16,São Paulo,SP,Jardim America,-23.628633,-46.706225,presencial,ameaca,58,31,4,manha,,62,sim,sim,nao,3.16,1,0,baixa,pendente,
DD-00922,2025-07-08,Goiânia,GO,Planalto,-16.622629,-49.199655,app,outros,12,19,3,manha,procesado,76,sim,sim,nao,4.06,14,5,media,procesado,
DD-00923,2025-04-04,Belo Horizonte,MG,Planalto,"-19,934879",-43.949449,presencial,fraude_online,54,35,5,manha,em_andamento,100,sim,sim,nao,4.41,2,1,media,procesado,
DD-00924,04-11-2025,Belo Horizonte,mg,Universitario,-19.937961,-43.903284,presencial,perda_documento,35,33,4,noite,,10,sim,sim,nao,3.55,40,17,baixa,validado,
DD-00925,09-08-2025,Belo Horizonte,mg,Santa Maria,-19.926804,-43.972047,presencial,perda_documento,24,28,5,noite,,47,nao,nao,nao,2.56,13,11,baixa,validado,
DD-00926,2025-05-07,Belo Horizonte,MG,Jardim America,-19.942705,-43.973019,presencial,fraude_online,54,36,6,manha,arquivado,66,sim,sim,nao,1.33,20,9,baixa,procesado,
DD-00927,2025-10-07,Salvador,BA,Industrial,-12.951887,-38.568993,presencial,roubo_celular,31,33,4,noite,arquivado,31,sim,sim,nao,"4,9",16,13,baixa,,
DD-00928,2025-10-23,Uberlândia,MG,Planalto,-18.866363,-48.316811,site,furto,4,28,5,madrugada,arquivado,68,sim,nao,sim,3.54,24,21,alta,,
DD-00929,2025-06-03,belo horizonte,MG,Boa Vista,-19.994719,-43.965933,site,ameaca,0,26,2,noite,aberto,52,sim,sim,nao,4.21,40,34,media,cancelado,
DD-00930,2025-06-30,Belo Horizonte,mg,Universitario,-19.945672,-44.007135,presencial,roubo celular,0,20,4,tarde,,56,sim,sim,nao,3.22,49,33,baixa,procesado,
DD-00931,17/09/2025,Curitiba,PR,Santa Maria,-25.491865,-49.254156,site,perda_documento,19,28,3,noite,em_andamento,68,sim,sim,nao,5,25,22,baixa,cancelado,
DD-00932,05-13-2025,Belo Horizonte,MG,Planalto,"-19,882495",-44.013276,presencial,perda_doc,27,28,3,noite,,63,sim,sim,nao,5,26,20,baixa,cancelado,
DD-00933,2025-10-20,Goiânia,GO,Morumbi,-16.746998,"-49,331807",presencial,outros,33,43,6,tarde,aberto,40,nao,nao,nao,4.7,8,4,baixa,procesado,
DD-00934,2025-03-05,Campinas,SP,Universitario,-22.933193,-47.111434,site,furto,3,14,5,madrugada,,73,nao,nao,nao,5,17,14,urgente,,
DD-00935,2025-06-05,Campinas,SP,Morumbi,-22.917571,-47.003393,site,roubo_celular,7,10,4,noite,arquivado,52,sim,sim,nao,2.46,23,10,baixa,cancelado,
DD-00936,2025-02-19,Belo Horizonte,MG,Centro,-19.965145,-43.917049,totem,ameaca,28,16,4,tarde,procesado,5,nao,nao,nao,2.62,12,10,baixa,pendente,
DD-00937,26/09/2025,Salvador,BA,Boa Vista,-12.929842,-38.426539,presencial,ameaca,49,17,4,manha,concluido,53,nao,nao,nao,"4,47",44,29,media,cancelado,
DD-00938,05/03/2025,Salvador,BA,Centro,-13.008209,-38.536626,presencial,ameaca,71,16,5,madrugada,concluido,70,sim,sim,nao,"3,71",5,2,alta,pendente,
DD-00939,04-11-2025,Campinas,SP,Santa Maria,-22.829065,-47.032839,presencial,furto,,6,6,manha,procesado,25,sim,sim,nao,4.13,4,1,baixa,,
DD-00940,2025-09-01,Uberaba,MG,Santa Maria,"-19,678408",-47.990385,presencial,fraude on-line,75,23,8,tarde,procesado,37,nao,nao,nao,1.51,53,23,baixa,procesado,
DD-00941,2025-08-06,Curitiba,PR,Universitario,-25.357593,-49.257557,presencial,furto,54,8,1,manha,em_andamento,68,nao,nao,nao,3.21,46,19,baixa,,
DD-00942,2025-10-24,curitiba,PR,Planalto,-25.447317,-49.271312,presencial,ameaca,48,32,3,manha,procesado,24,sim,sim,nao,3.76,25,12,media,cancelado,
DD-00943,2025-08-25,São Paulo,SP,Industrial,-23.493122,-46.682348,site,furto,3,33,5,noite,,38,sim,sim,nao,2.98,41,28,baixa,validado,
DD-00944,06-29-2025,Salvador,BA,Centro,-12.983315,-38.425646,presencial,fraude_online,30,13,4,noite,aberto,73,sim,sim,nao,4.13,28,23,baixa,,
DD-00945,26/07/2025,Curitiba,PR,Morumbi,-25.362823,-49.35194,totem,ameaca,0,21,5,tarde,aberto,133,sim,nao,sim,1.19,15,12,urgente,pendente,
DD-00946,2025-06-06,curitiba,PR,Morumbi,"-25,458367",-49.350818,presencial,outros,3,31,1,manha,procesado,77,sim,sim,nao,2.46,20,9,media,pendente,
DD-00947,2025-08-20,Salvador,BA,Morumbi,-13.014771,"-38,434462",presencial,ameaca,136,13,2,noite,em_andamento,65,sim,sim,nao,3.64,19,15,media,validado,
DD-00948,2025-09-06,Salvador,BA,Santa Maria,-13.055421,-38.436645,site,furto,23,14,3,noite,concluido,41,sim,sim,nao,"3,49",31,25,baixa,validado,
DD-00949,06-20-2025,Uberlândia,MG,Jardim America,-18.89802,-48.350772,site,furto,21,9,2,noite,em_andamento,37,sim,nao,sim,3.06,37,26,baixa,cancelado,
DD-00950,2025-04-01,Curitiba,PR,Planalto,-25.39535,-49.311952,totem,furto,56,22,2,tarde,procesado,30,nao,nao,nao,4.8,14,9,alta,,
DD-00951,2025-01-11,Uberlândia,MG,Universitario,-18.841303,-48.316799,presencial,outros,94,29,4,manha,aberto,10,sim,sim,nao,4.01,10,5,alta,cancelado,
DD-00952,02/02/2025,Uberlândia,MG,Boa Vista,-18.886569,-48.223706,site,perda_documento,11,23,3,tarde,concluido,55,sim,nao,sim,3.3,54,43,baixa,cancelado,
DD-00953,2025-05-24,Goiânia,GO,Industrial,"-16,674889","-49,224364",app,fraude_online,19,25,3,manha,em_andamento,105,sim,sim,nao,3.03,5,4,media,pendente,
DD-00954,2025-10-09,São Paulo,SP,Universitario,-23.504164,-46.56464,presencial,ameaca,50,24,3,noite,concluido,0,sim,sim,nao,4.41,24,15,baixa,procesado,
DD-00955,2025-08-03,Goiânia,GO,Boa Vista,-16.650396,-49.207797,presencial,outros,13,27,1,tarde,aberto,17,sim,sim,nao,1.1,18,11,urgente,cancelado,
DD-00956,2025-05-12,Curitiba,PR,Santa Maria,-25.441249,-49.34135,presencial,furto,0,16,1,manha,em_andamento,27,sim,sim,nao,3.82,12,9,baixa,,
DD-00957,2025-09-09,Uberaba,MG,Morumbi,"-19,821967",-47.995681,site,perda_documento,5,13,3,tarde,aberto,44,sim,sim,nao,5,30,20,urgente,validado,
DD-00958,2025-04-24,São Paulo,SP,Universitario,-23.589326,-46.615562,app,furto,1,21,1,noite,aberto,0,sim,sim,nao,2.88,30,17,baixa,cancelado,
DD-00959,10-28-2025,Belo Horizonte,MG,Jardim America,-19.972287,-44.002639,presencial,furto,47,18,1,manha,em_andamento,113,sim,sim,nao,3.58,20,14,baixa,,
DD-00960,2025-06-18,Uberlândia,MG,Planalto,"-18,926238",-48.219656,site,fraude_online,3,17,4,manha,em_andamento,12,sim,nao,sim,2.42,15,11,baixa,validado,
DD-00961,2025-01-03,Campinas,SP,Planalto,-22.983292,-47.042124,site,furto,14,23,5,madrugada,procesado,97,sim,nao,sim,2.59,34,27,baixa,pendente,
DD-00962,2025-06-17,São Paulo,SP,Jardim America,-23.529124,"-46,654381",presencial,fraude_online,107,21,4,madrugada,aberto,34,sim,sim,nao,2.75,9,6,baixa,,
DD-00963,2025-03-29,campinas,SP,Centro,-22.898095,-47.02016,presencial,furto,58,32,2,manha,,39,nao,nao,nao,3.53,45,33,media,validado,
DD-00964,data_invalida,São Paulo,SP,Industrial,-23.53631,-46.674462,presencial,roubo_celular,12,30,2,noite,arquivado,85,sim,nao,sim,4.58,36,15,baixa,,
DD-00965,2025-05-02,Uberlândia,MG,Planalto,-18.938763,"-48,340711",site,ameaca,2,27,4,madrugada,aberto,4,sim,sim,nao,3.2,51,34,baixa,cancelado,
DD-00966,2025-02-19,Belo Horizonte,MG,Santa Maria,"-19,847773",-43.967314,presencial,furto,25,23,9,tarde,aberto,85,sim,nao,sim,5,42,15,baixa,procesado,
DD-00967,2025-05-04,uberaba,MG,Jardim America,-19.823703,-47.946242,presencial,fraude_online,38,30,3,tarde,concluido,24,sim,sim,nao,4.68,66,57,urgente,validado,
DD-00968,2025-06-04,Salvador,BA,Industrial,-12.960757,-38.552408,presencial,furto,0,12,3,tarde,,59,sim,sim,nao,3.26,37,31,media,pendente,
DD-00969,30/09/2025,Curitiba,PR,Universitario,-25.420492,"-49,221747",presencial,perda_documento,46,26,2,manha,em_andamento,55,sim,sim,nao,2.64,36,21,baixa,validado,
DD-00970,2025-08-13,Salvador,BA,Industrial,-13.046385,-38.560467,app,furto,4,21,1,noite,concluido,89,nao,nao,nao,0.98,0,0,urgente,pendente,
DD-00971,10/08/2025,Uberaba,MG,Boa Vista,-19.700028,-47.889307,site,furto,11,19,3,manha,concluido,48,sim,sim,nao,4.31,41,32,baixa,,
DD-00972,2025-05-12,São Paulo,SP,Planalto,"-23,623461",-46.646897,presencial,fraude_online,0,28,4,noite,,52,sim,nao,sim,"2,23",54,24,urgente,validado,
DD-00973,2025-07-14,Curitiba,PR,Santa Maria,-25.416225,-49.308669,presencial,outros,43,28,5,noite,aberto,14,sim,sim,nao,3.06,60,30,baixa,procesado,
DD-00974,2025-09-22,Salvador,BA,Jardim America,-12.984423,"-38,455596",app,perda_documento,7,13,5,tarde,,47,sim,sim,nao,5,50,35,baixa,,
DD-00975,2025-04-19,Salvador,BA,Jardim America,"-12,965246",-38.554354,presencial,roubo_celular,45,15,4,noite,procesado,0,nao,nao,nao,"3,16",10,7,baixa,cancelado,
DD-00976,2025-01-15,Goiânia,GO,Jardim America,"-16,622317",-49.291057,totem,perda_documento,0,2,3,noite,procesado,0,sim,sim,nao,3.77,5,2,baixa,,
DD-00977,2025-09-20,Campinas,SP,Centro,"-22,926633",-47.076254,presencial,perda_documento,37,27,6,tarde,em_andamento,0,sim,nao,sim,2.87,19,10,media,cancelado,
DD-00978,2025-10-11,Curitiba,PR,Universitario,"-25,436965","-49,304491",presencial,roubo_celular,62,19,7,manha,,49,sim,sim,nao,3.58,11,7,media,,
DD-00979,2025-05-24,Uberaba,MG,Industrial,-19.766836,-47.984697,presencial,roubo_celular,0,18,4,manha,,61,sim,sim,nao,1.2,55,28,media,cancelado,
DD-00980,06/08/2025,Curitiba,PR,Jardim America,-25.442042,-49.23739,app,roubo_celular,7,26,1,manha,concluido,54,sim,nao,sim,3.76,25,20,baixa,cancelado,
DD-00981,02-03-2025,Curitiba,pr,Santa Maria,-25.388746,-49.25308,site,furto,1,26,6,manha,concluido,21,sim,sim,nao,3.81,0,0,media,cancelado,
DD-00982,2025-10-12,uberaba,MG,Industrial,-19.713011,-47.916555,site,furto,3,16,1,tarde,,66,nao,nao,nao,"2,4",27,11,baixa,cancelado,
DD-00983,2025-09-18,Uberlândia,MG,Planalto,-18.991884,-48.206368,site,perda_documento,14,48,1,tarde,arquivado,70,sim,sim,nao,"0,54",24,9,media,procesado,
DD-00984,10/04/2025,Uberaba,MG,Jardim America,"-19,756023",-47.90034,site,perda_documento,15,36,2,tarde,,77,sim,nao,sim,5.0,22,17,baixa,validado,
DD-00985,2025-09-17,Campinas,SP,Planalto,-22.953179,-47.132032,site,furto,6,21,9,noite,concluido,50,sim,sim,nao,3.63,12,9,baixa,validado,
DD-00986,2025-04-04,Belo Horizonte,MG,Centro,-19.9748,-43.882924,presencial,ameaca,41,24,2,tarde,,49,nao,nao,nao,4.62,28,22,baixa,pendente,
DD-00987,2025-08-17,São Paulo,SP,Universitario,-23.474754,-46.634659,presencial,outros,75,20,2,madrugada,procesado,101,nao,nao,nao,2.7,3,2,baixa,procesado,
DD-00988,2025-05-02,belo horizonte,MG,Centro,-19.972809,-43.896153,site,perda_documento,,11,3,tarde,procesado,38,sim,nao,sim,3.17,0,0,baixa,procesado,
DD-00989,2025-05-21,Goiânia,GO,Jardim America,"-16,652071","-49,3233",site,fraude_online,15,24,3,tarde,concluido,33,sim,nao,sim,2.8,52,36,media,procesado,
DD-00990,2025-04-19,Curitiba,PR,Santa Maria,-25.369493,"-49,350123",presencial,fraude_online,52,22,4,tarde,,16,sim,nao,sim,"4,41",15,7,baixa,,
DD-00991,2025-03-03,São Paulo,SP,Santa Maria,-23.490244,-46.702162,site,fraude_online,17,26,3,noite,,73,sim,sim,nao,2.63,22,8,media,pendente,
DD-00992,2025-06-14,Salvador,BA,Jardim America,-13.003072,-38.510129,site,furto,5,25,2,noite,arquivado,69,sim,sim,nao,5,1,0,baixa,procesado,
DD-00993,2025-03-31,Goiânia,GO,Boa Vista,-16.745207,-49.343271,site,fraude_online,13,29,2,noite,arquivado,1,sim,nao,sim,5,22,19,urgente,pendente,
DD-00994,2025-04-26,Goiânia,GO,Centro,-16.726336,-49.268948,site,furto,0,31,4,noite,procesado,63,nao,nao,nao,3.9,38,33,baixa,,
DD-00995,2025-08-20,Campinas,SP,Santa Maria,-22.967216,-47.069707,site,furto,9,16,2,noite,arquivado,31,sim,sim,nao,5,58,39,media,pendente,
DD-00996,data_invalida,São Paulo,sp,Planalto,-23.481601,-46.591842,presencial,roubo_celular,15,2,2,noite,,102,sim,sim,nao,2.57,31,17,baixa,cancelado,
DD-00997,05-02-2025,salvador,ba,Industrial,"-12,984246",-38.556697,presencial,fraude_online,28,14,3,madrugada,arquivado,111,sim,nao,sim,2.05,24,21,baixa,cancelado,
DD-00998,2025-01-23,Uberlândia,MG,Industrial,-18.888417,-48.240589,site,furto,8,13,4,madrugada,,57,nao,nao,nao,2.49,38,21,baixa,pendente,
DD-00999,2025-02-24,Curitiba,PR,Jardim America,-25.406412,-49.308343,presencial,furto,28,13,4,tarde,arquivado,101,sim,nao,sim,"3,94",12,7,alta,cancelado,
DD-00000,2025-06-12,Uberaba,MG,Santa Maria,-19.756224,"-47,934552",presencial,fraude_online,48,26,3,tarde,aberto,61,sim,sim,nao,4.94,49,25,media,procesado,
DD-00001,2025-09-29,Salvador,BA,Planalto,-12.929145,"-38,554132",site,furto,0,4,3,manha,concluido,39,sim,sim,nao,"3,97",2,1,baixa,procesado,
DD-00002,2025-09-28,Campinas,sp,Universitario,-22.967336,-47.029487,app,fraude_online,0,13,4,manha,procesado,2,nao,nao,nao,"4,3",4,3,urgente,cancelado,
DD-00003,2025-09-23,Belo Horizonte,MG,Industrial,-19.889413,"-43,944072",presencial,outros,38,28,2,noite,procesado,0,sim,nao,sim,3.19,42,30,media,procesado,
DD-00004,data_invalida,Uberlândia,mg,Morumbi,-18.902376,"-48,287544",presencial,furto,1,9,4,tarde,,71,nao,nao,nao,2.44,21,12,media,validado,
DD-00005,2025-06-12,Uberlândia,MG,Santa Maria,-18.965905,-48.261261,site,perda_doc,2,2,1,manha,arquivado,38,nao,nao,nao,3.73,44,22,baixa,,
DD-00006,2025-05-27,São Paulo,SP,Jardim America,-23.488292,"-46,59248",site,fraude_online,13,15,5,tarde,,7,sim,sim,nao,1.84,0,0,media,cancelado,
DD-00007,2025-02-10,Curitiba,PR,Centro,-25.380769,-49.225512,presencial,fraude_online,48,28,3,tarde,procesado,103,sim,nao,sim,"3,6",38,15,media,,
DD-00008,24/09/2025,Campinas,SP,Industrial,-22.960127,-47.088568,site,outros,0,29,4,manha,procesado,17,nao,nao,nao,"3,09",32,26,baixa,,
DD-00009,2025-10-06,Uberlândia,MG,Morumbi,-18.978217,-48.255782,site,ameaca,0,15,4,manha,aberto,52,sim,sim,nao,5,34,17,baixa,validado,
DD-00010,05/08/2025,Goiânia,GO,Santa Maria,"-16,755725",-49.309578,site,furto,11,6,2,tarde,concluido,24,sim,sim,nao,3.1,36,17,baixa,validado,
DD-00011,2025-09-11,Curitiba,PR,Boa Vista,-25.390231,-49.311711,presencial,fraude_online,52,2,5,manha,concluido,29,sim,nao,sim,2.95,79,38,baixa,procesado,
DD-00012,2025-08-02,Campinas,SP,Santa Maria,-22.917825,-47.097394,site,outros,12,15,5,manha,,69,sim,nao,sim,2.94,21,13,baixa,pendente,
DD-00013,2025-05-14,Curitiba,PR,Jardim America,-25.353749,-49.206148,presencial,perda_documento,27,22,1,manha,concluido,0,nao,nao,nao,3.34,18,12,media,validado,
DD-00014,2025-05-09,uberlândia,MG,Jardim America,"-18,863915","-48,300809",presencial,perda_documento,33,14,5,tarde,aberto,62,sim,sim,nao,4.39,50,36,baixa,procesado,
DD-00015,2025-02-28,Goiânia,GO,Planalto,-16.751607,"-49,272389",presencial,roubo celular,10,24,2,tarde,aberto,46,sim,sim,nao,2.8,31,21,baixa,cancelado,
DD-00016,2025-01-27,Goiânia,GO,Jardim America,-16.648287,-49.240282,presencial,roubo_celular,30,10,1,manha,em_andamento,58,nao,nao,nao,1.51,64,53,baixa,pendente,
DD-00017,2025-01-17,salvador,BA,Planalto,"-12,915492",-38.487755,presencial,perda_documento,15,20,3,noite,arquivado,36,sim,sim,nao,2.31,0,0,urgente,pendente,
DD-00018,15/10/2025,Curitiba,PR,Santa Maria,-25.469294,"-49,231821",site,ameaca,0,32,5,noite,aberto,0,nao,nao,nao,5,35,25,media,validado,
DD-00019,2025-08-03,Curitiba,PR,Industrial,-25.361912,-49.345009,presencial,fraude_online,55,26,3,manha,,117,sim,sim,nao,3.2,42,34,baixa,,
DD-00020,04-23-2025,curitiba,PR,Centro,-25.428519,-49.28467,app,furto,11,29,6,noite,em_andamento,50,nao,nao,nao,3.58,35,24,alta,,
DD-00021,09-01-2025,São Paulo,SP,Morumbi,-23.526073,-46.657956,app,fraude_online,17,18,1,tarde,concluido,21,sim,sim,nao,3.74,37,20,media,procesado,
DD-00022,2025-04-22,Salvador,BA,Centro,-12.944865,-38.468556,app,furto,7,23,3,tarde,concluido,0,sim,sim,nao,"3,39",29,23,media,procesado,
DD-00023,03-07-2025,curitiba,PR,Jardim America,-25.477393,-49.20993,presencial,furto,67,26,5,noite,concluido,44,sim,sim,nao,2.51,33,18,media,validado,
DD-00024,2025-04-29,São Paulo,sp,Santa Maria,-23.520561,-46.603326,presencial,furto,55,24,1,tarde,concluido,60,sim,sim,nao,3.1,42,20,baixa,cancelado,
