registro_id,data_pedido,cidade,uf,cliente_id,loja_id,canal,categoria_principal,quantidade_itens,produtos_indisponiveis,funcionarios_disponiveis,volume_pedidos_simultaneos,horario_pedido,periodo_pico,tipo_produto,tempo_separacao_min,tempo_entrega_estimado_min,tempo_entrega_real_min,valor_pedido,cupom_utilizado,avaliacao_cliente,cancelado,motivo_cancelamento,frequencia_compra_mes,dias_desde_ultima_compra,status_pedido,observacao
FM-00000,2025-05-08,Uberaba,MG,C121,L49,app,limpeza,5,0,3,9,10,nao,perecivel,6,35,58,"127,81",nao,"2,8",sim,cliente_desistiu,4,56,em_rota,
FM-00001,2025-01-10,salvador,BA,C44,L19,app,limpeza,7,0,4,16,20,sim,nao_perecivel,9,50,63,"110,19",,2.9,sim,valor_frete,3,89,cancelado,
FM-00002,2025-04-06,Uberlândia,MG,C436,L10,app,conveniencia,1,2,4,15,15,nao,nao_perecivel,7,50,42,"39,88",,"3,4",nao,,4,67,,
FM-00003,2025-01-27,salvador,BA,C222,L37,app,limpeza,15,0,5,19,13,nao,nao_perecivel,22,45,32,"106,13",,4.4,sim,atraso,6,4,em_rota,
FM-00004,01-14-2025,uberaba,MG,C121,L42,app,hortifruti,23,0,4,28,21,nao,perecivel,66,50,47,131.64,nao,3.6,nao,,4,90,em_rota,
FM-00005,2025-04-14,Salvador,BA,C166,L21,app,bebidas,12,0,6,37,14,nao,perecivel,36,50,108,194.4,sim,1.7,nao,,11,76,em_rota,
FM-00006,2025-03-07,Goiânia,GO,C396,L6,web,conveniencia,16,3,2,39,7,nao,nao_perecivel,50,40,26,15,nao,4.3,nao,,2,39,,
FM-00007,2025-08-26,Uberlândia,MG,C419,L54,web,hortifruti,10,0,5,17,11,sim,nao_perecivel,,30,36,43.39,nao,"1,4",nao,,3,58,em_rota,
FM-00008,2025-08-05,Salvador,BA,C354,L44,app,bebidas,10,1,1,7,23,nao,nao_perecivel,15,40,10,114.24,nao,2.7,nao,,0,44,procesado,
FM-00009,24/06/2025,São Paulo,SP,C222,L30,app,bebidas,12,0,3,19,22,nao,nao perecivel,32,50,49,173.95,,3.4,nao,,9,90,em_rota,
FM-00010,2025-03-23,Uberaba,mg,C459,L47,web,mercearia,9,2,5,50,22,nao,perecivel,300,50,64,94.84,,1.4,sim,erro_pagamento,5,11,,OUTLIER tempo de separacao
FM-00011,2025-05-04,Uberaba,MG,C159,L30,app,conveniencia,5,1,3,44,22,nao,perecivel,33,30,33,62.67,sim,2.2,nao,,0,90,,
FM-00012,2025-06-04,São Paulo,SP,C291,L56,web,hortifruti,11,0,5,29,19,sim,nao_perecivel,40,45,57,92.9,,4.7,sim,atraso,9,55,cancelado,
FM-00013,2025-03-07,Curitiba,pr,C198,L51,app,limpeza,10,0,3,8,23,nao,perecivel,17,30,58,118.16,sim,3.0,nao,,0,19,procesado,
FM-00014,2025-09-02,Campinas,SP,C177,L44,web,limpeza,22,1,7,19,18,sim,nao_perecivel,61,45,54,172.74,,"2,3",nao,,0,88,entregue,
FM-00015,data_invalida,São Paulo,SP,C75,L29,web,mercearia,4,0,6,21,23,nao,perecivel,10,45,80,"148,49",,3.0,sim,erro_pagamento,6,69,entregue,
FM-00016,2025-10-14,Goiânia,GO,C511,L28,app,bebidas,17,2,3,8,16,nao,perecivel,37,30,53,184.15,,3.2,nao,,7,28,em_rota,
FM-00017,2025-09-14,Goiânia,GO,C392,L60,app,hortifruti,20,0,3,35,18,sim,nao perecivel,57,40,32,"106,22",sim,5,nao,,3,9,entregue,
FM-00018,19/09/2025,uberlândia,MG,C436,L54,app,conveniencia,19,3,2,21,16,nao,perecivel,41,45,45,140.83,nao,2.8,nao,,3,71,entregue,
FM-00019,2025-02-12,Goiânia,GO,C393,L9,app,mercearia,16,0,7,16,22,nao,perecivel,22,30,36,95.13,,1.9,nao,,0,11,entregue,
FM-00020,2025-04-16,São Paulo,SP,C453,L8,app,conveniencia,1,1,4,22,13,nao,nao_perecivel,12,35,10,123.34,sim,3.9,nao,,3,47,cancelado,
FM-00021,07-04-2025,Salvador,BA,C307,L41,app,horti fruti,11,1,2,14,18,sim,perecivel,27,30,29,"64,23",,5,nao,,3,43,,
FM-00022,2025-08-21,Uberaba,MG,C267,L15,app,mercearia,11,2,3,20,21,nao,nao_perecivel,32,45,58,76.6,,2.9,nao,,5,88,procesado,
FM-00023,2025-01-06,são paulo,SP,C341,L43,app,bebidas,5,2,6,27,8,nao,nao_perecivel,10,30,28,218.77,sim,3.8,nao,,3,65,,
FM-00024,2025-06-26,Uberlândia,MG,C487,L24,app,hortifruti,20,2,2,32,23,nao,perecivel,51,50,60,59.1,nao,"3,4",nao,,10,42,cancelado,
FM-00025,2025-05-30,Curitiba,PR,C255,L53,app,hortifruti,13,1,4,2,19,sim,nao_perecivel,29,50,480,117.1,sim,2.7,nao,,4,68,cancelado,OUTLIER tempo de entrega
FM-00026,2025-09-03,Goiânia,GO,C22,L13,app,limpeza,20,1,6,12,17,nao,nao_perecivel,36,35,39,114.57,sim,5,nao,,7,60,em_rota,
FM-00027,10/06/2025,Uberaba,MG,C56,L19,app,hortifruti,7,0,6,23,23,nao,perecivel,16,50,62,161.49,nao,4.2,nao,,8,34,cancelado,
FM-00028,04-18-2025,Uberaba,MG,C204,L44,app,conveniencia,3,1,1,19,15,nao,perecivel,15,35,23,"103,66",nao,5,nao,,11,43,cancelado,
FM-00029,2025-08-14,Curitiba,PR,C163,L58,app,mercearia,17,0,4,25,19,sim,perecivel,60,30,34,"192,44",nao,3.1,sim,valor_frete,8,34,procesado,
FM-00030,2025-10-18,uberaba,MG,C63,L5,app,bebidas,17,4,2,1,14,nao,perecivel,41,35,36,"111,41",,3.7,sim,cliente_desistiu,7,20,cancelado,
FM-00031,data_invalida,Goiânia,GO,C187,L4,app,conveniência,19,1,3,19,12,sim,perecivel,32,35,79,134.88,nao,2.6,nao,,7,58,cancelado,
FM-00032,2025-07-09,São Paulo,SP,C118,L12,app,limpeza,9,0,1,25,10,nao,perecivel,37,40,39,232.14,,4.3,sim,atraso,0,41,em_rota,
FM-00033,2025-05-18,Salvador,ba,C412,L10,app,hortifruti,12,1,7,7,8,nao,nao_perecivel,18,40,64,123.58,sim,3.1,nao,,9,58,cancelado,
FM-00034,28/06/2025,Salvador,BA,C368,L12,app,hortifruti,15,1,3,12,15,nao,nao_perecivel,36,40,62,"21,85",nao,2.5,nao,,9,46,cancelado,
FM-00035,21/06/2025,Salvador,BA,C77,L40,app,mercearia,4,1,4,10,23,nao,perecivel,10,50,75,94.77,nao,3.7,sim,valor_frete,5,87,em_rota,
FM-00036,2025-09-17,Uberlândia,MG,C70,L38,app,hortifruti,7,1,3,9,20,sim,nao_perecivel,16,50,57,138.06,,2.6,sim,cliente_desistiu,9,10,cancelado,
FM-00037,2025-05-18,Curitiba,PR,C380,L16,app,bebidas,17,0,4,1,10,nao,nao_perecivel,31,50,39,41.46,nao,2.5,nao,,12,53,,
FM-00038,2025-02-10,São Paulo,SP,C73,L43,app,mercearia,1,0,6,30,12,sim,perecivel,13,30,51,67.45,,3.0,nao,,9,25,,
FM-00039,data_invalida,Goiânia,GO,C32,L55,app,bebidas,7,1,1,12,11,sim,nao_perecivel,14,45,68,"61,2",,"4,0",nao,,0,23,entregue,
FM-00040,2025-01-12,Uberaba,MG,C198,L10,web,conveniencia,300,0,3,17,13,nao,perecivel,31,50,78,"119,52",sim,2.3,nao,,2,5,procesado,OUTLIER quantidade de itens
FM-00041,08-03-2025,Curitiba,PR,C344,L54,app,hortifruti,6,3,4,0,14,nao,perecivel,10,30,44,142.68,sim,2.7,nao,,5,16,entregue,
FM-00042,2025-03-19,Goiânia,GO,C497,L56,app,limpeza,18,1,3,10,10,nao,nao_perecivel,29,40,30,167.58,sim,3.8,nao,,0,70,em_rota,
FM-00043,2025-04-13,Curitiba,PR,C490,L47,app,hortifruti,19,2,3,24,17,nao,nao_perecivel,57,45,62,98.6,sim,2.5,sim,atraso,5,70,,
FM-00044,data_invalida,Uberlândia,MG,C400,L13,app,limpeza,3,3,4,33,20,sim,perecivel,,40,66,127.32,nao,3.8,nao,,7,4,procesado,
FM-00045,2025-08-08,Salvador,ba,C325,L12,app,limpeza,23,2,6,13,7,nao,nao_perecivel,41,35,36,"62,5",nao,2.1,nao,,5,88,cancelado,
FM-00046,2025-09-06,Curitiba,PR,C440,L5,web,hortifruti,10,1,2,12,23,nao,nao_perecivel,16,35,48,"156,54",,5,nao,,8,1,procesado,
FM-00047,2025-06-07,Uberlândia,MG,C68,L15,app,bebidas,18,0,4,1,10,nao,nao_perecivel,,40,30,100.54,sim,4.8,nao,,5,45,procesado,
FM-00048,2025-09-12,salvador,BA,C421,L40,app,hortifruti,5,1,4,30,20,sim,perecivel,23,45,65,167.13,nao,4.1,nao,,11,19,procesado,
FM-00049,2025-06-24,Salvador,BA,C4,L40,app,mercearia,11,2,1,8,23,nao,nao_perecivel,20,45,61,35.34,nao,2.9,nao,,9,59,em_rota,
FM-00050,2025-05-20,São Paulo,SP,C7,L46,app,bebidas,10,0,4,39,12,sim,nao_perecivel,29,35,52,120.4,,4.5,nao,,4,85,cancelado,
FM-00051,2025-03-16,Uberaba,MG,C88,L17,app,hortifruti,16,1,5,29,13,nao,nao_perecivel,30,35,10,157.03,,3.8,nao,,10,33,em_rota,
FM-00052,2025-05-04,Uberaba,MG,C345,L30,web,conveniencia,1,0,3,20,14,nao,nao_perecivel,9,30,19,115.07,nao,5,nao,,5,64,procesado,
FM-00053,2025-01-15,Campinas,SP,C500,L59,web,bebidas,19,1,5,19,11,sim,nao_perecivel,38,40,30,123.89,sim,4.8,nao,,3,41,em_rota,
FM-00054,2025-08-21,Campinas,SP,C279,L17,app,mercearia,5,2,3,11,22,nao,perecivel,11,30,31,154.0,nao,3.8,sim,erro_pagamento,0,33,cancelado,
FM-00055,2025-05-10,São Paulo,SP,C462,L23,app,limpeza,13,2,0,30,8,nao,nao_perecivel,21,35,10,73.79,sim,5,nao,,4,90,,VALOR INVALIDO nenhum funcionario
FM-00056,data_invalida,Curitiba,pr,C448,L50,app,bebidas,7,1,5,17,21,nao,perecivel,18,35,63,98.75,,2.7,sim,erro_pagamento,8,32,cancelado,
FM-00057,16/04/2025,Goiânia,GO,C5,L30,app,limpeza,16,0,4,7,20,sim,nao_perecivel,40,40,69,114.19,,2.9,nao,,7,25,procesado,
FM-00058,2025-04-22,São Paulo,SP,C541,L42,app,bebidas,18,1,2,7,21,nao,nao_perecivel,31,45,55,118.27,,1,nao,,5,85,entregue,
FM-00059,2025-06-21,São Paulo,SP,C446,L42,web,bebidas,15,1,5,12,14,nao,perecivel,31,50,43,118.51,sim,3.1,nao,,0,76,em_rota,
FM-00060,2025-09-18,Curitiba,PR,C111,L37,app,bebidas,1,0,5,28,7,nao,perecivel,6,45,39,"191,99",,5,nao,,6,38,cancelado,
FM-00061,25/08/2025,Campinas,SP,C153,L54,web,hortifruti,4,1,3,8,16,nao,nao_perecivel,6,40,47,"156,34",nao,2.6,nao,,7,15,,
FM-00062,2025-09-16,Salvador,BA,C462,L6,web,mercearia,5,2,3,31,10,nao,perecivel,12,30,59,"150,01",nao,3.2,sim,produto_indisponivel,2,67,entregue,
FM-00063,2025-06-25,Uberlândia,MG,C113,L12,app,conveniencia,20,0,5,27,17,nao,perecivel,53,45,34,88.98,sim,5,nao,,11,88,,
FM-00064,2025-07-21,goiânia,GO,C502,L31,app,conveniencia,7,1,1,20,14,nao,perecivel,21,45,40,"151,54",sim,4.3,nao,,0,87,em_rota,
FM-00065,2025-05-28,Uberaba,MG,C550,L31,web,mercearia,21,0,8,0,14,nao,nao_perecivel,16,40,38,159.93,,3.8,nao,,8,73,entregue,
FM-00066,2025-04-19,Campinas,SP,C229,L41,web,mercearia,14,2,6,15,12,sim,perecivel,23,40,39,158.12,nao,1.9,nao,,9,37,cancelado,
FM-00067,2025-04-06,Campinas,SP,C131,L31,app,mercearia,11,0,1,16,20,sim,perecivel,34,45,17,"109,04",,"4,5",nao,,0,21,em_rota,
FM-00068,2025-07-08,Campinas,SP,C151,L13,app,hortifruti,7,0,1,10,8,nao,nao_perecivel,14,30,45,"112,15",sim,"4,1",nao,,3,62,cancelado,
FM-00069,2025-01-27,são paulo,SP,C18,L50,app,limpeza,1,0,7,34,13,nao,perecivel,7,30,38,90.42,sim,"1,7",sim,erro_pagamento,2,62,em_rota,
FM-00070,2025-06-28,Curitiba,PR,C340,L42,app,mercearia,7,2,4,0,9,nao,nao_perecivel,6,40,31,214.5,,9,nao,,0,2,cancelado,VALOR INVALIDO avaliacao
FM-00071,2025-07-06,Campinas,SP,C179,L46,app,conveniencia,7,2,1,6,17,nao,nao_perecivel,19,50,49,"184,17",sim,3.5,nao,,7,67,em_rota,
FM-00072,02-19-2025,Curitiba,PR,C407,L46,app,mercearia,13,1,3,10,12,sim,perecivel,31,30,11,19.83,nao,3.5,sim,erro_pagamento,13,75,,
FM-00073,2025-08-14,Uberlândia,MG,C67,L2,app,conveniencia,10,3,3,25,12,sim,nao_perecivel,27,40,52,"143,44",sim,3.4,sim,erro_pagamento,11,80,procesado,
FM-00074,13/08/2025,Uberlândia,MG,C417,L37,app,bebidas,14,2,5,19,21,nao,nao_perecivel,38,50,39,192.47,sim,3.9,nao,,0,80,,
FM-00075,2025-06-01,Salvador,BA,C4,L6,web,bebidas,1,0,1,21,19,sim,nao perecivel,11,40,28,89.08,sim,5,nao,,3,17,procesado,
FM-00076,2025-08-01,Uberlândia,MG,C354,L30,app,hortifruti,22,4,1,17,16,nao,perecivel,49,30,37,21.4,nao,3.7,nao,,4,75,cancelado,
FM-00077,2025-03-10,Curitiba,PR,C39,L33,app,bebidas,15,2,4,9,7,nao,perecivel,23,40,52,151.19,,4.1,nao,,10,22,entregue,
FM-00078,05/02/2025,Curitiba,PR,C495,L52,app,hortifruti,20,2,7,16,12,sim,perecivel,37,50,30,15,nao,4.9,sim,produto_indisponivel,7,73,em_rota,
FM-00079,2025-07-12,Campinas,SP,C371,L2,app,conveniencia,4,2,1,21,23,nao,nao_perecivel,18,45,90,114.36,nao,3.7,nao,,12,68,entregue,
FM-00080,2025-06-17,Salvador,BA,C494,L29,app,conveniência,15,1,1,5,17,nao,nao perecivel,40,50,19,113.29,,4.0,nao,,13,13,entregue,
FM-00081,2025-01-23,Uberlândia,MG,C218,L27,web,hortifruti,7,0,6,9,8,nao,nao_perecivel,11,45,41,120.5,nao,4.5,nao,,7,81,em_rota,
FM-00082,2025-06-25,Curitiba,PR,C422,L23,app,hortifruti,11,2,6,21,7,nao,perecivel,20,50,53,"183,71",sim,5,nao,,7,89,,
FM-00083,2025-08-05,Uberlândia,MG,C371,L58,app,mercearia,1,0,6,33,9,nao,nao_perecivel,8,50,73,117.94,nao,2.2,nao,,4,58,cancelado,
FM-00084,2025-01-25,Uberaba,MG,C76,L44,app,hortifruti,11,0,2,12,12,sim,perecivel,34,40,73,188.55,sim,4.4,nao,,0,37,entregue,
FM-00085,2025-08-06,Uberlândia,MG,C148,L48,app,limpeza,15,1,1,31,14,nao,nao_perecivel,57,45,24,5000.00,nao,3.4,nao,,1,32,em_rota,OUTLIER valor pedido
FM-00086,2025-08-21,Goiânia,GO,C359,L6,app,limpeza,17,4,3,28,9,nao,perecivel,45,30,20,128.46,nao,5,nao,,9,66,procesado,
FM-00087,02-06-2025,Salvador,BA,C172,L14,web,bebidas,33,0,4,7,20,sim,nao_perecivel,79,35,32,21.53,,4.2,nao,,8,74,entregue,
FM-00088,2025-08-01,Uberaba,MG,C263,L36,app,conveniencia,11,2,3,8,7,nao,nao_perecivel,17,35,41,"16,97",sim,1.8,nao,,11,51,procesado,
FM-00089,20/06/2025,Uberlândia,mg,C282,L18,web,hortifruti,7,0,3,8,17,nao,nao_perecivel,10,45,41,94.5,nao,4.7,sim,cliente_desistiu,11,18,cancelado,
FM-00090,2025-02-21,Goiânia,GO,C127,L60,app,bebidas,15,1,1,7,9,nao,nao_perecivel,41,40,47,60.31,,3.2,nao,,0,38,entregue,
FM-00091,2025-03-11,Goiânia,go,C485,L8,web,limpeza,4,2,2,13,22,nao,perecivel,13,45,78,102.05,sim,1.2,sim,atraso,7,10,,
FM-00092,02-20-2025,Goiânia,GO,C146,L21,app,mercearia,10,2,3,29,17,nao,nao_perecivel,29,30,31,121.88,sim,2.9,nao,,0,3,,
FM-00093,2025-07-03,Campinas,SP,C303,L1,app,hortifruti,12,1,3,3,21,nao,nao_perecivel,19,35,38,211.14,sim,5,sim,valor_frete,8,21,em_rota,
FM-00094,2025-07-25,Curitiba,PR,C259,L34,app,limpeza,7,1,1,22,22,nao,perecivel,23,40,33,"180,83",nao,"4,6",nao,,2,19,em_rota,
FM-00095,2025-07-20,Uberlândia,MG,C222,L46,web,mercearia,18,2,3,9,22,nao,perecivel,29,40,48,"164,15",nao,3.5,sim,produto_indisponivel,5,19,,
FM-00096,2025-02-26,Uberaba,mg,C467,L8,web,hortifruti,11,1,1,25,13,nao,nao_perecivel,30,50,55,"179,63",,1.2,nao,,2,41,procesado,
FM-00097,2025-04-02,São Paulo,SP,C6,L25,app,conveniencia,18,3,3,25,18,sim,nao_perecivel,50,35,35,"123,98",nao,"3,5",nao,,6,53,cancelado,
FM-00098,2025-01-22,Uberaba,MG,C450,L22,app,conveniencia,1,1,4,0,19,sim,perecivel,3,30,48,83.26,nao,3.6,nao,,8,45,cancelado,
FM-00099,2025-09-13,Uberlândia,MG,C147,L36,app,mercearia,20,3,6,40,12,sim,perecivel,65,45,92,74.89,sim,1.1,nao,,6,77,procesado,
FM-00100,2025-06-10,Uberlândia,MG,C74,L36,app,limpeza,18,1,2,16,17,nao,perecivel,57,35,45,133.85,sim,"2,2",nao,,150,68,entregue,OUTLIER frequencia compra
FM-00101,2025-09-29,uberaba,mg,C439,L43,app,horti fruti,14,5,4,4,17,nao,perecivel,27,45,20,77.12,,5,nao,,7,30,,
FM-00102,data_invalida,São Paulo,SP,C262,L29,app,horti fruti,15,2,2,31,7,nao,perecivel,40,45,13,198.95,,4.3,nao,,4,84,cancelado,
FM-00103,2025-07-09,são paulo,SP,C462,L33,app,limpeza,27,3,1,16,15,nao,nao_perecivel,52,50,69,15,,"2,5",nao,,12,67,,
FM-00104,2025-04-07,Uberlândia,MG,C209,L10,app,hortifruti,10,0,1,12,22,nao,nao_perecivel,25,30,24,173.11,nao,4.2,nao,,0,83,cancelado,
FM-00105,2025-08-25,São Paulo,SP,C344,L42,web,hortifruti,11,3,3,25,13,nao,perecivel,32,45,56,60.03,sim,2.3,nao,,6,51,cancelado,
FM-00106,14/02/2025,Campinas,SP,C91,L54,app,hortifruti,17,0,2,29,7,nao,nao_perecivel,,50,33,109.23,nao,3.7,sim,produto_indisponivel,5,44,cancelado,
FM-00107,2025-05-04,Uberaba,mg,C274,L5,app,mercearia,15,4,3,20,23,nao,perecivel,42,45,64,251.14,sim,3.4,nao,,4,79,entregue,
FM-00108,2025-02-22,Campinas,SP,C149,L34,app,limpeza,12,0,4,39,11,sim,perecivel,38,30,13,113.83,,5,nao,,4,2,entregue,
FM-00109,data_invalida,uberlândia,MG,C345,L3,app,limpeza,22,0,5,3,22,nao,nao_perecivel,34,50,30,159.97,nao,"2,3",nao,,10,12,,
FM-00110,07/05/2025,Curitiba,PR,C102,L30,app,hortifruti,18,0,1,34,8,nao,perecivel,56,45,53,150.51,,"2,9",nao,,2,37,cancelado,
FM-00111,2025-06-20,Uberlândia,MG,C12,L44,app,hortifruti,11,0,4,14,23,nao,perecivel,16,50,38,189.24,sim,"4,7",nao,,5,34,cancelado,
FM-00112,2025-01-24,Uberlândia,MG,C125,L56,web,hortifruti,7,1,4,21,16,nao,nao_perecivel,25,40,46,60.98,,2.6,nao,,0,22,em_rota,
FM-00113,2025-04-21,São Paulo,SP,C94,L39,app,limpeza,12,3,5,23,18,sim,nao_perecivel,24,45,78,84.71,sim,3.1,nao,,9,62,cancelado,
FM-00114,2025-10-03,São Paulo,SP,C446,L47,app,conveniência,13,1,1,24,16,nao,perecivel,36,50,79,160.0,,3.1,nao,,9,44,cancelado,
FM-00115,2025-02-18,São Paulo,SP,C34,L45,app,hortifruti,22,1,6,24,16,nao,perecivel,45,30,50,156.43,sim,"2,1",sim,produto_indisponivel,7,19,entregue,
FM-00116,2025-03-18,Goiânia,GO,C270,L11,app,bebidas,8,1,5,36,19,sim,nao_perecivel,18,30,64,308.12,nao,2.9,nao,,4,81,procesado,
FM-00117,2025-01-31,Curitiba,pr,C124,L25,app,mercearia,2,1,4,11,12,sim,nao_perecivel,3,40,67,83.8,nao,4.1,nao,,4,46,procesado,
FM-00118,03-21-2025,Salvador,BA,C13,L33,web,mercearia,11,0,5,18,15,nao,nao_perecivel,25,40,43,152.73,,3.9,nao,,0,35,procesado,
FM-00119,2025-09-06,uberaba,mg,C414,L2,app,hortifruti,6,0,1,10,7,nao,nao_perecivel,12,45,69,61.98,nao,1.6,nao,,3,50,,
FM-00120,2025-06-14,uberaba,MG,C2,L18,app,limpeza,1,0,6,0,14,nao,nao_perecivel,3,40,27,123.94,sim,4.1,nao,,3,18,procesado,
FM-00121,2025-05-05,uberlândia,MG,C192,L15,app,bebidas,5,0,2,29,11,sim,nao_perecivel,19,40,45,262.12,,4.9,nao,,2,31,em_rota,
FM-00122,25/07/2025,Curitiba,pr,C489,L3,app,hortifruti,1,1,4,4,23,nao,nao_perecivel,3,50,69,55.26,,"2,2",sim,valor_frete,2,53,,
FM-00123,2025-03-06,Curitiba,PR,C296,L39,web,conveniencia,13,1,3,22,14,nao,perecivel,26,45,41,150.86,nao,5,nao,,14,6,cancelado,
FM-00124,03-14-2025,Curitiba,PR,C326,L50,web,bebidas,1,0,6,18,7,nao,nao_perecivel,3,35,52,172.7,sim,2.2,nao,,13,61,entregue,
FM-00125,2025-10-26,Curitiba,PR,C134,L30,app,limpeza,13,0,3,4,7,nao,perecivel,13,35,10,"188,36",nao,5,nao,,7,89,entregue,
FM-00126,09/08/2025,Uberlândia,MG,C39,L26,app,conveniência,23,0,4,4,17,nao,nao_perecivel,59,30,34,15.75,,4.5,nao,,8,79,cancelado,
FM-00127,02-19-2025,São Paulo,SP,C334,L23,app,hortifruti,23,0,1,17,10,nao,nao_perecivel,71,30,36,174.5,nao,"2,0",sim,erro_pagamento,5,37,cancelado,
FM-00128,27/04/2025,Salvador,BA,C357,L44,app,limpeza,20,1,5,11,16,nao,perecivel,34,40,20,150.13,nao,3.9,nao,,5,59,procesado,
FM-00129,2025-04-03,Salvador,BA,C387,L44,web,hortifruti,3,0,1,0,13,nao,nao perecivel,3,45,64,138.74,sim,2.0,nao,,3,3,em_rota,
FM-00130,2025-02-20,Curitiba,PR,C37,L46,web,mercearia,11,5,4,10,13,nao,nao perecivel,30,35,38,198.56,nao,3.2,sim,produto_indisponivel,3,8,cancelado,
FM-00131,2025-05-22,Salvador,BA,C307,L17,app,mercearia,7,0,5,16,20,sim,perecivel,15,35,40,66.09,,4.8,sim,atraso,11,39,entregue,
FM-00132,data_invalida,Curitiba,PR,C64,L9,web,bebidas,9,0,5,6,17,nao,nao_perecivel,9,50,66,39.42,sim,4.4,nao,,8,20,procesado,
FM-00133,2025-09-07,Curitiba,PR,C310,L23,app,bebidas,20,1,3,15,12,sim,perecivel,56,35,58,97.52,nao,4.9,sim,produto_indisponivel,3,45,em_rota,
FM-00134,2025-10-04,Campinas,SP,C262,L7,app,limpeza,22,1,2,12,12,sim,perecivel,62,50,44,136.73,,3.2,nao,,3,7,procesado,
FM-00135,2025-06-10,São Paulo,SP,C455,L29,app,hortifruti,5,0,3,50,20,sim,perecivel,46,35,42,15,sim,2.0,nao,,3,13,,
FM-00136,data_invalida,São Paulo,SP,C83,L45,web,mercearia,13,0,2,3,8,nao,nao_perecivel,29,50,49,15,sim,2.8,nao,,0,34,procesado,
FM-00137,data_invalida,Goiânia,GO,C44,L27,app,conveniencia,2,2,2,0,20,sim,perecivel,3,40,44,106.92,nao,"4,1",nao,,11,49,em_rota,
FM-00138,2025-05-22,Goiânia,GO,C453,L1,app,bebidas,1,1,6,23,7,nao,nao_perecivel,3,45,63,83.29,nao,4.4,sim,produto_indisponivel,5,38,,
FM-00139,2025-08-18,Uberaba,mg,C250,L57,app,bebidas,2,1,5,23,16,nao,perecivel,12,40,31,187.3,sim,5,nao,,4,90,cancelado,
FM-00140,data_invalida,Goiânia,GO,C220,L60,app,hortifruti,14,1,3,6,15,nao,nao_perecivel,22,35,24,79.45,,2.7,nao,,5,8,entregue,
FM-00141,2025-05-09,Campinas,SP,C189,L33,app,mercearia,4,0,1,15,21,nao,nao_perecivel,12,30,14,"154,18",,3.9,nao,,9,56,cancelado,
FM-00142,2025-10-25,Salvador,BA,C377,L18,web,hortifruti,1,1,5,8,10,nao,perecivel,3,30,29,"41,73",,3.4,nao,,0,15,,
FM-00143,2025-03-12,Goiânia,GO,C108,L47,app,bebidas,13,0,4,33,10,nao,nao_perecivel,41,45,24,180.71,sim,4.2,nao,,3,38,,
FM-00144,19/05/2025,Uberaba,MG,C403,L19,web,limpeza,23,0,4,13,14,nao,nao_perecivel,44,35,30,175.14,sim,5,nao,,4,71,entregue,
FM-00145,10/08/2025,Campinas,SP,C277,L11,app,bebidas,18,0,2,4,14,nao,nao_perecivel,44,40,39,20.84,,3.5,nao,,1,65,,
FM-00146,2025-09-21,Curitiba,PR,C240,L54,app,limpeza,6,0,1,2,14,nao,nao_perecivel,16,50,36,122.56,nao,3.7,nao,,4,53,cancelado,
FM-00147,2025-07-20,Salvador,BA,C259,L49,app,hortifruti,14,3,3,13,18,sim,perecivel,33,50,56,109.68,sim,1.9,nao,,7,21,cancelado,
FM-00148,09/10/2025,Curitiba,PR,C106,L28,app,mercearia,8,1,4,0,20,sim,perecivel,4,45,73,125.28,,2.7,nao,,2,41,,
FM-00149,2025-10-08,Curitiba,PR,C143,L58,web,conveniencia,1,1,5,0,14,nao,nao_perecivel,3,30,25,182.19,,3.8,nao,,0,88,cancelado,
FM-00150,08/05/2025,Goiânia,GO,C524,L26,app,conveniência,6,3,6,0,15,nao,nao_perecivel,6,35,45,199.47,sim,"1,8",nao,,4,57,cancelado,
FM-00151,01-27-2025,Uberlândia,MG,C366,L20,app,hortifruti,5,1,6,6,17,nao,nao_perecivel,4,35,35,209.95,,3.9,nao,,5,74,,
FM-00152,2025-07-10,Goiânia,GO,C125,L54,app,bebidas,28,0,1,16,12,sim,nao_perecivel,52,35,53,132.72,,3.5,nao,,3,74,em_rota,
FM-00153,2025-04-08,Uberlândia,MG,C538,L15,app,mercearia,20,0,7,29,12,sim,nao perecivel,37,35,68,"55,11",,1.9,nao,,0,39,entregue,
FM-00154,2025-05-06,salvador,BA,C32,L37,app,mercearia,8,0,6,30,19,sim,nao_perecivel,35,30,30,135.98,,2.4,nao,,6,41,,
FM-00155,2025-03-11,Uberaba,MG,C281,L28,app,bebidas,12,2,2,20,15,nao,nao_perecivel,30,30,10,215.82,,4.7,nao,,8,3,entregue,
FM-00156,2025-03-22,Campinas,SP,C348,L55,web,bebidas,15,0,4,17,16,nao,nao_perecivel,,45,34,254.18,sim,4.1,nao,,2,16,procesado,
FM-00157,2025-06-15,Curitiba,PR,C265,L14,app,hortifruti,11,0,7,15,17,nao,nao_perecivel,14,30,20,261.77,sim,"4,9",nao,,3,38,,
FM-00158,2025-06-17,Uberlândia,MG,C252,L17,app,mercearia,4,0,2,24,9,nao,nao_perecivel,11,45,54,40.01,sim,"2,3",nao,,3,30,em_rota,
FM-00159,2025-04-30,Campinas,SP,C350,L19,app,bebidas,8,2,5,8,14,nao,nao_perecivel,,45,47,119.63,nao,3.4,nao,,2,7,entregue,
FM-00160,2025-07-31,Uberlândia,MG,C533,L31,app,horti fruti,24,1,4,35,11,sim,perecivel,57,45,56,110.29,sim,4.2,nao,,8,46,,
FM-00161,2025-04-26,São Paulo,SP,C535,L21,app,bebidas,10,0,7,7,20,sim,perecivel,15,30,25,78.06,,5,nao,,11,28,,
FM-00162,2025-04-01,São Paulo,SP,C2,L30,web,hortifruti,10,0,3,30,15,nao,nao_perecivel,34,35,44,61.91,,1.6,nao,,6,62,,
FM-00163,2025-02-11,Salvador,BA,C167,L50,app,hortifruti,9,0,4,11,23,nao,nao_perecivel,13,40,58,96.28,sim,"3,1",sim,produto_indisponivel,6,16,cancelado,
FM-00164,24/06/2025,Uberlândia,MG,C481,L41,app,horti fruti,13,0,3,0,10,nao,nao_perecivel,31,45,32,53.02,,5,nao,,9,84,entregue,
FM-00165,2025-06-01,São Paulo,SP,C323,L57,app,limpeza,17,2,4,27,19,sim,nao_perecivel,59,30,62,"85,64",nao,"4,0",nao,,6,16,cancelado,
FM-00166,09/01/2025,Uberlândia,MG,C532,L51,app,limpeza,2,0,4,0,10,nao,nao_perecivel,3,50,28,196.06,sim,5,nao,,6,47,procesado,
FM-00167,2025-01-12,Curitiba,PR,C482,L25,web,mercearia,18,0,3,26,13,nao,nao_perecivel,54,45,58,148.76,,2.3,sim,valor_frete,6,24,em_rota,
FM-00168,2025-02-12,Campinas,SP,C231,L59,web,conveniência,6,0,5,31,12,sim,nao_perecivel,32,30,50,93.14,sim,3.6,nao,,4,84,entregue,
FM-00169,2025-06-16,Curitiba,PR,C412,L40,app,horti fruti,25,4,1,15,13,nao,nao perecivel,55,50,45,184.89,sim,2.2,sim,produto_indisponivel,7,76,cancelado,
FM-00170,2025-04-23,Uberaba,MG,C125,L4,app,hortifruti,22,0,3,4,14,nao,perecivel,34,30,10,95.21,nao,3.4,sim,atraso,7,64,cancelado,
FM-00171,2025-05-09,curitiba,PR,C438,L25,app,hortifruti,1,0,7,25,9,nao,perecivel,3,30,78,147.2,sim,"3,1",sim,cliente_desistiu,9,43,cancelado,
FM-00172,2025-09-22,São Paulo,SP,C331,L40,app,hortifruti,13,1,4,43,12,sim,perecivel,39,35,49,58.44,sim,4.2,nao,,0,62,cancelado,
FM-00173,06-10-2025,Salvador,BA,C290,L21,app,bebidas,18,0,4,8,7,nao,perecivel,33,40,30,100.19,nao,2.3,sim,atraso,5,47,procesado,
FM-00174,2025-05-22,Curitiba,PR,C250,L2,app,limpeza,13,0,4,29,23,nao,perecivel,41,30,50,130.53,nao,"3,0",nao,,0,65,cancelado,
FM-00175,2025-04-21,Uberlândia,MG,C321,L28,web,bebidas,30,0,4,29,10,nao,perecivel,84,40,30,107.07,nao,4.5,nao,,9,81,,
FM-00176,2025-02-25,Salvador,BA,C265,L60,app,conveniencia,5,2,5,27,13,nao,perecivel,20,45,38,127.47,,"4,9",nao,,3,88,cancelado,
FM-00177,19/08/2025,Uberaba,MG,C333,L10,web,bebidas,18,4,3,32,14,nao,perecivel,59,40,37,69.8,,3.6,sim,valor_frete,1,67,cancelado,
FM-00178,2025-07-12,São Paulo,SP,C459,L34,app,hortifruti,4,0,1,16,12,sim,perecivel,12,30,24,182.85,,4.0,nao,,7,43,,
FM-00179,02-27-2025,Curitiba,PR,C235,L32,app,mercearia,1,1,3,36,15,nao,nao_perecivel,20,40,10,220.26,nao,5,nao,,7,13,,
FM-00180,2025-07-13,Curitiba,PR,C465,L27,app,hortifruti,11,1,5,12,11,sim,nao_perecivel,17,30,16,58.25,sim,4.1,nao,,5,10,cancelado,
FM-00181,29/05/2025,uberlândia,MG,C408,L31,app,mercearia,14,0,4,14,15,nao,nao_perecivel,21,40,70,104.94,sim,"1,5",nao,,9,43,,
FM-00182,30/07/2025,Uberlândia,MG,C108,L7,app,mercearia,13,0,2,26,15,nao,perecivel,29,40,47,124.54,sim,4.0,nao,,2,63,em_rota,
FM-00183,data_invalida,Salvador,BA,C69,L50,app,conveniencia,10,1,5,38,22,nao,nao_perecivel,37,45,52,133.24,,3.4,nao,,1,29,procesado,
FM-00184,2025-02-04,Campinas,SP,C460,L21,app,mercearia,3,1,5,37,8,nao,nao_perecivel,29,35,19,43.57,sim,4.8,nao,,9,60,cancelado,
FM-00185,2025-02-26,São Paulo,SP,C13,L29,app,hortifruti,11,1,8,16,9,nao,nao_perecivel,23,50,27,73.1,nao,"2,9",nao,,7,5,,
FM-00186,2025-09-26,Campinas,SP,C80,L44,app,limpeza,19,0,1,6,12,sim,nao_perecivel,54,40,50,152.11,sim,5,sim,cliente_desistiu,13,17,entregue,
FM-00187,02-15-2025,Uberaba,MG,C511,L41,web,hortifruti,16,0,6,15,9,nao,nao_perecivel,36,45,52,15,,1.2,sim,produto_indisponivel,6,42,,
FM-00188,2025-05-26,Campinas,SP,C162,L26,app,hortifruti,8,2,2,24,23,nao,nao_perecivel,30,45,51,68.3,,1.8,sim,valor_frete,5,83,procesado,
FM-00189,23/10/2025,Curitiba,PR,C323,L2,app,mercearia,23,1,1,19,13,nao,perecivel,66,45,44,95.26,,3.2,nao,,0,83,cancelado,
FM-00190,08/01/2025,Goiânia,GO,C154,L37,app,conveniencia,10,0,1,0,21,nao,nao_perecivel,24,40,45,100.54,,3.0,nao,,3,20,,
FM-00191,2025-09-10,Goiânia,GO,C250,L7,web,hortifruti,5,1,3,10,13,nao,nao_perecivel,10,50,42,"123,08",,3.4,sim,atraso,0,52,procesado,
FM-00192,2025-05-30,Curitiba,pr,C12,L42,app,conveniencia,6,0,3,27,9,nao,nao_perecivel,,30,23,133.8,nao,3.4,nao,,4,21,em_rota,
FM-00193,2025-06-27,Salvador,BA,C95,L18,app,hortifruti,23,1,5,23,21,nao,nao_perecivel,46,35,20,"112,45",sim,2.7,nao,,11,38,,
FM-00194,2025-07-06,Goiânia,GO,C219,L7,app,bebidas,24,0,1,15,12,sim,nao_perecivel,57,30,18,21.47,,4.8,nao,,4,11,em_rota,
FM-00195,2025-01-06,Curitiba,PR,C58,L14,app,limpeza,8,0,4,25,22,nao,nao_perecivel,11,30,10,246.64,nao,5,nao,,4,29,procesado,
FM-00196,25/03/2025,Uberaba,mg,C370,L24,app,bebidas,9,1,3,0,13,nao,perecivel,19,45,14,106.54,,"3,5",nao,,0,81,cancelado,
FM-00197,2025-06-03,Campinas,SP,C134,L28,web,mercearia,1,1,5,9,23,nao,nao_perecivel,3,40,10,147.73,,4.7,nao,,0,3,procesado,
FM-00198,2025-07-19,Curitiba,PR,C499,L36,app,conveniencia,16,0,5,15,18,sim,nao_perecivel,25,30,23,"112,48",sim,"3,9",nao,,1,69,procesado,
FM-00199,2025-05-09,Uberlândia,MG,C530,L47,app,limpeza,17,0,1,29,20,sim,perecivel,39,50,58,125.27,nao,4.1,sim,produto_indisponivel,7,28,entregue,
FM-00200,2025-03-19,São Paulo,SP,C453,L5,app,conveniencia,17,0,7,7,16,nao,nao perecivel,30,30,48,175.05,sim,2.3,nao,,12,62,entregue,
FM-00201,data_invalida,Uberaba,MG,C229,L3,app,hortifruti,5,0,2,17,7,nao,perecivel,11,35,40,144.91,sim,3.8,sim,erro_pagamento,1,17,em_rota,
FM-00202,2025-10-03,Salvador,BA,C25,L28,web,hortifruti,3,0,3,7,17,nao,perecivel,4,30,42,156.82,sim,4.2,sim,cliente_desistiu,2,13,procesado,
FM-00203,2025-10-05,Uberlândia,MG,C524,L6,app,bebidas,14,0,5,12,10,nao,perecivel,18,50,49,66.3,sim,3.9,nao,,4,34,entregue,
FM-00204,22/07/2025,Salvador,BA,C44,L37,app,mercearia,22,2,6,24,17,nao,perecivel,51,40,48,"112,57",sim,4.3,nao,,8,46,,
FM-00205,2025-04-16,Uberlândia,MG,C217,L20,app,bebidas,26,1,2,26,10,nao,perecivel,63,50,49,189.21,nao,4.5,nao,,11,25,entregue,
FM-00206,2025-02-25,Curitiba,PR,C352,L34,app,mercearia,14,1,4,28,17,nao,perecivel,29,50,28,126.93,nao,4.7,nao,,1,80,cancelado,
FM-00207,2025-02-14,Uberlândia,MG,C304,L30,app,hortifruti,17,3,3,4,10,nao,nao_perecivel,33,45,34,15,nao,2.8,nao,,1,71,cancelado,
FM-00208,2025-04-17,Goiânia,GO,C249,L8,app,mercearia,14,2,5,36,8,nao,perecivel,54,45,20,96.06,nao,5,nao,,7,68,entregue,
FM-00209,2025-09-14,são paulo,SP,C16,L46,app,hortifruti,9,0,2,3,18,sim,nao_perecivel,12,30,61,162.42,nao,3.4,nao,,8,85,cancelado,
FM-00210,2025-06-28,Uberaba,MG,C23,L11,app,limpeza,15,0,9,13,10,nao,nao_perecivel,16,45,47,91.79,,1.9,nao,,13,75,em_rota,
FM-00211,2025-02-21,Curitiba,PR,C528,L48,app,mercearia,13,0,1,26,22,nao,perecivel,44,45,16,"103,4",,"3,9",nao,,7,85,entregue,
FM-00212,2025-04-01,Uberlândia,MG,C122,L11,app,mercearia,6,0,7,0,9,nao,nao_perecivel,3,45,64,"181,82",nao,3.9,nao,,4,16,em_rota,
FM-00213,27/09/2025,Campinas,SP,C29,L38,app,bebidas,1,0,4,31,12,sim,perecivel,14,30,59,76.77,nao,2.4,nao,,1,90,cancelado,
FM-00214,2025-07-28,Goiânia,GO,C325,L43,web,hortifruti,5,1,5,19,15,nao,perecivel,18,35,55,261.06,,2.7,nao,,6,80,cancelado,
FM-00215,2025-01-13,Curitiba,PR,C510,L14,app,bebidas,12,3,1,14,19,sim,perecivel,21,50,17,240.73,,"4,8",nao,,4,86,em_rota,
FM-00216,2025-06-15,Curitiba,PR,C128,L22,app,bebidas,25,0,4,38,9,nao,perecivel,75,35,15,55.41,nao,2.9,nao,,0,87,procesado,
FM-00217,25/06/2025,Salvador,BA,C16,L18,web,bebidas,7,0,4,24,11,sim,nao_perecivel,16,50,60,153.35,sim,3.2,sim,erro_pagamento,12,24,,
FM-00218,2025-05-07,Salvador,BA,C483,L23,web,hortifruti,1,0,2,24,18,sim,perecivel,15,50,74,209.79,nao,3.8,nao,,0,19,entregue,
FM-00219,2025-09-07,uberaba,MG,C349,L13,app,bebidas,1,1,5,18,18,sim,nao_perecivel,4,50,51,243.62,sim,2.4,nao,,5,21,entregue,
FM-00220,05-08-2025,campinas,SP,C444,L17,web,mercearia,18,4,3,10,22,nao,nao_perecivel,25,45,63,86.58,nao,"1,5",sim,produto_indisponivel,3,4,procesado,
FM-00221,2025-04-10,Campinas,SP,C19,L27,app,bebidas,17,0,5,26,13,nao,nao_perecivel,56,35,43,90.75,,2.7,nao,,3,38,,
FM-00222,06-06-2025,Curitiba,PR,C482,L30,app,limpeza,10,1,2,33,21,nao,perecivel,27,40,27,100.82,sim,4.6,nao,,9,52,,
FM-00223,2025-08-01,Salvador,BA,C75,L44,web,conveniencia,16,3,2,11,15,nao,nao_perecivel,23,45,11,94.42,,4.2,nao,,7,54,em_rota,
FM-00224,03-27-2025,Uberaba,MG,C127,L7,app,limpeza,8,1,8,38,21,nao,nao_perecivel,31,50,47,15,nao,2.8,sim,produto_indisponivel,3,69,cancelado,
FM-00225,2025-03-27,São Paulo,SP,C12,L38,app,hortifruti,28,0,4,27,17,nao,nao_perecivel,65,45,61,153.11,nao,"3,0",nao,,4,35,procesado,
FM-00226,18/04/2025,Salvador,BA,C318,L1,app,bebidas,11,0,2,0,8,nao,nao_perecivel,11,35,53,97.03,nao,5,nao,,2,0,entregue,
FM-00227,2025-05-24,Campinas,SP,C465,L42,web,mercearia,25,2,2,7,7,nao,perecivel,35,45,46,"85,97",sim,3.2,nao,,5,36,,
FM-00228,13/08/2025,Goiânia,GO,C132,L27,app,hortifruti,16,4,3,2,17,nao,nao_perecivel,36,30,43,"255,05",,3.5,nao,,9,87,,
FM-00229,02-28-2025,Salvador,BA,C6,L32,app,limpeza,5,1,1,21,19,sim,nao_perecivel,17,30,54,108.27,,"1,1",sim,cliente_desistiu,11,60,cancelado,
FM-00230,2025-09-24,Uberlândia,mg,C357,L3,web,mercearia,20,4,1,7,15,nao,nao_perecivel,45,45,42,50.89,sim,2.1,sim,erro_pagamento,5,69,entregue,
FM-00231,2025-06-12,São Paulo,SP,C78,L1,app,bebidas,19,1,7,20,19,sim,nao_perecivel,46,45,49,163.33,sim,2.7,sim,cliente_desistiu,4,38,procesado,
FM-00232,08-22-2025,Salvador,BA,C98,L5,app,mercearia,3,2,6,39,23,nao,nao_perecivel,22,45,60,"118,99",sim,4.4,nao,,0,32,em_rota,
FM-00233,data_invalida,Goiânia,GO,C493,L60,app,bebidas,15,2,1,20,18,sim,nao_perecivel,,35,30,210.27,,4.5,nao,,2,50,procesado,
FM-00234,2025-06-08,Curitiba,PR,C508,L42,app,mercearia,8,0,7,22,21,nao,nao_perecivel,21,50,45,"95,44",,"4,1",nao,,2,65,em_rota,
FM-00235,2025-07-15,Curitiba,pr,C309,L44,app,limpeza,12,0,4,15,10,nao,perecivel,25,35,23,121.99,sim,4.1,nao,,5,34,em_rota,
FM-00236,2025-07-08,Campinas,SP,C179,L52,app,bebidas,2,0,3,21,15,nao,nao_perecivel,11,50,30,15,nao,4.7,nao,,6,15,,
FM-00237,2025-03-14,Uberaba,MG,C187,L17,app,bebidas,10,2,1,24,7,nao,nao_perecivel,32,45,22,109.82,sim,3.0,nao,,8,38,entregue,
FM-00238,2025-09-08,goiânia,GO,C367,L17,web,bebidas,10,0,4,14,11,sim,perecivel,19,35,46,202.57,sim,2.6,nao,,2,36,,
FM-00239,2025-08-30,curitiba,PR,C122,L26,web,hortifruti,6,1,1,10,12,sim,nao_perecivel,16,35,43,196.77,sim,3.1,nao,,9,9,em_rota,
FM-00240,2025-04-01,Uberaba,MG,C149,L37,app,bebidas,15,1,3,17,21,nao,nao_perecivel,28,45,63,152.02,,1.8,nao,,0,29,cancelado,
FM-00241,2025-03-11,uberlândia,MG,C439,L40,app,mercearia,22,3,5,6,16,nao,nao_perecivel,44,50,20,15,sim,5,sim,atraso,6,62,em_rota,
FM-00242,2025-07-01,Curitiba,PR,C47,L33,app,hortifruti,13,2,6,17,22,nao,nao_perecivel,15,30,10,104.63,,4.1,nao,,4,61,em_rota,
FM-00243,2025-04-12,Curitiba,PR,C50,L16,web,mercearia,21,3,3,27,22,nao,nao_perecivel,50,45,16,52.3,nao,5,nao,,4,55,entregue,
FM-00244,2025-08-13,Salvador,BA,C143,L48,app,bebidas,12,1,1,36,21,nao,perecivel,45,45,37,77.19,nao,4.9,nao,,3,21,entregue,
FM-00245,2025-08-27,Campinas,SP,C101,L24,app,limpeza,4,0,1,0,15,nao,nao_perecivel,7,30,41,"81,29",nao,4.0,nao,,10,6,entregue,
FM-00246,2025-02-09,Uberlândia,MG,C100,L15,app,hortifruti,10,2,4,22,22,nao,perecivel,25,30,24,154.33,sim,"3,9",nao,,0,51,entregue,
FM-00247,2025-08-02,goiânia,GO,C92,L3,app,bebidas,1,0,2,2,21,nao,nao_perecivel,3,30,46,190.62,nao,3.1,nao,,3,73,cancelado,
FM-00248,data_invalida,Goiânia,go,C462,L60,web,limpeza,6,0,5,14,10,nao,nao_perecivel,15,50,48,146.27,,3.9,nao,,1,70,procesado,
FM-00249,2025-08-01,Uberlândia,MG,C53,L56,web,limpeza,8,0,1,19,15,nao,nao_perecivel,35,50,58,90.35,,"2,0",nao,,3,8,cancelado,
FM-00250,2025-05-09,Goiânia,GO,C387,L24,app,bebidas,20,2,2,26,8,nao,nao_perecivel,53,45,72,38.89,sim,3.9,sim,cliente_desistiu,1,89,entregue,
FM-00251,2025-03-31,São Paulo,SP,C293,L17,app,mercearia,8,1,4,32,18,sim,perecivel,21,40,58,160.91,,"3,0",nao,,7,7,entregue,
FM-00252,2025-07-10,Goiânia,GO,C321,L51,web,hortifruti,8,0,5,19,9,nao,nao_perecivel,23,50,10,25.5,sim,2.6,nao,,0,86,procesado,
FM-00253,2025-06-02,Curitiba,PR,C147,L57,app,conveniencia,7,0,5,41,13,nao,nao_perecivel,32,30,17,76.26,sim,4.4,nao,,6,69,procesado,
FM-00254,data_invalida,Salvador,BA,C350,L44,app,bebidas,2,0,2,10,20,sim,perecivel,10,50,39,175.12,nao,4.3,nao,,5,3,cancelado,
FM-00255,2025-04-12,Curitiba,pr,C71,L53,app,limpeza,1,0,1,30,18,sim,perecivel,14,40,57,116.28,nao,3.3,nao,,0,21,cancelado,
FM-00256,2025-04-29,Campinas,SP,C427,L17,app,conveniência,12,0,6,0,18,sim,nao_perecivel,14,50,57,63.49,,3.6,nao,,0,7,entregue,
FM-00257,10-05-2025,Campinas,SP,C438,L53,web,limpeza,7,3,2,0,12,sim,perecivel,5,50,30,"146,68",sim,3.9,nao,,14,11,em_rota,
FM-00258,07-28-2025,Goiânia,GO,C238,L38,app,limpeza,10,1,6,12,18,sim,nao_perecivel,18,30,40,144.11,sim,1.9,nao,,3,88,em_rota,
FM-00259,2025-02-12,Salvador,ba,C170,L18,web,hortifruti,24,1,6,24,13,nao,nao_perecivel,36,35,18,130.65,sim,4.9,nao,,2,29,,
FM-00260,2025-09-27,Salvador,BA,C475,L50,web,horti fruti,6,0,1,29,21,nao,nao_perecivel,30,30,23,66.49,nao,3.6,sim,valor_frete,0,23,procesado,
FM-00261,2025-05-19,Goiânia,GO,C534,L46,web,hortifruti,13,0,5,15,18,sim,nao_perecivel,20,30,51,179.23,nao,1.4,nao,,0,51,entregue,
FM-00262,2025-03-28,Uberlândia,MG,C495,L35,web,conveniencia,16,0,2,33,7,nao,perecivel,50,50,60,196.37,sim,4.1,nao,,2,47,,
FM-00263,2025-09-07,Uberlândia,MG,C182,L37,web,mercearia,7,0,3,4,9,nao,perecivel,10,30,39,50.89,sim,2.8,nao,,2,13,em_rota,
FM-00264,2025-01-18,Goiânia,go,C429,L53,app,conveniencia,9,3,1,28,12,sim,nao_perecivel,20,50,88,101.92,sim,"2,5",sim,produto_indisponivel,3,66,,
FM-00265,2025-08-27,Goiânia,GO,C163,L21,app,mercearia,13,0,3,4,15,nao,perecivel,30,30,10,123.33,nao,2.7,nao,,6,63,procesado,
FM-00266,2025-06-06,Goiânia,GO,C190,L13,app,horti fruti,8,1,1,25,14,nao,nao_perecivel,32,30,10,25.52,nao,4.1,nao,,0,74,procesado,
FM-00267,01-15-2025,Campinas,SP,C277,L34,app,mercearia,6,0,1,15,11,sim,perecivel,17,50,57,100.4,,"3,2",nao,,7,67,,
FM-00268,2025-09-06,Salvador,BA,C481,L11,app,limpeza,1,1,1,28,12,sim,perecivel,16,30,71,75.41,sim,3.3,sim,produto_indisponivel,6,89,cancelado,
FM-00269,2025-08-15,Campinas,SP,C88,L48,app,hortifruti,16,3,1,25,18,sim,nao_perecivel,43,35,43,"183,35",,4.0,sim,atraso,3,47,cancelado,
FM-00270,13/06/2025,Curitiba,PR,C71,L48,web,mercearia,4,4,4,35,21,nao,nao_perecivel,26,45,29,"133,1",,4.4,nao,,3,51,cancelado,
FM-00271,2025-05-01,Uberaba,MG,C6,L36,app,hortifruti,1,2,6,31,21,nao,nao_perecivel,16,45,70,"144,64",,3.0,nao,,0,35,entregue,
FM-00272,01/07/2025,Uberaba,MG,C331,L4,app,limpeza,7,0,2,35,16,nao,perecivel,20,45,61,15,nao,3.9,nao,,4,28,,
FM-00273,2025-06-02,Salvador,BA,C241,L11,app,hortifruti,1,5,4,8,16,nao,perecivel,3,40,28,"198,53",,5,nao,,1,78,,
FM-00274,2025-09-10,Goiânia,GO,C247,L18,app,mercearia,13,0,7,43,9,nao,perecivel,41,30,51,143.67,,"3,0",sim,cliente_desistiu,5,53,cancelado,
FM-00275,2025-06-20,Campinas,SP,C491,L13,web,limpeza,16,1,1,31,12,sim,perecivel,39,40,63,86.09,nao,3.1,nao,,8,25,entregue,
FM-00276,2025-05-22,Goiânia,GO,C251,L43,app,hortifruti,21,0,3,32,21,nao,perecivel,57,35,43,15,sim,2.5,nao,,0,90,procesado,
FM-00277,2025-01-16,São Paulo,SP,C421,L52,app,mercearia,8,0,1,24,23,nao,perecivel,27,30,38,90.87,nao,2.8,nao,,8,73,procesado,
FM-00278,2025-09-22,Curitiba,PR,C196,L54,app,conveniencia,22,0,4,9,17,nao,perecivel,51,50,32,184.55,,5,nao,,2,26,,
FM-00279,2025-01-24,Campinas,SP,C256,L31,app,mercearia,5,1,5,14,20,sim,nao_perecivel,13,40,72,92.53,nao,5,sim,atraso,0,50,entregue,
FM-00280,2025-06-18,Campinas,SP,C206,L33,app,horti fruti,7,4,6,2,18,sim,nao_perecivel,11,35,51,30.31,nao,2.5,nao,,1,88,em_rota,
FM-00281,2025-01-09,Goiânia,GO,C482,L43,app,bebidas,2,1,1,11,22,nao,perecivel,11,40,51,106.17,nao,"2,9",sim,produto_indisponivel,6,87,em_rota,
FM-00282,2025-09-24,uberaba,MG,C183,L54,app,bebidas,10,1,2,21,21,nao,nao_perecivel,35,40,18,"174,27",nao,4.6,nao,,4,21,,
FM-00283,2025-03-31,Uberlândia,MG,C417,L11,app,hortifruti,10,1,6,41,18,sim,nao perecivel,38,50,71,167.1,nao,3.4,nao,,5,56,entregue,
FM-00284,2025-09-18,Uberaba,MG,C344,L2,app,mercearia,19,0,6,30,21,nao,nao perecivel,38,35,46,132.75,nao,2.7,nao,,9,73,entregue,
FM-00285,2025-07-30,Curitiba,PR,C118,L9,app,bebidas,2,3,3,25,22,nao,nao_perecivel,17,35,33,"60,63",sim,"2,2",nao,,7,41,em_rota,
FM-00286,2025-02-20,Uberaba,MG,C214,L35,app,bebidas,18,3,2,30,21,nao,nao_perecivel,42,40,57,154.42,nao,4.5,nao,,4,50,em_rota,
FM-00287,data_invalida,Curitiba,PR,C424,L40,app,limpeza,17,1,4,36,10,nao,perecivel,,50,48,134.09,,3.2,nao,,3,24,procesado,
FM-00288,2025-09-28,Campinas,SP,C266,L55,app,hortifruti,8,0,4,28,8,nao,nao_perecivel,26,40,29,"68,57",sim,3.9,nao,,7,11,,
FM-00289,2025-01-28,Goiânia,GO,C109,L8,app,bebidas,12,1,5,6,20,sim,nao_perecivel,23,45,64,116.9,sim,2.3,nao,,0,66,,
FM-00290,29/01/2025,Salvador,BA,C312,L53,web,mercearia,11,0,1,12,8,nao,nao_perecivel,23,40,38,158.08,nao,3.5,nao,,7,70,procesado,
FM-00291,2025-06-04,Salvador,BA,C273,L31,app,limpeza,22,2,4,25,12,sim,nao_perecivel,51,50,92,225.37,sim,4.7,sim,atraso,6,77,procesado,
FM-00292,2025-04-01,Curitiba,PR,C200,L51,app,hortifruti,15,2,3,36,13,nao,perecivel,31,50,59,92.98,,3.1,nao,,10,5,procesado,
FM-00293,23/08/2025,Curitiba,PR,C79,L15,app,hortifruti,15,2,3,11,11,sim,nao_perecivel,42,35,53,88.94,nao,3.3,nao,,8,75,,
FM-00294,2025-04-05,Curitiba,PR,C172,L40,app,limpeza,25,1,5,42,8,nao,nao_perecivel,67,35,41,285.56,nao,3.6,nao,,3,24,cancelado,
FM-00295,15/05/2025,salvador,ba,C261,L37,app,conveniencia,14,2,5,16,20,sim,nao_perecivel,38,30,28,102.91,nao,5,nao,,6,67,em_rota,
FM-00296,2025-01-19,Salvador,BA,C126,L27,app,mercearia,16,2,4,16,17,nao,nao_perecivel,46,40,32,"90,47",nao,3.8,nao,,4,81,,
FM-00297,10/02/2025,Salvador,BA,C497,L36,app,limpeza,3,3,4,18,13,nao,perecivel,,40,36,"142,51",,3.5,nao,,7,66,procesado,
FM-00298,2025-04-11,Curitiba,PR,C519,L40,app,hortifruti,13,2,1,30,11,sim,perecivel,34,30,26,"191,63",,5,nao,,5,41,,
FM-00299,2025-09-09,Uberaba,MG,C60,L23,app,hortifruti,8,0,4,17,19,sim,perecivel,23,35,61,64.14,nao,4.2,sim,erro_pagamento,12,20,em_rota,
FM-00300,2025-02-07,Goiânia,GO,C361,L36,app,conveniencia,11,0,6,20,13,nao,perecivel,21,50,56,97.74,nao,2.7,nao,,5,42,cancelado,
FM-00301,08-28-2025,São Paulo,SP,C202,L32,web,conveniência,24,0,4,0,23,nao,perecivel,51,45,20,190.83,nao,4.8,nao,,1,66,em_rota,
FM-00302,2025-10-14,Campinas,SP,C199,L33,app,bebidas,8,2,4,38,14,nao,nao_perecivel,27,35,19,181.56,nao,"4,5",nao,,3,35,em_rota,
FM-00303,2025-08-27,Goiânia,go,C437,L46,app,mercearia,10,1,3,36,16,nao,nao_perecivel,35,35,14,"76,44",nao,5,nao,,3,43,cancelado,
FM-00304,2025-02-09,Goiânia,GO,C254,L48,app,hortifruti,16,0,3,13,14,nao,nao_perecivel,43,45,27,127.34,sim,3.1,nao,,8,24,em_rota,
FM-00305,2025-04-17,São Paulo,SP,C511,L7,app,conveniência,9,0,5,0,13,nao,perecivel,8,35,32,85.69,,3.5,nao,,7,23,em_rota,
FM-00306,01/04/2025,Curitiba,PR,C443,L22,app,limpeza,5,1,3,12,14,nao,perecivel,13,50,34,107.87,,3.9,nao,,0,48,procesado,
FM-00307,2025-06-13,Uberaba,MG,C327,L39,web,mercearia,7,0,6,0,12,sim,nao perecivel,3,50,52,116.29,nao,3.0,nao,,12,79,cancelado,
FM-00308,2025-07-26,Uberaba,MG,C536,L51,web,bebidas,8,3,4,27,11,sim,nao_perecivel,30,50,67,195.83,,3.9,nao,,0,39,em_rota,
FM-00309,2025-06-22,Campinas,SP,C375,L41,app,mercearia,12,0,3,14,8,nao,perecivel,38,30,72,100.22,nao,5.0,nao,,3,6,cancelado,
FM-00310,2025-01-20,Goiânia,GO,C97,L48,web,limpeza,6,0,3,13,16,nao,nao_perecivel,16,40,53,15,nao,2.6,sim,produto_indisponivel,10,36,em_rota,
FM-00311,2025-07-21,Goiânia,GO,C236,L25,app,limpeza,18,3,3,13,22,nao,nao_perecivel,34,45,46,187.51,nao,3.5,nao,,6,63,procesado,
FM-00312,2025-06-26,Goiânia,GO,C533,L46,app,limpeza,6,0,3,6,8,nao,nao perecivel,16,30,55,80.44,,1.9,nao,,5,49,entregue,
FM-00313,2025-06-07,São Paulo,SP,C384,L5,web,limpeza,27,1,2,0,18,sim,perecivel,56,35,61,"161,69",nao,2.2,nao,,3,26,cancelado,
FM-00314,2025-02-03,Campinas,sp,C79,L38,app,mercearia,20,0,7,5,18,sim,perecivel,33,50,71,46.75,nao,1.7,nao,,8,73,entregue,
FM-00315,2025-09-26,Curitiba,PR,C159,L60,app,hortifruti,5,3,4,17,10,nao,perecivel,17,45,15,95.73,sim,4.6,nao,,1,12,em_rota,
FM-00316,2025-02-05,São Paulo,SP,C31,L48,app,hortifruti,7,2,2,24,17,nao,nao_perecivel,22,30,52,90.25,,3.2,nao,,2,54,cancelado,
FM-00317,04-15-2025,Uberlândia,MG,C529,L11,app,mercearia,10,3,3,22,9,nao,perecivel,28,30,42,216.68,nao,5,nao,,0,15,em_rota,
FM-00318,2025-09-07,Uberaba,MG,C22,L58,app,bebidas,19,2,4,29,22,nao,nao_perecivel,53,35,63,129.21,sim,2.4,nao,,3,2,entregue,
FM-00319,2025-06-15,Campinas,SP,C539,L50,app,mercearia,1,0,1,0,19,sim,perecivel,3,45,56,74.11,,3.6,nao,,7,73,procesado,
FM-00320,05-10-2025,Uberlândia,MG,C213,L23,web,hortifruti,3,2,2,0,11,sim,perecivel,4,35,69,185.68,,2.1,nao,,0,25,cancelado,
FM-00321,04-04-2025,Campinas,SP,C528,L10,app,conveniencia,18,1,3,8,9,nao,nao_perecivel,,30,10,184.41,sim,5,nao,,11,22,entregue,
FM-00322,2025-08-26,Salvador,BA,C259,L59,app,limpeza,16,1,2,20,7,nao,perecivel,37,35,31,"165,28",nao,3.7,nao,,3,1,cancelado,
FM-00323,29/04/2025,campinas,SP,C438,L10,app,conveniencia,2,0,5,22,15,nao,nao_perecivel,6,40,46,71.32,sim,4.8,sim,cliente_desistiu,6,50,em_rota,
FM-00324,data_invalida,Curitiba,PR,C141,L30,app,horti fruti,1,0,3,8,16,nao,perecivel,3,35,55,15,,5,nao,,1,20,cancelado,
FM-00325,2025-10-14,Salvador,BA,C446,L41,app,hortifruti,27,0,3,5,11,sim,perecivel,,35,22,92.15,sim,5,nao,,0,31,procesado,
FM-00326,2025-01-24,Uberaba,MG,C418,L14,app,bebidas,18,1,4,0,22,nao,nao_perecivel,36,50,44,151.4,,"3,3",sim,cliente_desistiu,2,23,,
FM-00327,2025-08-13,São Paulo,SP,C146,L42,web,conveniencia,9,0,6,0,19,sim,nao_perecivel,9,30,87,"147,64",sim,4.7,sim,cliente_desistiu,8,88,entregue,
FM-00328,2025-03-01,Uberaba,MG,C453,L4,app,hortifruti,3,3,2,29,21,nao,nao_perecivel,12,40,29,120.81,sim,5.0,nao,,5,74,em_rota,
FM-00329,2025-04-15,Uberlândia,MG,C172,L52,app,limpeza,17,0,3,24,8,nao,perecivel,45,30,40,109.17,nao,"2,8",nao,,4,2,em_rota,
FM-00330,2025-07-02,Uberlândia,MG,C326,L10,app,conveniencia,12,1,1,2,8,nao,nao_perecivel,19,30,23,235.48,,5,nao,,3,27,cancelado,
FM-00331,2025-04-06,Curitiba,PR,C445,L16,web,mercearia,27,0,2,0,20,sim,nao_perecivel,64,30,10,15,sim,"3,3",nao,,9,17,procesado,
FM-00332,07-12-2025,Goiânia,GO,C49,L11,app,limpeza,16,2,4,14,13,nao,nao_perecivel,37,35,15,205.67,,3.2,nao,,8,87,,
FM-00333,2025-09-10,São Paulo,SP,C50,L50,app,hortifruti,11,0,2,7,14,nao,nao_perecivel,27,45,21,62.98,,3.6,sim,cliente_desistiu,8,50,,
FM-00334,2025-09-17,Curitiba,PR,C168,L4,app,conveniencia,21,0,2,34,20,sim,nao perecivel,56,30,10,106.88,nao,5,nao,,2,10,entregue,
FM-00335,2025-05-29,Goiânia,GO,C197,L44,app,bebidas,8,0,3,16,11,sim,perecivel,19,35,28,81.12,sim,3.7,nao,,3,37,procesado,
FM-00336,2025-10-23,curitiba,PR,C526,L60,app,limpeza,4,0,4,8,12,sim,perecivel,5,30,64,72.1,sim,"2,6",sim,cliente_desistiu,3,29,cancelado,
FM-00337,2025-04-07,Campinas,SP,C470,L53,web,bebidas,6,2,2,31,21,nao,nao_perecivel,21,35,44,148.24,sim,3.2,nao,,5,3,procesado,
FM-00338,08-01-2025,Goiânia,GO,C170,L53,app,hortifruti,15,1,1,19,22,nao,nao_perecivel,34,40,54,112.27,,"4,3",nao,,3,70,procesado,
FM-00339,2025-09-25,Uberlândia,MG,C388,L33,app,mercearia,24,0,5,7,11,sim,perecivel,49,50,45,47.3,,"4,2",nao,,0,57,em_rota,
FM-00340,2025-08-12,Campinas,SP,C485,L29,app,hortifruti,14,0,5,14,7,nao,nao_perecivel,35,50,67,252.06,nao,4.2,nao,,1,47,cancelado,
FM-00341,2025-03-15,Goiânia,GO,C41,L40,app,mercearia,6,3,3,25,19,sim,nao_perecivel,19,50,55,"91,64",,2.9,nao,,11,24,entregue,
FM-00342,2025-03-27,uberaba,MG,C427,L55,app,mercearia,13,1,6,0,17,nao,nao_perecivel,23,45,40,94.55,nao,4.3,nao,,0,25,,
FM-00343,2025-06-26,Curitiba,PR,C193,L32,app,limpeza,14,2,8,33,23,nao,perecivel,,30,10,216.58,sim,3.8,nao,,0,1,cancelado,
FM-00344,08/07/2025,Goiânia,GO,C472,L47,app,bebidas,15,1,3,19,15,nao,perecivel,24,30,53,156.24,sim,3.4,nao,,4,77,entregue,
FM-00345,2025-07-04,Uberaba,MG,C202,L41,app,conveniencia,12,0,6,17,21,nao,nao_perecivel,,35,32,"147,45",,3.3,nao,,0,25,em_rota,
FM-00346,04-26-2025,salvador,ba,C81,L29,app,mercearia,1,5,3,18,8,nao,nao_perecivel,5,45,49,176.73,sim,4.3,nao,,6,77,cancelado,
FM-00347,2025-09-06,São Paulo,SP,C187,L17,web,limpeza,7,3,5,0,19,sim,perecivel,3,40,55,167.59,,3.2,nao,,2,33,procesado,
FM-00348,2025-06-07,São Paulo,SP,C495,L60,web,limpeza,16,0,7,24,17,nao,nao_perecivel,53,30,16,69.64,,3.8,nao,,0,55,,
FM-00349,2025-08-10,Uberaba,MG,C236,L58,app,mercearia,8,0,1,27,20,sim,nao_perecivel,25,35,24,56.93,nao,2.7,nao,,5,27,em_rota,
FM-00350,07-23-2025,São Paulo,SP,C2,L59,app,limpeza,15,1,6,6,16,nao,nao_perecivel,30,40,68,"112,92",nao,1.8,nao,,2,76,cancelado,
FM-00351,2025-03-07,curitiba,PR,C124,L44,web,limpeza,13,1,2,12,16,nao,perecivel,25,40,53,55.33,sim,"1,8",nao,,8,74,entregue,
FM-00352,10-02-2025,São Paulo,SP,C59,L10,app,horti fruti,17,3,6,5,19,sim,perecivel,16,35,52,"214,14",nao,2.7,sim,atraso,0,62,cancelado,
FM-00353,06-16-2025,Salvador,BA,C281,L39,app,bebidas,8,5,3,9,11,sim,perecivel,15,50,70,76.99,sim,"3,4",sim,atraso,1,67,em_rota,
FM-00354,06-24-2025,campinas,SP,C530,L27,web,hortifruti,4,2,4,38,19,sim,nao_perecivel,23,30,59,105.18,sim,2.3,nao,,0,46,,
FM-00355,2025-04-06,Uberlândia,MG,C339,L41,app,hortifruti,17,0,3,33,19,sim,nao_perecivel,52,45,16,181.84,nao,4.0,nao,,8,7,em_rota,
FM-00356,2025-07-25,Goiânia,GO,C15,L29,app,mercearia,21,1,2,15,15,nao,nao_perecivel,59,30,28,118.72,sim,5,nao,,5,57,procesado,
FM-00357,2025-08-09,Uberlândia,MG,C498,L16,app,mercearia,17,1,3,24,19,sim,nao_perecivel,46,30,36,149.5,,1.4,sim,produto_indisponivel,1,46,,
FM-00358,data_invalida,Goiânia,GO,C102,L49,app,limpeza,15,3,1,9,10,nao,nao_perecivel,25,40,64,87.01,sim,3.0,sim,produto_indisponivel,1,1,em_rota,
FM-00359,22/04/2025,Curitiba,pr,C195,L19,app,conveniencia,21,0,6,24,7,nao,nao_perecivel,49,50,65,92.17,nao,1,nao,,4,23,cancelado,
FM-00360,2025-09-22,Uberaba,mg,C96,L21,web,hortifruti,23,2,5,0,16,nao,perecivel,32,45,29,"17,61",sim,3.6,nao,,0,76,entregue,
FM-00361,2025-04-29,Goiânia,GO,C382,L9,app,bebidas,2,2,6,21,23,nao,nao perecivel,9,50,77,102.05,sim,"2,7",nao,,2,48,entregue,
FM-00362,2025-10-16,Uberaba,MG,C180,L41,app,bebidas,18,1,3,7,7,nao,nao_perecivel,41,30,16,"149,03",nao,4.0,nao,,2,74,cancelado,
FM-00363,2025-07-13,Uberlândia,MG,C282,L15,web,bebidas,17,2,3,25,10,nao,perecivel,,35,49,51.4,,4.2,nao,,0,40,em_rota,
FM-00364,2025-05-13,Curitiba,pr,C158,L38,app,limpeza,3,1,1,11,22,nao,nao_perecivel,10,35,19,256.44,sim,4.7,nao,,5,90,cancelado,
FM-00365,2025-09-30,Goiânia,GO,C148,L56,web,conveniencia,13,0,4,25,16,nao,nao_perecivel,27,50,66,"104,3",nao,3.9,nao,,3,86,cancelado,
FM-00366,2025-03-21,uberaba,MG,C439,L42,web,bebidas,24,0,3,7,15,nao,nao_perecivel,57,40,29,117.92,sim,"3,5",nao,,3,45,cancelado,
FM-00367,data_invalida,Campinas,SP,C206,L2,app,bebidas,15,0,4,9,16,nao,perecivel,30,35,23,111.29,,4.5,nao,,5,65,procesado,
FM-00368,2025-04-17,Goiânia,GO,C205,L11,app,bebidas,2,0,5,21,8,nao,perecivel,13,40,21,61.61,nao,4.4,nao,,6,65,procesado,
FM-00369,2025-10-10,Curitiba,PR,C8,L14,app,limpeza,13,1,3,26,21,nao,nao_perecivel,32,35,21,15,nao,2.6,nao,,5,39,procesado,
FM-00370,2025-06-13,Uberaba,MG,C42,L48,app,limpeza,15,2,2,29,18,sim,nao_perecivel,32,50,79,"178,57",nao,"3,4",nao,,0,45,procesado,
FM-00371,2025-02-04,Salvador,BA,C76,L47,app,hortifruti,3,1,6,23,15,nao,perecivel,9,35,11,163.06,,3.8,nao,,0,58,,
FM-00372,2025-04-02,Salvador,BA,C503,L2,app,limpeza,16,0,5,23,18,sim,perecivel,47,45,78,145.34,,3.6,sim,atraso,4,5,entregue,
FM-00373,2025-02-17,Salvador,BA,C95,L16,app,limpeza,3,0,5,29,20,sim,nao_perecivel,15,40,72,84.41,,"2,0",nao,,3,6,cancelado,
FM-00374,2025-09-24,São Paulo,SP,C332,L16,app,limpeza,11,0,5,0,17,nao,nao_perecivel,12,35,23,131.64,nao,4.4,sim,valor_frete,3,30,cancelado,
FM-00375,2025-08-04,são paulo,sp,C143,L58,web,bebidas,5,3,5,10,7,nao,perecivel,3,50,37,92.95,sim,4.9,nao,,7,60,cancelado,
FM-00376,2025-06-23,Uberlândia,MG,C548,L33,web,mercearia,22,0,5,36,19,sim,nao_perecivel,43,45,58,39.64,nao,3.7,nao,,0,62,cancelado,
FM-00377,2025-03-06,São Paulo,SP,C44,L8,app,bebidas,10,0,2,10,16,nao,perecivel,20,45,28,15,,4.7,nao,,0,32,,
FM-00378,2025-02-20,Curitiba,PR,C34,L29,app,mercearia,12,0,6,23,19,sim,perecivel,21,40,34,113.37,nao,4.6,nao,,10,31,entregue,
FM-00379,2025-08-25,Salvador,BA,C515,L47,web,limpeza,11,0,4,9,22,nao,perecivel,18,45,47,160.33,nao,3.3,nao,,0,74,entregue,
FM-00380,2025-04-09,Uberaba,MG,C2,L29,app,limpeza,17,0,5,5,11,sim,nao_perecivel,18,30,26,142.1,sim,5,nao,,6,50,cancelado,
FM-00381,2025-03-04,Campinas,SP,C78,L30,app,hortifruti,25,2,3,18,11,sim,nao_perecivel,48,50,29,78.71,nao,5,nao,,0,86,entregue,
FM-00382,2025-04-23,Goiânia,GO,C402,L35,app,mercearia,21,0,1,9,23,nao,perecivel,47,50,52,53.22,nao,1.2,nao,,0,41,entregue,
FM-00383,2025-06-03,Curitiba,PR,C362,L14,web,limpeza,20,1,4,27,20,sim,perecivel,42,35,31,107.19,,4.0,nao,,0,60,entregue,
FM-00384,2025-01-30,São Paulo,SP,C295,L52,app,horti fruti,9,2,1,10,17,nao,nao_perecivel,27,50,57,15,nao,2.5,nao,,5,71,cancelado,
FM-00385,2025-07-31,Uberaba,MG,C424,L2,app,limpeza,19,2,8,27,9,nao,nao_perecivel,53,35,19,"58,66",nao,5,nao,,6,84,cancelado,
FM-00386,2025-07-12,São Paulo,SP,C71,L45,app,bebidas,7,1,4,22,17,nao,nao_perecivel,24,40,67,27.41,,2.9,nao,,0,6,em_rota,
FM-00387,2025-08-29,Salvador,BA,C18,L35,app,bebidas,8,2,3,0,16,nao,nao_perecivel,7,40,33,119.73,,5,sim,erro_pagamento,12,70,procesado,
FM-00388,2025-04-26,Uberlândia,MG,C441,L27,app,mercearia,16,1,2,19,10,nao,nao_perecivel,50,50,58,120.02,nao,"1,3",nao,,1,50,em_rota,
FM-00389,2025-06-01,Uberlândia,mg,C156,L49,app,hortifruti,15,1,7,25,17,nao,perecivel,,35,10,83.74,sim,"4,0",nao,,3,28,procesado,
FM-00390,2025-03-21,Campinas,sp,C457,L48,app,limpeza,1,1,2,28,9,nao,nao_perecivel,17,40,50,199.05,,"2,9",sim,erro_pagamento,7,36,,
FM-00391,2025-07-23,Salvador,BA,C351,L17,app,hortifruti,16,0,1,24,22,nao,nao_perecivel,54,45,57,181.96,sim,2.1,nao,,12,80,cancelado,
FM-00392,01/07/2025,Uberaba,MG,C200,L51,web,hortifruti,22,2,2,31,12,sim,nao_perecivel,59,50,69,162.35,,3.1,sim,produto_indisponivel,7,83,,
FM-00393,data_invalida,Uberaba,MG,C323,L43,app,mercearia,15,2,5,0,14,nao,nao_perecivel,11,30,40,"165,01",nao,2.3,nao,,1,88,em_rota,
FM-00394,10/10/2025,Uberaba,MG,C217,L5,app,mercearia,25,0,6,40,12,sim,perecivel,46,50,62,183.52,nao,2.9,nao,,0,77,procesado,
FM-00395,2025-03-18,Campinas,SP,C220,L40,app,limpeza,11,2,4,34,14,nao,nao_perecivel,32,45,20,73.07,sim,2.4,sim,erro_pagamento,10,28,cancelado,
FM-00396,2025-04-27,Uberlândia,MG,C130,L53,app,limpeza,23,0,3,6,12,sim,perecivel,52,35,65,178.29,,4.3,nao,,2,74,procesado,
FM-00397,2025-10-01,Uberaba,MG,C428,L46,app,limpeza,17,2,4,17,20,sim,nao_perecivel,30,45,42,143.8,,3.8,nao,,14,25,em_rota,
FM-00398,2025-07-02,São Paulo,SP,C459,L28,app,limpeza,13,3,6,7,13,nao,perecivel,27,30,41,"33,99",sim,2.9,nao,,0,90,cancelado,
FM-00399,2025-03-07,Goiânia,GO,C79,L30,app,mercearia,7,0,4,35,14,nao,perecivel,34,35,10,163.15,,3.1,nao,,4,17,em_rota,
FM-00400,2025-01-08,Salvador,BA,C475,L19,app,bebidas,16,2,1,39,10,nao,nao_perecivel,59,30,19,159.69,nao,4.8,nao,,6,13,em_rota,
FM-00401,2025-07-12,Goiânia,GO,C307,L53,web,conveniencia,3,0,6,0,14,nao,nao_perecivel,3,50,77,229.62,sim,3.2,nao,,8,2,em_rota,
FM-00402,2025-02-05,São Paulo,sp,C312,L37,app,limpeza,15,2,7,26,10,nao,perecivel,36,50,56,77.08,,3.7,nao,,3,29,em_rota,
FM-00403,2025-09-08,São Paulo,SP,C454,L18,app,hortifruti,11,2,7,15,20,sim,nao_perecivel,18,40,19,32.35,sim,3.3,nao,,7,47,,
FM-00404,2025-09-16,São Paulo,SP,C183,L7,app,conveniencia,24,1,1,12,18,sim,nao_perecivel,32,45,54,63.41,sim,1.6,sim,atraso,5,51,cancelado,
FM-00405,2025-04-26,Campinas,SP,C518,L59,app,conveniência,4,3,6,32,7,nao,nao_perecivel,23,40,42,167.98,,3.7,nao,,2,62,procesado,
FM-00406,2025-07-22,Goiânia,go,C493,L14,web,bebidas,27,0,4,1,11,sim,nao_perecivel,32,30,75,"154,6",sim,1.9,sim,cliente_desistiu,5,3,cancelado,
FM-00407,2025-01-25,Campinas,SP,C142,L43,app,limpeza,17,0,4,14,13,nao,perecivel,35,35,29,227.27,nao,5,nao,,4,25,procesado,
FM-00408,2025-06-15,salvador,BA,C20,L53,app,mercearia,22,0,6,15,16,nao,perecivel,45,40,66,101.78,nao,5,nao,,4,15,cancelado,
FM-00409,2025-08-21,Curitiba,PR,C218,L57,app,hortifruti,16,0,4,20,9,nao,nao_perecivel,32,50,72,121.98,,"1,9",nao,,4,8,entregue,
FM-00410,2025-02-19,campinas,SP,C535,L13,app,mercearia,16,0,1,23,13,nao,perecivel,37,40,64,218.57,sim,"4,4",sim,produto_indisponivel,2,65,procesado,
FM-00411,2025-04-04,salvador,BA,C550,L42,web,mercearia,17,2,5,12,16,nao,nao_perecivel,35,40,30,"135,47",,"4,6",nao,,5,51,procesado,
FM-00412,2025-09-14,Uberlândia,MG,C70,L60,app,hortifruti,8,0,3,13,10,nao,nao_perecivel,14,45,47,180.92,nao,3.1,nao,,11,36,em_rota,
FM-00413,10-21-2025,Goiânia,GO,C502,L49,app,horti fruti,20,2,5,3,10,nao,perecivel,34,40,32,"73,61",sim,4.5,nao,,10,43,cancelado,
FM-00414,12/07/2025,Uberlândia,MG,C496,L52,app,hortifruti,6,4,1,36,11,sim,perecivel,29,30,56,80.45,nao,3.2,nao,,4,1,procesado,
FM-00415,2025-02-06,São Paulo,SP,C445,L34,app,conveniencia,10,0,1,20,17,nao,perecivel,25,30,20,66.81,sim,4.1,nao,,3,9,em_rota,
FM-00416,2025-01-17,campinas,SP,C114,L26,app,mercearia,16,3,6,9,9,nao,nao_perecivel,,50,61,148.98,,2.5,nao,,7,6,cancelado,
FM-00417,2025-01-30,Uberaba,MG,C132,L59,app,bebidas,12,2,5,0,16,nao,perecivel,17,30,10,27.46,,"4,9",nao,,2,66,em_rota,
FM-00418,2025-05-08,Salvador,BA,C254,L16,app,limpeza,23,0,3,5,21,nao,nao_perecivel,25,50,63,191.79,,3.4,nao,,4,66,procesado,
FM-00419,2025-03-30,Uberlândia,MG,C333,L51,web,hortifruti,12,3,4,32,8,nao,nao_perecivel,34,30,37,76.21,,1.7,nao,,4,48,procesado,
FM-00420,data_invalida,Uberaba,MG,C503,L28,web,bebidas,14,2,4,20,15,nao,nao perecivel,26,50,70,210.78,,4.2,nao,,0,11,entregue,
FM-00421,2025-04-11,Salvador,BA,C104,L55,app,hortifruti,9,2,4,13,22,nao,nao_perecivel,14,50,46,83.08,nao,"3,5",nao,,6,81,entregue,
FM-00422,2025-02-16,Curitiba,PR,C200,L14,app,bebidas,5,1,7,12,18,sim,perecivel,3,35,60,187.37,nao,4.8,nao,,0,54,,
FM-00423,2025-06-13,Campinas,SP,C472,L29,web,bebidas,21,0,4,0,9,nao,nao_perecivel,36,40,24,149.51,nao,4.4,nao,,2,67,procesado,
FM-00424,2025-06-01,campinas,SP,C90,L20,app,limpeza,13,2,3,31,13,nao,nao_perecivel,34,40,34,15,nao,3.3,nao,,7,52,,
FM-00425,2025-09-13,Uberlândia,MG,C21,L56,app,conveniencia,15,2,3,18,23,nao,perecivel,27,45,40,122.09,,5,nao,,9,0,entregue,
FM-00426,07-18-2025,Campinas,SP,C229,L50,app,hortifruti,10,0,3,32,21,nao,nao perecivel,28,40,74,142.66,nao,4.0,sim,atraso,0,19,,
FM-00427,data_invalida,Curitiba,PR,C309,L47,app,mercearia,24,3,1,11,13,nao,nao_perecivel,53,30,31,105.36,sim,4.3,nao,,7,4,entregue,
FM-00428,2025-06-05,São Paulo,SP,C358,L26,app,mercearia,11,1,3,31,23,nao,nao_perecivel,34,50,38,103.85,nao,3.0,nao,,0,78,procesado,
FM-00429,2025-09-07,Uberaba,MG,C257,L2,app,limpeza,19,2,6,22,16,nao,nao_perecivel,54,50,61,50.42,sim,2.8,nao,,4,31,entregue,
FM-00430,2025-04-06,uberaba,MG,C74,L54,web,limpeza,7,2,3,0,19,sim,nao_perecivel,7,30,10,95.85,nao,4.0,nao,,4,80,procesado,
FM-00431,2025-04-13,São Paulo,SP,C451,L44,app,mercearia,12,0,5,4,11,sim,nao_perecivel,20,40,68,30.19,nao,1.8,nao,,6,51,em_rota,
FM-00432,2025-03-23,Campinas,SP,C174,L40,app,hortifruti,20,0,4,23,7,nao,nao_perecivel,58,35,25,120.0,sim,4.3,nao,,12,36,cancelado,
FM-00433,2025-05-10,Uberaba,MG,C502,L38,app,conveniencia,7,3,3,13,7,nao,perecivel,8,35,31,132.32,nao,3.6,nao,,4,2,procesado,
FM-00434,2025-10-20,Uberlândia,mg,C274,L15,app,bebidas,21,0,3,12,8,nao,perecivel,44,35,33,83.7,sim,4.0,nao,,0,87,procesado,
FM-00435,06-25-2025,São Paulo,SP,C146,L3,web,conveniencia,3,1,4,48,19,sim,nao_perecivel,33,30,36,15,,"2,8",nao,,0,19,procesado,
FM-00436,2025-01-11,Uberlândia,MG,C115,L16,app,limpeza,11,1,4,18,15,nao,perecivel,,30,34,"154,32",sim,2.3,nao,,2,46,entregue,
FM-00437,2025-09-08,Uberlândia,MG,C378,L48,web,bebidas,12,1,4,17,16,nao,perecivel,25,35,10,121.22,sim,5,nao,,0,21,entregue,
FM-00438,2025-09-29,Salvador,BA,C12,L40,app,bebidas,18,1,5,19,10,nao,nao_perecivel,33,50,86,"37,87",sim,5,sim,valor_frete,2,86,cancelado,
FM-00439,2025-09-30,Campinas,SP,C115,L53,app,mercearia,22,4,6,28,18,sim,nao_perecivel,61,50,84,180.62,,4.5,nao,,5,42,entregue,
FM-00440,05-12-2025,Uberlândia,MG,C479,L29,app,bebidas,15,2,4,12,20,sim,perecivel,41,35,10,"68,0",nao,2.5,nao,,3,42,entregue,
FM-00441,2025-02-01,Salvador,BA,C486,L10,app,conveniencia,10,0,4,7,9,nao,perecivel,14,45,47,99.34,,4.2,sim,cliente_desistiu,0,1,em_rota,
FM-00442,2025-06-21,Salvador,BA,C4,L19,app,hortifruti,23,0,4,31,8,nao,nao_perecivel,64,35,38,15,nao,2.7,nao,,8,48,cancelado,
FM-00443,2025-06-15,Salvador,BA,C465,L52,app,mercearia,9,1,2,10,9,nao,perecivel,28,50,61,189.94,sim,2.4,nao,,0,32,procesado,
FM-00444,30/08/2025,Uberaba,MG,C525,L31,web,bebidas,18,0,2,38,16,nao,nao_perecivel,58,50,59,108.3,nao,3.8,nao,,1,46,procesado,
FM-00445,04/01/2025,Salvador,BA,C500,L5,app,horti fruti,18,1,7,20,13,nao,nao_perecivel,41,35,10,57.58,sim,5,nao,,7,78,entregue,
FM-00446,2025-05-29,São Paulo,SP,C255,L25,app,bebidas,17,1,4,13,17,nao,perecivel,24,35,49,155.54,sim,"2,5",nao,,9,30,procesado,
FM-00447,2025-10-27,Goiânia,GO,C371,L42,web,mercearia,1,1,6,21,20,sim,perecivel,6,35,45,22.59,sim,"4,4",nao,,6,64,procesado,
FM-00448,2025-09-23,Uberaba,MG,C446,L37,app,mercearia,10,3,1,10,14,nao,perecivel,23,50,79,"188,17",sim,3.7,sim,produto_indisponivel,2,67,entregue,
FM-00449,2025-08-06,Campinas,SP,C509,L7,app,conveniencia,21,3,2,32,13,nao,perecivel,66,45,35,173.77,nao,"4,1",nao,,1,22,em_rota,
FM-00450,2025-05-17,Goiânia,GO,C441,L35,app,bebidas,4,0,1,15,19,sim,nao_perecivel,13,30,72,47.48,,3.5,nao,,4,43,em_rota,
FM-00451,30/03/2025,Uberaba,mg,C429,L13,app,hortifruti,16,0,7,5,15,nao,perecivel,29,45,50,103.91,sim,3.8,nao,,3,0,,
FM-00452,09/01/2025,Curitiba,PR,C83,L15,app,mercearia,14,0,2,12,17,nao,nao_perecivel,28,45,22,36.18,,2.8,nao,,3,47,em_rota,
FM-00453,2025-05-11,Curitiba,PR,C43,L20,app,hortifruti,10,0,3,13,22,nao,nao_perecivel,32,35,34,203.75,sim,3.3,nao,,5,3,em_rota,
FM-00454,2025-09-24,Curitiba,PR,C527,L27,app,limpeza,20,3,4,0,7,nao,nao_perecivel,21,50,42,187.19,nao,4.4,nao,,0,8,procesado,
FM-00455,2025-08-30,Curitiba,PR,C265,L3,app,conveniencia,11,2,5,15,7,nao,nao_perecivel,23,40,58,207.08,sim,"1,5",nao,,8,51,,
FM-00456,2025-04-17,Campinas,sp,C94,L48,app,bebidas,9,1,3,5,11,sim,nao_perecivel,22,35,54,15,sim,3.4,nao,,0,40,em_rota,
FM-00457,2025-09-28,campinas,SP,C46,L29,web,bebidas,13,2,6,34,16,nao,nao_perecivel,,35,10,92.44,sim,"3,5",nao,,7,48,entregue,
FM-00458,2025-07-26,Salvador,BA,C333,L6,app,bebidas,18,1,6,26,20,sim,perecivel,36,30,50,123.18,nao,2.1,nao,,1,27,entregue,
FM-00459,2025-03-21,Salvador,BA,C62,L35,app,mercearia,23,1,1,14,14,nao,perecivel,,35,38,"212,82",,1,nao,,5,8,procesado,
FM-00460,12/02/2025,Uberaba,MG,C169,L56,app,horti fruti,6,0,5,0,9,nao,nao_perecivel,3,50,54,121.2,,2.6,nao,,11,68,em_rota,
FM-00461,2025-01-03,Uberaba,MG,C270,L49,app,hortifruti,8,2,5,16,12,sim,perecivel,10,40,49,200.5,nao,4.7,nao,,11,9,cancelado,
FM-00462,2025-08-29,Salvador,BA,C534,L12,app,conveniência,13,2,7,9,17,nao,nao_perecivel,13,35,45,202.96,nao,1.3,nao,,8,31,em_rota,
FM-00463,02/05/2025,Uberaba,MG,C98,L24,app,limpeza,19,1,1,15,7,nao,nao_perecivel,48,50,37,135.85,nao,3.8,nao,,7,89,em_rota,
FM-00464,2025-10-28,curitiba,PR,C148,L5,app,hortifruti,19,0,4,32,21,nao,nao_perecivel,53,50,62,55.48,nao,3.5,nao,,0,42,cancelado,
FM-00465,2025-04-09,São Paulo,SP,C288,L13,app,mercearia,10,2,4,34,22,nao,perecivel,41,45,40,104.43,nao,4.0,nao,,1,30,procesado,
FM-00466,2025-02-09,São Paulo,sp,C393,L58,app,mercearia,4,0,2,1,10,nao,nao_perecivel,5,50,52,15,,"2,5",nao,,3,18,,
FM-00467,2025-10-10,Goiânia,GO,C527,L55,app,mercearia,9,3,3,42,14,nao,nao_perecivel,35,30,45,132.79,,1.8,sim,cliente_desistiu,6,56,procesado,
FM-00468,2025-05-03,Uberlândia,MG,C440,L7,app,limpeza,12,0,3,14,9,nao,perecivel,23,30,34,128.91,,2.5,nao,,3,79,,
FM-00469,2025-10-16,Salvador,BA,C68,L33,web,limpeza,6,2,7,14,8,nao,nao perecivel,8,40,82,102.65,sim,1.2,sim,cliente_desistiu,9,74,em_rota,
FM-00470,05/08/2025,Campinas,SP,C129,L8,app,limpeza,3,1,2,23,11,sim,nao_perecivel,13,50,66,209.77,sim,3.0,nao,,1,29,em_rota,
FM-00471,2025-08-20,Uberaba,MG,C381,L45,app,conveniencia,7,0,1,13,17,nao,nao_perecivel,18,45,35,121.22,sim,2.1,nao,,0,41,cancelado,
FM-00472,2025-03-31,Curitiba,PR,C546,L29,app,mercearia,19,0,5,10,22,nao,nao_perecivel,49,50,68,72.09,sim,2.9,nao,,1,56,cancelado,
FM-00473,2025-09-09,São Paulo,SP,C151,L41,app,horti fruti,13,2,6,35,10,nao,perecivel,31,40,14,84.47,,5,nao,,2,59,,
FM-00474,2025-05-13,Uberaba,MG,C263,L9,app,conveniencia,7,2,1,25,10,nao,perecivel,30,35,13,154.1,,4.7,nao,,9,47,em_rota,
FM-00475,2025-04-01,Goiânia,GO,C201,L49,app,hortifruti,6,0,4,7,10,nao,perecivel,9,50,70,"52,54",,"4,2",sim,erro_pagamento,7,85,,
FM-00476,2025-06-01,Curitiba,PR,C423,L48,app,hortifruti,8,0,3,2,7,nao,nao_perecivel,12,40,58,28.6,,2.0,nao,,4,17,cancelado,
FM-00477,2025-02-28,Uberlândia,MG,C8,L53,web,mercearia,8,0,1,27,17,nao,nao_perecivel,24,40,37,47.89,sim,"4,1",nao,,4,20,,
FM-00478,2025-02-14,uberaba,mg,C102,L29,web,conveniência,13,0,3,0,10,nao,perecivel,28,40,10,26.87,,4.8,nao,,2,1,cancelado,
FM-00479,2025-10-12,Goiânia,GO,C272,L29,app,conveniencia,17,0,2,20,11,sim,perecivel,45,35,32,122.65,sim,"2,6",nao,,3,90,em_rota,
FM-00480,2025-08-01,Salvador,BA,C326,L9,app,mercearia,11,0,4,7,18,sim,perecivel,23,50,65,216.41,nao,3.6,nao,,0,55,cancelado,
FM-00481,2025-07-06,Curitiba,PR,C431,L48,app,hortifruti,15,2,1,13,19,sim,nao_perecivel,37,30,28,77.72,sim,4.2,nao,,0,57,entregue,
FM-00482,2025-06-02,Goiânia,GO,C269,L3,app,bebidas,1,0,2,30,17,nao,nao_perecivel,19,30,51,"133,68",nao,4.1,nao,,6,3,procesado,
FM-00483,2025-09-09,Uberlândia,MG,C259,L18,app,bebidas,10,0,4,3,11,sim,perecivel,23,40,56,116.7,,1,nao,,1,63,em_rota,
FM-00484,2025-01-13,Salvador,ba,C41,L2,app,bebidas,18,1,8,26,22,nao,nao_perecivel,34,50,37,144.71,,4.5,nao,,9,78,,
FM-00485,2025-10-27,Salvador,BA,C381,L35,app,bebidas,8,0,1,8,19,sim,perecivel,18,40,24,67.1,,4.4,sim,erro_pagamento,2,63,entregue,
FM-00486,07-10-2025,Uberlândia,mg,C137,L48,app,limpeza,20,0,1,31,14,nao,nao_perecivel,56,45,32,57.91,,3.5,nao,,0,43,procesado,
FM-00487,2025-05-21,Goiânia,GO,C324,L34,app,bebidas,17,0,4,9,9,nao,nao_perecivel,27,50,58,58.4,,"4,0",nao,,7,66,procesado,
FM-00488,01-07-2025,São Paulo,SP,C327,L28,app,bebidas,12,0,2,39,23,nao,perecivel,56,35,32,179.58,sim,3.1,nao,,1,7,procesado,
FM-00489,2025-04-06,São Paulo,SP,C506,L20,app,bebidas,11,2,2,8,20,sim,perecivel,25,30,61,131.39,sim,"2,2",nao,,8,58,,
FM-00490,08-27-2025,Goiânia,GO,C91,L50,app,mercearia,13,0,1,10,8,nao,nao_perecivel,17,30,35,70.47,nao,1.8,sim,erro_pagamento,7,60,entregue,
FM-00491,2025-06-03,Curitiba,PR,C112,L12,web,mercearia,17,0,3,6,22,nao,perecivel,23,50,106,76.32,sim,4.0,nao,,9,35,em_rota,
FM-00492,2025-08-22,Uberlândia,MG,C106,L36,web,bebidas,8,0,7,19,21,nao,perecivel,9,30,59,100.3,nao,4.8,nao,,5,3,,
FM-00493,2025-04-24,Curitiba,PR,C186,L7,web,hortifruti,12,0,1,9,12,sim,perecivel,29,35,41,156.6,,1,nao,,10,87,cancelado,
FM-00494,2025-01-12,São Paulo,SP,C29,L50,app,mercearia,8,0,6,12,13,nao,nao_perecivel,10,30,19,"135,09",,5,nao,,3,54,procesado,
FM-00495,09/02/2025,Salvador,BA,C97,L9,app,mercearia,17,1,5,20,17,nao,nao_perecivel,51,40,50,43.32,sim,2.6,nao,,6,30,procesado,
FM-00496,12/08/2025,Goiânia,GO,C167,L3,app,hortifruti,11,0,2,0,14,nao,nao_perecivel,17,45,54,177.25,,3.2,nao,,3,76,procesado,
FM-00497,data_invalida,São Paulo,sp,C471,L47,app,conveniencia,13,1,3,8,7,nao,nao_perecivel,26,50,51,56.73,,2.7,nao,,4,58,em_rota,
FM-00498,2025-08-23,Uberlândia,MG,C89,L43,web,limpeza,7,0,3,16,11,sim,perecivel,13,50,34,140.52,sim,4.2,nao,,7,90,,
FM-00499,2025-05-01,Salvador,BA,C441,L39,app,conveniencia,1,1,5,40,8,nao,nao_perecivel,18,40,58,116.7,,1.8,nao,,0,44,procesado,
FM-00500,2025-09-22,Curitiba,PR,C117,L10,app,hortifruti,3,0,8,8,16,nao,nao_perecivel,3,45,47,116.81,nao,4.0,nao,,11,68,procesado,
FM-00501,10/09/2025,campinas,SP,C219,L58,web,limpeza,8,2,9,3,9,nao,perecivel,4,50,81,72.97,nao,2.6,nao,,7,50,em_rota,
FM-00502,12/03/2025,Uberaba,MG,C458,L17,app,mercearia,25,5,4,17,21,nao,nao_perecivel,76,35,33,"208,06",nao,5,sim,valor_frete,5,88,procesado,
FM-00503,2025-09-13,Campinas,SP,C306,L15,web,limpeza,1,0,2,35,8,nao,nao_perecivel,18,40,36,194.06,sim,3.1,nao,,7,79,entregue,
FM-00504,18/08/2025,Goiânia,GO,C494,L58,app,conveniencia,22,1,3,14,11,sim,perecivel,55,45,59,39.53,nao,4.3,nao,,3,71,em_rota,
FM-00505,2025-08-04,São Paulo,SP,C128,L8,app,mercearia,15,0,4,14,17,nao,perecivel,27,40,26,190.79,,3.8,nao,,3,84,entregue,
FM-00506,29/03/2025,Uberlândia,MG,C245,L37,app,mercearia,27,0,5,34,23,nao,nao_perecivel,65,40,44,31.23,sim,2.7,nao,,10,66,cancelado,
FM-00507,2025-08-18,São Paulo,sp,C257,L45,web,limpeza,9,0,3,3,22,nao,perecivel,21,45,36,42.5,,4.5,nao,,8,33,entregue,
FM-00508,2025-02-03,Salvador,BA,C376,L50,web,mercearia,16,0,2,17,8,nao,nao_perecivel,34,35,49,36.33,,1,nao,,2,15,,
FM-00509,27/02/2025,Uberlândia,MG,C78,L43,web,hortifruti,11,0,2,26,14,nao,nao_perecivel,34,40,40,"128,45",nao,4.4,nao,,9,24,procesado,
FM-00510,2025-06-10,São Paulo,SP,C444,L58,web,conveniencia,7,0,2,14,7,nao,nao_perecivel,20,45,70,129.96,sim,3.5,nao,,6,29,,
FM-00511,06-05-2025,São Paulo,SP,C196,L60,app,bebidas,16,0,4,5,11,sim,perecivel,,30,30,"25,79",,4.1,nao,,2,42,entregue,
FM-00512,08-28-2025,Uberlândia,MG,C192,L49,app,bebidas,1,5,5,38,8,nao,perecivel,25,30,13,"123,23",sim,3.1,nao,,4,77,entregue,
FM-00513,data_invalida,uberaba,MG,C282,L59,app,limpeza,12,0,2,22,10,nao,nao_perecivel,32,30,10,188.81,sim,4.4,nao,,11,8,procesado,
FM-00514,2025-07-25,Curitiba,PR,C218,L37,app,bebidas,15,1,3,5,20,sim,nao_perecivel,38,50,76,74.0,,3.1,nao,,7,63,,
FM-00515,2025-02-01,Goiânia,GO,C30,L50,app,conveniencia,7,4,6,24,8,nao,perecivel,19,35,10,"68,22",sim,3.1,nao,,1,62,em_rota,
FM-00516,04-13-2025,Uberaba,MG,C473,L6,web,limpeza,20,0,5,25,8,nao,perecivel,41,40,25,"151,15",,"4,0",nao,,7,46,em_rota,
FM-00517,2025-03-26,São Paulo,SP,C143,L51,app,bebidas,17,3,3,11,14,nao,nao_perecivel,33,50,46,117.18,sim,3.8,sim,valor_frete,0,46,procesado,
FM-00518,2025-01-26,Campinas,SP,C530,L59,web,hortifruti,8,2,6,6,19,sim,nao_perecivel,11,50,36,170.04,nao,2.9,nao,,11,89,entregue,
FM-00519,27/02/2025,Uberlândia,mg,C416,L50,app,limpeza,1,0,7,19,15,nao,perecivel,3,50,70,128.82,sim,3.5,nao,,8,34,cancelado,
FM-00520,2025-02-17,Campinas,sp,C129,L17,app,hortifruti,4,2,3,10,17,nao,perecivel,4,35,10,72.34,nao,4.9,nao,,0,69,entregue,
FM-00521,2025-04-03,Uberaba,MG,C222,L8,app,mercearia,15,5,8,18,18,sim,perecivel,33,40,59,191.31,,3.4,sim,atraso,0,32,cancelado,
FM-00522,2025-07-02,São Paulo,SP,C416,L14,web,hortifruti,13,2,6,19,22,nao,perecivel,30,45,25,"106,11",sim,2.0,nao,,4,67,procesado,
FM-00523,2025-01-25,Goiânia,GO,C163,L42,web,limpeza,3,0,4,33,9,nao,perecivel,22,45,57,"255,32",,4.0,sim,valor_frete,0,17,entregue,
FM-00524,2025-06-07,São Paulo,SP,C306,L57,app,mercearia,1,0,1,44,19,sim,nao_perecivel,25,30,50,"101,88",sim,2.7,nao,,9,28,cancelado,
FM-00525,2025-10-15,Uberaba,MG,C550,L9,app,limpeza,1,2,2,0,12,sim,perecivel,3,35,34,201.55,,"3,7",nao,,3,42,entregue,
FM-00526,24/10/2025,São Paulo,SP,C302,L25,web,limpeza,4,0,4,15,9,nao,nao_perecivel,4,50,76,"158,27",nao,1.1,nao,,0,46,em_rota,
FM-00527,2025-01-17,Goiânia,GO,C417,L43,app,bebidas,13,0,2,12,14,nao,nao_perecivel,30,50,16,95.69,sim,5,nao,,4,60,entregue,
FM-00528,2025-04-17,São Paulo,SP,C35,L13,app,limpeza,1,0,2,30,18,sim,nao_perecivel,17,35,40,133.93,,1.5,nao,,5,61,,
FM-00529,2025-08-22,Uberaba,MG,C351,L55,app,horti fruti,6,2,2,4,21,nao,perecivel,8,50,65,45.24,nao,1.1,nao,,9,19,entregue,
FM-00530,2025-09-20,Campinas,SP,C124,L55,app,hortifruti,8,2,1,5,9,nao,perecivel,23,40,25,200.77,,3.6,nao,,7,75,em_rota,
FM-00531,2025-03-07,Uberaba,MG,C157,L47,app,bebidas,12,2,2,14,9,nao,nao_perecivel,23,30,22,53.17,,5,nao,,8,74,procesado,
FM-00532,2025-04-19,Uberlândia,MG,C43,L19,app,mercearia,9,1,1,14,22,nao,nao_perecivel,29,30,10,"93,29",nao,1.2,nao,,3,76,procesado,
FM-00533,23/03/2025,Uberlândia,mg,C330,L55,web,hortifruti,8,1,3,0,19,sim,perecivel,16,30,36,135.92,nao,3.1,nao,,0,37,procesado,
FM-00534,2025-06-17,uberlândia,MG,C366,L11,app,bebidas,12,2,1,5,8,nao,perecivel,24,45,35,131.57,,4.6,nao,,8,64,entregue,
FM-00535,2025-02-09,salvador,BA,C515,L14,app,mercearia,24,4,5,17,15,nao,nao_perecivel,69,45,65,147.2,sim,2.9,nao,,5,72,procesado,
FM-00536,2025-05-04,Uberaba,MG,C492,L43,web,hortifruti,9,2,1,7,9,nao,perecivel,14,35,22,"109,0",,3.6,nao,,8,79,procesado,
FM-00537,2025-01-16,Campinas,SP,C226,L12,app,bebidas,9,1,1,2,8,nao,nao_perecivel,14,50,54,268.13,nao,4.4,sim,atraso,8,45,entregue,
FM-00538,2025-05-23,Salvador,BA,C349,L18,web,mercearia,11,2,3,11,9,nao,nao_perecivel,25,45,16,105.4,nao,4.9,nao,,7,4,cancelado,
FM-00539,2025-05-19,Curitiba,PR,C529,L4,app,conveniencia,14,0,3,12,16,nao,nao_perecivel,19,30,22,15,,5,nao,,5,46,em_rota,
FM-00540,10-01-2025,Salvador,BA,C506,L27,web,mercearia,18,0,4,14,10,nao,nao_perecivel,29,30,36,40.52,sim,1.7,nao,,8,69,em_rota,
FM-00541,2025-03-20,Salvador,BA,C332,L29,app,mercearia,13,2,3,31,7,nao,perecivel,42,50,87,"149,1",nao,1.2,nao,,1,86,,
FM-00542,16/10/2025,Campinas,SP,C228,L4,app,mercearia,18,2,3,2,9,nao,perecivel,39,35,19,145.96,,3.5,nao,,3,29,entregue,
FM-00543,2025-06-29,Campinas,SP,C177,L58,app,limpeza,4,1,2,15,17,nao,perecivel,16,35,44,141.2,,3.1,nao,,4,10,,
FM-00544,2025-06-19,Salvador,BA,C222,L8,app,mercearia,23,2,3,44,17,nao,perecivel,73,30,49,"141,05",nao,4.4,nao,,3,41,,
FM-00545,2025-06-23,São Paulo,SP,C340,L21,app,mercearia,8,0,4,9,22,nao,nao_perecivel,18,35,29,63.16,,5,nao,,8,43,,
FM-00546,2025-10-04,Campinas,sp,C481,L55,app,limpeza,25,2,4,12,19,sim,nao_perecivel,64,40,58,54.75,nao,1.4,nao,,4,56,entregue,
FM-00547,2025-01-28,Curitiba,PR,C264,L56,web,limpeza,10,0,1,11,10,nao,nao_perecivel,20,45,30,15,,2.2,nao,,8,43,cancelado,
FM-00548,2025-10-22,Curitiba,PR,C106,L31,app,hortifruti,17,3,5,23,10,nao,nao_perecivel,43,40,61,"155,5",nao,"3,0",sim,erro_pagamento,9,4,em_rota,
FM-00549,data_invalida,Uberlândia,mg,C221,L7,app,limpeza,21,3,1,15,8,nao,nao_perecivel,64,40,62,"107,19",,2.6,nao,,7,8,,
FM-00550,2025-10-23,Uberlândia,MG,C357,L32,app,mercearia,16,1,3,35,15,nao,nao_perecivel,50,30,29,129.66,nao,4.7,nao,,2,32,procesado,
FM-00551,2025-08-11,Uberaba,MG,C315,L54,web,hortifruti,7,1,4,30,12,sim,perecivel,33,30,20,22.39,nao,1.8,nao,,6,27,entregue,
FM-00552,2025-03-26,Goiânia,GO,C510,L53,app,mercearia,24,1,6,10,17,nao,nao_perecivel,35,40,36,150.13,nao,4.6,nao,,1,45,entregue,
FM-00553,2025-07-18,Campinas,SP,C546,L23,app,bebidas,17,1,3,4,19,sim,nao_perecivel,27,45,87,110.32,nao,1.3,nao,,9,89,entregue,
FM-00554,2025-07-08,Campinas,SP,C385,L4,app,bebidas,6,2,1,26,11,sim,nao_perecivel,29,35,58,15,nao,2.4,nao,,10,46,entregue,
FM-00555,2025-10-12,salvador,BA,C128,L26,app,hortifruti,10,0,1,1,15,nao,perecivel,19,45,31,"156,85",sim,3.8,nao,,0,71,em_rota,
FM-00556,2025-01-12,Uberlândia,MG,C537,L58,app,mercearia,9,4,2,11,9,nao,nao_perecivel,22,50,67,202.49,,"2,7",sim,erro_pagamento,7,4,cancelado,
FM-00557,05-25-2025,Goiânia,GO,C83,L35,app,mercearia,25,2,5,0,23,nao,perecivel,31,35,44,133.99,nao,4.0,sim,erro_pagamento,4,39,cancelado,
FM-00558,01-03-2025,Salvador,BA,C97,L8,web,bebidas,11,1,4,29,17,nao,nao_perecivel,34,45,35,78.79,sim,4.0,nao,,7,17,em_rota,
FM-00559,2025-08-06,Salvador,BA,C515,L7,app,bebidas,20,2,3,40,12,sim,nao_perecivel,59,45,49,"79,03",,2.9,nao,,2,68,entregue,
FM-00560,07/04/2025,Uberlândia,MG,C522,L36,app,mercearia,18,1,5,28,20,sim,perecivel,34,45,70,115.45,sim,1.8,nao,,3,10,,
FM-00561,2025-04-20,Uberaba,MG,C419,L38,app,limpeza,10,0,2,14,15,nao,perecivel,35,40,54,104.88,nao,4.1,nao,,9,48,em_rota,
FM-00562,06-20-2025,Uberaba,MG,C351,L6,app,hortifruti,9,0,3,20,17,nao,perecivel,20,50,56,114.22,,1.6,sim,erro_pagamento,5,48,procesado,
FM-00563,2025-07-28,Curitiba,PR,C503,L8,app,conveniencia,15,1,7,21,20,sim,nao_perecivel,21,30,13,172.17,,3.9,sim,produto_indisponivel,7,70,em_rota,
FM-00564,2025-06-18,Curitiba,PR,C159,L53,app,hortifruti,13,0,3,6,22,nao,nao_perecivel,26,35,10,132.09,,5,nao,,6,88,procesado,
FM-00565,2025-02-14,Salvador,BA,C308,L33,app,conveniencia,8,0,1,24,15,nao,nao_perecivel,26,30,45,133.01,sim,3.1,nao,,8,3,em_rota,
FM-00566,2025-07-31,são paulo,SP,C496,L46,app,mercearia,6,3,5,18,16,nao,perecivel,17,35,14,67.82,,"3,3",nao,,5,41,cancelado,
FM-00567,03/01/2025,Uberaba,MG,C450,L3,app,bebidas,16,0,2,14,13,nao,nao_perecivel,43,30,51,124.22,sim,4.1,sim,cliente_desistiu,2,82,,
FM-00568,2025-04-23,Uberaba,mg,C13,L31,app,bebidas,19,0,3,10,18,sim,perecivel,50,40,41,317.63,,2.9,nao,,6,5,entregue,
FM-00569,2025-01-04,Goiânia,GO,C106,L29,app,bebidas,14,3,7,9,7,nao,nao_perecivel,15,30,20,104.74,,3.7,nao,,1,65,cancelado,
FM-00570,2025-02-23,Goiânia,GO,C252,L57,app,hortifruti,10,2,9,20,7,nao,perecivel,,30,42,"93,96",nao,"3,1",nao,,2,40,entregue,
FM-00571,06-21-2025,Goiânia,GO,C24,L4,app,mercearia,8,1,2,33,8,nao,perecivel,39,45,42,125.11,nao,5,nao,,7,87,entregue,
FM-00572,2025-08-14,Uberaba,MG,C463,L18,app,conveniencia,17,0,2,11,21,nao,perecivel,23,50,49,104.5,sim,4.6,nao,,2,80,entregue,
FM-00573,08-13-2025,Campinas,SP,C538,L17,web,hortifruti,8,0,5,21,15,nao,nao_perecivel,21,50,12,152.31,sim,5,nao,,9,50,entregue,
FM-00574,09-03-2025,Goiânia,GO,C529,L1,app,mercearia,15,0,3,23,14,nao,nao_perecivel,29,35,45,115.82,sim,"4,1",sim,erro_pagamento,4,84,procesado,
FM-00575,2025-04-03,São Paulo,SP,C462,L23,web,hortifruti,9,2,4,23,15,nao,nao_perecivel,22,35,17,"137,57",,4.7,nao,,4,23,procesado,
FM-00576,2025-10-13,São Paulo,sp,C363,L40,app,bebidas,6,0,5,0,15,nao,perecivel,3,50,51,81.05,,3.8,sim,produto_indisponivel,5,12,,
FM-00577,10/03/2025,Goiânia,GO,C310,L2,app,limpeza,6,0,7,4,8,nao,perecivel,3,45,47,96.15,nao,2.7,nao,,3,36,cancelado,
FM-00578,2025-01-24,Campinas,SP,C133,L41,app,hortifruti,12,2,2,21,23,nao,nao_perecivel,27,45,50,15,,2.0,nao,,2,18,cancelado,
FM-00579,08/04/2025,salvador,BA,C128,L10,app,hortifruti,9,1,4,20,9,nao,nao_perecivel,20,40,39,227.22,,5,nao,,5,88,cancelado,
FM-00580,06-17-2025,Uberlândia,MG,C203,L29,app,bebidas,8,1,4,29,20,sim,perecivel,24,35,54,34.1,,3.8,sim,atraso,1,63,,
FM-00581,2025-01-26,Curitiba,PR,C333,L9,app,mercearia,9,1,6,6,13,nao,nao_perecivel,6,30,35,"53,68",,"2,8",nao,,3,23,procesado,
FM-00582,2025-06-21,Uberaba,MG,C86,L54,app,hortifruti,15,1,4,30,21,nao,nao_perecivel,37,45,28,62.75,sim,4.7,sim,erro_pagamento,1,9,em_rota,
FM-00583,05-24-2025,Uberlândia,MG,C508,L7,app,limpeza,8,3,4,17,17,nao,nao_perecivel,18,45,57,"65,27",nao,3.3,nao,,3,21,cancelado,
FM-00584,2025-10-03,Salvador,BA,C379,L59,app,hortifruti,11,0,3,15,17,nao,nao_perecivel,18,50,45,195.5,,3.9,nao,,9,28,,
FM-00585,2025-04-17,Curitiba,PR,C453,L52,app,mercearia,12,1,3,16,19,sim,perecivel,37,45,48,81.92,,1.6,nao,,5,45,cancelado,
FM-00586,2025-06-03,Uberaba,MG,C418,L41,web,hortifruti,15,1,5,23,11,sim,nao_perecivel,34,35,69,151.35,nao,"2,4",sim,valor_frete,1,42,,
FM-00587,2025-10-19,Salvador,BA,C352,L13,web,limpeza,6,1,6,19,14,nao,nao_perecivel,11,50,42,221.33,nao,3.2,sim,valor_frete,5,85,procesado,
FM-00588,2025-02-18,São Paulo,SP,C209,L28,app,conveniência,3,1,3,29,13,nao,nao perecivel,23,35,10,188.49,nao,5,nao,,9,41,entregue,
FM-00589,2025-08-15,salvador,BA,C91,L39,app,bebidas,23,3,2,23,19,sim,nao_perecivel,50,40,29,"175,78",nao,3.9,nao,,5,34,em_rota,
FM-00590,2025-07-20,Curitiba,PR,C406,L5,app,hortifruti,12,2,4,3,11,sim,nao_perecivel,25,50,50,149.82,sim,3.6,nao,,4,29,entregue,
FM-00591,2025-01-23,Goiânia,GO,C113,L40,app,bebidas,12,3,5,23,14,nao,perecivel,32,40,43,15,,2.2,sim,erro_pagamento,4,61,cancelado,
FM-00592,2025-09-03,Curitiba,PR,C521,L3,app,limpeza,8,1,2,17,9,nao,nao_perecivel,15,50,64,73.14,sim,2.7,sim,valor_frete,1,25,em_rota,
FM-00593,05-30-2025,Uberaba,MG,C126,L20,web,bebidas,18,0,2,39,20,sim,perecivel,64,40,50,153.58,nao,2.5,nao,,2,51,procesado,
FM-00594,2025-09-04,Salvador,BA,C245,L56,app,hortifruti,13,0,2,4,19,sim,perecivel,28,30,33,101.36,,1.5,nao,,2,79,em_rota,
FM-00595,11/04/2025,Uberlândia,MG,C230,L53,app,conveniencia,7,2,3,23,12,sim,nao_perecivel,28,45,47,"141,59",nao,2.0,nao,,0,39,,
FM-00596,2025-05-02,São Paulo,SP,C238,L28,app,mercearia,11,2,2,25,23,nao,perecivel,42,40,37,32.55,nao,"1,8",nao,,3,86,em_rota,
FM-00597,2025-04-08,Goiânia,GO,C9,L27,app,bebidas,13,0,3,18,7,nao,nao_perecivel,41,50,30,186.2,nao,2.9,nao,,7,24,entregue,
FM-00598,2025-08-19,Goiânia,GO,C195,L14,app,hortifruti,12,0,1,27,8,nao,nao perecivel,46,35,43,153.93,,3.2,sim,atraso,7,21,procesado,
FM-00599,2025-04-15,São Paulo,SP,C507,L48,web,limpeza,13,2,2,11,14,nao,perecivel,27,35,42,157.56,,1.9,nao,,2,43,em_rota,
FM-00600,2025-08-10,Uberlândia,MG,C60,L23,app,conveniencia,10,3,2,4,20,sim,perecivel,11,50,72,15,sim,3.6,nao,,7,9,cancelado,
FM-00601,2025-06-27,Curitiba,PR,C139,L27,web,limpeza,13,2,5,4,9,nao,perecivel,,45,27,123.3,,5,nao,,7,77,cancelado,
FM-00602,01-13-2025,Campinas,SP,C128,L46,web,limpeza,5,1,8,43,9,nao,perecivel,19,45,46,54.47,sim,4.0,nao,,3,42,entregue,
FM-00603,2025-08-15,Curitiba,PR,C191,L38,app,bebidas,10,0,2,14,21,nao,perecivel,21,45,79,168.36,sim,3.1,nao,,5,6,procesado,
FM-00604,2025-02-14,Uberaba,MG,C262,L34,app,limpeza,14,1,6,13,9,nao,perecivel,19,45,43,"73,49",,4.6,nao,,3,83,procesado,
FM-00605,2025-10-22,Uberlândia,MG,C234,L46,app,horti fruti,13,0,1,20,22,nao,nao_perecivel,39,35,40,15,nao,"2,7",nao,,3,25,entregue,
FM-00606,2025-03-30,Campinas,sp,C367,L45,app,hortifruti,11,2,1,24,17,nao,nao_perecivel,36,30,39,110.16,nao,3.2,nao,,2,46,,
FM-00607,06-13-2025,Goiânia,GO,C404,L8,app,hortifruti,14,1,4,2,16,nao,nao perecivel,27,35,72,105.43,,5,nao,,8,59,em_rota,
FM-00608,2025-07-08,Uberlândia,MG,C347,L31,app,limpeza,13,2,6,30,12,sim,perecivel,32,35,58,186.53,,2.3,nao,,0,34,entregue,
FM-00609,2025-08-22,Goiânia,GO,C471,L45,app,conveniencia,14,1,2,13,18,sim,nao_perecivel,24,40,74,119.69,,2.9,nao,,9,22,em_rota,
FM-00610,2025-05-31,Uberaba,MG,C199,L59,app,hortifruti,4,3,6,29,9,nao,nao_perecivel,18,50,78,138.18,nao,2.2,sim,produto_indisponivel,6,7,em_rota,
FM-00611,2025-04-18,Curitiba,PR,C83,L33,web,conveniencia,15,0,3,5,20,sim,nao_perecivel,39,30,29,220.25,nao,5,nao,,13,46,cancelado,
FM-00612,2025-09-10,São Paulo,SP,C11,L10,web,conveniencia,8,1,1,11,9,nao,nao_perecivel,21,40,10,235.96,,3.2,nao,,10,87,,
FM-00613,05-22-2025,São Paulo,SP,C539,L9,app,conveniencia,21,0,4,12,22,nao,nao_perecivel,51,35,26,"301,27",,5,nao,,1,37,cancelado,
FM-00614,22/04/2025,Uberlândia,MG,C224,L12,app,bebidas,10,0,4,10,16,nao,nao_perecivel,,40,81,167.22,,2.3,nao,,8,16,procesado,
FM-00615,2025-08-12,Curitiba,PR,C172,L10,app,bebidas,1,1,6,23,19,sim,perecivel,10,40,34,111.07,sim,3.5,sim,erro_pagamento,2,42,em_rota,
FM-00616,2025-07-28,Salvador,BA,C534,L43,app,mercearia,10,2,2,20,18,sim,nao_perecivel,16,50,86,57.29,nao,3.2,sim,erro_pagamento,0,40,,
FM-00617,15/09/2025,Salvador,BA,C265,L6,web,hortifruti,11,1,1,12,13,nao,perecivel,24,50,70,"116,95",sim,3.0,nao,,0,30,procesado,
FM-00618,data_invalida,Campinas,SP,C275,L41,app,hortifruti,19,0,7,45,12,sim,nao_perecivel,64,30,16,71.51,nao,5,nao,,0,12,procesado,
FM-00619,08-15-2025,Uberaba,mg,C110,L36,app,limpeza,18,0,2,24,11,sim,nao_perecivel,29,30,31,37.33,sim,3.1,sim,cliente_desistiu,6,26,cancelado,
FM-00620,26/05/2025,Campinas,SP,C225,L45,app,mercearia,21,1,4,33,15,nao,nao_perecivel,46,35,46,"220,04",,2.2,nao,,2,10,entregue,
FM-00621,2025-09-22,Goiânia,GO,C513,L55,web,limpeza,10,3,4,7,17,nao,nao_perecivel,14,50,64,"135,48",,"3,8",nao,,4,50,,
FM-00622,2025-07-22,Salvador,ba,C89,L1,web,conveniencia,19,3,5,6,13,nao,perecivel,,50,46,"171,33",,4.6,nao,,0,17,em_rota,
FM-00623,2025-07-17,Uberaba,MG,C454,L55,web,mercearia,18,0,3,0,11,sim,nao perecivel,22,35,57,66.38,nao,2.9,nao,,0,10,cancelado,
FM-00624,2025-07-13,Uberaba,MG,C115,L13,app,limpeza,27,0,3,27,21,nao,perecivel,80,50,15,200.89,nao,4.1,nao,,3,79,cancelado,
FM-00625,2025-02-10,uberaba,MG,C80,L56,app,bebidas,19,0,3,12,23,nao,nao_perecivel,40,40,50,"139,39",nao,1.9,nao,,10,40,em_rota,
FM-00626,2025-10-13,São Paulo,SP,C150,L29,app,mercearia,9,0,1,11,7,nao,perecivel,16,30,28,54.85,,2.9,nao,,0,8,entregue,
FM-00627,2025-07-15,Curitiba,PR,C247,L38,web,bebidas,11,0,3,1,18,sim,perecivel,26,35,33,124.62,sim,2.5,nao,,2,7,em_rota,
FM-00628,2025-03-14,Goiânia,GO,C190,L35,web,hortifruti,11,0,3,38,15,nao,nao_perecivel,,30,42,138.39,,"2,2",nao,,1,72,em_rota,
FM-00629,2025-02-06,Uberlândia,MG,C63,L13,app,hortifruti,8,0,1,0,15,nao,nao_perecivel,19,40,10,150.09,nao,3.6,nao,,3,16,procesado,
FM-00630,2025-07-15,Goiânia,GO,C111,L44,web,bebidas,15,3,4,35,10,nao,nao_perecivel,51,50,59,91.07,,3.1,nao,,1,53,,
FM-00631,2025-04-17,Uberlândia,MG,C381,L1,app,limpeza,12,3,5,31,11,sim,nao_perecivel,23,35,50,190.68,nao,2.7,sim,erro_pagamento,1,48,cancelado,
FM-00632,data_invalida,Campinas,SP,C126,L23,web,mercearia,1,0,6,4,14,nao,nao_perecivel,3,50,53,94.9,,"2,1",nao,,10,35,,
FM-00633,07-25-2025,Uberaba,MG,C397,L14,app,hortifruti,1,1,2,10,13,nao,perecivel,6,30,55,"120,09",sim,1.2,sim,produto_indisponivel,7,0,,
FM-00634,25/01/2025,Salvador,BA,C219,L42,app,bebidas,10,2,6,26,19,sim,nao_perecivel,31,45,62,53.15,,2.9,nao,,7,3,procesado,
FM-00635,2025-06-06,Curitiba,PR,C78,L48,app,hortifruti,15,0,3,18,14,nao,perecivel,44,35,15,"167,62",nao,"3,9",nao,,8,21,cancelado,
FM-00636,2025-09-18,Uberlândia,mg,C397,L13,app,bebidas,1,2,3,13,17,nao,perecivel,7,45,51,15,,3.6,sim,valor_frete,1,88,procesado,
FM-00637,2025-07-25,Campinas,SP,C242,L25,app,hortifruti,7,0,3,17,18,sim,nao_perecivel,19,45,44,"165,72",sim,3.3,nao,,6,2,em_rota,
FM-00638,2025-05-31,São Paulo,SP,C520,L27,app,limpeza,15,1,3,5,10,nao,nao_perecivel,25,45,44,90.3,,3.9,nao,,0,29,cancelado,
FM-00639,02/08/2025,uberaba,MG,C392,L29,app,limpeza,21,0,4,25,12,sim,perecivel,53,50,87,135.72,sim,3.2,nao,,0,37,procesado,
FM-00640,2025-09-28,Campinas,SP,C281,L35,app,conveniencia,1,1,4,31,21,nao,nao_perecivel,13,40,47,195.2,nao,1.4,nao,,0,66,procesado,
FM-00641,08-18-2025,Curitiba,PR,C19,L16,web,limpeza,9,2,1,2,17,nao,nao_perecivel,13,45,60,165.84,,3.0,nao,,7,76,cancelado,
FM-00642,2025-09-02,Uberaba,MG,C366,L31,app,mercearia,11,0,5,29,17,nao,nao perecivel,24,50,40,124.87,nao,5,sim,cliente_desistiu,4,86,procesado,
FM-00643,02-14-2025,Uberlândia,MG,C505,L59,web,mercearia,13,1,4,25,23,nao,nao_perecivel,,40,25,15,sim,3.9,nao,,5,75,procesado,
FM-00644,2025-03-26,Uberlândia,MG,C341,L51,app,mercearia,3,2,4,32,22,nao,nao_perecivel,25,35,14,213.6,,3.2,nao,,1,0,,
FM-00645,2025-07-11,Goiânia,GO,C141,L36,app,mercearia,7,3,2,1,12,sim,nao_perecivel,6,30,10,224.96,nao,4.0,nao,,9,17,procesado,
FM-00646,2025-10-12,Uberaba,MG,C430,L45,app,limpeza,5,0,4,28,12,sim,nao_perecivel,21,30,78,"88,04",,2.3,sim,produto_indisponivel,5,11,cancelado,
FM-00647,2025-03-29,goiânia,GO,C549,L20,app,bebidas,16,1,4,18,23,nao,perecivel,44,50,74,189.08,,3.2,nao,,0,35,entregue,
FM-00648,2025-05-18,Campinas,SP,C115,L48,app,conveniencia,10,2,4,40,11,sim,nao_perecivel,,40,58,"161,84",sim,1.9,nao,,6,18,entregue,
FM-00649,2025-05-23,Goiânia,GO,C311,L33,app,limpeza,9,1,4,18,16,nao,perecivel,15,50,71,161.0,nao,4.1,nao,,2,0,procesado,
FM-00650,18/10/2025,São Paulo,SP,C361,L39,app,mercearia,19,4,2,33,15,nao,perecivel,35,40,33,127.7,,5,nao,,6,78,entregue,
FM-00651,09-24-2025,Salvador,BA,C206,L52,web,mercearia,19,3,2,18,14,nao,nao_perecivel,56,50,55,125.13,,3.1,nao,,2,10,cancelado,
FM-00652,19/07/2025,Goiânia,GO,C21,L15,app,bebidas,7,0,4,20,18,sim,perecivel,16,50,75,77.83,sim,3.5,nao,,2,35,procesado,
FM-00653,2025-01-10,Curitiba,pr,C273,L60,app,hortifruti,18,0,3,17,9,nao,nao_perecivel,41,30,27,124.9,nao,3.3,nao,,1,15,entregue,
FM-00654,04/10/2025,curitiba,PR,C56,L31,web,limpeza,10,1,2,9,20,sim,nao_perecivel,19,35,34,"88,97",nao,4.0,nao,,3,46,,
FM-00655,2025-06-08,São Paulo,SP,C84,L14,app,conveniencia,5,0,6,15,16,nao,nao_perecivel,11,30,44,15,sim,1,nao,,13,63,cancelado,
FM-00656,2025-09-17,São Paulo,SP,C132,L11,app,limpeza,10,1,1,5,10,nao,nao_perecivel,22,40,36,131.36,,4.0,nao,,4,24,entregue,
FM-00657,2025-04-14,Campinas,SP,C473,L54,app,limpeza,13,4,7,41,14,nao,perecivel,36,50,69,65.64,,2.4,nao,,3,6,procesado,
FM-00658,data_invalida,São Paulo,SP,C62,L18,app,mercearia,1,5,1,12,16,nao,nao_perecivel,9,50,25,77.77,,"3,7",nao,,1,3,entregue,
FM-00659,2025-09-26,Curitiba,pr,C368,L7,app,bebidas,9,0,2,13,9,nao,perecivel,21,35,43,159.06,nao,2.4,sim,atraso,0,0,,
FM-00660,2025-03-03,Salvador,BA,C517,L39,app,hortifruti,8,4,4,20,13,nao,nao_perecivel,17,30,10,180.72,nao,5,sim,cliente_desistiu,4,60,cancelado,
FM-00661,2025-01-17,Uberaba,MG,C543,L32,app,conveniencia,10,3,2,0,20,sim,nao_perecivel,15,50,40,148.12,nao,"4,6",nao,,1,46,entregue,
FM-00662,2025-04-18,Salvador,BA,C542,L49,app,conveniencia,19,1,2,20,21,nao,nao_perecivel,43,30,18,139.9,sim,2.5,nao,,5,82,,
FM-00663,2025-08-31,Uberlândia,MG,C38,L59,web,hortifruti,1,0,1,21,13,nao,nao_perecivel,15,35,51,99.96,,2.2,nao,,1,68,em_rota,
FM-00664,2025-08-15,Uberlândia,MG,C347,L32,app,conveniência,17,0,4,21,7,nao,perecivel,33,30,35,189.12,,1.9,sim,valor_frete,10,43,cancelado,
FM-00665,2025-08-15,Salvador,BA,C68,L5,app,limpeza,1,0,7,2,17,nao,nao_perecivel,3,50,41,249.35,nao,2.8,nao,,6,41,,
FM-00666,10-20-2025,Salvador,BA,C486,L42,app,bebidas,7,2,4,0,18,sim,perecivel,9,40,39,15,,2.7,nao,,10,62,entregue,
FM-00667,2025-06-18,Salvador,BA,C371,L55,app,hortifruti,4,4,1,18,22,nao,nao_perecivel,18,30,11,60.39,nao,4.5,nao,,5,39,,
FM-00668,2025-06-16,Uberaba,MG,C414,L45,web,bebidas,17,0,2,37,12,sim,nao_perecivel,39,30,58,56.43,,"4,1",sim,produto_indisponivel,9,12,entregue,
FM-00669,2025-05-30,Uberaba,MG,C39,L52,app,bebidas,4,1,5,3,15,nao,nao_perecivel,3,30,53,126.59,nao,3.4,sim,erro_pagamento,9,21,cancelado,
FM-00670,2025-03-24,Campinas,SP,C307,L20,web,hortifruti,2,0,3,8,22,nao,nao_perecivel,3,35,34,95.77,sim,2.5,nao,,4,89,em_rota,
FM-00671,2025-07-17,Campinas,SP,C257,L24,web,mercearia,21,0,5,39,9,nao,perecivel,46,50,51,"115,16",,2.4,sim,valor_frete,12,52,,
FM-00672,2025-05-05,Campinas,SP,C316,L37,app,bebidas,8,0,2,21,23,nao,perecivel,26,40,61,102.67,,5,sim,cliente_desistiu,4,20,,
FM-00673,2025-05-19,Curitiba,PR,C375,L35,app,limpeza,18,3,1,26,7,nao,nao_perecivel,43,45,49,"152,53",nao,1.1,nao,,13,18,entregue,
FM-00674,01-13-2025,salvador,BA,C169,L30,app,bebidas,14,2,4,7,15,nao,nao_perecivel,23,30,10,181.55,sim,5,nao,,0,23,procesado,
FM-00675,03/05/2025,goiânia,GO,C149,L58,web,bebidas,3,1,1,25,11,sim,perecivel,13,50,41,"153,63",sim,"4,7",nao,,0,32,entregue,
FM-00676,2025-04-18,Campinas,SP,C98,L16,app,bebidas,23,1,3,33,17,nao,nao_perecivel,76,40,42,107.66,sim,2.9,nao,,12,61,,
FM-00677,14/07/2025,Salvador,BA,C499,L56,app,hortifruti,1,1,1,11,15,nao,nao_perecivel,8,45,64,24.43,nao,3.2,nao,,5,16,procesado,
FM-00678,2025-08-29,Goiânia,GO,C425,L30,app,hortifruti,21,0,5,8,10,nao,nao_perecivel,37,40,23,161.88,nao,"3,9",nao,,0,70,procesado,
FM-00679,2025-08-05,Uberlândia,mg,C168,L7,app,horti fruti,13,2,2,40,23,nao,perecivel,48,40,35,67.5,sim,"3,7",nao,,0,70,cancelado,
FM-00680,2025-05-11,Campinas,SP,C236,L21,app,mercearia,11,1,5,2,11,sim,nao_perecivel,7,30,62,88.88,nao,3.4,sim,valor_frete,7,67,,
FM-00681,2025-01-31,uberaba,MG,C345,L60,app,conveniencia,13,0,8,14,20,sim,nao_perecivel,26,45,79,97.06,nao,2.6,nao,,5,51,entregue,
FM-00682,2025-01-25,Uberaba,MG,C52,L49,web,mercearia,11,2,3,13,14,nao,nao_perecivel,34,40,45,"155,85",sim,2.5,nao,,5,60,procesado,
FM-00683,2025-10-05,Uberlândia,MG,C485,L9,app,bebidas,18,0,4,34,19,sim,nao_perecivel,59,40,53,219.47,,"3,2",nao,,1,9,,
FM-00684,2025-07-11,São Paulo,SP,C273,L6,app,bebidas,10,0,11,24,19,sim,perecivel,9,40,71,32.81,nao,2.6,nao,,4,17,entregue,
FM-00685,2025-05-28,Uberaba,MG,C207,L15,app,limpeza,20,2,4,19,7,nao,nao_perecivel,31,45,27,175.47,sim,"4,8",nao,,7,66,cancelado,
FM-00686,2025-01-01,Curitiba,PR,C366,L32,app,limpeza,8,0,3,12,15,nao,nao_perecivel,22,30,29,25.35,,3.1,nao,,0,65,em_rota,
FM-00687,data_invalida,curitiba,PR,C8,L31,app,mercearia,12,2,4,11,15,nao,perecivel,33,35,20,77.52,sim,4.1,nao,,3,46,em_rota,
FM-00688,2025-07-31,Curitiba,PR,C458,L7,app,bebidas,10,0,4,14,14,nao,nao_perecivel,21,45,15,"94,73",sim,4.6,nao,,9,86,em_rota,
FM-00689,2025-08-13,Uberaba,MG,C309,L10,app,mercearia,11,0,2,12,9,nao,perecivel,28,50,60,15,nao,1.9,sim,atraso,4,50,,
FM-00690,23/08/2025,Uberlândia,MG,C465,L33,app,mercearia,6,1,1,0,15,nao,perecivel,14,35,59,"130,77",,2.6,nao,,3,56,cancelado,
FM-00691,2025-10-06,uberaba,MG,C231,L19,app,limpeza,26,0,4,14,13,nao,nao_perecivel,42,45,77,206.26,sim,3.1,nao,,6,32,entregue,
FM-00692,2025-10-26,Campinas,SP,C211,L36,web,mercearia,16,3,5,48,8,nao,perecivel,52,50,39,154.79,,3.8,nao,,7,73,procesado,
FM-00693,2025-01-06,Salvador,BA,C538,L16,app,bebidas,1,2,1,31,22,nao,nao_perecivel,10,50,65,"278,71",sim,3.8,sim,cliente_desistiu,8,22,entregue,
FM-00694,10-13-2025,Campinas,SP,C144,L47,web,mercearia,14,3,1,0,7,nao,nao_perecivel,17,30,44,79.62,nao,2.0,sim,erro_pagamento,0,74,,
FM-00695,2025-10-08,Curitiba,PR,C199,L18,app,mercearia,6,1,3,0,11,sim,perecivel,5,30,34,54.26,,2.5,nao,,6,36,,
FM-00696,2025-07-02,Uberaba,MG,C107,L38,web,bebidas,9,0,1,21,18,sim,nao_perecivel,29,45,55,177.95,,2.6,nao,,5,79,cancelado,
FM-00697,2025-07-18,Uberaba,MG,C455,L26,app,mercearia,20,1,3,28,9,nao,nao_perecivel,38,30,55,117.13,nao,2.3,sim,produto_indisponivel,2,45,,
FM-00698,2025-09-03,Campinas,sp,C257,L18,app,conveniencia,1,2,5,10,7,nao,perecivel,3,35,45,"106,31",,1.9,nao,,1,82,entregue,
FM-00699,2025-06-09,Uberlândia,MG,C148,L10,web,mercearia,11,0,5,17,23,nao,nao_perecivel,15,50,67,111.95,nao,2.5,sim,valor_frete,2,73,,
FM-00700,2025-04-12,São Paulo,SP,C36,L9,app,mercearia,5,0,3,20,21,nao,nao_perecivel,22,50,23,24.24,,4.5,nao,,8,88,,
FM-00701,2025-10-22,Uberlândia,MG,C196,L16,web,limpeza,7,0,4,15,15,nao,perecivel,13,35,39,133.26,sim,3.3,sim,produto_indisponivel,9,19,entregue,
FM-00702,06-16-2025,Uberlândia,MG,C1,L19,app,bebidas,20,0,3,16,21,nao,nao perecivel,37,45,32,69.13,nao,3.7,nao,,3,82,entregue,
FM-00703,2025-04-28,Goiânia,GO,C2,L30,app,limpeza,8,1,1,12,18,sim,nao perecivel,20,35,59,"25,1",nao,2.0,nao,,1,69,,
FM-00704,2025-03-17,Curitiba,pr,C343,L59,app,conveniência,9,0,2,0,9,nao,nao_perecivel,,30,18,83.64,nao,4.0,nao,,12,3,procesado,
FM-00705,2025-08-18,Campinas,SP,C215,L47,app,limpeza,12,2,2,15,9,nao,perecivel,32,40,34,143.26,nao,4.3,nao,,5,55,procesado,
FM-00706,20/01/2025,Salvador,BA,C317,L44,web,bebidas,18,2,8,24,18,sim,nao_perecivel,19,45,40,217.39,nao,3.4,nao,,5,67,entregue,
FM-00707,2025-01-16,Salvador,BA,C264,L8,app,limpeza,10,1,3,0,13,nao,perecivel,15,40,10,34.76,nao,3.8,nao,,3,54,entregue,
FM-00708,25/10/2025,Campinas,SP,C526,L41,app,hortifruti,6,1,3,43,18,sim,nao_perecivel,40,35,51,61.5,nao,3.0,nao,,2,40,em_rota,
FM-00709,2025-06-20,Goiânia,GO,C44,L57,app,limpeza,9,0,5,22,18,sim,nao_perecivel,14,30,19,85.07,nao,5,nao,,4,68,,
FM-00710,2025-03-29,Goiânia,GO,C56,L21,app,limpeza,19,0,2,16,8,nao,nao_perecivel,32,50,62,"156,68",nao,4.9,sim,valor_frete,3,7,entregue,
FM-00711,2025-08-14,Uberlândia,MG,C141,L5,app,conveniencia,1,1,1,9,14,nao,perecivel,7,45,41,121.83,sim,3.9,nao,,0,88,entregue,
FM-00712,2025-05-27,Uberlândia,MG,C85,L3,app,bebidas,23,0,4,2,21,nao,nao_perecivel,29,45,34,54.28,nao,3.3,nao,,5,49,entregue,
FM-00713,2025-03-05,Campinas,SP,C216,L26,app,limpeza,3,4,2,33,12,sim,nao_perecivel,26,40,74,134.23,sim,3.5,sim,atraso,8,78,em_rota,
FM-00714,2025-10-21,Salvador,BA,C76,L49,web,limpeza,3,0,4,37,18,sim,nao_perecivel,11,45,79,136.79,nao,2.3,nao,,3,21,em_rota,
FM-00715,2025-01-09,Goiânia,GO,C449,L29,app,mercearia,14,1,4,18,19,sim,nao_perecivel,43,40,47,20.01,nao,"2,1",nao,,4,10,entregue,
FM-00716,2025-05-12,Salvador,BA,C338,L58,app,conveniencia,10,2,1,19,18,sim,nao_perecivel,26,45,24,"138,85",sim,4.5,nao,,1,76,procesado,
FM-00717,2025-08-15,Salvador,BA,C217,L35,app,mercearia,1,1,5,18,14,nao,perecivel,3,50,31,"167,01",,3.9,nao,,9,8,cancelado,
FM-00718,2025-10-17,Uberaba,MG,C71,L28,app,bebidas,11,1,6,13,23,nao,nao_perecivel,25,40,39,177.91,nao,2.0,nao,,4,11,entregue,
FM-00719,2025-09-17,goiânia,GO,C253,L37,app,conveniencia,9,0,3,5,20,sim,perecivel,10,35,10,192.87,,4.1,nao,,0,11,cancelado,
FM-00720,16/02/2025,Goiânia,GO,C96,L41,app,mercearia,11,3,8,5,16,nao,perecivel,18,35,59,102.65,sim,2.1,sim,cliente_desistiu,8,83,em_rota,
FM-00721,2025-10-05,Salvador,BA,C306,L38,app,bebidas,1,0,9,5,18,sim,perecivel,3,45,59,"192,28",,1,nao,,2,0,cancelado,
FM-00722,2025-01-19,São Paulo,SP,C214,L28,app,bebidas,17,1,6,0,18,sim,perecivel,33,40,88,161.48,sim,5,nao,,0,56,,
FM-00723,2025-09-10,Curitiba,PR,C206,L54,web,hortifruti,16,1,2,25,18,sim,nao perecivel,39,30,39,117.92,nao,2.9,nao,,0,81,,
FM-00724,2025-04-07,Curitiba,pr,C50,L53,web,bebidas,30,0,6,10,16,nao,nao_perecivel,61,35,28,36.9,nao,4.4,nao,,0,54,entregue,
FM-00725,2025-01-29,Goiânia,GO,C130,L13,app,mercearia,11,1,6,1,11,sim,perecivel,22,45,70,115.41,,4.7,sim,valor_frete,0,24,em_rota,
FM-00726,2025-03-05,Uberlândia,MG,C104,L40,app,limpeza,5,0,8,21,20,sim,nao_perecivel,3,50,40,161.81,sim,3.2,nao,,9,31,entregue,
FM-00727,2025-04-22,Goiânia,GO,C336,L51,app,hortifruti,10,0,4,0,13,nao,nao_perecivel,13,50,57,35.03,,4.0,sim,erro_pagamento,6,60,procesado,
FM-00728,2025-08-01,Campinas,SP,C341,L27,app,mercearia,7,0,4,19,9,nao,nao_perecivel,15,30,10,"123,52",sim,4.8,nao,,6,65,procesado,
FM-00729,2025-03-14,Campinas,SP,C11,L54,web,hortifruti,3,0,4,2,20,sim,nao_perecivel,3,45,64,129.15,,4.9,nao,,15,32,procesado,
FM-00730,07/10/2025,São Paulo,SP,C307,L19,web,bebidas,12,0,3,0,23,nao,nao_perecivel,27,40,45,167.08,sim,1.9,nao,,8,52,,
FM-00731,2025-01-10,goiânia,GO,C127,L17,web,bebidas,14,0,5,10,20,sim,perecivel,26,50,75,132.04,nao,3.2,nao,,9,0,,
FM-00732,24/06/2025,Campinas,SP,C244,L49,app,bebidas,10,0,3,14,18,sim,nao_perecivel,14,40,61,170.73,,"2,6",nao,,0,52,em_rota,
FM-00733,data_invalida,Goiânia,GO,C407,L11,app,conveniência,16,2,3,18,14,nao,nao_perecivel,46,30,62,"60,75",nao,2.8,nao,,10,77,entregue,
FM-00734,2025-06-15,Uberaba,MG,C427,L14,app,hortifruti,14,4,3,12,14,nao,perecivel,33,35,27,107.03,,5,sim,valor_frete,2,48,entregue,
FM-00735,2025-04-05,Goiânia,GO,C32,L33,web,limpeza,13,0,5,17,10,nao,nao perecivel,37,35,48,40.49,sim,2.8,nao,,3,81,cancelado,
FM-00736,2025-05-31,São Paulo,SP,C543,L27,app,limpeza,6,0,5,12,17,nao,nao_perecivel,13,40,14,99.9,,2.7,nao,,0,51,em_rota,
FM-00737,2025-09-06,São Paulo,SP,C38,L11,app,mercearia,12,1,3,17,16,nao,perecivel,23,50,69,56.85,nao,3.8,sim,produto_indisponivel,6,1,em_rota,
FM-00738,2025-03-23,curitiba,PR,C379,L59,app,hortifruti,6,0,3,17,7,nao,perecivel,19,30,49,"138,5",,2.5,sim,atraso,5,75,entregue,
FM-00739,2025-02-09,Uberaba,mg,C410,L9,app,limpeza,21,1,3,1,19,sim,perecivel,33,45,60,86.53,nao,4.1,nao,,0,78,procesado,
FM-00740,2025-03-14,São Paulo,SP,C301,L36,app,hortifruti,21,2,2,12,17,nao,perecivel,44,35,22,87.21,sim,2.5,nao,,5,45,,
FM-00741,2025-09-12,uberaba,MG,C9,L60,app,mercearia,21,0,1,25,23,nao,perecivel,57,50,62,187.0,sim,1.5,sim,cliente_desistiu,2,68,procesado,
FM-00742,2025-05-02,Campinas,SP,C478,L57,web,mercearia,1,2,7,9,22,nao,nao_perecivel,3,45,12,174.4,nao,4.3,nao,,4,5,entregue,
FM-00743,2025-04-14,Uberaba,MG,C409,L35,app,hortifruti,13,0,6,18,19,sim,nao_perecivel,35,35,56,270.5,nao,4.1,nao,,5,56,,
FM-00744,2025-09-26,Curitiba,PR,C336,L24,app,hortifruti,18,3,1,0,8,nao,nao_perecivel,31,50,42,143.89,sim,4.0,nao,,10,22,cancelado,
FM-00745,2025-09-10,uberlândia,MG,C55,L6,app,bebidas,15,0,7,2,14,nao,nao_perecivel,17,40,10,15,sim,3.4,nao,,6,87,,
FM-00746,2025-06-29,Goiânia,GO,C263,L45,app,hortifruti,15,2,3,21,9,nao,nao_perecivel,38,40,42,105.38,,1.6,nao,,10,79,entregue,
FM-00747,data_invalida,Uberaba,MG,C308,L3,web,limpeza,11,1,3,7,23,nao,perecivel,14,35,57,50.87,sim,1.4,nao,,10,6,cancelado,
FM-00748,2025-01-09,Salvador,BA,C76,L33,app,hortifruti,3,1,4,15,17,nao,nao_perecivel,11,35,34,217.78,nao,5,nao,,2,69,procesado,
FM-00749,2025-07-13,Campinas,SP,C378,L10,web,conveniencia,12,3,5,28,16,nao,nao_perecivel,21,30,23,191.25,nao,4.2,sim,produto_indisponivel,6,11,em_rota,
FM-00750,2025-04-09,Campinas,SP,C52,L13,web,bebidas,28,0,4,5,12,sim,perecivel,45,30,51,109.15,nao,5,sim,erro_pagamento,0,74,entregue,
FM-00751,data_invalida,Uberaba,MG,C350,L18,app,mercearia,22,1,7,19,20,sim,nao_perecivel,42,40,62,159.1,nao,2.9,nao,,7,51,,
FM-00752,2025-04-27,Uberlândia,MG,C494,L41,web,limpeza,12,0,2,17,9,nao,perecivel,28,30,28,"131,52",nao,4.3,nao,,4,61,entregue,
FM-00753,2025-10-20,Salvador,BA,C240,L18,app,limpeza,15,0,4,9,16,nao,nao_perecivel,31,30,10,15,,5,nao,,5,28,entregue,
FM-00754,2025-07-30,Curitiba,PR,C366,L57,app,bebidas,16,1,1,4,22,nao,perecivel,22,30,60,123.24,nao,2.3,nao,,6,85,entregue,
FM-00755,2025-05-23,Salvador,BA,C310,L17,app,hortifruti,13,0,4,2,11,sim,perecivel,20,45,33,"82,69",nao,4.9,nao,,9,85,entregue,
FM-00756,2025-03-17,Goiânia,GO,C92,L49,app,limpeza,9,3,5,29,14,nao,perecivel,28,40,41,94.33,sim,"2,3",nao,,9,10,,
FM-00757,07-02-2025,Curitiba,PR,C138,L41,app,bebidas,18,1,3,25,14,nao,nao_perecivel,44,40,42,94.49,,2.4,nao,,7,71,cancelado,
FM-00758,2025-06-20,São Paulo,SP,C36,L28,app,hortifruti,18,1,5,12,14,nao,perecivel,29,50,39,83.91,nao,"4,4",nao,,4,42,procesado,
FM-00759,02-16-2025,São Paulo,SP,C162,L13,app,hortifruti,9,0,1,29,16,nao,perecivel,43,30,50,269.55,sim,4.6,nao,,2,43,em_rota,
FM-00760,2025-06-30,Uberaba,MG,C518,L55,app,mercearia,10,3,2,46,13,nao,perecivel,43,35,33,80.06,nao,5,sim,produto_indisponivel,3,29,em_rota,
FM-00761,2025-10-12,Uberlândia,MG,C398,L47,web,bebidas,5,1,5,40,9,nao,perecivel,20,50,29,189.33,sim,5,sim,produto_indisponivel,5,27,em_rota,
FM-00762,2025-06-04,Uberlândia,MG,C128,L58,web,hortifruti,2,0,3,4,19,sim,perecivel,3,35,57,80.04,,5,nao,,9,54,cancelado,
FM-00763,2025-05-22,Uberaba,mg,C382,L27,web,mercearia,7,1,4,7,18,sim,nao_perecivel,15,50,59,181.23,nao,2.6,nao,,1,62,em_rota,
FM-00764,2025-05-09,Uberaba,MG,C516,L57,app,bebidas,14,0,2,13,12,sim,nao_perecivel,30,50,59,116.94,nao,3.7,nao,,6,23,,
FM-00765,2025-03-09,Salvador,ba,C519,L47,app,bebidas,5,2,1,27,16,nao,nao_perecivel,27,45,42,264.5,nao,2.9,nao,,3,50,cancelado,
FM-00766,2025-03-21,São Paulo,SP,C35,L51,app,mercearia,3,1,4,0,20,sim,perecivel,3,40,73,"168,67",sim,1.9,nao,,3,59,,
FM-00767,2025-04-01,Uberaba,MG,C222,L46,app,hortifruti,9,0,1,28,11,sim,nao_perecivel,35,50,87,149.63,nao,3.9,nao,,5,10,,
FM-00768,2025-01-27,Curitiba,PR,C53,L35,app,mercearia,17,1,2,25,23,nao,nao_perecivel,29,30,40,197.07,,3.5,nao,,4,56,cancelado,
FM-00769,2025-07-10,São Paulo,SP,C147,L46,app,limpeza,7,1,6,21,12,sim,perecivel,19,35,29,119.39,nao,3.2,nao,,2,31,,
FM-00770,13/02/2025,Uberaba,mg,C81,L30,app,conveniencia,10,1,4,12,21,nao,nao_perecivel,23,35,46,22.28,sim,2.0,sim,cliente_desistiu,8,14,,
FM-00771,2025-06-17,São Paulo,SP,C467,L41,app,conveniencia,17,2,1,18,15,nao,perecivel,34,40,20,113.46,nao,3.7,nao,,5,76,em_rota,
FM-00772,2025-07-03,Salvador,BA,C343,L44,app,mercearia,3,2,6,30,13,nao,nao_perecivel,,35,31,"217,07",sim,"3,5",nao,,3,13,entregue,
FM-00773,08-06-2025,Uberlândia,MG,C94,L34,app,bebidas,1,2,4,18,20,sim,nao perecivel,9,35,18,114.02,,5,sim,cliente_desistiu,6,37,em_rota,
FM-00774,2025-01-16,Uberaba,mg,C509,L58,app,limpeza,3,2,1,25,18,sim,nao_perecivel,13,50,38,15,nao,4.2,nao,,0,8,cancelado,
FM-00775,10-15-2025,Campinas,SP,C481,L40,app,conveniencia,24,1,5,17,12,sim,perecivel,54,35,67,174.32,sim,1.9,nao,,5,34,procesado,
FM-00776,2025-06-23,São Paulo,SP,C328,L24,app,bebidas,5,1,2,17,19,sim,nao_perecivel,14,45,57,241.18,sim,2.3,nao,,0,33,,
FM-00777,2025-06-21,Campinas,SP,C139,L34,app,mercearia,7,0,3,31,17,nao,nao_perecivel,28,35,65,217.02,,2.7,sim,atraso,7,44,em_rota,
FM-00778,2025-10-27,Uberaba,MG,C292,L20,app,hortifruti,7,2,4,16,9,nao,nao_perecivel,16,30,45,"111,6",sim,"1,9",nao,,10,47,,
FM-00779,2025-09-25,Campinas,SP,C122,L49,app,hortifruti,23,2,4,4,23,nao,nao_perecivel,45,40,10,209.79,sim,2.7,nao,,3,84,procesado,
FM-00780,2025-01-09,Curitiba,pr,C95,L35,app,hortifruti,1,3,1,26,22,nao,perecivel,15,40,47,95.63,nao,3.2,nao,,6,20,em_rota,
FM-00781,2025-10-15,Uberaba,MG,C151,L16,web,limpeza,22,0,1,1,17,nao,nao_perecivel,54,35,35,98.7,nao,3.5,nao,,9,86,cancelado,
FM-00782,2025-06-19,Uberlândia,MG,C252,L6,app,mercearia,20,1,3,3,7,nao,nao_perecivel,26,35,43,"209,33",nao,1.4,nao,,1,51,em_rota,
FM-00783,2025-10-06,Curitiba,PR,C100,L39,app,conveniencia,7,2,5,14,17,nao,nao_perecivel,16,45,46,20.18,sim,2.9,nao,,7,22,cancelado,
FM-00784,2025-08-28,Goiânia,GO,C312,L2,app,bebidas,3,2,3,1,17,nao,perecivel,4,45,34,87.76,,5,nao,,1,61,entregue,
FM-00785,17/10/2025,São Paulo,SP,C494,L46,app,mercearia,19,0,3,29,12,sim,nao_perecivel,62,45,54,60.4,nao,3.7,sim,valor_frete,7,25,procesado,
FM-00786,2025-05-22,Curitiba,PR,C191,L22,app,mercearia,15,1,2,28,14,nao,perecivel,26,30,27,"34,55",nao,"3,9",nao,,7,52,entregue,
FM-00787,2025-08-06,São Paulo,SP,C490,L31,app,limpeza,21,0,4,14,20,sim,nao_perecivel,35,30,40,15,sim,3.1,nao,,4,82,entregue,
FM-00788,2025-05-30,Uberlândia,MG,C491,L15,app,mercearia,17,0,2,20,20,sim,perecivel,33,40,40,15.32,sim,"4,8",nao,,2,30,entregue,
FM-00789,data_invalida,Goiânia,GO,C162,L28,web,hortifruti,12,0,3,24,10,nao,perecivel,27,40,41,33.06,nao,2.4,nao,,0,44,cancelado,
FM-00790,2025-04-23,Curitiba,PR,C430,L46,app,bebidas,1,2,2,10,14,nao,perecivel,3,30,10,106.77,,3.7,nao,,17,60,cancelado,
FM-00791,2025-09-07,Salvador,BA,C93,L25,app,horti fruti,7,1,6,1,7,nao,nao_perecivel,3,40,34,102.14,sim,2.8,nao,,9,54,,
FM-00792,2025-03-03,Uberlândia,MG,C526,L11,app,limpeza,8,0,5,22,18,sim,perecivel,16,35,31,106.64,sim,3.3,nao,,8,31,procesado,
FM-00793,2025-09-14,Goiânia,GO,C332,L31,app,limpeza,8,0,2,13,10,nao,nao_perecivel,20,30,10,110.21,,5,sim,erro_pagamento,1,43,entregue,
FM-00794,2025-02-10,são paulo,SP,C22,L17,app,limpeza,17,0,5,16,16,nao,nao_perecivel,,50,67,238.09,nao,5,nao,,8,36,cancelado,
FM-00795,data_invalida,Campinas,sp,C311,L52,app,mercearia,8,0,3,6,18,sim,nao_perecivel,19,35,67,126.77,nao,2.7,sim,produto_indisponivel,7,45,entregue,
FM-00796,2025-09-19,Salvador,BA,C155,L32,app,limpeza,8,0,5,27,13,nao,perecivel,11,40,87,80.45,,2.1,nao,,2,3,em_rota,
FM-00797,2025-04-22,Campinas,SP,C25,L24,app,mercearia,19,4,3,37,22,nao,perecivel,70,50,40,"117,16",,4.6,sim,atraso,4,56,,
FM-00798,2025-08-12,Salvador,BA,C133,L13,app,mercearia,2,0,1,4,20,sim,perecivel,4,40,73,15,sim,1.1,sim,cliente_desistiu,9,47,cancelado,
FM-00799,02-02-2025,Uberaba,MG,C451,L5,app,hortifruti,3,0,1,11,13,nao,perecivel,11,45,66,29.87,nao,5.0,nao,,6,31,procesado,
FM-00800,05-20-2025,Uberlândia,MG,C285,L50,app,mercearia,1,0,4,9,16,nao,perecivel,3,45,43,117.77,sim,4.4,nao,,4,74,cancelado,
FM-00801,data_invalida,Curitiba,PR,C341,L60,app,conveniencia,7,2,4,11,18,sim,nao_perecivel,17,40,85,113.29,nao,2.9,nao,,1,8,em_rota,
FM-00802,2025-05-20,Goiânia,GO,C239,L58,app,hortifruti,12,1,7,9,23,nao,perecivel,26,40,59,"63,01",sim,"4,3",nao,,6,51,em_rota,
FM-00803,2025-10-23,Goiânia,GO,C508,L55,web,hortifruti,15,0,5,48,10,nao,nao_perecivel,46,35,38,132.25,,2.3,nao,,5,42,em_rota,
FM-00804,2025-06-29,Uberlândia,MG,C471,L10,web,mercearia,7,0,6,13,10,nao,perecivel,17,35,24,79.88,,4.2,nao,,1,15,procesado,
FM-00805,10/01/2025,São Paulo,SP,C382,L57,app,mercearia,6,0,1,14,11,sim,nao_perecivel,20,35,84,15,,3.4,nao,,0,64,cancelado,
FM-00806,2025-05-24,são paulo,SP,C133,L2,app,hortifruti,5,1,1,23,8,nao,perecivel,22,30,17,104.93,sim,3.9,nao,,7,60,entregue,
FM-00807,2025-09-05,Campinas,sp,C421,L19,app,bebidas,13,2,4,21,22,nao,perecivel,36,40,42,18.46,,1.8,nao,,3,50,cancelado,
FM-00808,2025-07-02,Goiânia,GO,C20,L34,app,hortifruti,11,1,4,0,23,nao,perecivel,19,50,37,41.33,sim,4.0,nao,,4,17,,
FM-00809,data_invalida,Uberlândia,MG,C48,L6,app,bebidas,23,0,4,28,12,sim,perecivel,68,40,76,187.94,nao,3.4,nao,,9,64,,
FM-00810,2025-01-10,Uberaba,MG,C372,L37,web,hortifruti,20,0,1,20,16,nao,perecivel,60,30,33,143.72,,1.9,nao,,7,84,em_rota,
FM-00811,2025-06-03,Salvador,BA,C275,L32,app,limpeza,24,1,3,28,11,sim,nao_perecivel,71,30,78,81.14,sim,4.0,nao,,11,13,,
FM-00812,2025-08-16,Goiânia,GO,C421,L4,app,bebidas,8,2,1,13,23,nao,perecivel,27,50,38,36.85,,2.7,nao,,7,38,,
FM-00813,2025-05-23,Uberlândia,MG,C306,L46,app,bebidas,13,4,2,17,20,sim,perecivel,31,35,56,172.01,,2.1,nao,,7,87,,
FM-00814,2025-08-20,Salvador,BA,C489,L9,web,bebidas,3,0,2,23,14,nao,nao_perecivel,12,40,48,70.25,nao,"2,8",nao,,3,2,procesado,
FM-00815,2025-09-24,Goiânia,go,C409,L58,web,conveniencia,28,1,6,23,19,sim,nao_perecivel,43,35,33,184.61,nao,3.9,nao,,10,51,entregue,
FM-00816,09-01-2025,Salvador,BA,C204,L22,app,conveniencia,12,0,6,24,21,nao,perecivel,24,40,12,108.28,,5,nao,,0,83,,
FM-00817,2025-06-22,São Paulo,SP,C184,L54,app,conveniência,18,0,4,19,8,nao,nao_perecivel,33,35,35,39.44,nao,3.8,nao,,4,34,cancelado,
FM-00818,2025-07-30,Goiânia,GO,C150,L51,web,hortifruti,6,0,5,7,17,nao,perecivel,6,30,34,70.83,nao,2.6,nao,,6,49,em_rota,
FM-00819,2025-07-05,Uberaba,mg,C257,L36,app,mercearia,7,0,1,14,8,nao,nao_perecivel,24,45,49,143.27,sim,1.7,nao,,3,82,,
FM-00820,2025-04-26,Campinas,SP,C64,L56,web,bebidas,8,1,2,22,21,nao,perecivel,24,30,22,116.71,nao,2.6,nao,,7,60,em_rota,
FM-00821,2025-08-29,Salvador,BA,C219,L3,web,bebidas,6,0,7,14,15,nao,nao_perecivel,8,50,40,15,,"3,6",nao,,8,23,cancelado,
FM-00822,2025-09-08,Uberaba,MG,C460,L33,app,limpeza,23,0,3,10,21,nao,nao_perecivel,45,45,28,138.49,sim,2.6,nao,,5,9,cancelado,
FM-00823,2025-05-11,São Paulo,SP,C37,L39,web,mercearia,8,3,4,3,23,nao,nao_perecivel,8,30,58,237.34,nao,2.8,nao,,0,17,procesado,
FM-00824,02-28-2025,Uberaba,MG,C452,L46,app,hortifruti,4,0,3,0,7,nao,nao_perecivel,6,40,54,"92,17",sim,3.1,nao,,1,0,,
FM-00825,2025-02-05,Uberaba,MG,C438,L40,app,hortifruti,20,3,2,18,8,nao,nao_perecivel,58,45,49,98.67,,2.7,nao,,3,51,procesado,
FM-00826,2025-03-08,Campinas,SP,C327,L33,app,conveniencia,19,4,6,29,7,nao,nao perecivel,49,45,43,241.18,sim,4.2,nao,,5,37,entregue,
FM-00827,2025-01-27,Curitiba,PR,C84,L22,web,bebidas,19,1,1,12,22,nao,perecivel,57,50,61,141.85,sim,1.6,sim,valor_frete,7,67,procesado,
FM-00828,2025-08-28,São Paulo,SP,C192,L45,app,mercearia,8,0,3,11,9,nao,nao_perecivel,18,45,46,"51,58",nao,1,nao,,3,88,procesado,
FM-00829,2025-09-30,Goiânia,GO,C82,L59,app,bebidas,6,0,5,12,14,nao,perecivel,9,30,38,92.19,,3.3,nao,,3,35,entregue,
FM-00830,06/10/2025,Curitiba,PR,C223,L1,app,bebidas,11,3,1,24,13,nao,nao perecivel,25,35,60,"85,87",sim,1.4,nao,,1,22,entregue,
FM-00831,2025-02-20,Goiânia,GO,C43,L39,app,bebidas,5,1,3,25,17,nao,perecivel,23,50,12,190.04,,3.9,nao,,8,74,cancelado,
FM-00832,2025-04-25,Uberaba,MG,C352,L37,app,mercearia,13,2,3,17,17,nao,perecivel,37,45,30,137.04,nao,4.5,nao,,10,68,entregue,
FM-00833,2025-01-24,São Paulo,SP,C452,L9,app,limpeza,12,2,4,9,21,nao,perecivel,31,40,71,106.61,,"4,7",sim,cliente_desistiu,13,4,cancelado,
FM-00834,2025-04-13,Curitiba,PR,C530,L35,app,hortifruti,22,0,6,25,10,nao,perecivel,51,40,30,153.91,sim,4.8,nao,,13,70,entregue,
FM-00835,2025-07-08,Campinas,SP,C346,L4,web,limpeza,10,0,2,33,12,sim,nao_perecivel,24,45,35,15,,5,nao,,2,55,em_rota,
FM-00836,2025-03-14,Salvador,ba,C413,L20,app,limpeza,10,1,6,29,15,nao,nao_perecivel,34,50,67,285.46,sim,3.4,nao,,5,61,procesado,
FM-00837,2025-01-07,Goiânia,GO,C447,L3,web,mercearia,1,2,1,21,15,nao,nao_perecivel,7,50,43,90.27,,4.3,nao,,8,86,procesado,
FM-00838,09/04/2025,Uberaba,MG,C320,L32,app,mercearia,14,0,5,19,7,nao,nao_perecivel,29,45,54,"176,76",sim,5,sim,valor_frete,6,5,procesado,
FM-00839,2025-02-04,Salvador,BA,C524,L42,web,mercearia,9,0,5,30,14,nao,nao_perecivel,28,40,17,"137,54",,1.7,nao,,2,10,,
FM-00840,2025-07-01,São Paulo,SP,C272,L25,app,mercearia,3,2,4,30,13,nao,nao_perecivel,14,30,10,43.5,,5,nao,,7,68,procesado,
FM-00841,2025-03-08,Uberaba,mg,C306,L39,app,conveniencia,10,1,4,9,16,nao,nao perecivel,19,45,64,130.58,,"2,7",nao,,9,80,em_rota,
FM-00842,2025-06-03,São Paulo,SP,C548,L5,app,conveniencia,12,0,4,23,19,sim,perecivel,26,40,33,146.53,sim,3.5,nao,,4,30,cancelado,
FM-00843,2025-07-03,São Paulo,SP,C70,L51,app,hortifruti,5,5,1,21,9,nao,perecivel,20,50,59,80.01,nao,3.8,nao,,7,58,entregue,
FM-00844,2025-04-17,São Paulo,SP,C10,L35,web,hortifruti,26,0,4,14,17,nao,perecivel,65,45,29,"137,81",,4.5,nao,,3,77,entregue,
FM-00845,2025-10-10,Curitiba,PR,C209,L23,app,conveniência,12,1,7,8,23,nao,nao_perecivel,11,40,33,193.26,,3.5,nao,,10,38,,
FM-00846,2025-06-01,São Paulo,SP,C487,L38,app,bebidas,1,2,1,16,7,nao,perecivel,7,40,18,47.6,sim,3.9,nao,,8,50,,
FM-00847,19/06/2025,Salvador,BA,C11,L35,web,conveniencia,7,0,1,8,13,nao,perecivel,13,35,45,16.11,sim,3.5,nao,,1,21,entregue,
FM-00848,2025-08-23,Uberlândia,MG,C82,L42,app,bebidas,11,4,4,36,8,nao,nao_perecivel,34,30,10,120.88,nao,5.0,nao,,6,5,em_rota,
FM-00849,26/01/2025,São Paulo,SP,C381,L22,app,mercearia,1,1,3,36,10,nao,perecivel,23,35,24,246.72,,4.0,nao,,4,25,entregue,
FM-00850,2025-09-14,Goiânia,GO,C71,L6,web,limpeza,10,0,4,31,14,nao,perecivel,19,30,35,118.07,sim,3.2,nao,,3,10,entregue,
FM-00851,2025-02-03,Uberaba,MG,C36,L17,app,limpeza,8,1,1,34,9,nao,perecivel,29,45,69,58.46,sim,"3,5",nao,,1,67,cancelado,
FM-00852,2025-10-15,Campinas,SP,C530,L9,app,conveniencia,6,0,1,9,8,nao,perecivel,18,40,47,101.49,sim,2.3,nao,,1,7,cancelado,
FM-00853,2025-09-28,Salvador,BA,C284,L51,app,bebidas,17,0,4,45,22,nao,perecivel,52,30,10,159.62,nao,2.2,sim,atraso,6,27,em_rota,
FM-00854,2025-04-02,Salvador,BA,C363,L16,app,hortifruti,10,2,4,5,23,nao,nao_perecivel,8,40,46,245.54,nao,5.0,sim,erro_pagamento,3,4,procesado,
FM-00855,2025-07-04,São Paulo,SP,C23,L27,app,limpeza,8,0,6,12,11,sim,nao perecivel,15,50,52,55.77,,4.4,nao,,4,26,cancelado,
FM-00856,26/09/2025,São Paulo,SP,C344,L58,app,hortifruti,8,2,3,26,18,sim,nao_perecivel,32,45,64,151.82,nao,5,sim,atraso,1,61,,
FM-00857,2025-03-19,Salvador,BA,C40,L60,app,mercearia,8,2,4,12,10,nao,perecivel,18,35,31,135.75,,5,nao,,5,82,em_rota,
FM-00858,10-23-2025,São Paulo,SP,C167,L19,app,mercearia,11,2,3,14,19,sim,nao_perecivel,30,30,10,47.85,,4.1,nao,,8,28,cancelado,
FM-00859,2025-09-14,uberlândia,MG,C332,L43,app,conveniencia,7,3,6,0,12,sim,perecivel,3,40,49,140.67,nao,4.8,nao,,8,71,entregue,
FM-00860,2025-01-10,Uberaba,MG,C470,L27,app,conveniencia,8,1,7,18,17,nao,nao_perecivel,16,35,49,"107,68",nao,4.1,nao,,5,50,em_rota,
FM-00861,2025-03-02,Salvador,BA,C472,L57,app,hortifruti,13,1,3,25,23,nao,perecivel,35,35,32,15,nao,4.6,nao,,9,69,cancelado,
FM-00862,data_invalida,Salvador,BA,C94,L13,web,conveniencia,15,0,6,27,7,nao,perecivel,26,50,19,210.35,sim,"3,7",nao,,8,15,,
FM-00863,2025-05-17,Campinas,SP,C534,L27,app,conveniencia,15,1,4,32,22,nao,nao_perecivel,31,35,33,32.12,sim,4.4,nao,,1,14,,
FM-00864,2025-06-17,Uberaba,mg,C114,L40,app,mercearia,13,1,7,13,14,nao,nao_perecivel,23,30,12,105.52,nao,4.8,sim,produto_indisponivel,1,65,entregue,
FM-00865,2025-09-16,São Paulo,SP,C208,L60,app,limpeza,5,0,4,25,11,sim,nao_perecivel,12,40,28,200.79,nao,5,nao,,5,78,cancelado,
FM-00866,2025-09-07,Curitiba,PR,C73,L43,web,bebidas,16,0,5,24,13,nao,perecivel,26,40,56,143.03,sim,2.8,nao,,11,18,entregue,
FM-00867,2025-09-14,Uberlândia,MG,C486,L53,app,hortifruti,12,4,6,28,16,nao,perecivel,41,40,37,165.73,sim,4.5,sim,valor_frete,4,66,entregue,
FM-00868,2025-09-27,Uberlândia,MG,C218,L25,app,mercearia,13,1,3,28,10,nao,nao perecivel,24,45,45,"168,79",nao,3.1,nao,,2,9,cancelado,
FM-00869,2025-04-04,são paulo,SP,C319,L4,app,bebidas,21,0,4,4,20,sim,nao_perecivel,32,45,48,102.97,,2.9,nao,,1,18,procesado,
FM-00870,12/10/2025,Salvador,BA,C287,L14,web,conveniencia,15,2,6,0,17,nao,nao_perecivel,29,35,55,66.08,sim,"3,6",nao,,0,7,em_rota,
FM-00871,2025-06-27,Salvador,BA,C318,L13,app,mercearia,8,1,5,12,14,nao,nao_perecivel,19,35,26,91.13,,"4,4",nao,,6,70,em_rota,
FM-00872,2025-08-17,Curitiba,PR,C241,L7,web,hortifruti,19,2,6,17,18,sim,perecivel,40,50,64,94.24,,"2,4",nao,,7,87,cancelado,
FM-00873,2025-05-19,Uberlândia,MG,C130,L52,web,limpeza,21,0,5,16,14,nao,perecivel,34,30,43,175.49,,3.9,nao,,4,36,,
FM-00874,2025-02-13,Goiânia,GO,C171,L45,app,hortifruti,14,0,4,8,15,nao,nao_perecivel,25,30,20,146.37,sim,4.1,nao,,3,21,entregue,
FM-00875,2025-08-08,São Paulo,SP,C403,L24,app,limpeza,11,1,1,0,14,nao,nao_perecivel,23,30,41,113.99,sim,2.6,nao,,2,27,,
FM-00876,2025-07-12,Salvador,ba,C436,L26,web,hortifruti,11,1,5,6,14,nao,nao_perecivel,,40,16,159.3,sim,"3,9",nao,,8,11,entregue,
FM-00877,2025-04-07,Goiânia,go,C248,L6,app,mercearia,12,3,3,2,12,sim,nao_perecivel,11,30,21,156.35,,3.9,nao,,15,79,procesado,
FM-00878,2025-06-23,Campinas,SP,C130,L1,app,bebidas,18,0,1,54,9,nao,perecivel,84,45,62,"106,25",,1.4,nao,,0,56,cancelado,
FM-00879,2025-05-05,Curitiba,PR,C115,L49,app,bebidas,13,0,7,0,15,nao,nao_perecivel,9,40,56,"213,68",nao,3.7,nao,,5,76,entregue,
FM-00880,16/04/2025,Uberaba,MG,C114,L10,app,hortifruti,16,0,3,17,19,sim,perecivel,42,30,41,46.37,,"4,0",nao,,3,73,,
FM-00881,2025-09-01,Goiânia,GO,C318,L22,app,limpeza,9,0,1,32,18,sim,nao perecivel,39,50,16,142.62,nao,5,nao,,6,42,entregue,
FM-00882,2025-05-07,Goiânia,GO,C437,L1,app,conveniência,12,1,2,14,9,nao,nao_perecivel,25,50,43,"116,45",nao,4.1,sim,valor_frete,2,81,em_rota,
FM-00883,2025-06-11,Curitiba,PR,C402,L6,web,mercearia,14,1,1,7,15,nao,nao_perecivel,31,45,10,85.19,,4.5,nao,,1,72,entregue,
FM-00884,02-01-2025,Campinas,SP,C475,L43,app,limpeza,7,2,2,36,16,nao,perecivel,33,45,34,181.35,,4.3,nao,,9,82,procesado,
FM-00885,2025-04-14,Curitiba,PR,C293,L14,app,conveniencia,1,0,7,16,18,sim,perecivel,3,45,52,227.45,sim,2.8,sim,atraso,3,75,procesado,
FM-00886,06-14-2025,campinas,SP,C173,L29,app,mercearia,9,1,3,13,7,nao,nao_perecivel,23,40,18,159.58,,4.4,sim,erro_pagamento,8,14,entregue,
FM-00887,2025-04-11,Campinas,SP,C53,L14,app,hortifruti,5,1,3,41,15,nao,perecivel,39,45,41,"149,06",sim,5,nao,,6,62,em_rota,
FM-00888,22/02/2025,São Paulo,SP,C378,L31,app,bebidas,18,2,3,34,17,nao,perecivel,38,40,66,196.41,,2.8,nao,,1,56,cancelado,
FM-00889,2025-10-04,Uberaba,MG,C500,L25,app,mercearia,13,0,6,20,11,sim,nao_perecivel,39,50,65,33.79,,1,sim,erro_pagamento,9,84,,
FM-00890,06-13-2025,Campinas,SP,C331,L10,web,hortifruti,9,1,6,16,17,nao,nao_perecivel,21,30,25,15,,"3,4",nao,,3,52,cancelado,
FM-00891,2025-08-14,Goiânia,GO,C306,L3,web,limpeza,10,0,6,24,9,nao,nao_perecivel,27,30,46,236.51,,1.7,sim,atraso,8,27,,
FM-00892,2025-01-08,Goiânia,GO,C13,L36,app,hortifruti,10,0,6,30,13,nao,nao_perecivel,18,40,37,170.05,sim,3.9,nao,,7,15,entregue,
FM-00893,2025-03-14,São Paulo,SP,C260,L13,app,bebidas,22,1,6,13,13,nao,nao_perecivel,50,40,24,"95,27",sim,3.1,nao,,7,43,cancelado,
FM-00894,22/09/2025,Campinas,SP,C239,L53,app,hortifruti,15,0,7,8,12,sim,nao_perecivel,13,35,19,"120,58",nao,4.7,nao,,14,11,procesado,
FM-00895,01-16-2025,Uberlândia,MG,C25,L53,app,mercearia,1,1,2,13,13,nao,perecivel,9,40,55,34.98,sim,2.4,nao,,2,46,,
FM-00896,2025-03-08,Salvador,BA,C407,L43,app,mercearia,12,0,3,43,16,nao,nao_perecivel,43,40,32,40.77,,4.2,nao,,1,35,procesado,
FM-00897,2025-08-29,Uberaba,MG,C41,L42,app,limpeza,14,1,4,25,11,sim,nao_perecivel,19,35,29,123.1,nao,2.0,nao,,7,6,cancelado,
FM-00898,2025-07-05,Campinas,SP,C120,L14,app,conveniência,23,3,7,12,23,nao,nao_perecivel,58,30,10,28.9,nao,5,nao,,12,27,cancelado,
FM-00899,2025-08-15,Uberlândia,MG,C531,L57,app,mercearia,10,2,2,18,10,nao,nao perecivel,34,30,19,189.0,sim,3.6,nao,,4,32,cancelado,
FM-00900,30/03/2025,São Paulo,SP,C298,L15,app,bebidas,12,0,1,22,22,nao,perecivel,39,45,21,151.33,nao,"2,8",sim,cliente_desistiu,3,76,entregue,
FM-00901,2025-07-09,Curitiba,PR,C332,L16,web,hortifruti,3,2,4,10,16,nao,perecivel,9,45,61,"149,74",,2.9,nao,,11,65,procesado,
FM-00902,2025-04-14,Curitiba,pr,C123,L16,app,bebidas,29,0,5,29,19,sim,nao_perecivel,,35,87,161.26,sim,4.4,nao,,2,42,entregue,
FM-00903,2025-04-05,Salvador,BA,C276,L20,app,bebidas,5,0,7,6,17,nao,nao_perecivel,3,40,46,57.96,,3.1,nao,,0,44,,
FM-00904,2025-10-02,Uberaba,MG,C208,L55,app,bebidas,22,2,5,28,22,nao,nao perecivel,67,35,16,"88,15",,3.8,nao,,0,72,,
FM-00905,2025-02-11,Salvador,BA,C468,L36,app,mercearia,1,1,1,0,21,nao,perecivel,3,45,42,143.38,sim,3.1,nao,,10,57,cancelado,
FM-00906,2025-10-16,goiânia,GO,C310,L46,app,bebidas,10,0,2,15,12,sim,perecivel,17,40,54,66.34,,2.8,sim,erro_pagamento,3,67,cancelado,
FM-00907,2025-01-26,Salvador,BA,C27,L14,web,mercearia,11,0,4,23,17,nao,nao_perecivel,31,35,48,202.56,sim,2.6,nao,,11,89,,
FM-00908,2025-10-23,Curitiba,PR,C511,L39,web,hortifruti,10,2,4,30,10,nao,perecivel,26,50,84,101.89,,3.4,nao,,6,28,entregue,
FM-00909,data_invalida,uberaba,MG,C402,L34,web,hortifruti,17,0,2,16,13,nao,nao_perecivel,45,40,18,108.75,,4.4,nao,,8,28,em_rota,
FM-00910,04/03/2025,Uberlândia,MG,C295,L51,web,bebidas,8,2,3,0,8,nao,nao_perecivel,15,35,10,157.29,,3.3,nao,,2,72,procesado,
FM-00911,2025-01-18,Uberlândia,MG,C76,L18,app,mercearia,8,2,2,15,20,sim,nao_perecivel,26,40,58,15,,2.6,sim,atraso,2,78,procesado,
FM-00912,01-10-2025,Uberlândia,MG,C270,L28,app,limpeza,14,0,2,31,16,nao,perecivel,39,50,52,"37,58",nao,3.4,nao,,4,21,cancelado,
FM-00913,2025-08-14,Uberaba,MG,C401,L10,app,limpeza,24,1,3,34,22,nao,perecivel,70,30,24,111.48,sim,5,nao,,1,69,entregue,
FM-00914,2025-07-25,Campinas,sp,C147,L60,app,hortifruti,5,2,4,17,23,nao,perecivel,16,45,31,184.09,sim,5,nao,,5,85,entregue,
FM-00915,2025-06-02,Campinas,SP,C51,L47,web,mercearia,16,0,7,19,16,nao,nao_perecivel,16,45,63,86.85,,5,nao,,7,56,,
FM-00916,2025-02-20,São Paulo,SP,C402,L30,web,bebidas,15,1,2,34,12,sim,nao_perecivel,48,30,51,139.23,nao,4.0,nao,,2,28,procesado,
FM-00917,2025-08-16,São Paulo,SP,C137,L30,app,hortifruti,1,0,2,9,21,nao,perecivel,3,40,58,181.75,nao,3.4,nao,,4,83,,
FM-00918,2025-03-17,Uberaba,MG,C300,L20,app,conveniencia,10,1,3,3,11,sim,nao_perecivel,18,45,36,224.38,,4.8,nao,,0,14,procesado,
FM-00919,data_invalida,São Paulo,sp,C478,L39,web,mercearia,20,1,5,5,16,nao,perecivel,19,45,45,85.94,nao,5,sim,atraso,3,87,em_rota,
FM-00920,2025-10-03,Uberaba,MG,C451,L55,app,mercearia,15,0,5,14,8,nao,perecivel,25,50,46,"173,84",nao,"4,6",nao,,1,21,procesado,
FM-00921,03-22-2025,São Paulo,SP,C292,L5,web,mercearia,5,0,4,22,15,nao,perecivel,21,30,35,"184,18",nao,2.2,sim,valor_frete,4,57,,
FM-00922,08/10/2025,Uberaba,mg,C271,L56,web,bebidas,11,0,6,12,16,nao,perecivel,23,40,32,190.49,sim,2.8,nao,,2,88,procesado,
FM-00923,2025-03-12,Uberlândia,MG,C326,L30,app,mercearia,1,0,5,17,23,nao,nao_perecivel,8,30,31,203.27,sim,3.8,sim,valor_frete,8,52,,
FM-00924,2025-03-13,Salvador,BA,C76,L45,app,mercearia,3,3,1,20,18,sim,perecivel,19,30,70,196.89,sim,3.6,sim,atraso,4,87,em_rota,
FM-00925,2025-09-16,Curitiba,PR,C272,L49,app,conveniência,20,0,2,13,7,nao,nao_perecivel,34,30,76,74.01,nao,2.5,nao,,5,65,cancelado,
FM-00926,2025-09-23,Uberaba,mg,C446,L2,app,hortifruti,17,0,2,0,15,nao,nao_perecivel,21,35,18,76.62,sim,"2,6",nao,,3,38,entregue,
FM-00927,17/06/2025,Campinas,SP,C298,L3,app,limpeza,14,3,2,6,23,nao,nao_perecivel,,35,25,130.47,nao,4.7,nao,,4,4,procesado,
FM-00928,2025-03-14,Uberlândia,MG,C464,L39,app,hortifruti,10,0,1,23,9,nao,nao_perecivel,38,35,28,15,sim,2.1,sim,atraso,2,5,em_rota,
FM-00929,2025-03-16,Campinas,SP,C376,L52,app,conveniência,16,2,3,28,18,sim,perecivel,27,35,47,129.93,,2.6,sim,produto_indisponivel,0,23,,
FM-00930,2025-01-09,Uberaba,MG,C98,L23,app,conveniencia,9,3,3,24,16,nao,nao perecivel,35,50,56,"71,91",,3.4,nao,,1,66,em_rota,
FM-00931,2025-09-28,são paulo,SP,C169,L58,web,bebidas,12,0,6,33,8,nao,nao_perecivel,34,35,52,15,nao,"4,0",nao,,9,85,cancelado,
FM-00932,2025-06-22,Uberaba,MG,C467,L60,app,bebidas,20,0,6,19,15,nao,nao_perecivel,35,40,24,145.36,nao,3.1,nao,,5,45,,
FM-00933,2025-08-13,Uberlândia,MG,C237,L43,app,limpeza,1,0,1,42,21,nao,nao_perecivel,,35,37,66.95,sim,3.5,nao,,2,38,procesado,
FM-00934,2025-05-12,Uberlândia,MG,C210,L56,app,hortifruti,9,1,1,12,12,sim,perecivel,30,50,71,"109,29",,2.3,nao,,2,8,em_rota,
FM-00935,06-10-2025,Goiânia,GO,C113,L31,app,bebidas,6,2,5,28,7,nao,nao_perecivel,12,30,52,"90,98",,3.4,sim,cliente_desistiu,0,3,cancelado,
FM-00936,2025-07-31,Goiânia,GO,C439,L49,web,horti fruti,9,2,4,14,20,sim,nao_perecivel,21,50,55,194.71,sim,4.5,nao,,5,82,cancelado,
FM-00937,04/08/2025,Uberaba,MG,C529,L4,app,horti fruti,8,0,1,24,9,nao,perecivel,30,45,21,246.92,sim,4.5,sim,erro_pagamento,14,66,cancelado,
FM-00938,2025-02-13,São Paulo,SP,C54,L21,web,mercearia,16,1,1,0,18,sim,nao perecivel,19,40,25,132.47,nao,5,nao,,1,7,entregue,
FM-00939,2025-07-11,Uberlândia,MG,C188,L54,app,bebidas,16,1,4,3,21,nao,nao_perecivel,24,45,59,194.06,sim,2.9,nao,,5,28,cancelado,
FM-00940,05-21-2025,Curitiba,PR,C448,L28,app,bebidas,19,3,3,13,20,sim,perecivel,52,45,39,161.08,,5,nao,,2,40,,
FM-00941,2025-07-08,uberaba,MG,C385,L49,web,limpeza,13,0,2,34,21,nao,nao_perecivel,53,50,26,92.18,nao,"3,4",nao,,6,82,entregue,
FM-00942,2025-10-18,salvador,BA,C226,L7,app,bebidas,25,3,1,37,13,nao,perecivel,78,45,50,127.71,,3.3,nao,,8,70,procesado,
FM-00943,05-14-2025,Campinas,SP,C542,L8,app,conveniencia,28,0,3,1,13,nao,nao_perecivel,69,45,26,51.45,sim,2.6,nao,,2,34,procesado,
FM-00944,2025-09-09,Salvador,BA,C280,L46,web,mercearia,9,0,1,0,19,sim,nao_perecivel,11,50,62,"120,99",sim,4.6,nao,,7,42,procesado,
FM-00945,2025-06-26,Uberlândia,MG,C547,L54,app,horti fruti,25,0,1,20,15,nao,perecivel,64,45,81,65.49,,3.3,sim,produto_indisponivel,8,19,em_rota,
FM-00946,2025-07-09,Uberlândia,MG,C33,L58,app,horti fruti,19,0,4,10,23,nao,nao_perecivel,29,35,25,101.26,nao,3.4,nao,,2,52,,
FM-00947,2025-01-09,São Paulo,SP,C118,L49,web,bebidas,19,1,5,15,21,nao,perecivel,26,35,27,18.92,sim,3.8,nao,,5,27,cancelado,
FM-00948,2025-06-20,uberaba,mg,C262,L53,web,hortifruti,14,0,2,6,21,nao,nao_perecivel,36,40,36,139.13,nao,"3,4",nao,,9,24,em_rota,
FM-00949,2025-05-03,Campinas,SP,C54,L29,web,horti fruti,9,2,3,7,18,sim,perecivel,16,30,40,199.01,sim,2.1,nao,,11,51,em_rota,
FM-00950,2025-02-04,Uberlândia,MG,C28,L42,app,hortifruti,13,1,2,10,7,nao,nao_perecivel,36,30,33,126.11,,3.6,nao,,13,28,em_rota,
FM-00951,2025-05-27,Salvador,BA,C153,L18,app,limpeza,1,2,6,20,18,sim,perecivel,4,40,57,166.85,sim,1,sim,cliente_desistiu,5,44,procesado,
FM-00952,2025-07-30,São Paulo,SP,C539,L31,app,bebidas,5,0,4,6,18,sim,nao_perecivel,5,50,76,98.99,,2.5,nao,,4,69,cancelado,
FM-00953,2025-02-15,Goiânia,GO,C55,L5,app,hortifruti,7,2,2,9,7,nao,nao_perecivel,23,50,39,182.74,nao,4.2,nao,,0,12,cancelado,
FM-00954,2025-08-31,Uberaba,MG,C478,L56,web,conveniencia,17,1,3,13,19,sim,nao_perecivel,27,30,27,23.86,sim,3.6,nao,,6,87,procesado,
FM-00955,2025-09-04,Salvador,BA,C292,L13,app,conveniencia,20,0,5,47,7,nao,nao_perecivel,48,30,49,118.74,,2.0,nao,,6,22,entregue,
FM-00956,data_invalida,Salvador,BA,C274,L15,app,horti fruti,2,0,5,0,21,nao,perecivel,3,35,14,214.69,,1.4,nao,,2,40,procesado,
FM-00957,2025-07-09,Salvador,BA,C159,L39,web,hortifruti,7,5,4,8,16,nao,nao_perecivel,7,30,62,126.1,nao,3.7,sim,produto_indisponivel,9,90,cancelado,
FM-00958,2025-08-05,Curitiba,PR,C207,L26,app,conveniencia,2,0,4,26,9,nao,nao perecivel,11,45,81,190.15,sim,3.3,nao,,3,36,,
FM-00959,2025-04-14,Uberlândia,MG,C289,L34,app,bebidas,16,0,5,14,12,sim,nao_perecivel,23,50,51,31.56,nao,1,nao,,8,41,em_rota,
FM-00960,13/09/2025,Uberaba,MG,C160,L15,app,mercearia,20,0,1,16,18,sim,perecivel,56,35,45,"202,85",,2.9,sim,atraso,10,53,em_rota,
FM-00961,27/03/2025,Salvador,BA,C139,L34,app,mercearia,9,2,5,24,23,nao,nao_perecivel,28,40,42,153.59,,1.9,nao,,8,0,cancelado,
FM-00962,02-17-2025,Salvador,BA,C506,L3,web,mercearia,5,0,5,14,23,nao,perecivel,5,30,21,15.81,nao,3.3,nao,,0,7,procesado,
FM-00963,2025-06-21,Curitiba,PR,C476,L43,web,mercearia,17,0,3,23,15,nao,perecivel,35,35,61,"203,21",,4.4,nao,,8,89,,
FM-00964,data_invalida,Curitiba,PR,C16,L3,app,limpeza,20,0,1,35,21,nao,nao_perecivel,51,40,10,22.87,sim,4.0,nao,,0,87,entregue,
FM-00965,data_invalida,Goiânia,GO,C434,L58,app,mercearia,6,2,4,17,20,sim,nao_perecivel,21,45,46,"225,39",nao,3.9,nao,,8,38,em_rota,
FM-00966,2025-03-03,Uberaba,MG,C385,L50,app,mercearia,9,2,4,37,11,sim,nao_perecivel,31,50,73,180.28,nao,4.1,nao,,9,9,procesado,
FM-00967,2025-07-05,Goiânia,go,C217,L45,app,mercearia,2,0,3,19,19,sim,nao_perecivel,13,40,50,"55,16",,2.5,sim,valor_frete,4,49,cancelado,
FM-00968,2025-06-22,salvador,BA,C26,L8,web,bebidas,8,0,5,31,15,nao,perecivel,23,45,44,203.84,,5,nao,,11,23,procesado,
FM-00969,2025-10-10,São Paulo,SP,C189,L42,app,bebidas,11,1,5,33,11,sim,nao_perecivel,34,45,77,94.01,,2.8,sim,valor_frete,8,32,cancelado,
FM-00970,2025-05-04,Curitiba,PR,C317,L26,web,hortifruti,4,0,2,24,21,nao,nao_perecivel,16,50,70,86.14,nao,"4,7",sim,produto_indisponivel,5,42,entregue,
FM-00971,2025-04-26,Goiânia,GO,C75,L44,web,conveniencia,15,1,5,28,18,sim,perecivel,37,40,70,"150,5",sim,3.7,nao,,12,87,entregue,
FM-00972,28/06/2025,Campinas,SP,C31,L49,app,conveniencia,13,3,4,14,21,nao,perecivel,,35,17,64.48,sim,"3,6",nao,,1,77,cancelado,
FM-00973,2025-09-27,curitiba,PR,C407,L22,app,bebidas,16,1,5,19,18,sim,perecivel,35,30,78,108.85,sim,3.7,nao,,12,26,em_rota,
FM-00974,2025-03-03,Campinas,SP,C164,L37,app,mercearia,10,2,3,17,21,nao,perecivel,28,40,32,38.4,,3.4,nao,,7,34,procesado,
FM-00975,06-07-2025,Uberaba,MG,C193,L5,app,hortifruti,14,0,2,5,21,nao,nao_perecivel,30,50,55,167.39,sim,3.9,nao,,8,48,em_rota,
FM-00976,2025-04-07,Salvador,ba,C242,L46,web,bebidas,20,1,3,8,17,nao,perecivel,28,30,22,89.27,sim,"2,9",nao,,0,81,entregue,
FM-00977,2025-02-18,Curitiba,PR,C273,L3,app,limpeza,1,5,7,20,20,sim,nao_perecivel,5,45,58,145.92,sim,2.2,nao,,2,37,cancelado,
FM-00978,2025-04-12,Goiânia,GO,C204,L28,app,mercearia,1,0,6,25,7,nao,perecivel,10,30,15,267.29,nao,3.7,nao,,4,3,cancelado,
FM-00979,03-01-2025,Curitiba,PR,C180,L41,app,hortifruti,23,0,6,1,10,nao,perecivel,35,45,29,129.5,sim,2.4,nao,,0,75,procesado,
FM-00980,2025-04-18,Goiânia,GO,C395,L58,app,bebidas,15,1,5,17,10,nao,nao_perecivel,46,50,78,117.94,sim,2.3,nao,,13,50,procesado,
FM-00981,04-26-2025,salvador,BA,C384,L14,app,limpeza,26,0,5,27,13,nao,nao_perecivel,52,50,51,45.69,sim,4.3,nao,,5,7,cancelado,
FM-00982,2025-06-15,São Paulo,sp,C101,L22,web,mercearia,20,0,1,19,14,nao,nao_perecivel,62,30,62,115.65,,1.5,nao,,3,52,,
FM-00983,2025-09-29,Curitiba,PR,C469,L40,app,hortifruti,13,2,2,7,10,nao,nao_perecivel,24,40,23,73.05,sim,"2,8",nao,,8,12,procesado,
FM-00984,2025-10-08,Goiânia,GO,C459,L26,app,bebidas,11,2,3,12,12,sim,perecivel,20,40,65,79.03,nao,3.4,nao,,2,81,cancelado,
FM-00985,2025-07-06,Campinas,SP,C179,L8,app,bebidas,9,0,8,33,23,nao,perecivel,,45,46,65.91,sim,"2,8",nao,,4,66,procesado,
FM-00986,2025-02-16,Uberaba,MG,C441,L57,app,mercearia,9,1,3,46,15,nao,perecivel,41,50,44,82.82,,"4,0",nao,,2,39,,
FM-00987,2025-08-26,Uberlândia,MG,C287,L42,web,limpeza,10,2,3,42,9,nao,perecivel,31,50,27,193.47,,"3,9",nao,,5,25,cancelado,
FM-00988,2025-07-15,Uberaba,MG,C261,L52,app,hortifruti,15,2,1,14,13,nao,nao_perecivel,38,40,48,216.11,sim,4.8,nao,,6,59,entregue,
FM-00989,2025-05-04,Curitiba,pr,C92,L43,app,mercearia,5,0,5,11,11,sim,perecivel,11,35,29,120.85,nao,4.4,nao,,1,38,entregue,
FM-00990,2025-04-12,São Paulo,SP,C67,L49,app,bebidas,5,5,2,0,23,nao,perecivel,4,40,39,127.76,sim,3.8,sim,cliente_desistiu,9,32,,
FM-00991,data_invalida,Curitiba,PR,C253,L32,app,mercearia,8,0,6,21,14,nao,nao_perecivel,19,30,19,81.57,nao,3.2,nao,,3,1,procesado,
FM-00992,14/03/2025,Curitiba,PR,C122,L48,app,mercearia,10,0,3,27,10,nao,nao_perecivel,33,30,35,64.02,sim,3.2,nao,,7,41,cancelado,
FM-00993,2025-07-16,Campinas,SP,C85,L43,web,hortifruti,3,2,3,28,10,nao,perecivel,17,50,46,65.34,sim,3.8,nao,,0,28,entregue,
FM-00994,2025-03-07,Salvador,BA,C177,L11,app,horti fruti,17,0,5,24,20,sim,nao_perecivel,32,50,64,153.83,,"3,4",nao,,1,62,procesado,
FM-00995,2025-08-02,Campinas,SP,C233,L2,app,conveniencia,4,0,6,11,21,nao,nao_perecivel,5,40,47,97.14,sim,3.2,nao,,5,47,entregue,
FM-00996,2025-02-13,Campinas,SP,C367,L55,app,limpeza,9,5,5,13,23,nao,nao perecivel,15,30,10,"177,15",sim,4.2,nao,,2,87,entregue,
FM-00997,2025-06-08,Uberlândia,MG,C232,L33,web,bebidas,17,2,4,11,22,nao,perecivel,45,45,37,"101,62",,2.6,nao,,1,83,em_rota,
FM-00998,2025-09-15,Goiânia,GO,C315,L37,app,mercearia,8,2,5,18,17,nao,perecivel,19,50,75,15,sim,2.5,nao,,0,16,em_rota,
FM-00999,05-11-2025,Salvador,BA,C279,L51,app,hortifruti,5,2,6,35,11,sim,nao_perecivel,23,35,31,"92,27",sim,3.5,nao,,7,18,procesado,
FM-00000,2025-05-08,Uberaba,MG,C121,L49,app,limpeza,5,0,3,9,10,nao,perecivel,6,35,58,"127,81",nao,"2,8",sim,cliente_desistiu,4,56,em_rota,
FM-00001,2025-01-10,salvador,BA,C44,L19,app,limpeza,7,0,4,16,20,sim,nao_perecivel,9,50,63,"110,19",,2.9,sim,valor_frete,3,89,cancelado,
FM-00002,2025-04-06,Uberlândia,MG,C436,L10,app,conveniencia,1,2,4,15,15,nao,nao_perecivel,7,50,42,"39,88",,"3,4",nao,,4,67,,
FM-00003,2025-01-27,salvador,BA,C222,L37,app,limpeza,15,0,5,19,13,nao,nao_perecivel,22,45,32,"106,13",,4.4,sim,atraso,6,4,em_rota,
FM-00004,01-14-2025,uberaba,MG,C121,L42,app,hortifruti,23,0,4,28,21,nao,perecivel,66,50,47,131.64,nao,3.6,nao,,4,90,em_rota,
FM-00005,2025-04-14,Salvador,BA,C166,L21,app,bebidas,12,0,6,37,14,nao,perecivel,36,50,108,194.4,sim,1.7,nao,,11,76,em_rota,
FM-00006,2025-03-07,Goiânia,GO,C396,L6,web,conveniencia,16,3,2,39,7,nao,nao_perecivel,50,40,26,15,nao,4.3,nao,,2,39,,
FM-00007,2025-08-26,Uberlândia,MG,C419,L54,web,hortifruti,10,0,5,17,11,sim,nao_perecivel,,30,36,43.39,nao,"1,4",nao,,3,58,em_rota,
FM-00008,2025-08-05,Salvador,BA,C354,L44,app,bebidas,10,1,1,7,23,nao,nao_perecivel,15,40,10,114.24,nao,2.7,nao,,0,44,procesado,
FM-00009,24/06/2025,São Paulo,SP,C222,L30,app,bebidas,12,0,3,19,22,nao,nao perecivel,32,50,49,173.95,,3.4,nao,,9,90,em_rota,
FM-00010,2025-03-23,Uberaba,mg,C459,L47,web,mercearia,9,2,5,50,22,nao,perecivel,37,50,64,94.84,,1.4,sim,erro_pagamento,5,11,,
FM-00011,2025-05-04,Uberaba,MG,C159,L30,app,conveniencia,5,1,3,44,22,nao,perecivel,33,30,33,62.67,sim,2.2,nao,,0,90,,
FM-00012,2025-06-04,São Paulo,SP,C291,L56,web,hortifruti,11,0,5,29,19,sim,nao_perecivel,40,45,57,92.9,,4.7,sim,atraso,9,55,cancelado,
FM-00013,2025-03-07,Curitiba,pr,C198,L51,app,limpeza,10,0,3,8,23,nao,perecivel,17,30,58,118.16,sim,3.0,nao,,0,19,procesado,
FM-00014,2025-09-02,Campinas,SP,C177,L44,web,limpeza,22,1,7,19,18,sim,nao_perecivel,61,45,54,172.74,,"2,3",nao,,0,88,entregue,
FM-00015,data_invalida,São Paulo,SP,C75,L29,web,mercearia,4,0,6,21,23,nao,perecivel,10,45,80,"148,49",,3.0,sim,erro_pagamento,6,69,entregue,
FM-00016,2025-10-14,Goiânia,GO,C511,L28,app,bebidas,17,2,3,8,16,nao,perecivel,37,30,53,184.15,,3.2,nao,,7,28,em_rota,
FM-00017,2025-09-14,Goiânia,GO,C392,L60,app,hortifruti,20,0,3,35,18,sim,nao perecivel,57,40,32,"106,22",sim,5,nao,,3,9,entregue,
FM-00018,19/09/2025,uberlândia,MG,C436,L54,app,conveniencia,19,3,2,21,16,nao,perecivel,41,45,45,140.83,nao,2.8,nao,,3,71,entregue,
FM-00019,2025-02-12,Goiânia,GO,C393,L9,app,mercearia,16,0,7,16,22,nao,perecivel,22,30,36,95.13,,1.9,nao,,0,11,entregue,
FM-00020,2025-04-16,São Paulo,SP,C453,L8,app,conveniencia,1,1,4,22,13,nao,nao_perecivel,12,35,10,123.34,sim,3.9,nao,,3,47,cancelado,
FM-00021,07-04-2025,Salvador,BA,C307,L41,app,horti fruti,11,1,2,14,18,sim,perecivel,27,30,29,"64,23",,5,nao,,3,43,,
FM-00022,2025-08-21,Uberaba,MG,C267,L15,app,mercearia,11,2,3,20,21,nao,nao_perecivel,32,45,58,76.6,,2.9,nao,,5,88,procesado,
FM-00023,2025-01-06,são paulo,SP,C341,L43,app,bebidas,5,2,6,27,8,nao,nao_perecivel,10,30,28,218.77,sim,3.8,nao,,3,65,,
FM-00024,2025-06-26,Uberlândia,MG,C487,L24,app,hortifruti,20,2,2,32,23,nao,perecivel,51,50,60,59.1,nao,"3,4",nao,,10,42,cancelado,
