pedido_id,cliente_id,data_pedido,cidade,uf,regiao,latitude,longitude,canal_venda,categoria_produto,produto,quantidade,preco_unitario,preco_concorrente,desconto_pct,valor_total,forma_pagamento,cupom_promocional,pedido_delivery,distancia_km,tempo_entrega_min,status_delivery,avaliacao_delivery,participa_fidelidade,compras_ultimos_90d,dias_desde_ultima_compra,nps_cliente,status_pedido,observacao
PED-00001,CLI-0082,2025-12-13,Goiânia,GO,Centro-Oeste,,-49.23,delivery,medicamento,Paracetamol 750mg,1,44.54,44.52,25.00,33.40,cartao credito,cupom_10,sim,1.37,8,entregue,4.40,nao,4,39,7,concluido,
PED-00002,CLI-0382,,Ribeirão Preto,SP,Sudeste,-21.14,-47.86,delivery,medicamento,Soro Fisiologico,1,64.47,57.22,25.00,48.35,cartao_credito,leve_3_pague_2,sim,4.23,78,atrasado,3.10,nao,3,149,2,concluido,
PED-00003,CLI-0414,20/03/2025,Fortaleza,CE,Nordeste,-3.79,-38.51,loja_fisica,vitamina_suplemento,Colageno,1,167.37,143.23,0.00,167.37,cartao_credito,sem_promocao,nao,,,nao_aplicavel,,sim,2,145,6,concluido,
PED-00004,CLI-0338,2025-12-09,Uberlândia,MG,Sudeste,-18.98,"-48,35",loja_fisica,medicamento,Omeprazol 20mg,1,44.13,41.93,0.00,,dinheiro,sem_promocao,nao,,,nao_aplicavel,,sim,4,119,NA,concluido,cliente reclamou do atraso
PED-00005,CLI-0258,2025-12-23,Belo Horizonte,MG,Sudeste,-20.00,-43.95,loja_fisica,bem_estar,Alcool Gel,5,124.78,104.60,0.00,623.88,pix,sem_promocao,nao,,,nao_aplicavel,,sim,5,14,8,concluido,
PED-00006,CLI-0054,2025-07-09,Uberaba,MG,Sudeste,-19.75,-20.00,app,medicamento,Dipirona 500mg,1,37.36,38.62,,37.36,dinheiro,sem promocao,nao,,,nao_aplicavel,,sim,2,29,7,concluido,
PED-00007,CLI-0084,21/01/2025,Belo Horizonte,MG,Sudeste,-19.90,"-43,99",loja_fisica,medicamento,Ibuprofeno 400mg,3,53.70,56.91,10.00,144.99,cartao credito,leve_3_pague_2,nao,,,nao_aplicavel,,nao,8,105,6,concluido,
PED-00008,CLI-0267,11-02-2025,Recife,PE,Nordeste,"-7,97",-34.93,loja_fisica,bem_estar,Mascara Facial,1,92.12,83.05,5.00,87.51,pix,cupom_10,nao,,,nao_aplicavel,,nao,5,171,5,concluido,
PED-00009,CLI-0213,03-28-2025,Uberlândia,MG,Sudeste,-18.92,-48.28,delivery,medicamento,Loratadina 10mg,1,27.01,24.83,"10,00","24,31",pix,delivery_gratis,sim,1.48,8,entregue,5.00,nao,5,178,6,concluido,
PED-00010,CLI-0213,14/08/2025,Recife,pe,Nordeste,-8.03,-34.83,loja_fisica,higiene,Fio Dental,1,20.04,20.89,5.00,19.04,pix,cupom_10,nao,,,nao_aplicavel,,nao,5,106,7,concluido,
PED-00011,CLI-0195,,Recife,PE,Nordeste,-8.05,-34.94,app,higiene,Sabonete Liquido,250,89.90,33.60,NA,22475.00,cartao_credito,sem_promocao,nao,,,nao_aplicavel,,nao,11,107,7,concluido,OUTLIER: compra corporativa ou erro de quantidade
PED-00012,CLI-0178,12/04/2025,Uberaba,MG,Sudeste,-19.68,-47.93,loja_fisica,vitamina_suplemento,Whey Protein,1,144.73,124.29,5.00,137.50,pix,cashback,nao,,,nao_aplicavel,,nao,6,17,7,concluido,
PED-00013,CLI-0209,2025-04-19,São Paulo,SP,Sudeste,-23.52,-46.66,loja_fisica,higiene,Creme Dental,1,20.42,18.00,0.00,20.42,cartao_credito,sem_promocao,nao,,,nao_aplicavel,,nao,7,176,4,concluido,
PED-00014,CLI-0059,2025-03-06,Salvador,BA,Nordeste,"-13,03",-38.55,delivery,medicamento,Dipirona 500mg,1,73.28,80.55,0.00,0.00,cartao_credito,sem_promocao,sim,2.53,16,cancelado,"5,00",nao,4,18,10,cancelado,
PED-00015,CLI-0384,2025-05-16,Uberlândia,mg,Sudeste,-18.88,-48.24,loja_fisica,medicamento,Soro Fisiologico,3,36.48,31.85,0.00,109.45,pix,sem_promocao,nao,,,nao_aplicavel,,N,10,112,5,concluido,
PED-00016,CLI-0388,05-28-2025,Uberlândia,MG,Sudeste,"-18,94",-48.34,delivery,medicamento,Loratadina 10mg,1,34.83,37.17,"5,00",33.09,cartao_debito,delivery_gratis,sim,"3,24",16,entregue,5.00,nao,4,13,8,concluido,
PED-00017,CLI-0123,2025-09-17,Recife,PE,Nordeste,-8.12,-34.83,app,vitamina_suplemento,Omega 3,,114.89,110.63,0.00,114.89,cartao_credito,sem_promocao,sim,5.54,26,em_rota,5.00,nao,3,105,6,concluido,
PED-00018,CLI-0086,2025-02-05,Uberlândia,MG,Sudeste,-18.89,-48.21,loja_fisica,higiene,Absorvente,1,20.79,21.74,0.00,20.79,cartao_credito,sem_promocao,nao,,,nao_aplicavel,,nao,10,11,1,concluido,
PED-00019,CLI-0398,02-24-2025,Goiânia,GO,Centro-Oeste,-16.73,-49.21,delivery,medicamento,Loratadina 10mg,1,46.32,42.05,"0,00",46.32,cartao_debito,sem_promocao,sim,5.28,86,atrasado,2.70,nao,6,90,4,concluido,
PED-00020,CLI-0318,10-02-2025,Belém,PA,Norte,"-1,40",-48.48,loja_fisica,medicamento,Loratadina 10mg,1,32.70,"33,87",0.00,32.70,pix,sem_promocao,nao,,,nao_aplicavel,,nao,5,156,6,concluido,cupom nao aplicado
PED-00021,CLI-0011,2025-11-27,Belo Horizonte,MG,Sudeste,-19.84,"-43,88",loja_fisica,medicamneto,Soro Fisiologico,1,34.68,35.55,"0,00",34.68,cartao_credito,sem_promocao,nao,,,nao_aplicavel,,nao,NA,116,6,concluido,
PED-00022,CLI-0312,2025-08-23,Belo Horizonte,MG,Sudeste,-19.92,-43.86,loja_fisica,medicamento,Soro Fisiologico,1,10.09,9.70,12.00,8.88,cartao_credito,leve_3_pague_2,nao,,,nao_aplicavel,,nao,1,63,8,concluido,
PED-00023,CLI-0308,12/10/2025,Salvador,BA,Nordeste,15.00,-38.51,delivery,beleza,Esmalte,1,85.35,81.54,5.00,NA,cartao_debito,leve_3_pague_2,nao,,,nao_aplicavel,,nao,2,129,6,concluido,
PED-00024,CLI-0213,2025-06-16,Brasília,DF,Centro-Oeste,-15.79,-47.90,loja fisica,medicamento,Paracetamol 750mg,2,"67,18",64.21,0.00,NA,pix,sem_promocao,nao,,,nao_aplicavel,,nao,7,29,3,concluido,
PED-00025,CLI-0224,2025-02-28,Recife,PE,Nordeste,-8.08,-34.89,loja_fisica,medicamento,Soro Fisiologico,1,"72,74",69.81,0.00,"72,74",dinheiro,sem promocao,nao,,,nao_aplicavel,,sim,5,101,6,concluido,
PED-00026,CLI-0260,2025-06-30,Belo Horizonte,MG,Sudeste,,"-43,94",loja_fisica,medicamento,Ibuprofeno 400mg,1,3499.90,89.90,0.00,3499.90,cartao_credito,sem_promocao,nao,,,nao_aplicavel,,nao,5,10,5,concluido,OUTLIER: preco unitario muito acima do normal
PED-00027,CLI-0330,2025-06-20,Uberlândia,MG,Sudeste,NA,-48.22,app,bem_estar,Teste Glicemia,1,149.72,156.74,0.00,149.72,cartao_credito,sem_promocao,nao,,,nao_aplicavel,,sim,8,171,10,concluido,
PED-00028,CLI-0100,2025-07-06,Goiânia,GO,Centro-Oeste,-16.64,"-49,22",loja_fisica,medicamento,Loratadina 10mg,1,23.91,"21,98",15.00,20.33,cartao_credito,delivery_gratis,nao,,,nao_aplicavel,,nao,11,112,4,concluido,
PED-00029,CLI-0003,2025-02-20,Ribeirão Preto,sp,Sudeste,-21.20,-47.83,loja_fisica,medicamento,Paracetamol 750mg,4,61.02,NA,0.00,244.09,cartao_credito,sem_promocao,nao,,,nao_aplicavel,,sim,2,55,3,concluido,
PED-00030,CLI-0174,09/01/2025,Belo Horizonte,MG,Sudeste,-19.86,-44.01,loja fisica,medicamento,Ibuprofeno 400mg,1,12.53,10.81,0.00,12.53,cartao_credito,sem_promocao,nao,,,nao_aplicavel,,nao,,175,6,concluido,
PED-00031,CLI-0309,2025-02-12,Uberaba,MG,Sudeste,,-47.94,loja_fisica,bem_estar,Teste Glicemia,1,78.81,81.29,"0,00",78.81,dinheiro,sem promocao,nao,,,nao_aplicavel,,nao,2,113,10,concluido,cliente reclamou do atraso
PED-00032,CLI-0103,2025-04-06,Ribeirão Preto,SP,Sudeste,-21.20,-47.84,loja,medicamento,Dipirona 500mg,1,33.93,30.92,15.00,28.84,pix,leve_3_pague_2,nao,,,nao_aplicavel,,nao,1,49,8,concluido,preco divergente
PED-00033,CLI-0301,2025-07-29,Uberaba,MG,Sudeste,-19.78,-47.86,loja_fisica,beleza,Base Facial,2,22.79,24.73,0.00,"45,57",cartao_credito,sem_promocao,nao,,,nao_aplicavel,,nao,1,64,7,concluido,
PED-00034,CLI-0311,2025-08-02,Uberaba,MG,Sudeste,-19.68,"-47,89",delivery,medicamento,Paracetamol 750mg,1,"10,03",,0.00,10.03,cartao_credito,sem_promocao,sim,4.58,33,entregue,4.60,nao,1,214,7,concluido,
PED-00035,CLI-0100,2025-05-27,Uberaba,MG,Sudeste,-19.82,-47.94,loja_fisica,vitamina_suplemento,Vitamina D,1,137.76,130.63,0.00,,cartao_credito,sem_promocao,nao,,,nao_aplicavel,,nao,3,98,7,concluido,
PED-00036,CLI-0323,2025-07-08,Salvador,BA,Nordeste,NA,-38.50,delivery,higiene,Desodorante,1,26.99,27.29,0.00,26.99,pix,sem promocao,sim,13.02,70,entregue,2.90,nao,7,97,6,concluido,
PED-00037,CLI-0203,2025-06-02,Ribeirão Preto,SP,Sudeste,0.00,-47.85,app,higiene,Shampoo Anticaspa,3,30.47,"27,79",0.00,91.42,cartao_credito,sem_promocao,nao,,,nao_aplicavel,,nao,11,37,6,concluido,cliente reclamou do atraso
PED-00038,CLI-0204,2025-02-15,Goiânia,GO,Centro-Oeste,-16.73,-49.19,loja_fisica,medicamento,Soro Fisiologico,1,23.56,25.63,"5,00","22,38",cartao_credito,leve_3_pague_2,nao,,,nao_aplicavel,,sim,3,74,8,concluido,
PED-00039,CLI-0121,08/05/2025,Uberaba,MG,Sudeste,-19.76,-48.00,loja_fisica,infantil,Pomada Assadura,1,70.70,63.90,0.00,70.70,pix,sem_promocao,nao,,,nao_aplicavel,,nao,1,61,8,concluido,
PED-00040,CLI-0068,2025-10-02,Fortaleza,ce,Nordeste,-3.72,,loja_fisica,higiene,Absorvente,1,31.98,,15.00,27.18,pix,delivery_gratis,nao,,,nao_aplicavel,,nao,4,14,9,concluido,
PED-00041,CLI-0369,2025-06-28,Belo Horizonte,MG,Sudeste,-19.94,-43.91,loja fisica,beleza,Base Facial,1,28.37,32.15,0.00,28.37,credito,sem_promocao,sim,92.50,480,atrasado,1.00,nao,5,58,6,concluido,OUTLIER: entrega extremamente distante e demorada
PED-00042,CLI-0330,2025-06-03,Uberlândia,MG,Sudeste,-18.96,-48.22,loja_fisica,infantil,Shampoo Infantil,1,,57.73,0.00,69.14,cartao_credito,sem_promocao,nao,,,nao_aplicavel,,S,8,81,8,concluido,
PED-00043,CLI-0333,20/06/2025,Curitiba,PR,Sul,-25.41,,app,medicamento,Paracetamol 750mg,1,NA,76.66,25.00,51.68,cartao_credito,cupom_10,sim,9.13,44,entregue,4.20,sim,3,131,3,concluido,
PED-00044,CLI-0248,2025-09-26,Ribeirão Preto,SP,Sudeste,-21.18,-47.74,site,higiene,Fio Dental,1,52.37,46.82,5.00,49.75,cartao_credito,cupom_10,sim,2.63,28,entregue,,nao,2,136,4,cancelado,
PED-00045,CLI-0244,2025-08-11,Belo Horizonte,MG,Sudeste,-19.91,-44.01,loja_fisica,medicamneto,Paracetamol 750mg,1,30.20,33.47,20.00,24.16,cartao_credito,cupom_10,nao,,,nao_aplicavel,,sim,10,175,7,concluido,
PED-00046,CLI-0163,2025-08-19,São Paulo,SP,Sudeste,-23.57,-46.59,delivery,medicamento,Ibuprofeno 400mg,1,31.84,32.41,25.00,NA,cartao_credito,cupom_10,sim,1.59,13,entregue,4.30,nao,2,78,4,concluido,
PED-00047,CLI-0305,2025-08-23,Belo Horizonte,MG,Sudeste,-19.96,-43.98,loja_fisica,higiene,Absorvente,1,52.54,48.71,25.00,39.41,boleto,delivery_gratis,nao,,,nao_aplicavel,,sim,1,NA,6,concluido,
PED-00048,CLI-0019,2025-03-20,Curitiba,PR,Sul,-25.44,-49.27,loja_fisica,higiene,Shampoo Anticaspa,1,10.55,11.76,20.00,"8,44",cartao_credito,cupom_10,nao,,,nao_aplicavel,,sim,4,137,4,concluido,
PED-00049,CLI-0085,2025-03-14,Ribeirão Preto,SP,Sudeste,-21.24,-47.82,delivey,bem_estar,Termometro Digital,1,32.31,NA,0.00,32.31,pix,sem_promocao,sim,4.84,43,entregue,4.70,nao,7,132,8,concluido,
PED-00050,CLI-0096,2025-10-30,Belo Horizonte,MG,Sudeste,-19.90,-43.88,app,beleza,Esmalte,1,47.06,44.89,0.00,47.06,pix,sem_promocao,nao,,,nao_aplicavel,,sim,5,165,9,concluido,preco divergente
PED-00051,CLI-0218,27/02/2025,Uberaba,MG,Sudeste,-19.70,-47.93,loja_fisica,beleza,Creme Anti-idade,1,119.04,114.43,0.00,"119,04",cartao_credito,sem_promocao,nao,,,nao_aplicavel,,S,1,198,4,concluido,
PED-00052,CLI-0207,2025-12-02,Salvador,BA,Nordeste,"-13,04",-38.43,site,beleza,Protetor Solar FPS50,1,89.70,87.60,0.00,89.70,cartao_debito,sem_promocao,sim,2.37,53,entregue,"4,40",nao,3,94,3,concluido,possivel duplicata
PED-00053,CLI-0245,04/06/2025,Uberaba,MG,Sudeste,"-19,67",,app,infantil,Fralda M,1,101.15,"88,30",0.00,101.15,cartao_credito,sem_promocao,sim,"4,71",36,entregue,5.00,N,1,182,6,concluido,cupom nao aplicado
PED-00054,CLI-0407,2025-05-07,Uberaba,mg,Sudeste,-19.73,-47.96,delivery,bem_estar,Mascara Facial,1,174.03,189.92,12.00,153.14,boleto,cupom_10,sim,,29,entrgue,NA,não,5,28,7,concluido,
PED-00055,CLI-0223,2025-07-20,Uberlândia,MG,Sudeste,-18.98,-48.21,loja_fisica,infantil,Fralda M,1,"105,72","94,76",0.00,105.72,cartao_debito,sem promocao,nao,,,nao_aplicavel,,sim,1,187,5,concluido,cupom nao aplicado
PED-00056,CLI-0380,2025-01-02,Curitiba,PR,Sul,-25.49,-49.26,delivery,beleza,Hidratante Facial,1,64.54,70.63,95.00,2.50,cartao_credito,sem_promocao,nao,,,nao_aplicavel,,nao,NA,63,10,concluido,OUTLIER: desconto muito alto
PED-00057,CLI-0054,2025-07-29,Uberaba,MG,Sudeste,-19.71,-47.93,loja_fisica,beleza,Hidratante Facial,1,87.81,82.58,12.00,77.28,pix,cupom_10,nao,,,nao_aplicavel,,N,1,91,10,concluido,
PED-00058,CLI-0361,2025-08-27,Uberaba,MG,Sudeste,-19.81,-47.89,loja_fisica,medicamento,Dipirona 500mg,1,16.09,"13,66","12,00",14.16,cartao credito,delivery_gratis,nao,,,nao_aplicavel,,nao,2,83,5,concluido,
PED-00059,CLI-0144,2025-08-25,Fortaleza,CE,Nordeste,-3.71,-38.48,loja_fisica,medicamento,Ibuprofeno 400mg,1,69.92,65.25,12.00,61.53,pix,leve_3_pague_2,nao,,,nao_aplicavel,,sim,2,157,7,concluido,produto sem estoque
PED-00060,CLI-0089,2025-12-03,Ribeirão Preto,SP,Sudeste,-21.17,"-47,77",loja_fisica,infantil,Fralda M,1,70.96,80.50,0.00,70.96,cartao credito,sem promocao,nao,,,nao_aplicavel,,N,1,182,8,concluido,
PED-00061,CLI-0288,2025-12-06,Uberaba,MG,Sudeste,-19.69,-47.88,delivery,bem_estar,Mascara Facial,1,209.33,NA,10.00,188.40,cartao_debito,cupom_10,nao,,,nao_aplicavel,,nao,10,91,5,concluido,
PED-00062,CLI-0280,2025-02-04,Goiânia,GO,Centro-Oeste,-16.65,-49.29,loja fisica,medicamento,Paracetamol 750mg,1,,57.84,12.00,53.44,boleto,leve_3_pague_2,nao,,,nao_aplicavel,,sim,8,147,6,concluido,
PED-00063,CLI-0103,2025-02-19,São Paulo,SP,Sudeste,"-23,51",-46.60,loja_fisica,medicamento,Ibuprofeno 400mg,1,46.31,47.78,0.00,46.31,cartao credito,sem_promocao,nao,,,nao_aplicavel,,nao,1,83,6,concluido,
PED-00064,CLI-0065,,Ribeirão Preto,SP,Sudeste,-21.17,-47.85,app,medicamento,Loratadina 10mg,1,68.33,59.81,10.00,61.50,cartao_credito,cashback,nao,,,nao_aplicavel,,sim,1,51,7,concluido,
PED-00065,CLI-0170,2025-05-16,São Paulo,SP,Sudeste,-23.51,"-46,59",app,vitamina_suplemento,Omega 3,1,"67,69",70.53,0.00,67.69,cartao_credito,sem_promocao,nao,,,nao_aplicavel,,sim,2,121,7,concluido,
PED-00066,CLI-0326,09/04/2025,Ribeirão Preto,SP,Sudeste,"-21,19",-20.00,loja_fisica,higiene,Absorvente,3,18.98,20.56,-5,56.93,cartao_debito,sem_promocao,nao,,,nao_aplicavel,,nao,6,61,NA,concluido,
PED-00067,CLI-0305,2025-06-28,Manaus,AM,Norte,-3.15,-59.95,app,higiene,Desodorante,1,21.50,,12.00,18.92,cartao_credito,cashback,nao,,,nao_aplicavel,,nao,NA,27,6,concluido,
PED-00068,CLI-0094,2025-12-10,Uberlândia,MG,Sudeste,-18.88,-48.32,app,higiene,Desodorante,1,15.16,16.02,20.00,12.13,cartao debito,cupom_10,nao,,,nao_aplicavel,,nao,9,167,8,concluido,cliente reclamou do atraso
PED-00069,CLI-0067,data_invalida,Belo Horizonte,MG,Sudeste,-19.97,NA,loja fisica,medicamento,Dipirona 500mg,4,50.51,"49,33",5.00,191.94,credito,cupom_10,nao,,,nao_aplicavel,,nao,6,103,6,concluido,
PED-00070,CLI-0214,2025-04-19,Fortaleza,CE,Nordeste,-3.66,-38.54,site,medicamento,Soro Fisiologico,1,"47,51",42.85,999,47.51,cartao_credito,sem_promocao,sim,18.83,106,entregue,2.40,nao,2,64,,concluido,
PED-00071,CLI-0389,2025-02-08,Uberaba,MG,Sudeste,-19.69,-47.91,delivery,medicamento,Dipirona 500mg,1,14.79,12.60,0.00,14.79,dinheiro,sem_promocao,sim,1.70,22,entregue,"4,50",sim,87,1,10,concluido,OUTLIER: cliente com frequência muito acima da média
PED-00072,CLI-0266,2025-02-02,Belém,PA,Norte,-1.39,-48.49,loja_fisica,higiene,Desodorante,NA,40.82,46.25,12.00,35.92,cartao_credito,cupom_10,nao,,,nao_aplicavel,,nao,7,24,8,concluido,
PED-00073,CLI-0170,2025-01-10,Uberaba,MG,Sudeste,-19.69,-47.95,delivery,medicamento,Loratadina 10mg,,"35,63","32,69",0.00,35.63,cartao_credito,sem_promocao,sim,4.40,90,atrasado,2.10,sim,6,121,3,concluido,
PED-00074,CLI-0259,2025-10-27,Uberaba,MG,Sudeste,-19.67,"-48,02",app,beleza,Base Facial,1,33.61,31.72,0.00,33.61,dinheiro,sem_promocao,nao,,,nao_aplicavel,,sim,4,155,8,concluido,
PED-00075,CLI-0013,26/10/2025,Ribeirão Preto,SP,Sudeste,-21.17,NA,loja_fisica,beleza,Esmalte,1,93.53,100.88,0.00,93.53,pix,sem_promocao,nao,,,nao_aplicavel,,nao,2,14,7,concluido,
PED-00076,CLI-0143,2025-11-21,Uberaba,MG,Sudeste,-19.71,,delivery,vitamina_suplemento,Whey Protein,1,118.52,108.35,0.00,118.52,dinheiro,sem_promocao,sim,1.22,13,entrgue,5.00,sim,2,149,7,concluido,
PED-00077,CLI-0145,2025-11-25,Salvador,BA,Nordeste,"-12,94",-38.48,loja_fisica,medicamneto,Ibuprofeno 400mg,1,49.62,46.81,0.00,49.62,cartao_credito,sem_promocao,nao,,,nao_aplicavel,,sim,1,163,4,cancelado,possivel duplicata
PED-00078,CLI-0258,08-10-2025,São Paulo,SP,Sudeste,NA,"-46,57",loja_fisica,medicamento,Loratadina 10mg,1,34.10,28.46,12.00,30.01,cartao_debito,delivery_gratis,nao,,,nao_aplicavel,,sim,1,232,NA,concluido,
PED-00079,CLI-0237,2025-11-27,Uberaba,MG,Sudeste,-19.78,-47.90,loja_fisica,vitamina_suplemento,Omega 3,3,55.12,60.23,20.00,132.29,cartao_credito,delivery_gratis,nao,,,nao_aplicavel,,nao,NA,171,9,concluido,
PED-00080,CLI-0324,2025-11-07,Belo Horizonte,MG,Sudeste,-19.93,-43.89,loja_fisica,higiene,Sabonete Liquido,1,46.67,49.13,20.00,"37,34",pix,leve_3_pague_2,nao,,,nao_aplicavel,,nao,1,NA,8,concluido,
PED-00081,CLI-0024,03/07/2025,São Paulo,SP,Sudeste,-23.48,-46.61,delivery,bem_estar,Medidor Pressao,1,151.07,162.13,0.00,151.07,pix,sem_promocao,nao,,,nao_aplicavel,,nao,1,197,6,concluido,
PED-00082,CLI-0083,06-19-2025,Uberaba,MG,Sudeste,-19.80,-47.92,loja_fisica,vitamina_suplemento,Vitamina D,1,49.99,41.68,0.00,49.99,pix,sem_promocao,nao,,,nao_aplicavel,,nao,1,162,4,concluido,
PED-00083,CLI-0247,2025-09-25,São Paulo,SP,Sudeste,-23.54,-46.68,loja_fisica,medicamento,Dipirona 500mg,5,63.38,62.75,5.00,"301,04",cartao_credito,cupom_10,nao,,,nao_aplicavel,,sim,10,138,9,concluido,
PED-00084,CLI-0283,2025-03-21,Uberaba,MG,Sudeste,"-19,77",-47.99,loja_fisica,vitamina_suplemento,Whey Protein,1,112.52,106.58,"0,00",112.52,dinheiro,sem_promocao,nao,,,nao_aplicavel,,nao,5,94,4,concluido,
PED-00085,CLI-0412,2025-07-25,Uberlândia,MG,Sudeste,"-18,96",-48.34,app,medicamento,Loratadina 10mg,1,42.91,41.21,120,42.91,cartao_debito,sem_promocao,nao,,,nao_aplicavel,,nao,3,153,6,concluido,
PED-00086,CLI-0113,2025-05-12,Uberaba,MG,Sudeste,-19.74,-47.94,delivery,medicamento,Dipirona 500mg,4,54.51,52.70,0.00,218.04,cartao_credito,sem_promocao,sim,35.00,0,entregue,4.20,nao,3,80,9,concluido,VALOR INVALIDO/OUTLIER: tempo de entrega zerado
PED-00087,CLI-0296,2025-06-11,Uberaba,MG,Sudeste,-19.70,-47.93,loja_fisica,medicamneto,Loratadina 10mg,1,"74,02",67.33,0.00,74.02,cartao_credito,sem_promocao,nao,,,nao_aplicavel,,sim,1,165,4,concluido,
PED-00088,CLI-0274,2025-07-15,Goiânia,GO,Centro-Oeste,-16.73,-49.33,loja_fisica,medicamento,Paracetamol 750mg,1,61.60,68.12,0.00,NA,cartao_credito,sem_promocao,nao,,,nao_aplicavel,,nao,8,76,7,pendente,
PED-00089,CLI-0267,2025-06-22,Uberlândia,MG,Sudeste,-18.92,"-48,20",delivery,vitamina_suplemento,Vitamina D,1,,38.34,20.00,29.81,cartao_credito,cupom_10,sim,"1,61",8,entregue,5.00,sim,4,47,8,concluido,
PED-00090,CLI-0413,2025-10-30,Ribeirão Preto,SP,Sudeste,-21.11,-47.80,loja,medicamento,Soro Fisiologico,1,NA,46.82,0.00,50.28,cartao_credito,sem_promocao,nao,,,nao_aplicavel,,nao,1,109,8,concluido,
PED-00091,CLI-0065,18/05/2025,Fortaleza,CE,Nordeste,-3.71,NA,delivery,medicamento,Soro Fisiologico,1,65.18,66.44,0.00,65.18,cartao_debito,sem_promocao,sim,NA,10,entregue,4.90,nao,7,59,8,concluido,
PED-00092,CLI-0407,2025-05-10,Manaus,AM,Norte,"-3,15","-60,00",loja_fisica,medicamento,Omeprazol 20mg,1,28.02,26.87,,28.02,pix,sem_promocao,nao,,,nao_aplicavel,,nao,2,62,5,concluido,
PED-00093,CLI-0272,2025-12-23,Uberaba,MG,Sudeste,-19.79,-48.01,loja_fisica,beleza,Base Facial,1,48.99,53.66,0.00,48.99,dinheiro,sem_promocao,nao,,,nao_aplicavel,,sim,1,106,4,concluido,
PED-00094,CLI-0240,16/11/2025,Uberaba,MG,Sudeste,-19.81,-47.93,loja_fisica,vitamina_suplemento,Vitamina D,1,35.99,35.17,"5,00",34.19,cartao_credito,leve_3_pague_2,nao,,,nao_aplicavel,,sim,2,142,6,concluido,
PED-00095,CLI-0372,2025-12-03,Belo Horizonte,MG,Sudeste,-19.86,-43.99,loja_fisica,medicamento,Loratadina 10mg,1,74.90,70.32,15.00,NA,dinheiro,cupom_10,nao,,,nao_aplicavel,,nao,3,139,7,concluido,
PED-00096,CLI-0154,2025-04-22,São Paulo,SP,Sudeste,-23.59,-46.67,loja_fisica,medicamento,Omeprazol 20mg,1,NA,62.72,0.00,56.48,cartao_credito,sem_promocao,nao,,,nao_aplicavel,,nao,1,237,0,concluido,
PED-00097,CLI-0288,2025-07-24,Belo Horizonte,MG,Sudeste,-19.97,-43.96,loja_fisica,medicamento,Soro Fisiologico,1,34.70,32.84,0.00,34.70,cartao_credito,sem_promocao,nao,,,nao_aplicavel,,nao,7,63,6,concluido,
PED-00098,CLI-0340,2025-10-03,Uberlândia,mg,Sudeste,-18.88,-48.34,loja_fisica,medicamento,Dipirona 500mg,1,NA,46.12,0.00,44.61,cartao_credito,sem_promocao,nao,,,nao_aplicavel,,nao,3,15,9,concluido,
PED-00099,CLI-0144,2025-11-17,Uberlândia,MG,Sudeste,-18.92,"-48,24",loja_fisica,medicamento,Soro Fisiologico,1,74.73,85.19,"20,00",59.79,dinheiro,cashback,nao,,,nao_aplicavel,,sim,1,118,6,concluido,cliente reclamou do atraso
PED-00100,CLI-0068,2025-06-13,Brasília,DF,Centro-Oeste,NA,,loja_fisica,vitamina_suplemento,Vitamina D,5,152.36,132.35,0.00,761.82,cartao_credito,sem_promocao,nao,,,nao_aplicavel,,sim,1,226,6,concluido,
PED-00101,CLI-0361,2025-05-07,Belém,pa,Norte,-1.38,-48.43,app,higiene,Creme Dental,1,36.18,36.29,0.00,9999.99,cartao_credito,sem_promocao,nao,,,nao_aplicavel,,nao,5,115,9,concluido,OUTLIER: valor total incompatível com quantidade
PED-00102,CLI-0186,12-31-2025,Ribeirão Preto,SP,Sudeste,-21.24,-47.82,loja_fisica,medicamento,Paracetamol 750mg,5,14.04,11.92,25.00,52.66,cartao_credito,cupom_10,nao,,,nao_aplicavel,,nao,1,212,4,concluido,
PED-00103,CLI-0029,,Uberaba,MG,Sudeste,-19.73,-47.94,loja_fisica,medicamento,Soro Fisiologico,1,48.28,42.80,NA,48.28,cartao_credito,sem_promocao,nao,,,nao_aplicavel,,sim,2,8,7,concluido,produto sem estoque
PED-00104,CLI-0255,2025-11-06,São Paulo,SP,Sudeste,-23.51,-46.61,delivery,infantil,Pomada Assadura,4,103.29,,0.00,413.17,cartao_credito,sem_promocao,nao,,,nao_aplicavel,,nao,2,156,5,concluido,
PED-00105,CLI-0154,2025-08-31,Salvador,BA,Nordeste,NA,-38.53,loja_fisica,medicamento,Soro Fisiologico,3,40.26,38.35,20.00,96.62,pix,cupom_10,nao,,,nao_aplicavel,,nao,,142,7,concluido,
PED-00106,CLI-0347,2025-09-05,Curitiba,PR,Sul,-25.50,"-49,32",loja_fisica,remedio,Omeprazol 20mg,NA,20.74,22.80,20.00,49.79,cartao_credito,delivery_gratis,nao,,,nao_aplicavel,,nao,3,9,9,concluido,preco divergente
PED-00107,CLI-0323,2025-06-23,Manaus,AM,Norte,-3.09,"-60,06",loja_fisica,medicamento,Dipirona 500mg,1,11.40,10.78,20.00,9.12,cartao_debito,cupom_10,nao,,,nao_aplicavel,,nao,6,157,6,concluido,
PED-00108,CLI-0123,2025-03-07,Uberaba,MG,Sudeste,-19.77,-47.94,loja_fisica,medicamento,Ibuprofeno 400mg,1,35.18,34.04,0.00,35.18,pix,sem_promocao,nao,,,nao_aplicavel,,nao,5,123,8,concluido,preco divergente
PED-00109,CLI-0223,05/12/2025,Salvador,BA,Nordeste,-13.04,NA,delivery,beleza,Protetor Solar FPS50,1,"75,68",75.87,NA,66.60,pix,leve_3_pague_2,nao,,,nao_aplicavel,,sim,10,22,5,concluido,
PED-00110,CLI-0404,2025-11-28,Belo Horizonte,MG,Sudeste,-19.97,-43.85,loja_fisica,beleza,Hidratante Facial,1,60.86,58.00,0.00,60.86,cartao_debito,sem_promocao,nao,,,nao_aplicavel,,nao,10,159,5,concluido,
PED-00111,CLI-0216,2025-02-09,Fortaleza,ce,Nordeste,15.00,"-38,57",site,higiene,Fio Dental,1,34.82,33.61,20.00,27.86,cartao_credito,leve_3_pague_2,nao,,,nao_aplicavel,,nao,12,75,10,concluido,
PED-00112,CLI-0027,06-25-2025,Uberaba,MG,Sudeste,-19.79,-47.91,app,higiene,Absorvente,3,46.44,47.90,10.00,125.40,cartao_credito,cupom_10,sim,5.14,41,entregue,4.60,nao,1,133,10,concluido,
PED-00113,CLI-0113,data_invalida,Goiânia,GO,Centro-Oeste,"-16,65",-49.23,loja_fisica,higiene,Shampoo Anticaspa,1,33.29,28.40,0.00,33.29,pix,sem_promocao,nao,,,nao_aplicavel,,nao,3,8,10,concluido,
PED-00114,CLI-0315,2025-05-16,Uberaba,MG,Sudeste,"-19,78",-48.01,loja_fisica,medicamento,Dipirona 500mg,1,12.65,12.56,0.00,12.65,cartao_debito,sem_promocao,nao,,,nao_aplicavel,,nao,10,66,7,concluido,possivel duplicata
PED-00115,CLI-0357,2025-10-01,Goiânia,GO,Centro-Oeste,-16.72,,loja_fisica,infantil,Soro Infantil,4,21.62,20.38,0.00,86.47,cartao credito,sem_promocao,nao,,,nao_aplicavel,,nao,2,176,9,concluido,
PED-00116,CLI-0059,29/11/2025,Ribeirão Preto,SP,Sudeste,"-21,15",-47.81,loja_fisica,bem_estar,Termometro Digital,1,106.89,107.86,,101.54,cartao_credito,delivery_gratis,nao,,390,atrasado,0.10,nao,8,56,8,concluido,OUTLIER: avaliação extremamente baixa associada a atraso
PED-00117,CLI-0090,2025-12-28,Uberaba,MG,Sudeste,-19.82,-47.94,app,medicamento,Paracetamol 750mg,1,67.42,69.09,0.00,67.42,pix,sem_promocao,nao,,,nao_aplicavel,,S,2,46,6,concluido,
PED-00118,CLI-0383,27/01/2025,Belo Horizonte,MG,Sudeste,-19.96,-43.92,loja_fisica,vitamina_suplemento,Whey Protein,3,35.98,36.18,0.00,"107,95",pix,sem_promocao,nao,,,nao_aplicavel,,nao,3,28,4,concluido,cliente reclamou do atraso
PED-00119,CLI-0127,2025-10-23,Uberlândia,MG,Sudeste,-18.90,-48.23,app,higiene,Absorvente,3,48.13,43.77,"25,00",108.30,cartao_credito,cupom_10,nao,,,nao_aplicavel,,sim,5,151,10,concluido,
PED-00120,CLI-0029,2025-07-27,São Paulo,SP,Sudeste,-23.51,-46.71,app,medicamento,Paracetamol 750mg,1,"66,39",69.12,0.00,66.39,pix,sem_promocao,sim,5.39,55,atrasado,3.60,sim,10,93,3,concluido,produto sem estoque
PED-00121,CLI-0350,2025-12-21,Goiânia,GO,Centro-Oeste,-16.63,-49.20,delivery,medicamento,Ibuprofeno 400mg,2,20.62,17.42,0.00,41.24,cartao_credito,sem_promocao,sim,1.06,20,entregue,5.00,nao,2,88,6,concluido,
PED-00122,CLI-0084,2025-06-12,Brasília,df,Centro-Oeste,-15.76,-47.86,loja_fisica,medicamento,Paracetamol 750mg,1,37.54,32.56,0.00,37.54,cartao_credito,sem_promocao,nao,,,nao_aplicavel,,nao,2,6,6,concluido,preco divergente
PED-00123,CLI-0191,2025-05-23,Uberlândia,MG,Sudeste,-18.99,-48.25,delivery,higiene,Shampoo Anticaspa,1,47.77,46.67,"0,00",47.77,cartao_credito,sem_promocao,sim,0.70,11,entrgue,"4,50",nao,1,119,10,concluido,
PED-00124,CLI-0092,data_invalida,Uberaba,MG,Sudeste,-19.70,-47.97,loja_fisica,higiene,Desodorante,1,14.39,14.87,0.00,14.39,cartao_credito,sem_promocao,nao,,,nao_aplicavel,,nao,6,62,6,concluido,produto sem estoque
PED-00125,CLI-0074,2025-03-27,Manaus,AM,Norte,-3.19,-60.07,loja_fisica,higiene,Sabonete Liquido,1,46.69,39.72,0.00,46.69,cartao_credito,sem_promocao,nao,,,nao_aplicavel,,nao,NA,163,7,concluido,cupom nao aplicado
PED-00126,CLI-0101,04-27-2025,Uberaba,MG,Sudeste,NA,"-48,00",loja_fisica,medicamento,Soro Fisiologico,1,22.06,21.51,NA,"22,06",pix,sem_promocao,nao,,,nao_aplicavel,,sim,1,234,4,concluido,
PED-00127,CLI-0117,2025-02-20,Brasília,DF,Centro-Oeste,"-15,84",-47.92,loja_fisica,vitamina_suplemento,Colageno,5,173.45,163.30,0.00,867.25,dinheiro,sem_promocao,nao,,,nao_aplicavel,,não,7,80,NA,concluido,
PED-00128,CLI-0140,,Belo Horizonte,MG,Sudeste,-19.93,"-43,92",loja_fisica,medicamento,Paracetamol 750mg,1,NA,50.17,0.00,47.86,cartao_credito,sem_promocao,nao,,,nao_aplicavel,,nao,8,102,7,concluido,
PED-00129,CLI-0362,2025-01-17,Ribeirão Preto,SP,Sudeste,-21.22,-47.84,loja_fisica,vitamina_suplemento,Colageno,2,96.25,105.42,0.00,192.49,cartao_debito,sem promocao,nao,,,nao_aplicavel,,nao,1,141,4,concluido,
PED-00130,CLI-0011,19/12/2025,Uberaba,MG,Sudeste,-19.72,-47.98,loja_fisica,higiene,Absorvente,1,23.20,23.25,12.00,20.42,dinheiro,leve_3_pague_2,nao,,,nao_aplicavel,,nao,5,81,4,concluido,preco divergente
PED-00131,CLI-0264,2025-04-18,Uberaba,MG,Sudeste,-19.73,-47.97,loja_fisica,higiene,Absorvente,1,46.54,44.33,0.00,,cartao_credito,sem_promocao,nao,,,nao_aplicavel,,sim,7,46,5,concluido,
PED-00132,CLI-0133,2025-01-15,UBERABA,MG,Sudeste,"-19,79",-47.92,loja_fisica,medicamento,Dipirona 500mg,1,63.42,55.24,"0,00",63.42,pix,sem_promocao,nao,,,nao_aplicavel,,nao,3,140,5,concluido,
PED-00133,CLI-0058,2025-05-01,Uberaba,MG,Sudeste,-45.00,NA,loja_fisica,vitamina_suplemento,Vitamina D,3,,90.97,0.00,279.36,cartao_credito,sem_promocao,nao,,,nao_aplicavel,,nao,4,174,6,concluido,
PED-00134,CLI-0083,2025-11-26,Uberlândia,MG,Sudeste,-18.96,-48.21,loja_fisica,bem_estar,Medidor Pressao,1,NA,119.79,5.00,104.49,cartao_credito,cupom_10,nao,,,nao_aplicavel,,nao,5,90,10,concluido,
PED-00135,CLI-0046,data_invalida,Uberaba,MG,Sudeste,NA,-47.89,loja_fisica,beleza,Hidratante Facial,1,107.86,110.78,0.00,107.86,cartao_debito,sem_promocao,nao,,,nao_aplicavel,,sim,3,179,9,concluido,
PED-00136,CLI-0306,2025-12-17,Uberaba,MG,Sudeste,-19.78,-47.98,loja_fisica,higiene,Shampoo Anticaspa,1,NA,27.82,0.00,29.51,pix,sem_promocao,nao,,,nao_aplicavel,,nao,,55,5,concluido,
PED-00137,CLI-0118,08-09-2025,Uberlândia,MG,Sudeste,-18.98,-48.35,delivery,medicamento,Ibuprofeno 400mg,1,"66,75","61,48",10.00,60.08,cartao_credito,cashback,sim,9.47,53,entregue,3.60,nao,1,151,6,concluido,cupom nao aplicado
PED-00138,CLI-0232,2025-02-11,Belo Horizonte,MG,Sudeste,-19.94,-43.87,loja_fisica,medicamento,Ibuprofeno 400mg,1,55.42,46.22,NA,55.42,cartao_credito,sem_promocao,nao,,,nao_aplicavel,,nao,7,145,4,concluido,
PED-00139,CLI-0115,04/11/2025,Belo Horizonte,MG,Sudeste,-19.91,-43.94,loja_fisica,vitamina_suplemento,Whey Protein,1,92.29,85.77,0.00,92.29,pix,sem_promocao,nao,,,nao_aplicavel,,nao,7,126,6,concluido,
PED-00140,CLI-0345,2025-08-21,Recife,PE,Nordeste,-8.06,-34.94,loja_fisica,vitamina_suplemento,Omega 3,1,167.31,141.38,12.00,147.23,cartao_credito,cashback,nao,,,nao_aplicavel,,nao,NA,167,NA,cancelado,
PED-00141,CLI-0201,2025-01-12,Curitiba,PR,Sul,NA,-49.34,loja_fisica,beleza,Hidratante Facial,1,61.75,55.43,0.00,61.75,credito,sem_promocao,nao,,,nao_aplicavel,,nao,1,33,8,concluido,
PED-00142,CLI-0319,2025-11-05,Ribeirão Preto,SP,Sudeste,-21.20,-47.85,loja_fisica,medicamento,Soro Fisiologico,,NA,17.71,10.00,"75,54",dinheiro,cupom_10,nao,,,nao_aplicavel,,sim,,207,5,concluido,
PED-00143,CLI-0053,2025-11-06,Uberaba,MG,Sudeste,-19.70,-47.93,app,vitamina_suplemento,Vitamina D,1,95.86,81.85,"0,00",95.86,cartao_debito,sem promocao,nao,,,nao_aplicavel,,nao,2,26,7,concluido,
PED-00144,CLI-0223,2025-09-22,Uberlândia,MG,Sudeste,-18.97,-48.29,site,bem_estar,Alcool Gel,4,119.61,111.03,0.00,478.43,cartao_debito,sem_promocao,nao,,,nao_aplicavel,,nao,1,225,7,concluido,cupom nao aplicado
PED-00145,CLI-0388,,Brasília,df,Centro-Oeste,-15.82,-47.83,app,higiene,Shampoo Anticaspa,1,,35.52,"0,00",41.80,pix,sem_promocao,nao,,,nao_aplicavel,,sim,2,138,7,concluido,
PED-00146,CLI-0218,2025-05-07,Curitiba,PR,Sul,-25.38,-49.26,loja_fisica,medicamento,Loratadina 10mg,1,42.60,40.55,"0,00",42.60,pix,sem_promocao,nao,,,nao_aplicavel,,nao,4,114,10,concluido,
PED-00147,CLI-0111,2025-03-02,Recife,PE,Nordeste,-8.06,-34.94,loja_fisica,higiene,Sabonete Liquido,1,21.56,18.01,12.00,18.97,cartao_credito,leve_3_pague_2,nao,,,nao_aplicavel,,nao,1,220,8,concluido,
PED-00148,CLI-0258,2025-12-29,Goiânia,GO,Centro-Oeste,-16.75,-49.32,delivery,medicamento,Soro Fisiologico,,51.23,NA,0.00,51.23,dinheiro,sem_promocao,nao,,,nao_aplicavel,,nao,2,136,8,pendente,
PED-00149,CLI-0059,2025-07-31,Uberlândia,MG,Sudeste,-45.00,-48.24,loja_fisica,medicamento,Dipirona 500mg,4,"33,16",32.42,15.00,112.74,cartao_credito,cupom_10,nao,,,nao_aplicavel,,nao,3,141,4,concluido,
PED-00150,CLI-0144,2025-11-20,Manaus,AM,Norte,-3.12,-60.01,site,vitamina_suplemento,Whey Protein,1,107.78,112.47,25.00,80.84,cartao_credito,delivery_gratis,nao,,,nao_aplicavel,,sim,NA,129,7,concluido,
PED-00151,CLI-0099,2025-03-05,Curitiba,PR,Sul,-25.37,-49.25,loja,higiene,Fio Dental,1,46.72,38.44,0.00,46.72,cartao_credito,sem_promocao,nao,,,nao_aplicavel,,sim,3,5,5,concluido,
PED-00152,CLI-0027,2025-12-14,São Paulo,SP,Sudeste,-23.49,-46.57,loja_fisica,beleza,Esmalte,1,NA,76.07,"25,00",59.64,cartao_credito,cupom_10,nao,,,nao_aplicavel,,nao,3,104,4,concluido,produto sem estoque
PED-00153,CLI-0032,2025-06-24,Curitiba,PR,Sul,-25.41,-49.30,loja_fisica,medicamento,Dipirona 500mg,4,42.82,41.23,0.00,NA,cartao_credito,sem_promocao,nao,,,nao_aplicavel,,nao,4,177,10,concluido,
PED-00154,CLI-0160,2025-08-04,CURITIBA,PR,Sul,-25.37,,loja_fisica,medicamento,Omeprazol 20mg,1,49.60,48.81,12.00,43.65,dinheiro,cupom_10,nao,,,nao_aplicavel,,nao,5,37,10,concluido,
PED-00155,CLI-0205,2025-01-02,Uberaba,MG,Sudeste,,NA,loja_fisica,bem_estar,Alcool Gel,1,171.82,185.27,0.00,171.82,credito,sem_promocao,nao,,,nao_aplicavel,,N,1,32,5,concluido,
PED-00156,CLI-0275,08/03/2025,Curitiba,PR,Sul,-25.35,"-49,21",loja_fisica,vitamina_suplemento,Vitamina C,3,,97.46,0.00,274.74,pix,sem_promocao,nao,,,nao_aplicavel,,nao,2,63,7,concluido,
PED-00157,CLI-0118,2025-06-06,UBERABA,MG,Sudeste,-19.79,,loja_fisica,medicamento,Paracetamol 750mg,1,33.26,,0.00,33.26,cartao_credito,sem_promocao,nao,,,nao_aplicavel,,nao,4,159,4,concluido,
PED-00158,CLI-0117,2025-06-27,Brasília,DF,Centro-Oeste,-15.76,-47.82,loja_fisica,medicamento,Ibuprofeno 400mg,5,71.37,80.25,10.00,321.16,cartao_credito,delivery_gratis,nao,,,nao_aplicavel,,não,3,59,7,concluido,
PED-00159,CLI-0156,2025-11-05,Manaus,AM,Norte,-3.18,-59.95,loja fisica,infantil,Shampoo Infantil,5,NA,28.06,0.00,139.97,boleto,sem_promocao,nao,,,nao_aplicavel,,sim,1,57,8,pendente,
PED-00160,CLI-0047,2025-03-15,Uberlândia,MG,Sudeste,-18.90,-48.28,loja_fisica,beleza,Esmalte,1,40.92,39.61,0.00,"40,92",pix,sem promocao,nao,,,nao_aplicavel,,nao,9,116,10,concluido,
PED-00161,CLI-0020,2025-03-26,Belo Horizonte,MG,Sudeste,-19.98,-44.00,loja_fisica,beleza,Esmalte,1,22.69,24.02,15.00,"19,28",pix,delivery_gratis,nao,,,nao_aplicavel,,sim,1,NA,8,concluido,
PED-00162,CLI-0047,2025-02-22,Uberaba,MG,Sudeste,-19.69,-20.00,loja_fisica,higiene,Fio Dental,1,9.52,"8,94",0.00,9.52,cartao_credito,sem_promocao,nao,,,nao_aplicavel,,sim,1,38,9,concluido,cupom nao aplicado
PED-00163,CLI-0395,2025-02-22,Belo Horizonte,MG,Sudeste,-19.99,-43.87,loja_fisica,medicamento,Omeprazol 20mg,NA,NA,62.35,"0,00",61.01,cartao_credito,sem promocao,nao,,,nao_aplicavel,,sim,3,162,4,concluido,possivel duplicata
PED-00164,CLI-0369,2025-05-28,Goiânia,GO,Centro-Oeste,,-49.34,loja_fisica,beleza,Creme Anti-idade,1,50.99,57.93,25.00,38.24,pix,delivery_gratis,nao,,,nao_aplicavel,,nao,1,128,1,concluido,
PED-00165,CLI-0305,2025-08-30,Recife,PE,Nordeste,"-8,00",-34.94,loja,infantil,Pomada Assadura,1,19.82,18.67,12.00,17.44,pix,delivery_gratis,nao,,,nao_aplicavel,,nao,5,44,,concluido,
PED-00166,CLI-0297,2025-12-23,Fortaleza,CE,Nordeste,-3.69,"-38,55",delivery,beleza,Agua Micelar,1,"40,91",42.80,120,0.00,pix,sem_promocao,sim,1.06,19,cancelado,5.00,nao,8,3,8,cancelado,
PED-00167,CLI-0031,09/08/2025,Uberaba,MG,Sudeste,-19.81,-47.89,loja_fisica,medicamento,Loratadina 10mg,1,33.10,"35,77",,33.10,cartao_credito,sem_promocao,nao,,,nao_aplicavel,,nao,8,NA,8,concluido,
PED-00168,CLI-0128,2025-12-07,BELO HORIZONTE,MG,Sudeste,-19.89,-43.96,app,medicamento,Paracetamol 750mg,1,48.92,46.41,10.00,44.03,pix,delivery_gratis,sim,0.96,12,entregue,5.00,sim,6,168,5,concluido,cupom nao aplicado
PED-00169,CLI-0055,2025-12-11,Recife,PE,Nordeste,-8.01,-34.95,loja_fisica,higiene,Sabonete Liquido,5,28.42,30.16,5.00,135.00,cartao debito,cupom_10,nao,,,nao_aplicavel,,sim,7,41,6,concluido,
PED-00170,CLI-0203,2025-03-01,Uberaba,MG,Sudeste,"-19,81",-47.96,delivery,higiene,Shampoo Anticaspa,1,22.04,NA,0.00,22.04,pix,sem_promocao,sim,5.66,47,entregue,4.10,nao,1,148,6,concluido,possivel duplicata
PED-00171,CLI-0166,2025-12-04,Recife,PE,Nordeste,"-8,00",-34.82,site,beleza,Esmalte,3,50.43,NA,0.00,151.28,pix,sem_promocao,sim,"4,67",40,entregue,5.00,sim,5,13,6,concluido,preco divergente
PED-00172,CLI-0006,12-01-2025,Uberaba,MG,Sudeste,-19.81,-47.95,site,medicamento,Omeprazol 20mg,1,59.98,56.52,0.00,59.98,cartao_credito,sem_promocao,nao,,,nao_aplicavel,,nao,1,52,4,concluido,
PED-00173,CLI-0187,17/04/2025,Salvador,BA,Nordeste,-12.96,-38.47,delivery,beleza,Protetor Solar FPS50,2,33.89,29.19,0.00,"67,79",dinheiro,sem_promocao,sim,3.39,30,entregue,4.90,nao,2,168,5,concluido,
PED-00174,CLI-0079,2025-02-06,Uberaba,MG,Sudeste,,-47.91,loja_fisica,bem_estar,Curativo,1,129.24,127.13,0.00,NA,cartao_credito,sem_promocao,nao,,,nao_aplicavel,,nao,8,97,10,concluido,
PED-00175,CLI-0366,2025-07-19,São Paulo,SP,Sudeste,-23.59,-46.70,app,medicamento,Ibuprofeno 400mg,1,62.01,62.60,0.00,62.01,pix,sem_promocao,nao,,,nao_aplicavel,,nao,1,63,5,concluido,
PED-00176,CLI-0126,data_invalida,Uberaba,MG,Sudeste,-19.80,-48.01,app,beleza,Base Facial,5,29.32,29.04,0.00,146.62,cartao_credito,sem_promocao,sim,1.24,15,entregue,4.70,sim,6,135,3,concluido,
PED-00177,CLI-0044,2025-01-04,Salvador,BA,Nordeste,-12.91,-38.43,loja_fisica,vitamina_suplemento,Whey Protein,1,162.98,"138,93",0.00,162.98,cartao_credito,sem_promocao,nao,,,nao_aplicavel,,nao,,105,5,concluido,
PED-00178,CLI-0393,2025-07-24,Belo Horizonte,MG,Sudeste,-19.92,"-43,94",loja_fisica,beleza,Hidratante Facial,1,55.83,48.56,0.00,55.83,dinheiro,sem_promocao,nao,,,nao_aplicavel,,nao,2,87,7,concluido,
PED-00179,CLI-0057,2025-02-16,Uberaba,MG,Sudeste,-19.78,"-47,99",loja_fisica,medicamento,Dipirona 500mg,5,35.29,"34,69",NA,155.27,dinheiro,cupom_10,nao,,,nao_aplicavel,,sim,3,89,7,cancelado,
PED-00180,CLI-0230,data_invalida,Brasília,DF,Centro-Oeste,-15.78,-47.96,delivery,bem_estar,Medidor Pressao,1,,144.08,5.00,154.73,pix,cupom_10,sim,2.40,95,atrazado,3.30,nao,2,111,1,concluido,
PED-00181,CLI-0405,data_invalida,Belo Horizonte,MG,Sudeste,-19.92,-43.90,loja_fisica,medicamento,Paracetamol 750mg,1,19.46,21.74,NA,19.46,pix,sem_promocao,nao,,,nao_aplicavel,,sim,NA,94,7,concluido,
PED-00182,CLI-0093,2025-04-15,GOIÂNIA,GO,Centro-Oeste,-16.67,-49.26,loja_fisica,vitamina_suplemento,Multivitaminico,1,,67.54,0.00,60.92,cartao_credito,sem_promocao,nao,,,nao_aplicavel,,nao,8,45,NA,concluido,
PED-00183,CLI-0125,2025-02-24,Uberaba,MG,Sudeste,"-19,68",-47.92,site,beleza,Protetor Solar FPS50,NA,23.92,"25,86",0.00,23.92,cartao_debito,sem_promocao,nao,,,nao_aplicavel,,nao,1,208,6,cancelado,
PED-00184,CLI-0136,14/12/2025,Fortaleza,CE,Nordeste,-3.80,-38.58,loja_fisica,medicamento,Ibuprofeno 400mg,1,67.84,66.47,"0,00",67.84,cartao_credito,sem_promocao,nao,,,nao_aplicavel,,sim,7,19,6,concluido,
PED-00185,CLI-0243,2025-08-04,Ribeirão Preto,SP,Sudeste,-21.17,-47.81,loja_fisica,vitamina_suplemento,Whey Protein,1,38.52,"42,08",0.00,"38,52",pix,sem_promocao,nao,,,nao_aplicavel,,sim,10,15,4,concluido,
PED-00186,CLI-0329,2025-03-13,Uberaba,MG,Sudeste,-19.74,-47.89,loja_fisica,medicamento,Paracetamol 750mg,1,54.80,49.97,"0,00",54.80,cartao_debito,sem_promocao,nao,,,nao_aplicavel,,não,1,223,9,concluido,
PED-00187,CLI-0283,2025-02-09,Uberaba,MG,Sudeste,-19.82,-47.96,loja_fisica,medicamento,Ibuprofeno 400mg,1,60.18,49.56,10.00,"54,16",pix,leve_3_pague_2,nao,,,nao_aplicavel,,nao,1,39,7,concluido,
PED-00188,CLI-0174,2025-04-29,Uberaba,MG,Sudeste,-19.80,-47.94,site,vitamina_suplemento,Vitamina C,3,105.03,"117,39",NA,315.08,cartao_credito,sem_promocao,nao,,,nao_aplicavel,,nao,6,110,8,concluido,
PED-00189,CLI-0192,2025-03-13,Belo Horizonte,MG,Sudeste,-19.96,NA,loja_fisica,medicamento,Loratadina 10mg,5,10.65,,12.00,46.87,cartao_credito,delivery_gratis,nao,,,nao_aplicavel,,nao,1,136,6,concluido,
PED-00190,CLI-0414,2025-05-23,Uberlândia,MG,Sudeste,"-18,94",-48.26,loja_fisica,medicamento,Soro Fisiologico,1,44.52,47.54,0.00,44.52,cartao_credito,sem_promocao,nao,,,nao_aplicavel,,nao,4,121,10,cancelado,
PED-00191,CLI-0370,2025-10-24,SALVADOR,BA,Nordeste,-13.06,-38.46,delivery,higiene,Sabonete Liquido,1,54.35,47.18,0.00,54.35,cartao_debito,sem_promocao,sim,7.49,65,entregue,"4,50",sim,1,146,8,concluido,
PED-00192,CLI-0333,2025-12-04,Belo Horizonte,MG,Sudeste,-19.97,-43.92,loja_fisica,higiene,Desodorante,1,20.60,22.20,"0,00",20.60,cartao_debito,sem_promocao,nao,,,nao_aplicavel,,nao,1,136,4,concluido,
PED-00193,CLI-0221,2025-08-01,Uberlândia,MG,Sudeste,"0,00",-48.23,loja_fisica,medicamento,Paracetamol 750mg,1,9.76,8.53,0.00,9.76,dinheiro,sem_promocao,nao,,,nao_aplicavel,,nao,1,131,4,concluido,cupom nao aplicado
PED-00194,CLI-0236,2025-04-06,Uberaba,MG,Sudeste,-19.71,-48.00,delivery,medicamneto,Soro Fisiologico,1,68.16,72.69,999,59.98,pix,cupom_10,sim,1.04,8,entregue,4.80,nao,2,36,6,concluido,
PED-00195,CLI-0103,03-20-2025,Manaus,AM,Norte,-3.18,-60.00,loja_fisica,higiene,Absorvente,1,50.13,43.14,"0,00",50.13,pix,sem_promocao,nao,,,nao_aplicavel,,sim,4,141,3,concluido,cupom nao aplicado
PED-00196,CLI-0075,2025-11-27,Uberaba,MG,Sudeste,,-47.86,loja_fisica,medicamento,Loratadina 10mg,4,34.69,30.83,0.00,138.75,pix,sem_promocao,nao,,,nao_aplicavel,,sim,2,81,7,concluido,cupom nao aplicado
PED-00197,CLI-0049,2025-10-22,Uberlândia,MG,Sudeste,-18.90,-48.32,loja_fisica,medicamento,Dipirona 500mg,5,27.05,NA,,NA,cartao_credito,sem_promocao,nao,,,nao_aplicavel,,nao,4,77,7,concluido,
PED-00198,CLI-0327,2025-11-10,Curitiba,PR,Sul,"-25,50",-49.35,loja_fisica,medicamento,Ibuprofeno 400mg,5,26.08,27.67,15.00,110.86,cartao_credito,leve_3_pague_2,nao,,,nao_aplicavel,,nao,2,135,4,concluido,
PED-00199,CLI-0158,2025-03-08,MANAUS,AM,Norte,-3.15,-60.03,loja_fisica,medicamento,Omeprazol 20mg,1,"32,36",29.42,0.00,,cartao_credito,sem_promocao,nao,,,nao_aplicavel,,nao,5,26,9,concluido,
PED-00200,CLI-0106,2025-02-03,Belém,PA,Norte,-1.52,-48.55,loja_fisica,vitamina_suplemento,Colageno,1,87.71,95.05,,74.55,cartao_debito,cupom_10,nao,,,nao_aplicavel,,não,1,NA,-1,concluido,
PED-00201,CLI-0340,29/05/2025,Ribeirão Preto,SP,Sudeste,-21.12,-47.81,loja_fisica,medicamento,Dipirona 500mg,3,58.58,54.62,0.00,NA,pix,sem_promocao,nao,,,nao_aplicavel,,sim,4,3,6,concluido,
PED-00202,CLI-0406,2025-07-20,Belém,PA,Norte,-1.40,-48.54,app,bem_estar,Mascara Facial,1,157.98,135.76,NA,,cartao_credito,cupom_10,nao,,,nao_aplicavel,,não,NA,2,8,concluido,cliente reclamou do atraso
PED-00203,CLI-0134,2025-10-27,Uberaba,MG,Sudeste,-19.67,"-47,90",loja_fisica,medicamento,Soro Fisiologico,4,22.66,25.60,0.00,"90,65",cartao_credito,sem_promocao,nao,,,nao_aplicavel,,nao,5,44,6,concluido,
PED-00204,CLI-0029,2025-10-06,São Paulo,sp,Sudeste,-23.49,-46.59,loja_fisica,higiene,Creme Dental,4,47.57,"46,89",5.00,180.75,cartao_credito,delivery_gratis,nao,,,nao_aplicavel,,nao,12,27,3,concluido,cupom nao aplicado
PED-00205,CLI-0064,2025-01-29,Ribeirão Preto,SP,Sudeste,"-21,24",-47.86,loja_fisica,medicamento,Omeprazol 20mg,4,35.11,36.44,20.00,"112,34",cartao_credito,delivery_gratis,nao,,,nao_aplicavel,,nao,6,,6,concluido,
PED-00206,CLI-0402,data_invalida,Belo Horizonte,MG,Sudeste,-19.95,-43.86,loja_fisica,medicamento,Omeprazol 20mg,1,42.37,46.39,0.00,42.37,cartao credito,sem_promocao,nao,,,nao_aplicavel,,nao,3,100,5,concluido,
PED-00207,CLI-0069,2025-05-09,Brasília,DF,Centro-Oeste,"-15,73",NA,loja_fisica,medicamento,Dipirona 500mg,,"64,74",NA,15.00,55.03,dinheiro,cupom_10,nao,,,nao_aplicavel,,nao,5,51,3,concluido,
PED-00208,CLI-0129,06/02/2025,Fortaleza,CE,Nordeste,-3.72,,loja_fisica,medicamento,Loratadina 10mg,1,16.52,13.67,NA,14.54,cartao_credito,delivery_gratis,nao,,,nao_aplicavel,,sim,4,40,5,concluido,
PED-00209,CLI-0221,2025-08-02,Fortaleza,CE,Nordeste,-3.71,-90.00,site,vitamina_suplemento,Omega 3,1,171.72,142.77,0.00,171.72,cartao_credito,sem_promocao,nao,,,nao_aplicavel,,nao,8,58,10,concluido,cliente reclamou do atraso
PED-00210,CLI-0040,08-13-2025,Salvador,BA,Nordeste,-13.06,-38.47,loja_fisica,vitamina_suplemento,Vitamina C,1,62.86,61.17,0.00,62.86,cartao_credito,sem_promocao,nao,,,nao_aplicavel,,nao,1,170,8,concluido,
PED-00211,CLI-0221,02-28-2025,Curitiba,PR,Sul,-25.49,-49.20,delivery,beleza,Agua Micelar,1,76.77,83.94,0.00,76.77,pix,sem promocao,sim,2.19,17,entregue,5.00,nao,6,8,6,concluido,
PED-00212,CLI-0239,2025-10-05,Fortaleza,CE,Nordeste,-3.81,-38.48,site,bem_estar,Termometro Digital,1,64.11,68.40,0.00,64.11,cartao_credito,sem_promocao,sim,4.28,82,atrasado,2.00,nao,1,122,4,concluido,
PED-00213,CLI-0013,2025-09-17,Recife,PE,Nordeste,"-8,07",-34.84,loja_fisica,higiene,Creme Dental,1,18.37,18.84,10.00,16.54,pix,delivery_gratis,nao,,,nao_aplicavel,,sim,8,85,8,concluido,possivel duplicata
PED-00214,CLI-0210,2025-09-28,São Paulo,SP,Sudeste,-23.53,-46.60,delivery,higiene,Sabonete Liquido,5,31.98,29.58,12.00,140.69,pix,cupom_10,sim,1.82,16,entregue,3.60,nao,4,129,8,concluido,
PED-00215,CLI-0061,01-13-2025,Brasília,DF,Centro-Oeste,-15.73,-47.84,delivery,medicamento,Dipirona 500mg,1,74.33,70.52,0.00,74.33,pix,sem_promocao,nao,,,nao_aplicavel,,S,8,86,2,cancelado,
PED-00216,CLI-0316,07-16-2025,Ribeirão Preto,SP,Sudeste,-21.11,-47.80,loja_fisica,vitamina_suplemento,Whey Protein,1,"138,87",136.94,0.00,138.87,cartao_credito,sem_promocao,nao,,,nao_aplicavel,,nao,4,NA,2,concluido,cliente reclamou do atraso
PED-00217,CLI-0039,08-10-2025,BELO HORIZONTE,MG,Sudeste,-19.95,-44.00,loja_fisica,beleza,Protetor Solar FPS50,1,44.24,46.81,0.00,44.24,cartao_credito,sem_promocao,nao,,,nao_aplicavel,,nao,5,70,4,concluido,
PED-00218,CLI-0154,2025-12-30,Brasília,DF,Centro-Oeste,"-15,75",-47.96,loja_fisica,medicamento,Omeprazol 20mg,1,36.02,37.11,"0,00",36.02,cartao_credito,sem_promocao,nao,,,nao_aplicavel,,nao,9,171,4,concluido,
PED-00219,CLI-0294,data_invalida,CURITIBA,PR,Sul,-25.44,-49.26,loja_fisica,medicamento,Soro Fisiologico,5,,31.89,0.00,173.56,dinheiro,sem_promocao,nao,,,nao_aplicavel,,nao,5,160,11,concluido,
PED-00220,CLI-0038,11-20-2025,Ribeirão Preto,SP,Sudeste,-21.19,-47.81,loja_fisica,medicamento,Ibuprofeno 400mg,3,10.26,11.29,5.00,"29,25",cartao_debito,delivery_gratis,nao,,,nao_aplicavel,,nao,7,106,6,concluido,
PED-00221,CLI-0288,23/10/2025,Brasília,df,Centro-Oeste,-15.81,-47.90,loja_fisica,higiene,Sabonete Liquido,5,NA,29.07,0.00,142.30,cartao_credito,sem_promocao,nao,,,nao_aplicavel,,sim,1,156,8,concluido,
PED-00222,CLI-0215,2025-03-04,Belo Horizonte,MG,Sudeste,-19.88,"-43,95",loja_fisica,beleza,Hidratante Facial,1,19.10,18.64,20.00,15.28,pix,cupom_10,nao,,,nao_aplicavel,,sim,3,111,8,concluido,
PED-00223,CLI-0099,2025-02-18,Ribeirão Preto,sp,Sudeste,"-21,25",-47.73,loja_fisica,medicamento,Paracetamol 750mg,1,30.18,26.93,0.00,30.18,dinheiro,sem_promocao,nao,,,nao_aplicavel,,sim,8,109,6,concluido,
PED-00224,CLI-0160,data_invalida,Uberaba,MG,Sudeste,-19.80,-47.94,app,medicamento,Dipirona 500mg,1,62.08,58.72,25.00,46.56,credito,cupom_10,nao,,,nao_aplicavel,,sim,3,20,9,concluido,
PED-00225,CLI-0321,2025-02-18,Uberaba,MG,Sudeste,-19.80,-47.96,loja fisica,medicamento,Omeprazol 20mg,4,41.69,47.47,12.00,"146,74",dinheiro,cupom_10,nao,,,nao_aplicavel,,sim,1,177,9,concluido,
PED-00226,CLI-0002,2025-07-07,Goiânia,GO,Centro-Oeste,"-16,63","-49,29",delivery,beleza,Base Facial,1,102.96,100.95,5.00,97.81,cartao_credito,cupom_10,sim,"0,66",8,entregue,4.30,nao,5,30,8,concluido,
PED-00227,CLI-0300,2025-08-14,Salvador,BA,Nordeste,-13.03,-38.44,loja_fisica,medicamento,Ibuprofeno 400mg,1,40.82,44.34,0.00,40.82,pix,sem_promocao,nao,,,nao_aplicavel,,sim,5,53,4,concluido,
PED-00228,CLI-0192,07/10/2025,Uberlândia,MG,Sudeste,-18.89,-48.34,loja_fisica,bem_estar,Mascara Facial,1,NA,111.38,0.00,102.47,cartao_debito,sem_promocao,nao,,,nao_aplicavel,,nao,5,102,8,concluido,
PED-00229,CLI-0052,02-11-2025,Uberaba,MG,Sudeste,-19.75,-47.91,loja_fisica,medicamento,Paracetamol 750mg,1,65.47,53.79,0.00,65.47,pix,sem_promocao,nao,,,nao_aplicavel,,N,6,178,5,concluido,
PED-00230,CLI-0055,06/08/2025,Uberaba,MG,Sudeste,-19.82,-47.97,loja,medicamento,Loratadina 10mg,1,28.84,27.33,"0,00",28.84,cartao_debito,sem_promocao,nao,,,nao_aplicavel,,sim,2,175,7,concluido,cupom nao aplicado
PED-00231,CLI-0009,2025-08-21,Manaus,AM,Norte,-3.09,-60.06,delivery,higiene,Absorvente,1,8.91,8.36,0.00,8.91,dinheiro,sem_promocao,sim,5.60,46,entrgue,NA,sim,3,9,6,concluido,
PED-00232,CLI-0344,2025-08-10,Uberaba,mg,Sudeste,-19.68,"-47,98",delivery,higiene,Sabonete Liquido,3,54.76,45.76,0.00,NA,credito,sem_promocao,sim,10.09,64,entregue,3.60,sim,1,133,5,concluido,
PED-00233,CLI-0012,11-20-2025,Uberaba,MG,Sudeste,-19.72,"-47,98",site,medicamento,Omeprazol 20mg,1,73.99,71.36,0.00,73.99,cartao_credito,sem_promocao,sim,3.58,22,em_rota,4.50,sim,3,125,5,concluido,
PED-00234,CLI-0313,2025-06-21,Manaus,AM,Norte,"-3,13",-59.95,loja_fisica,medicamento,Ibuprofeno 400mg,3,53.78,44.60,0.00,"161,35",cartao_credito,sem_promocao,nao,,,nao_aplicavel,,nao,12,153,8,cancelado,
PED-00235,CLI-0134,2025-03-23,Belém,PA,Norte,-1.46,-48.47,app,vitamina_suplemento,Omega 3,1,130.71,126.85,0.00,130.71,cartao_credito,sem_promocao,nao,,,nao_aplicavel,,sim,5,155,6,concluido,
PED-00236,CLI-0291,25/06/2025,Goiânia,GO,Centro-Oeste,-16.66,-49.27,delivery,beleza,Hidratante Facial,1,88.45,"76,72",NA,88.45,pix,sem_promocao,sim,2.12,22,entregue,4.70,sim,4,112,9,concluido,
PED-00237,CLI-0117,2025-03-18,Belo Horizonte,MG,Sudeste,-19.99,,loja_fisica,medicamento,Ibuprofeno 400mg,1,60.13,66.74,20.00,48.10,pix,delivery_gratis,nao,,,nao_aplicavel,,nao,,8,6,concluido,cliente reclamou do atraso
PED-00238,CLI-0292,27/01/2025,Uberaba,MG,Sudeste,-19.79,-47.92,loja,higiene,Desodorante,1,16.43,14.60,0.00,16.43,cartao_debito,sem_promocao,nao,,,nao_aplicavel,,sim,1,141,6,concluido,
PED-00239,CLI-0053,15/08/2025,Ribeirão Preto,SP,Sudeste,-21.18,-47.86,loja_fisica,beleza,Agua Micelar,1,35.33,32.42,15.00,30.03,dinheiro,cupom_10,nao,,,nao_aplicavel,,nao,10,53,7,concluido,
PED-00240,CLI-0103,2025-05-21,Belo Horizonte,MG,Sudeste,-19.99,-43.95,site,higiene,Shampoo Anticaspa,1,,18.26,0.00,17.01,pix,sem_promocao,nao,,,nao_aplicavel,,sim,6,112,7,concluido,
PED-00241,CLI-0396,10-21-2025,Uberlândia,MG,Sudeste,-18.84,-48.24,loja_fisica,vitamina_suplemento,Multivitaminico,1,143.23,130.81,NA,"143,23",cartao_credito,sem_promocao,nao,,,nao_aplicavel,,S,9,179,NA,concluido,
PED-00242,CLI-0239,2025-02-27,São Paulo,SP,Sudeste,-23.58,-46.70,site,medicamento,Dipirona 500mg,NA,61.51,NA,15.00,NA,cartao_credito,cupom_10,nao,,,nao_aplicavel,,sim,9,38,10,concluido,
PED-00243,CLI-0156,01-14-2025,Recife,PE,Nordeste,NA,-34.93,loja_fisica,medicamento,Ibuprofeno 400mg,,71.28,79.63,10.00,64.15,cartao_credito,cupom_10,nao,,,nao_aplicavel,,nao,1,100,8,concluido,
PED-00244,CLI-0154,2025-08-22,Uberaba,MG,Sudeste,-19.67,-47.89,loja_fisica,medicamento,Ibuprofeno 400mg,1,"33,46","28,14",25.00,25.10,cartao_credito,leve_3_pague_2,nao,,,nao_aplicavel,,nao,1,210,5,concluido,cliente reclamou do atraso
PED-00245,CLI-0024,2025-07-26,Belo Horizonte,MG,Sudeste,-19.86,-44.00,loja_fisica,medicamento,Loratadina 10mg,1,NA,57.25,15.00,58.57,cartao_credito,delivery_gratis,nao,,,nao_aplicavel,,nao,7,134,8,concluido,
PED-00246,CLI-0068,2025-04-26,Goiânia,GO,Centro-Oeste,NA,-49.33,loja_fisica,medicamento,Omeprazol 20mg,1,NA,64.65,0.00,56.91,dinheiro,sem_promocao,nao,,,nao_aplicavel,,nao,4,37,8,concluido,
PED-00247,CLI-0235,data_invalida,Uberaba,MG,Sudeste,-19.79,-47.89,loja_fisica,higiene,Absorvente,1,31.92,27.46,0.00,31.92,pix,sem_promocao,nao,,,nao_aplicavel,,nao,2,,5,concluido,
PED-00248,CLI-0165,2025-11-09,Goiânia,GO,Centro-Oeste,-16.67,,loja_fisica,vitamina_suplemento,Vitamina D,1,87.14,83.20,0.00,87.14,cartao_credito,sem_promocao,nao,,,nao_aplicavel,,nao,1,107,8,concluido,
PED-00249,CLI-0079,03-02-2025,Uberaba,MG,Sudeste,-19.79,-48.00,loja_fisica,medicamento,Ibuprofeno 400mg,1,43.12,"42,83",0.00,43.12,pix,sem_promocao,nao,,,nao_aplicavel,,sim,1,224,6,concluido,
PED-00250,CLI-0290,2025-02-12,Uberlândia,MG,Sudeste,-18.89,"-48,30",site,beleza,Esmalte,1,76.51,87.15,15.00,65.03,cartao_credito,delivery_gratis,nao,,,nao_aplicavel,,nao,5,170,8,concluido,
PED-00251,CLI-0235,2025-07-31,Uberaba,MG,Sudeste,-19.79,-47.99,loja_fisica,higiene,Creme Dental,5,19.17,18.45,0.00,"95,84",pix,sem_promocao,nao,,,nao_aplicavel,,nao,6,41,7,concluido,
PED-00252,CLI-0135,12-25-2025,Belém,PA,Norte,-1.51,-48.57,app,medicamento,Ibuprofeno 400mg,1,"27,85",29.17,25.00,,pix,leve_3_pague_2,nao,,0,nao_aplicavel,,nao,1,118,4,concluido,
PED-00253,CLI-0412,2025-10-18,Belém,PA,Norte,-1.53,-48.47,loja_fisica,vitamina_suplemento,Whey Protein,1,114.20,103.20,12.00,100.49,dinheiro,cupom_10,nao,,,nao_aplicavel,,sim,4,93,8,concluido,
PED-00254,CLI-0373,,Ribeirão Preto,SP,Sudeste,-21.16,-47.88,loja_fisica,infantil,Fralda P,1,105.84,96.14,"0,00",105.84,pix,sem_promocao,nao,,,nao_aplicavel,,N,1,184,6,concluido,
PED-00255,CLI-0176,2025-09-11,São Paulo,SP,Sudeste,-23.51,-46.55,loja_fisica,vitamina_suplemento,Vitamina C,1,NA,125.89,0.00,,cartao_credito,sem_promocao,nao,,,nao_aplicavel,,nao,NA,110,NA,concluido,
PED-00256,CLI-0407,2025-11-04,Uberaba,MG,Sudeste,"-19,74",-47.86,app,medicamento,Soro Fisiologico,1,19.85,19.11,0.00,19.85,dinheiro,sem_promocao,nao,,,nao_aplicavel,,sim,8,79,3,concluido,
PED-00257,CLI-0070,2025-09-24,Ribeirão Preto,SP,Sudeste,-21.13,-47.74,loja_fisica,beleza,Base Facial,1,74.11,,0.00,74.11,pix,sem_promocao,nao,,,nao_aplicavel,,nao,3,160,4,concluido,produto sem estoque
PED-00258,CLI-0417,2025-01-23,Belo Horizonte,mg,Sudeste,"-19,88",-43.93,delivery,medicamento,Ibuprofeno 400mg,2,38.63,38.74,0.00,0.00,cartao_debito,sem_promocao,sim,2.18,24,cancelado,5.00,sim,3,45,7,cancelado,
PED-00259,CLI-0045,2025-05-12,Uberaba,MG,Sudeste,-19.80,-47.89,loja_fisica,medicamento,Omeprazol 20mg,5,,29.88,0.00,135.41,cartao_credito,sem_promocao,nao,,,nao_aplicavel,,nao,5,32,7,concluido,
PED-00260,CLI-0274,2025-08-14,Uberaba,MG,Sudeste,-19.79,-47.92,loja_fisica,medicamento,Soro Fisiologico,1,24.47,25.42,0.00,,pix,sem_promocao,nao,,,nao_aplicavel,,nao,1,215,7,concluido,
PED-00261,CLI-0236,05-27-2025,Belo Horizonte,MG,Sudeste,-19.92,-43.87,loja_fisica,medicamento,Ibuprofeno 400mg,1,19.68,21.21,0.00,19.68,cartao_debito,sem_promocao,nao,,,nao_aplicavel,,sim,9,58,8,concluido,
PED-00262,CLI-0382,2025-06-22,Fortaleza,CE,Nordeste,"-3,68",-38.48,loja_fisica,higiene,Sabonete Liquido,1,25.45,24.01,12.00,22.39,dinheiro,cupom_10,nao,,,nao_aplicavel,,nao,NA,164,8,concluido,
PED-00263,CLI-0288,2025-12-27,Recife,PE,Nordeste,-8.12,-34.86,loja_fisica,remedio,Loratadina 10mg,1,28.32,31.47,0.00,28.32,cartao_debito,sem_promocao,nao,,,nao_aplicavel,,sim,4,71,10,concluido,
PED-00264,CLI-0164,2025-09-11,Belém,PA,Norte,-1.43,-48.52,loja_fisica,beleza,Protetor Solar FPS50,,32.75,32.31,NA,27.84,cartao_credito,leve_3_pague_2,nao,,,nao_aplicavel,,sim,2,61,3,concluido,
PED-00265,CLI-0091,12/02/2025,Uberaba,MG,Sudeste,-19.68,-47.90,loja_fisica,higiene,Desodorante,2,50.84,"54,09","0,00",101.68,cartao_credito,sem_promocao,nao,,,nao_aplicavel,,sim,2,NA,5,concluido,
PED-00266,CLI-0097,2025-12-13,Uberaba,MG,Sudeste,-19.71,-47.94,loja_fisica,beleza,Creme Anti-idade,1,68.30,75.20,999,NA,cartao_debito,sem_promocao,nao,,,nao_aplicavel,,nao,7,19,6,concluido,cupom nao aplicado
PED-00267,CLI-0382,03/02/2025,Uberlândia,MG,Sudeste,-18.90,-48.21,loja_fisica,medicamento,Soro Fisiologico,1,56.72,55.39,0.00,56.72,cartao_debito,sem_promocao,nao,,,nao_aplicavel,,nao,1,181,6,concluido,
PED-00268,CLI-0166,2025-04-08,RIBEIRÃO PRETO,SP,Sudeste,"-21,19",-47.84,loja_fisica,bem_estar,Teste Glicemia,1,"213,57","240,84",0.00,213.57,dinheiro,sem_promocao,nao,,,nao_aplicavel,,nao,6,36,5,concluido,
PED-00269,CLI-0251,2025-06-19,Fortaleza,CE,Nordeste,-3.67,-38.53,loja_fisica,medicamento,Ibuprofeno 400mg,1,68.42,"69,45",10.00,,cartao_credito,delivery_gratis,nao,,,nao_aplicavel,,nao,9,80,9,concluido,
PED-00270,CLI-0076,2025-04-10,Goiânia,GO,Centro-Oeste,-16.74,-49.20,delivery,higiene,Creme Dental,1,18.91,"16,75",0.00,18.91,cartao_credito,sem_promocao,sim,4.11,40,entregue,3.50,sim,4,,7,concluido,
PED-00271,CLI-0356,2025-05-01,Uberaba,MG,Sudeste,-19.68,,app,medicamento,Paracetamol 750mg,1,,27.00,0.00,"32,14",cartao_debito,sem_promocao,nao,,,nao_aplicavel,,sim,1,NA,6,concluido,
PED-00272,CLI-0199,07-08-2025,Uberaba,MG,Sudeste,-19.79,-47.94,loja_fisica,medicamento,Dipirona 500mg,1,63.55,"57,51",0.00,"63,55",cartao_debito,sem_promocao,nao,,,nao_aplicavel,,sim,1,82,7,concluido,
PED-00273,CLI-0318,data_invalida,Recife,PE,Nordeste,-8.09,-34.88,delivery,medicamento,Paracetamol 750mg,1,71.44,69.82,NA,"71,44",cartao_credito,sem_promocao,sim,15.64,114,atrasado,1.00,sim,1,33,3,concluido,
PED-00274,CLI-0364,2025-02-03,Uberlândia,mg,Sudeste,-18.99,-48.27,loja_fisica,medicamento,Soro Fisiologico,1,33.29,36.85,12.00,,cartao_credito,cupom_10,nao,,,nao_aplicavel,,nao,4,68,6,concluido,
PED-00275,CLI-0277,2025-09-11,Belo Horizonte,MG,Sudeste,-19.94,,delivery,beleza,Hidratante Facial,NA,24.08,24.72,"0,00",24.08,pix,sem_promocao,sim,"4,49",40,entregue,4.40,nao,7,146,7,concluido,
PED-00276,CLI-0035,2025-09-11,Brasília,DF,Centro-Oeste,-15.73,-47.93,delivery,medicamento,Omeprazol 20mg,1,12.84,,5.00,NA,credito,delivery_gratis,sim,1.73,15,entregue,"5,00",nao,1,61,4,concluido,
PED-00277,CLI-0228,2025-08-21,Ribeirão Preto,SP,Sudeste,-21.24,-47.85,app,vitamina_suplemento,Vitamina D,1,75.05,"72,37",0.00,0.00,cartao_credito,sem_promocao,sim,4.53,24,canceldo,4.50,N,1,77,6,cancelado,
PED-00278,CLI-0135,29/12/2025,Manaus,AM,Norte,-3.10,0.00,loja_fisica,higiene,Fio Dental,1,37.47,35.79,120,37.47,cartao_credito,sem_promocao,nao,,,nao_aplicavel,,nao,6,121,5,concluido,
PED-00279,CLI-0245,20/04/2025,Uberlândia,MG,Sudeste,,-48.23,loja_fisica,medicamento,Loratadina 10mg,1,33.99,33.41,5.00,32.29,cartao_debito,delivery_gratis,nao,,,nao_aplicavel,,nao,12,144,5,concluido,
PED-00280,CLI-0262,2025-01-21,Belo Horizonte,MG,Sudeste,"-19,99",-44.00,delivery,vitamina_suplemento,Multivitaminico,1,167.15,154.56,,167.15,cartao_debito,sem_promocao,nao,,,nao_aplicavel,,sim,7,176,5,concluido,
PED-00281,CLI-0192,2025-12-19,São Paulo,SP,Sudeste,-23.56,-46.61,delivey,beleza,Hidratante Facial,1,71.99,63.03,12.00,63.35,dinheiro,cupom_10,sim,1.31,73,atrasado,2.00,sim,1,154,5,concluido,
PED-00282,CLI-0012,2025-12-18,Uberaba,mg,Sudeste,"-19,78",-47.93,app,medicamento,Dipirona 500mg,1,10.68,"9,73",0.00,0.00,cartao_credito,sem_promocao,sim,3.74,27,canceldo,4.70,nao,3,56,8,cancelado,
PED-00283,CLI-0194,2025-09-26,Uberaba,MG,Sudeste,NA,-47.97,loja_fisica,vitamina_suplemento,Whey Protein,1,93.54,79.02,25.00,70.15,cartao_credito,delivery_gratis,nao,,,nao_aplicavel,,nao,1,134,6,concluido,
PED-00284,CLI-0160,2025-07-06,Goiânia,GO,Centro-Oeste,-16.68,-49.26,site,medicamento,Dipirona 500mg,1,23.31,23.04,0.00,23.31,cartao_credito,sem promocao,sim,1.03,24,entregue,5.00,nao,1,48,6,concluido,
PED-00285,CLI-0311,2025-03-09,Ribeirão Preto,SP,Sudeste,-21.18,-47.88,loja_fisica,medicamento,Dipirona 500mg,1,48.80,51.16,0.00,48.80,cartao_credito,sem_promocao,nao,,,nao_aplicavel,,N,2,96,6,concluido,
PED-00286,CLI-0238,2025-03-13,Uberaba,MG,Sudeste,-19.79,-47.89,app,beleza,Creme Anti-idade,1,16.72,,0.00,16.72,pix,sem promocao,nao,,,nao_aplicavel,,não,1,44,9,concluido,
PED-00287,CLI-0374,2025-11-15,Ribeirão Preto,SP,Sudeste,"-21,20",-47.82,loja_fisica,remedio,Omeprazol 20mg,NA,"32,65",32.15,20.00,26.12,cartao_debito,cupom_10,nao,,,nao_aplicavel,,sim,5,39,4,concluido,
PED-00288,CLI-0302,2025-07-10,Manaus,AM,Norte,-3.09,-60.08,loja_fisica,beleza,Esmalte,4,109.64,95.36,25.00,328.92,pix,cupom_10,nao,,,nao_aplicavel,,sim,3,152,9,concluido,
PED-00289,CLI-0252,2025-06-10,Uberlândia,MG,Sudeste,"-18,98","-48,33",loja_fisica,higiene,Fio Dental,NA,46.12,39.57,"0,00",92.25,dinheiro,sem_promocao,nao,,,nao_aplicavel,,nao,NA,54,7,concluido,
PED-00290,CLI-0270,2025-01-21,Uberaba,MG,Sudeste,"-19,80",-47.97,loja_fisica,remedio,Omeprazol 20mg,1,63.04,63.66,0.00,63.04,cartao_credito,sem_promocao,nao,,,nao_aplicavel,,nao,1,187,3,concluido,
PED-00291,CLI-0364,2025-06-20,Uberaba,MG,Sudeste,-19.80,-47.86,loja_fisica,medicamento,Soro Fisiologico,1,46.81,46.66,0.00,46.81,dinheiro,sem_promocao,nao,,,nao_aplicavel,,sim,1,152,5,concluido,produto sem estoque
PED-00292,CLI-0381,2025-12-31,Fortaleza,CE,Nordeste,-3.78,-38.58,loja_fisica,medicamento,Dipirona 500mg,1,,42.67,25.00,36.90,dinheiro,cupom_10,nao,,,nao_aplicavel,,sim,5,135,8,concluido,
PED-00293,CLI-0417,2025-05-16,Goiânia,GO,Centro-Oeste,-16.63,-49.21,loja_fisica,beleza,Base Facial,1,101.26,85.50,20.00,81.01,pix,delivery_gratis,nao,,,nao_aplicavel,,nao,10,4,10,concluido,
PED-00294,CLI-0123,2025-02-19,Goiânia,GO,Centro-Oeste,-16.73,-49.32,loja_fisica,medicamento,Soro Fisiologico,4,28.74,"31,41",0.00,114.94,cartao_credito,sem_promocao,nao,,,nao_aplicavel,,sim,1,228,5,concluido,
PED-00295,CLI-0382,2025-07-19,Uberaba,mg,Sudeste,-19.75,-47.87,loja,higiene,Sabonete Liquido,5,31.60,33.73,5.00,150.08,cartao_credito,cupom_10,nao,,,nao_aplicavel,,sim,1,199,7,concluido,
PED-00296,CLI-0039,2025-02-24,Salvador,BA,Nordeste,-12.96,-38.54,loja_fisica,higiene,Desodorante,1,"53,28",49.48,0.00,53.28,cartao_credito,sem_promocao,nao,,,nao_aplicavel,,nao,4,127,4,concluido,
PED-00297,CLI-0022,2025-01-21,Uberlândia,MG,Sudeste,-18.85,-48.25,delivery,medicamento,Loratadina 10mg,1,66.82,"75,00",0.00,66.82,pix,sem_promocao,nao,,,nao_aplicavel,,nao,4,138,9,concluido,
PED-00298,CLI-0383,2025-07-30,Belo Horizonte,MG,Sudeste,-19.97,-43.93,site,medicamento,Loratadina 10mg,,,21.37,0.00,104.19,cartao credito,sem_promocao,nao,,,nao_aplicavel,,nao,NA,63,10,concluido,possivel duplicata
PED-00299,CLI-0082,2025-07-19,Ribeirão Preto,SP,Sudeste,-21.15,-47.82,loja,medicamento,Soro Fisiologico,1,66.29,59.70,0.00,66.29,cartao_credito,sem_promocao,nao,,,nao_aplicavel,,sim,NA,46,3,concluido,
PED-00300,CLI-0011,2025-07-26,Ribeirão Preto,SP,Sudeste,-21.22,-47.87,delivery,vitamina_suplemento,Colageno,1,68.84,71.17,0.00,68.84,pix,sem_promocao,sim,6.12,41,entregue,,nao,6,141,6,concluido,
PED-00301,CLI-0144,2025-12-15,Belo Horizonte,MG,Sudeste,-19.86,-43.98,loja_fisica,medicamento,Soro Fisiologico,5,56.13,56.58,0.00,280.67,dinheiro,sem_promocao,nao,,,nao_aplicavel,,nao,9,53,7,concluido,possivel duplicata
PED-00302,CLI-0017,2025-03-22,Uberaba,MG,Sudeste,,-47.93,loja_fisica,beleza,Hidratante Facial,NA,101.86,98.18,0.00,101.86,cartao_credito,sem_promocao,nao,,,nao_aplicavel,,nao,1,216,5,concluido,
PED-00303,CLI-0376,2025-11-01,Fortaleza,CE,Nordeste,-3.66,-38.51,loja_fisica,medicamento,Loratadina 10mg,1,46.01,41.56,0.00,"46,01",pix,sem_promocao,nao,,,nao_aplicavel,,nao,8,50,5,concluido,
PED-00304,CLI-0390,16/04/2025,Uberlândia,MG,Sudeste,-18.95,-48.27,loja_fisica,vitamina_suplemento,Vitamina C,1,47.91,49.01,"0,00",47.91,pix,sem_promocao,nao,,,nao_aplicavel,,sim,2,70,8,pendente,
PED-00305,CLI-0404,2025-03-17,Fortaleza,CE,Nordeste,-3.73,-38.56,loja_fisica,medicamento,Paracetamol 750mg,1,46.62,49.61,"0,00",46.62,cartao_credito,sem_promocao,nao,,,nao_aplicavel,,nao,1,128,2,canceldo,
PED-00306,CLI-0003,2025-09-27,São Paulo,SP,Sudeste,-23.57,-46.55,site,beleza,Agua Micelar,1,,17.14,"0,00",,pix,sem_promocao,nao,,,nao_aplicavel,,nao,7,164,6,concluido,
PED-00307,CLI-0096,2025-05-09,Belo Horizonte,MG,Sudeste,-19.88,-43.88,loja_fisica,medicamento,Dipirona 500mg,1,66.52,70.52,NA,63.19,cartao_credito,cupom_10,nao,,,nao_aplicavel,,nao,3,172,5,concluido,
PED-00308,CLI-0073,2025-04-21,Uberlândia,MG,Sudeste,-18.88,"-48,35",loja_fisica,vitamina_suplemento,Multivitaminico,1,"64,95",61.46,0.00,NA,cartao credito,sem_promocao,nao,,,nao_aplicavel,,nao,2,153,6,concluido,
PED-00309,CLI-0213,2025-01-16,Recife,pe,Nordeste,"-8,04",-34.96,delivery,bem_estar,Curativo,1,120.96,125.84,0.00,0.00,dinheiro,sem_promocao,sim,2.91,24,cancelado,3.90,nao,9,174,4,cancelado,
PED-00310,CLI-0219,2025-11-19,Uberlândia,MG,Sudeste,-18.97,-48.27,delivery,bem_estar,Termometro Digital,1,212.99,210.05,,212.99,cartao_credito,sem_promocao,nao,,,nao_aplicavel,,sim,2,10,9,concluido,
PED-00311,CLI-0378,2025-01-21,Goiânia,go,Centro-Oeste,-16.62,-49.25,loja_fisica,infantil,Lenço Umedecido,1,,44.37,20.00,39.62,pix,delivery_gratis,nao,,,nao_aplicavel,,nao,2,11,5,concluido,
PED-00312,CLI-0317,13/12/2025,Recife,PE,Nordeste,-8.00,-34.91,delivery,higiene,Absorvente,1,28.90,,10.00,NA,pix,cashback,sim,"3,42",20,entregue,4.50,sim,9,44,6,concluido,
PED-00313,CLI-0356,2025-10-15,Fortaleza,CE,Nordeste,-3.75,-38.57,loja_fisica,bem_estar,Curativo,1,,181.56,NA,211.68,cartao_credito,sem_promocao,nao,,,nao_aplicavel,,nao,4,7,7,concluido,
PED-00314,CLI-0029,2025-01-21,Uberlândia,MG,Sudeste,-18.90,NA,loja_fisica,vitamina_suplemento,Omega 3,3,,173.32,"0,00",471.28,cartao_credito,sem promocao,nao,,,nao_aplicavel,,nao,1,226,6,concluido,
PED-00315,CLI-0048,01-30-2025,Uberlândia,MG,Sudeste,NA,-48.28,loja_fisica,medicamento,Ibuprofeno 400mg,1,38.08,35.43,"0,00","38,08",cartao_debito,sem_promocao,nao,,,nao_aplicavel,,sim,5,160,10,concluido,
PED-00316,CLI-0158,2025-09-20,Uberaba,MG,Sudeste,"-19,73",-48.02,loja_fisica,medicamento,Loratadina 10mg,4,16.87,"14,23",12.00,"59,37",cartao_credito,cupom_10,nao,,,nao_aplicavel,,sim,2,43,4,concluido,cliente reclamou do atraso
PED-00317,CLI-0059,2025-10-07,Uberaba,MG,Sudeste,-19.73,-47.98,loja_fisica,bem_estar,Alcool Gel,1,"169,64",151.68,,152.67,pix,delivery_gratis,nao,,,nao_aplicavel,,sim,2,174,5,concluido,
PED-00318,CLI-0021,2025-07-07,Uberlândia,MG,Sudeste,NA,"-48,33",app,infantil,Soro Infantil,1,NA,26.84,NA,28.65,pix,cupom_10,sim,3.46,33,entregue,5.00,nao,5,174,6,concluido,
PED-00319,CLI-0232,2025-08-14,Uberlândia,MG,Sudeste,-18.94,-48.26,delivery,higiene,Sabonete Liquido,1,"18,29",20.69,0.00,18.29,pix,sem_promocao,nao,,,nao_aplicavel,,nao,8,157,NA,concluido,
PED-00320,CLI-0418,2025-06-19,Goiânia,GO,Centro-Oeste,-16.62,-49.29,delivery,infantil,Pomada Assadura,1,89.61,83.31,0.00,89.61,credito,sem_promocao,sim,10.03,46,entregue,4.20,sim,3,63,7,concluido,
PED-00321,CLI-0296,2025-07-09,Uberaba,MG,Sudeste,NA,-47.86,delivery,higiene,Absorvente,1,30.50,30.96,25.00,22.88,cartao_credito,cupom_10,sim,1.56,78,atrasado,2.90,sim,1,59,3,concluido,
PED-00322,CLI-0004,2025-07-01,Goiânia,GO,Centro-Oeste,-16.64,-49.30,loja_fisica,beleza,Protetor Solar FPS50,1,119.75,121.38,15.00,101.79,cartao_credito,delivery_gratis,nao,,,nao_aplicavel,,nao,2,131,6,concluido,
PED-00323,CLI-0022,2025-09-15,Belém,PA,Norte,-1.48,-48.43,loja_fisica,beleza,Base Facial,1,NA,100.69,NA,110.77,pix,delivery_gratis,nao,,,nao_aplicavel,,nao,1,109,7,concluido,
PED-00324,CLI-0108,23/11/2025,Ribeirão Preto,SP,Sudeste,,-47.78,loja_fisica,bem_estar,Alcool Gel,4,NA,104.13,"0,00",476.74,cartao_credito,sem_promocao,nao,,,nao_aplicavel,,sim,2,55,9,concluido,cliente reclamou do atraso
PED-00325,CLI-0196,2025-10-15,Uberaba,mg,Sudeste,-19.68,-47.94,site,medicamento,Soro Fisiologico,1,40.42,39.75,25.00,30.31,cartao_debito,cupom_10,nao,,,nao_aplicavel,,nao,5,26,5,concluido,
PED-00326,CLI-0063,03-27-2025,São Paulo,SP,Sudeste,-23.62,-46.66,loja_fisica,higiene,Shampoo Anticaspa,1,53.28,59.71,0.00,53.28,dinheiro,sem_promocao,nao,,,nao_aplicavel,,nao,6,126,6,concluido,
PED-00327,CLI-0416,2025-09-23,Ribeirão Preto,SP,Sudeste,-21.14,-47.76,app,medicamento,Omeprazol 20mg,1,18.00,19.31,20.00,14.40,dinheiro,delivery_gratis,sim,,NA,entregue,5.00,nao,9,132,8,concluido,
PED-00328,CLI-0296,2025-03-27,São Paulo,SP,Sudeste,-23.49,"-46,57",loja_fisica,medicamento,Paracetamol 750mg,4,52.49,43.99,5.00,"199,46",cartao_credito,delivery_gratis,nao,,,nao_aplicavel,,sim,4,53,5,concluido,
PED-00329,CLI-0405,,Brasília,DF,Centro-Oeste,"-15,73",-47.84,app,bem_estar,Curativo,1,149.35,164.37,20.00,119.48,dinheiro,delivery_gratis,sim,,39,entregue,5.00,nao,4,134,6,concluido,
PED-00330,CLI-0064,2025-06-07,Uberlândia,MG,Sudeste,"-18,96",-48.21,loja_fisica,higiene,Absorvente,3,"8,30",9.43,15.00,21.16,cartao_credito,leve_3_pague_2,nao,,,nao_aplicavel,,nao,2,59,7,concluido,possivel duplicata
PED-00331,CLI-0246,05/08/2025,Fortaleza,CE,Nordeste,-3.67,-38.45,loja_fisica,higiene,Fio Dental,4,24.80,27.03,12.00,87.31,cartao credito,leve_3_pague_2,nao,,,nao_aplicavel,,nao,2,64,5,concluido,
PED-00332,CLI-0013,2025-06-20,Ribeirão Preto,SP,Sudeste,-21.25,-47.82,delivey,medicamento,Loratadina 10mg,1,11.20,12.06,0.00,11.20,cartao_credito,sem_promocao,nao,,,nao_aplicavel,,nao,1,142,7,concluido,produto sem estoque
PED-00333,CLI-0384,2025-06-19,Uberaba,MG,Sudeste,-19.82,-47.98,loja_fisica,medicamento,Dipirona 500mg,1,9.67,10.76,NA,9.67,pix,sem_promocao,nao,,,nao_aplicavel,,sim,5,139,3,concluido,
PED-00334,CLI-0229,,Belo Horizonte,mg,Sudeste,-19.94,-43.93,app,medicamento,Loratadina 10mg,1,40.49,"43,08",,"40,49",pix,sem promocao,sim,"4,59",30,entregue,5.00,nao,2,67,3,concluido,
PED-00335,CLI-0183,2025-10-28,UBERABA,MG,Sudeste,-19.81,-47.95,loja_fisica,medicamento,Omeprazol 20mg,2,62.63,54.12,15.00,106.46,dinheiro,cupom_10,nao,,,nao_aplicavel,,nao,7,59,4,pendente,
PED-00336,CLI-0254,2025-01-26,Curitiba,PR,Sul,-25.45,-49.20,loja_fisica,beleza,Creme Anti-idade,1,27.38,23.44,0.00,27.38,cartao_credito,sem_promocao,nao,,,nao_aplicavel,,nao,6,45,7,concluido,
PED-00337,CLI-0274,,Belo Horizonte,MG,Sudeste,-19.99,-43.92,loja_fisica,remedio,Paracetamol 750mg,1,24.29,"27,38",12.00,21.38,cartao_credito,cupom_10,nao,,0,nao_aplicavel,,sim,6,58,7,concluido,
PED-00338,CLI-0017,2025-12-25,Uberlândia,MG,Sudeste,-18.99,-48.31,loja_fisica,higiene,Sabonete Liquido,1,50.51,42.99,0.00,50.51,pix,sem_promocao,nao,,,nao_aplicavel,,nao,6,70,6,concluido,
PED-00339,CLI-0291,2025-11-12,Uberlândia,MG,Sudeste,,-48.21,loja_fisica,higiene,Creme Dental,1,50.93,46.84,0.00,50.93,cartao credito,sem_promocao,nao,,,nao_aplicavel,,nao,9,23,2,pendente,
PED-00340,CLI-0286,2025-10-21,São Paulo,SP,Sudeste,-23.62,-46.64,loja_fisica,medicamento,Omeprazol 20mg,1,17.10,16.08,25.00,12.83,cartao_credito,delivery_gratis,nao,,,nao_aplicavel,,nao,NA,105,4,concluido,
PED-00341,CLI-0391,2025-11-08,Belo Horizonte,MG,Sudeste,-19.94,"-43,97",loja_fisica,medicamento,Soro Fisiologico,1,70.00,60.81,0.00,70.00,cartao_credito,sem_promocao,nao,,,nao_aplicavel,,S,4,122,5,concluido,
PED-00342,CLI-0176,2025-07-29,Belo Horizonte,MG,Sudeste,-19.93,"-43,89",loja_fisica,medicamento,Ibuprofeno 400mg,3,"50,79",45.73,15.00,129.50,cartao_credito,cupom_10,nao,,,nao_aplicavel,,sim,1,119,,concluido,
PED-00343,CLI-0397,2025-08-18,Recife,PE,Nordeste,-8.10,-34.82,loja fisica,medicamento,Paracetamol 750mg,1,44.00,49.92,0.00,44.00,pix,sem_promocao,nao,,,nao_aplicavel,,nao,3,170,4,cancelado,
PED-00344,CLI-0344,05/02/2025,Uberaba,MG,Sudeste,-19.69,-47.88,loja_fisica,beleza,Agua Micelar,1,45.09,39.46,0.00,45.09,cartao_credito,sem_promocao,nao,,,nao_aplicavel,,nao,3,109,4,concluido,
PED-00345,CLI-0307,2025-06-11,Curitiba,PR,Sul,-25.48,"-49,21",loja_fisica,beleza,Protetor Solar FPS50,1,25.99,NA,25.00,"19,49",cartao_debito,delivery_gratis,nao,,,nao_aplicavel,,nao,11,64,7,concluido,
PED-00346,CLI-0006,07-14-2025,Uberaba,MG,Sudeste,-19.68,-48.02,loja_fisica,beleza,Creme Anti-idade,1,81.29,,0.00,81.29,dinheiro,sem_promocao,nao,,,nao_aplicavel,,nao,8,48,7,concluido,
PED-00347,CLI-0048,05-23-2025,Uberaba,MG,Sudeste,NA,-47.90,loja_fisica,bem_estar,Termometro Digital,5,102.67,106.15,0.00,513.35,cartao_credito,sem_promocao,nao,,,nao_aplicavel,,nao,1,196,4,concluido,
PED-00348,CLI-0093,2025-11-22,BELO HORIZONTE,MG,Sudeste,-19.87,-43.93,loja_fisica,higiene,Absorvente,1,54.76,51.40,0.00,54.76,cartao_credito,sem promocao,nao,,,nao_aplicavel,,nao,8,145,9,concluido,
PED-00349,CLI-0071,07-17-2025,Ribeirão Preto,SP,Sudeste,-21.18,-47.78,loja_fisica,beleza,Hidratante Facial,1,85.66,86.92,0.00,85.66,cartao_credito,sem_promocao,nao,,,nao_aplicavel,,sim,2,36,2,cancelado,
PED-00350,CLI-0030,2025-03-11,Fortaleza,CE,Nordeste,"-3,76",-38.56,loja,medicamneto,Paracetamol 750mg,1,65.92,72.74,0.00,65.92,cartao_credito,sem_promocao,nao,,,nao_aplicavel,,sim,1,164,7,concluido,
PED-00351,CLI-0259,2025-01-23,Uberlândia,MG,Sudeste,-18.84,-48.22,loja_fisica,medicamento,Omeprazol 20mg,1,"12,75",13.31,"5,00",12.11,pix,cashback,nao,,,nao_aplicavel,,sim,3,83,7,concluido,
PED-00352,CLI-0078,2025-02-05,Uberaba,MG,Sudeste,-19.77,-47.93,delivery,higiene,Shampoo Anticaspa,1,53.60,59.07,0.00,53.60,dinheiro,sem_promocao,nao,,,nao_aplicavel,,sim,2,69,9,concluido,
PED-00353,CLI-0323,2025-07-23,Brasília,DF,Centro-Oeste,-15.87,-47.91,loja_fisica,higiene,Creme Dental,1,42.00,38.80,0.00,42.00,cartao_credito,sem_promocao,nao,,,nao_aplicavel,,sim,7,170,8,concluido,
PED-00354,CLI-0409,2025-01-31,Uberaba,MG,Sudeste,"-19,76",-47.97,loja_fisica,beleza,Base Facial,1,88.46,,12.00,77.85,pix,leve_3_pague_2,nao,,,nao_aplicavel,,nao,6,66,7,concluido,cupom nao aplicado
PED-00355,CLI-0114,01-17-2025,Uberaba,MG,Sudeste,,-47.93,loja,medicamento,Ibuprofeno 400mg,5,11.06,11.24,0.00,55.28,cartao_debito,sem promocao,nao,,,nao_aplicavel,,sim,3,,8,concluido,
PED-00356,CLI-0038,2025-07-11,Goiânia,GO,Centro-Oeste,0.00,,site,medicamento,Soro Fisiologico,2,8.19,"7,28",120,16.37,dinheiro,sem promocao,nao,,,nao_aplicavel,,nao,12,80,9,concluido,cliente reclamou do atraso
PED-00357,CLI-0290,14/12/2025,Belo Horizonte,MG,Sudeste,-19.93,-20.00,loja_fisica,higiene,Sabonete Liquido,1,50.78,50.46,0.00,50.78,cartao_debito,sem_promocao,nao,,,nao_aplicavel,,sim,2,151,7,concluido,
PED-00358,CLI-0086,2025-09-25,Brasília,DF,Centro-Oeste,15.00,-47.95,delivery,vitamina_suplemento,Colageno,1,,38.04,0.00,"39,64",cartao_debito,sem_promocao,sim,3.30,21,entregue,3.40,nao,2,142,8,concluido,
PED-00359,CLI-0364,,Uberlândia,MG,Sudeste,15.00,-48.20,loja_fisica,medicamento,Dipirona 500mg,3,56.99,64.17,"0,00",170.96,cartao_credito,sem_promocao,nao,,,nao_aplicavel,,sim,1,33,6,concluido,
PED-00360,CLI-0312,02-06-2025,BELO HORIZONTE,MG,Sudeste,-19.93,-43.92,loja_fisica,higiene,Shampoo Anticaspa,1,54.55,"46,02","0,00",54.55,cartao_debito,sem promocao,nao,,,nao_aplicavel,,sim,1,71,3,concluido,
PED-00361,CLI-0395,2025-01-31,Brasília,DF,Centro-Oeste,-15.81,-47.94,loja_fisica,higiene,Desodorante,1,43.63,49.45,20.00,34.90,pix,cupom_10,nao,,,nao_aplicavel,,nao,1,88,6,concluido,preco divergente
PED-00362,CLI-0369,2025-05-03,São Paulo,SP,Sudeste,-23.48,-46.61,loja_fisica,beleza,Creme Anti-idade,1,84.09,,10.00,75.68,pix,delivery_gratis,nao,,,nao_aplicavel,,sim,12,117,8,concluido,
PED-00363,CLI-0176,11-22-2025,Belo Horizonte,MG,Sudeste,-19.93,-43.90,delivery,beleza,Esmalte,1,60.84,57.42,20.00,48.67,cartao_credito,cupom_10,sim,6.26,27,entregue,"5,00",sim,2,178,2,concluido,
PED-00364,CLI-0086,2025-06-04,São Paulo,SP,Sudeste,-23.60,-46.59,delivery,medicamento,Loratadina 10mg,4,22.30,19.03,5.00,84.75,cartao_credito,leve_3_pague_2,sim,4.13,24,entregue,4.40,nao,1,61,6,concluido,
PED-00365,CLI-0033,2025-04-10,Belo Horizonte,MG,Sudeste,,-43.92,loja_fisica,medicamento,Ibuprofeno 400mg,1,15.47,16.72,20.00,12.38,dinheiro,delivery_gratis,nao,,,nao_aplicavel,,nao,1,125,0,concluido,
PED-00366,CLI-0338,14/01/2025,Uberlândia,MG,Sudeste,-18.94,-48.33,app,beleza,Hidratante Facial,1,NA,118.43,0.00,104.87,cartao_debito,sem_promocao,nao,,,nao_aplicavel,,nao,10,37,6,concluido,
PED-00367,CLI-0348,2025-04-13,Uberaba,MG,Sudeste,-19.76,-47.94,delivery,bem_estar,Teste Glicemia,1,146.12,"165,66",0.00,146.12,cartao_credito,sem_promocao,nao,,,nao_aplicavel,,nao,11,180,8,concluido,
PED-00368,CLI-0326,2025-04-02,São Paulo,SP,Sudeste,-23.61,"-46,58",app,infantil,Soro Infantil,1,49.05,46.06,0.00,49.05,dinheiro,sem_promocao,nao,,,nao_aplicavel,,nao,NA,62,4,concluido,
PED-00369,CLI-0344,2025-09-01,Salvador,ba,Nordeste,-12.94,-38.48,delivey,medicamento,Ibuprofeno 400mg,1,NA,28.07,5.00,"27,87",pix,cupom_10,sim,"5,59",36,entregue,4.50,nao,1,215,9,concluido,
PED-00370,CLI-0181,2025-04-05,Uberaba,MG,Sudeste,-19.76,"-47,88",site,medicamento,Omeprazol 20mg,1,51.69,51.23,0.00,51.69,dinheiro,sem_promocao,nao,,,nao_aplicavel,,sim,1,,6,concluido,
PED-00371,CLI-0215,2025-08-04,Belo Horizonte,MG,Sudeste,NA,-43.97,loja_fisica,medicamento,Dipirona 500mg,5,34.51,34.85,"5,00",163.91,pix,leve_3_pague_2,nao,,,nao_aplicavel,,nao,4,88,8,pendente,
PED-00372,CLI-0132,2025-11-11,Belo Horizonte,MG,Sudeste,-19.89,-43.95,delivery,medicamento,Dipirona 500mg,1,43.14,39.27,10.00,NA,dinheiro,cupom_10,sim,1.90,59,atrasado,3.80,sim,8,78,0,concluido,
PED-00373,CLI-0020,2025-10-20,São Paulo,SP,Sudeste,-23.49,"-46,67",site,medicamento,Dipirona 500mg,1,"12,10","13,22",0.00,12.10,dinheiro,sem_promocao,sim,4.83,57,atrasado,4.20,nao,1,41,0,concluido,
PED-00374,CLI-0070,2025-02-13,Belo Horizonte,mg,Sudeste,-19.91,-43.98,loja_fisica,beleza,Creme Anti-idade,1,20.05,19.05,25.00,15.03,dinheiro,leve_3_pague_2,nao,,,nao_aplicavel,,não,1,94,5,concluido,
PED-00375,CLI-0144,2025-01-20,Goiânia,GO,Centro-Oeste,"-45,00","-49,27",loja_fisica,medicamento,Loratadina 10mg,1,64.38,56.16,20.00,51.50,cartao_credito,delivery_gratis,nao,,,nao_aplicavel,,S,3,114,6,concluido,
PED-00376,CLI-0235,30/03/2025,Fortaleza,CE,Nordeste,-3.69,-38.58,loja_fisica,higiene,Shampoo Anticaspa,4,15.19,12.68,0.00,60.76,dinheiro,sem_promocao,nao,,,nao_aplicavel,,sim,1,235,3,concluido,
PED-00377,CLI-0080,11-24-2025,Salvador,BA,Nordeste,-12.96,-38.44,loja_fisica,bem_estar,Termometro Digital,1,142.82,156.97,"0,00","142,82",cartao_debito,sem_promocao,nao,,,nao_aplicavel,,sim,2,149,5,concluido,
PED-00378,CLI-0253,2025-11-19,Belo Horizonte,MG,Sudeste,"-19,86",-43.88,loja_fisica,higiene,Fio Dental,3,35.21,37.16,5.00,100.36,pix,leve_3_pague_2,nao,,,nao_aplicavel,,nao,1,75,8,concluido,
PED-00379,CLI-0179,11-03-2025,Recife,PE,Nordeste,-7.98,-34.95,loja_fisica,higiene,Absorvente,1,20.01,18.82,0.00,20.01,dinheiro,sem_promocao,nao,,,nao_aplicavel,,sim,1,227,8,concluido,
PED-00380,CLI-0089,2025-07-30,Manaus,AM,Norte,-3.17,NA,app,medicamento,Ibuprofeno 400mg,1,18.16,17.58,10.00,16.34,dinheiro,cupom_10,nao,,,nao_aplicavel,,S,7,170,9,concluido,cliente reclamou do atraso
PED-00381,CLI-0157,10-06-2025,Goiânia,GO,Centro-Oeste,-16.62,-49.33,app,medicamento,Paracetamol 750mg,1,41.47,37.48,0.00,41.47,pix,sem_promocao,nao,,,nao_aplicavel,,nao,8,172,7,concluido,
PED-00382,CLI-0242,2025-09-30,Uberaba,MG,Sudeste,-19.82,-47.91,loja_fisica,medicamneto,Paracetamol 750mg,1,73.16,NA,0.00,"73,16",cartao credito,sem_promocao,nao,,,nao_aplicavel,,sim,4,104,5,concluido,possivel duplicata
PED-00383,CLI-0091,11-12-2025,São Paulo,SP,Sudeste,-23.52,-46.56,app,higiene,Shampoo Anticaspa,1,43.83,47.48,10.00,39.45,dinheiro,cupom_10,nao,,,nao_aplicavel,,sim,12,52,2,concluido,
PED-00384,CLI-0011,2025-10-04,Curitiba,PR,Sul,NA,-49.21,loja_fisica,beleza,Hidratante Facial,3,92.40,96.71,25.00,207.91,pix,cupom_10,nao,,,nao_aplicavel,,nao,9,126,6,concluido,preco divergente
PED-00385,CLI-0176,2025-03-19,Goiânia,GO,Centro-Oeste,-16.69,"-49,23",delivery,medicamento,Soro Fisiologico,1,33.25,31.03,10.00,29.93,credito,delivery_gratis,sim,1.30,40,atrasado,4.20,nao,6,171,0,concluido,
PED-00386,CLI-0340,,Uberlândia,MG,Sudeste,-18.86,-48.27,loja_fisica,higiene,Shampoo Anticaspa,1,,45.16,0.00,54.87,cartao_credito,sem_promocao,nao,,,nao_aplicavel,,N,8,2,4,concluido,
PED-00387,CLI-0183,,Recife,PE,Nordeste,-8.01,-34.94,loja,medicamento,Paracetamol 750mg,2,11.17,11.27,"20,00",17.86,dinheiro,delivery_gratis,nao,,,nao_aplicavel,,N,2,91,8,concluido,
PED-00388,CLI-0245,2025-07-25,UBERABA,MG,Sudeste,-19.76,-47.97,loja_fisica,medicamento,Loratadina 10mg,4,19.04,17.71,0.00,76.18,dinheiro,sem_promocao,nao,,,nao_aplicavel,,sim,1,139,7,concluido,
PED-00389,CLI-0238,2025-05-08,Uberlândia,MG,Sudeste,-18.88,-48.32,loja_fisica,medicamento,Omeprazol 20mg,1,52.11,58.13,25.00,39.09,cartao_credito,cupom_10,nao,,,nao_aplicavel,,não,4,69,5,concluido,
PED-00390,CLI-0105,2025-06-01,Belo Horizonte,MG,Sudeste,"-19,89",0.00,app,medicamento,Loratadina 10mg,1,60.89,53.82,0.00,60.89,cartao_credito,sem_promocao,nao,,,nao_aplicavel,,nao,1,90,6,concluido,
PED-00391,CLI-0255,2025-04-26,Belo Horizonte,MG,Sudeste,-19.89,-43.95,app,vitamina_suplemento,Multivitaminico,1,112.50,109.47,0.00,112.50,cartao_debito,sem_promocao,nao,,,nao_aplicavel,,nao,1,153,6,concluido,
PED-00392,CLI-0344,29/07/2025,Manaus,AM,Norte,-3.09,-60.05,loja_fisica,medicamento,Dipirona 500mg,1,27.46,,"0,00",27.46,pix,sem_promocao,nao,,,nao_aplicavel,,nao,4,94,7,concluido,
PED-00393,CLI-0043,2025-05-15,Uberaba,MG,Sudeste,-19.75,-47.87,loja_fisica,beleza,Base Facial,2,36.64,34.63,0.00,NA,dinheiro,sem_promocao,nao,,,nao_aplicavel,,sim,1,86,7,concluido,
PED-00394,CLI-0345,2025-12-03,Manaus,AM,Norte,-3.13,-60.07,loja_fisica,vitamina_suplemento,Omega 3,1,97.03,"100,33",0.00,,cartao_credito,sem_promocao,nao,,,nao_aplicavel,,nao,7,31,,concluido,
PED-00395,CLI-0361,2025-07-25,Uberlândia,MG,Sudeste,-18.85,-48.23,loja_fisica,higiene,Shampoo Anticaspa,1,17.42,16.25,5.00,16.55,cartao_debito,cupom_10,nao,,,nao_aplicavel,,nao,1,116,,concluido,preco divergente
PED-00396,CLI-0357,2025-05-08,São Paulo,SP,Sudeste,,-46.59,loja_fisica,medicamento,Dipirona 500mg,1,NA,35.68,0.00,42.92,pix,sem_promocao,nao,,,nao_aplicavel,,sim,11,162,6,concluido,
PED-00397,CLI-0391,2025-07-25,Uberaba,MG,Sudeste,-19.68,-47.93,loja_fisica,higiene,Sabonete Liquido,1,51.04,44.69,NA,51.04,dinheiro,sem_promocao,nao,,,nao_aplicavel,,nao,10,130,6,concluido,
PED-00398,CLI-0120,2025-08-15,Ribeirão Preto,SP,Sudeste,NA,-47.75,loja_fisica,higiene,Shampoo Anticaspa,1,31.57,26.03,0.00,,dinheiro,sem_promocao,nao,,,nao_aplicavel,,sim,6,,8,concluido,
PED-00399,CLI-0074,2025-05-19,Ribeirão Preto,SP,Sudeste,-21.15,-47.76,loja_fisica,remedio,Omeprazol 20mg,1,60.31,51.36,NA,60.31,pix,sem_promocao,nao,,,nao_aplicavel,,nao,1,101,4,concluido,produto sem estoque
PED-00400,CLI-0299,2025-03-19,Uberaba,MG,Sudeste,-19.74,-47.95,app,higiene,Sabonete Liquido,2,NA,44.54,0.00,"88,83",dinheiro,sem promocao,nao,,,nao_aplicavel,,nao,1,117,7,concluido,
PED-00401,CLI-0095,2025-07-28,Uberaba,MG,Sudeste,-19.82,-47.89,delivery,medicamento,Soro Fisiologico,5,15.43,13.92,0.00,77.17,cartao_credito,sem_promocao,sim,"13,92",115,atrasado,,nao,2,101,NA,concluido,
PED-00402,CLI-0131,,Uberaba,MG,Sudeste,-19.77,-48.00,loja fisica,medicamento,Soro Fisiologico,1,64.39,67.89,"15,00",NA,cartao_credito,delivery_gratis,nao,,,nao_aplicavel,,sim,4,,8,concluido,
PED-00403,CLI-0103,23/05/2025,SÃO PAULO,sp,Sudeste,-23.48,-46.61,site,vitamina_suplemento,Omega 3,1,31.06,35.06,0.00,31.06,pix,sem promocao,sim,"1,23",17,em_rota,4.90,S,5,37,5,concluido,
PED-00404,CLI-0133,2025-07-18,Ribeirão Preto,SP,Sudeste,"-21,11","-47,80",loja_fisica,medicamento,Soro Fisiologico,1,"61,28",68.08,0.00,61.28,pix,sem_promocao,nao,,-10,nao_aplicavel,,sim,2,5,8,concluido,
PED-00405,CLI-0137,2025-07-12,Uberaba,MG,Sudeste,-19.78,-47.98,loja_fisica,medicamento,Dipirona 500mg,4,26.99,22.95,,107.95,cartao_credito,sem_promocao,nao,,,nao_aplicavel,,sim,7,35,-1,concluido,
PED-00406,CLI-0017,2025-12-18,Curitiba,PR,Sul,-25.42,-49.33,loja fisica,beleza,Protetor Solar FPS50,1,81.31,89.22,0.00,81.31,cartao_credito,sem promocao,nao,,,nao_aplicavel,,nao,1,NA,4,concluido,
PED-00407,CLI-0256,data_invalida,Uberlândia,MG,Sudeste,-18.94,"-48,24",loja_fisica,infantil,Lenço Umedecido,5,75.23,69.70,0.00,376.14,credito,sem_promocao,nao,,,nao_aplicavel,,sim,8,52,5,concluido,
PED-00408,CLI-0156,2025-05-19,Belo Horizonte,MG,Sudeste,,-43.95,delivery,higiene,Absorvente,4,46.83,38.95,"5,00",177.97,pix,cashback,nao,,,nao_aplicavel,,sim,5,77,10,concluido,
PED-00409,CLI-0148,,Goiânia,GO,Centro-Oeste,NA,-20.00,loja_fisica,medicamento,Soro Fisiologico,1,"13,38",12.42,0.00,13.38,cartao_credito,sem_promocao,nao,,,nao_aplicavel,,sim,9,45,5,concluido,
PED-00410,CLI-0244,01/11/2025,Belo Horizonte,mg,Sudeste,-19.99,-44.01,loja_fisica,medicamento,Soro Fisiologico,1,63.48,71.12,0.00,63.48,boleto,sem_promocao,nao,,,nao_aplicavel,,nao,3,176,4,concluido,
PED-00411,CLI-0219,2025-08-30,Belém,PA,Norte,-1.47,-48.53,loja_fisica,higiene,Fio Dental,5,7.17,6.95,5.00,,cartao_debito,leve_3_pague_2,nao,,,nao_aplicavel,,nao,1,207,7,concluido,possivel duplicata
PED-00412,CLI-0227,2025-03-11,Uberaba,MG,Sudeste,-19.80,-47.98,delivery,vitamina_suplemento,Multivitaminico,1,,"41,34",15.00,37.26,credito,cupom_10,sim,7.07,38,entregue,4.30,sim,4,111,7,concluido,cliente reclamou do atraso
PED-00413,CLI-0244,24/02/2025,Uberlândia,MG,Sudeste,-18.91,"-48,31",loja fisica,medicamento,Dipirona 500mg,1,48.25,45.25,0.00,48.25,pix,sem_promocao,nao,,,nao_aplicavel,,sim,7,140,6,concluido,
PED-00414,CLI-0237,2025-10-31,Uberaba,MG,Sudeste,-19.68,-47.87,loja_fisica,medicamento,Dipirona 500mg,1,45.71,NA,20.00,36.57,pix,cupom_10,nao,,,nao_aplicavel,,nao,1,218,5,concluido,
PED-00415,CLI-0076,2025-02-07,Uberlândia,MG,Sudeste,"-18,84",-48.27,loja_fisica,beleza,Creme Anti-idade,4,55.25,58.59,15.00,187.85,pix,cupom_10,nao,,,nao_aplicavel,,sim,3,132,9,concluido,
PED-00416,CLI-0243,30/04/2025,Curitiba,PR,Sul,NA,-49.21,loja_fisica,higiene,Desodorante,1,44.45,43.91,10.00,40.00,pix,delivery_gratis,nao,,,nao_aplicavel,,sim,1,138,6,concluido,
PED-00417,CLI-0311,2025-01-31,Uberaba,MG,Sudeste,-19.69,-47.90,loja fisica,medicamento,Soro Fisiologico,1,19.75,NA,15.00,16.79,cartao_credito,leve_3_pague_2,nao,,,nao_aplicavel,,nao,1,156,8,concluido,produto sem estoque
PED-00418,CLI-0235,2025-02-11,Uberaba,MG,Sudeste,-19.69,-47.95,app,vitamina_suplemento,Vitamina C,1,78.08,NA,0.00,78.08,pix,sem_promocao,nao,,,nao_aplicavel,,nao,1,102,9,concluido,
PED-00419,CLI-0221,,Uberaba,MG,Sudeste,-19.75,-47.99,loja fisica,beleza,Hidratante Facial,1,38.33,41.45,NA,38.33,boleto,sem_promocao,nao,,,nao_aplicavel,,nao,NA,,NA,concluido,
PED-00420,CLI-0334,2025-05-02,Curitiba,PR,Sul,-25.50,-49.29,app,vitamina_suplemento,Omega 3,1,115.64,130.24,0.00,115.64,pix,sem_promocao,sim,11.55,83,entregue,"3,70",nao,4,15,7,concluido,preco divergente
PED-00421,CLI-0125,2025-10-24,Uberaba,MG,Sudeste,-19.69,-47.89,loja_fisica,beleza,Protetor Solar FPS50,1,56.25,"63,25","0,00",56.25,cartao_credito,sem_promocao,nao,,,nao_aplicavel,,nao,4,19,6,concluido,
PED-00422,CLI-0098,2025-08-18,Uberaba,MG,Sudeste,-19.68,"-48,00",loja_fisica,medicamento,Omeprazol 20mg,3,9.77,10.75,0.00,29.32,pix,sem_promocao,nao,,,nao_aplicavel,,nao,1,58,8,concluido,
PED-00423,CLI-0088,2025-01-04,Curitiba,PR,Sul,-25.40,-49.24,loja_fisica,higiene,Sabonete Liquido,1,30.65,27.18,0.00,30.65,pix,sem_promocao,nao,,,nao_aplicavel,,nao,12,110,3,concluido,
PED-00424,CLI-0326,2025-07-11,Uberaba,MG,Sudeste,-19.77,"-47,87",app,vitamina_suplemento,Vitamina D,1,53.45,52.95,0.00,53.45,pix,sem_promocao,nao,,,nao_aplicavel,,nao,7,76,9,concluido,
PED-00425,CLI-0391,2025-02-04,Uberlândia,MG,Sudeste,-18.86,NA,loja_fisica,higiene,Desodorante,1,8.89,8.92,-5,"8,89",pix,sem_promocao,nao,,,nao_aplicavel,,nao,1,189,7,concluido,
PED-00426,CLI-0048,25/04/2025,Uberaba,MG,Sudeste,-19.80,-47.95,loja_fisica,medicamento,Loratadina 10mg,1,21.77,22.16,0.00,21.77,pix,sem_promocao,nao,,,nao_aplicavel,,sim,3,51,10,concluido,
PED-00427,CLI-0113,,Uberaba,MG,Sudeste,-19.67,-47.88,loja_fisica,higiene,Absorvente,1,"49,35",41.69,,49.35,cartao_credito,sem_promocao,nao,,,nao_aplicavel,,sim,4,85,NA,concluido,
PED-00428,CLI-0114,2025-01-17,Uberaba,MG,Sudeste,-19.81,-47.90,loja_fisica,medicamento,Omeprazol 20mg,1,22.77,23.29,12.00,20.03,pix,cupom_10,nao,,,nao_aplicavel,,nao,11,133,6,cancelado,produto sem estoque
PED-00429,CLI-0126,2025-06-07,Ribeirão Preto,SP,Sudeste,-21.11,"-47,86",delivery,vitamina_suplemento,Vitamina C,1,84.68,80.60,5.00,80.45,credito,leve_3_pague_2,sim,0.63,12,entregue,4.40,nao,1,132,5,concluido,
PED-00430,CLI-0288,2025-06-11,São Paulo,SP,Sudeste,,,loja_fisica,higiene,Desodorante,4,47.50,45.88,NA,190.02,dinheiro,sem_promocao,nao,,,nao_aplicavel,,nao,7,19,7,concluido,
PED-00431,CLI-0352,2025-01-04,Belém,PA,Norte,-1.39,-48.54,loja_fisica,vitamina_suplemento,Whey Protein,1,87.81,,0.00,87.81,cartao_credito,sem_promocao,nao,,,nao_aplicavel,,sim,3,22,7,concluido,
PED-00432,CLI-0297,01/08/2025,Recife,PE,Nordeste,-8.02,-34.83,loja_fisica,remedio,Soro Fisiologico,1,"65,62",,20.00,"52,50",pix,leve_3_pague_2,nao,,,nao_aplicavel,,N,7,13,8,concluido,
PED-00433,CLI-0304,2025-09-27,UBERABA,MG,Sudeste,NA,-47.95,delivery,medicamento,Ibuprofeno 400mg,1,71.42,66.31,0.00,71.42,cartao_credito,sem_promocao,sim,2.70,25,entregue,5.00,sim,7,98,NA,concluido,possivel duplicata
PED-00434,CLI-0333,21/03/2025,Recife,PE,Nordeste,-8.07,-34.89,app,medicamento,Dipirona 500mg,5,32.40,36.18,0.00,162.02,dinheiro,sem_promocao,nao,,,nao_aplicavel,,N,2,75,8,concluido,
PED-00435,CLI-0191,data_invalida,Ribeirão Preto,SP,Sudeste,-21.22,-47.83,loja_fisica,bem_estar,Alcool Gel,3,141.99,129.32,0.00,425.96,pix,sem_promocao,nao,,,nao_aplicavel,,sim,5,124,8,concluido,
PED-00436,CLI-0089,2025-07-24,Brasília,DF,Centro-Oeste,-15.79,-47.93,loja_fisica,beleza,Agua Micelar,1,NA,NA,,79.15,pix,sem_promocao,nao,,,nao_aplicavel,,nao,1,237,4,concluido,
PED-00437,CLI-0344,2025-09-22,Uberlândia,MG,Sudeste,-18.88,-48.27,loja_fisica,medicamento,Dipirona 500mg,5,29.53,28.33,0.00,147.67,cartao_debito,sem_promocao,nao,,,nao_aplicavel,,sim,2,170,9,concluido,
PED-00438,CLI-0004,2025-07-29,Uberaba,MG,Sudeste,-19.75,-47.96,loja_fisica,higiene,Sabonete Liquido,NA,27.67,29.18,12.00,,boleto,cashback,nao,,,nao_aplicavel,,nao,8,78,10,concluido,
PED-00439,CLI-0221,01-21-2025,São Paulo,SP,Sudeste,-23.51,-46.62,loja_fisica,higiene,Shampoo Anticaspa,1,45.90,46.58,15.00,39.01,dinheiro,cupom_10,nao,,,nao_aplicavel,,sim,1,222,6,concluido,preco divergente
PED-00440,CLI-0309,2025-10-06,São Paulo,SP,Sudeste,NA,-46.62,loja_fisica,medicamento,Dipirona 500mg,1,NA,57.87,10.00,51.15,pix,cupom_10,nao,,,nao_aplicavel,,sim,10,NA,7,concluido,
PED-00441,CLI-0355,2025-12-22,Fortaleza,CE,Nordeste,NA,-38.52,loja_fisica,beleza,Esmalte,1,16.31,13.84,12.00,14.35,pix,leve_3_pague_2,nao,,,nao_aplicavel,,sim,,52,5,concluido,
PED-00442,CLI-0345,2025-03-16,Fortaleza,CE,Nordeste,-3.66,-38.47,delivery,medicamento,Paracetamol 750mg,5,14.72,13.95,0.00,"73,59",pix,sem_promocao,sim,3.65,37,entregue,,nao,2,80,6,concluido,
PED-00443,CLI-0199,2025-01-07,Uberlândia,MG,Sudeste,-18.88,-48.26,loja_fisica,bem_estar,Mascara Facial,1,113.12,NA,0.00,,cartao_credito,sem_promocao,nao,,,nao_aplicavel,,nao,NA,13,NA,pendente,cliente reclamou do atraso
PED-00444,CLI-0416,2025-11-16,Uberlândia,MG,Sudeste,-18.86,"-48,26",loja_fisica,vitamina_suplemento,Whey Protein,1,"79,07",72.31,0.00,79.07,pix,sem_promocao,nao,,,nao_aplicavel,,nao,6,35,7,concluido,cliente reclamou do atraso
PED-00445,CLI-0068,2025-08-04,Uberlândia,MG,Sudeste,-18.88,-48.29,loja_fisica,medicamento,Loratadina 10mg,4,,49.11,0.00,177.19,cartao_credito,sem_promocao,nao,,,nao_aplicavel,,sim,1,235,3,concluido,
PED-00446,CLI-0110,2025-10-21,Manaus,AM,Norte,-3.04,-60.03,loja,medicamneto,Soro Fisiologico,2,58.82,53.88,20.00,94.11,cartao_credito,cupom_10,nao,,,nao_aplicavel,,nao,4,31,8,concluido,produto sem estoque
PED-00447,CLI-0193,2025-07-27,São Paulo,SP,Sudeste,"-23,52","-46,68",loja_fisica,beleza,Hidratante Facial,NA,"111,76",125.08,NA,95.00,cartao_credito,leve_3_pague_2,nao,,,nao_aplicavel,,nao,5,47,2,concluido,
PED-00448,CLI-0397,2025-03-06,Ribeirão Preto,SP,Sudeste,-21.20,-47.84,delivery,remedio,Ibuprofeno 400mg,2,69.29,78.10,0.00,138.59,cartao_credito,sem_promocao,sim,6.75,52,em_rota,4.20,sim,12,38,8,concluido,
PED-00449,CLI-0098,07/07/2025,Ribeirão Preto,SP,Sudeste,-21.21,-47.78,delivery,vitamina_suplemento,Whey Protein,1,168.53,"146,82",10.00,151.68,pix,delivery_gratis,nao,,,nao_aplicavel,,sim,6,91,8,concluido,
PED-00450,CLI-0303,2025-05-25,Uberaba,MG,Sudeste,-19.73,-47.92,loja_fisica,medicamento,Ibuprofeno 400mg,1,61.63,53.13,NA,61.63,cartao_credito,sem_promocao,nao,,,nao_aplicavel,,nao,1,128,0,concluido,
PED-00451,CLI-0169,2025-09-09,Manaus,AM,Norte,-3.10,-60.05,loja_fisica,beleza,Agua Micelar,1,29.84,29.68,0.00,29.84,cartao_credito,sem_promocao,nao,,,nao_aplicavel,,nao,12,74,3,concluido,
PED-00452,CLI-0341,2025-07-16,Salvador,BA,Nordeste,-13.04,-38.45,loja,medicamento,Paracetamol 750mg,1,8.50,9.55,0.00,"8,50",pix,sem_promocao,nao,,,nao_aplicavel,,nao,11,82,6,concluido,
PED-00453,CLI-0100,2025-10-01,Uberlândia,MG,Sudeste,-18.99,-48.23,loja_fisica,vitamina_suplemento,Multivitaminico,2,97.84,80.85,0.00,,cartao_credito,sem_promocao,nao,,,nao_aplicavel,,nao,1,190,8,concluido,
PED-00454,CLI-0294,2025-01-07,Uberaba,MG,Sudeste,"-19,74",-48.00,loja,medicamento,Omeprazol 20mg,1,69.26,,5.00,"65,80",cartao_debito,cashback,nao,,,nao_aplicavel,,nao,6,57,6,concluido,cliente reclamou do atraso
PED-00455,CLI-0387,2025-02-28,Belo Horizonte,MG,Sudeste,-19.92,"-43,93",loja_fisica,remedio,Omeprazol 20mg,1,12.47,11.03,0.00,12.47,dinheiro,sem_promocao,nao,,,nao_aplicavel,,sim,8,81,5,concluido,cupom nao aplicado
PED-00456,CLI-0079,2025-09-14,Belo Horizonte,MG,Sudeste,-19.98,-43.88,loja_fisica,bem_estar,Termometro Digital,1,129.13,NA,15.00,109.76,cartao_credito,delivery_gratis,nao,,,nao_aplicavel,,sim,1,148,6,concluido,
PED-00457,CLI-0299,2025-09-26,Uberaba,MG,Sudeste,-19.73,-47.95,loja_fisica,higiene,Creme Dental,1,48.51,NA,"0,00",NA,pix,sem promocao,nao,,,nao_aplicavel,,sim,1,157,5,concluido,
PED-00458,CLI-0019,2025-07-18,Ribeirão Preto,SP,Sudeste,-21.24,-47.74,loja_fisica,higiene,Absorvente,2,13.42,12.67,20.00,21.48,cartao_credito,cupom_10,nao,,,nao_aplicavel,,não,2,150,6,concluido,
PED-00459,CLI-0364,2025-12-03,Uberaba,MG,Sudeste,,-47.95,delivery,beleza,Hidratante Facial,3,81.37,90.29,0.00,,cartao_credito,sem_promocao,sim,3.10,18,entregue,4.40,N,3,79,5,concluido,
PED-00460,CLI-0222,2025-08-31,Curitiba,PR,Sul,-25.41,-49.30,loja_fisica,higiene,Creme Dental,1,50.92,57.29,"5,00",48.37,cartao_credito,delivery_gratis,nao,,,nao_aplicavel,,sim,1,65,6,concluido,
PED-00461,CLI-0197,2025-10-09,Salvador,BA,Nordeste,-13.02,-38.55,loja_fisica,medicamento,Soro Fisiologico,1,57.50,50.97,0.00,,pix,sem_promocao,nao,,,nao_aplicavel,,nao,7,99,9,concluido,produto sem estoque
PED-00462,CLI-0078,2025-03-07,Uberlândia,MG,Sudeste,"-18,86",-48.32,loja_fisica,higiene,Desodorante,1,"13,02",13.89,0.00,13.02,cartao debito,sem_promocao,nao,,,nao_aplicavel,,sim,9,89,9,concluido,cliente reclamou do atraso
PED-00463,CLI-0141,2025-08-04,Uberaba,MG,Sudeste,-19.68,-47.98,loja_fisica,medicamento,Loratadina 10mg,1,"49,35",45.28,5.00,46.88,cartao_credito,delivery_gratis,nao,,,nao_aplicavel,,nao,6,54,7,concluido,cliente reclamou do atraso
PED-00464,CLI-0282,2025-04-02,São Paulo,sp,Sudeste,-23.62,-46.68,loja_fisica,vitamina_suplemento,Colageno,1,57.28,61.26,12.00,50.41,cartao_credito,leve_3_pague_2,nao,,,nao_aplicavel,,sim,2,136,6,concluido,
PED-00465,CLI-0044,2025-01-27,Uberlândia,mg,Sudeste,-18.96,,loja_fisica,medicamento,Dipirona 500mg,1,61.89,52.45,0.00,,pix,sem_promocao,nao,,0,nao_aplicavel,,não,10,64,4,concluido,
PED-00466,CLI-0379,11-28-2025,Uberaba,MG,Sudeste,"-19,80","-48,01",app,bem_estar,Alcool Gel,1,NA,34.64,0.00,40.73,cartao_credito,sem promocao,sim,"2,31",NA,entregue,4.80,sim,2,24,8,concluido,
PED-00467,CLI-0227,data_invalida,Ribeirão Preto,SP,Sudeste,-21.20,-47.73,loja_fisica,beleza,Hidratante Facial,1,44.75,40.97,20.00,35.80,pix,delivery_gratis,nao,,,nao_aplicavel,,sim,2,67,5,cancelado,
PED-00468,CLI-0148,2025-09-19,Ribeirão Preto,SP,Sudeste,-21.14,-47.83,app,medicamento,Paracetamol 750mg,1,69.38,65.87,0.00,69.38,pix,sem_promocao,nao,,,nao_aplicavel,,sim,7,69,7,concluido,
PED-00469,CLI-0052,2025-04-25,Goiânia,GO,Centro-Oeste,-16.66,-49.28,loja_fisica,medicamento,Soro Fisiologico,1,22.24,22.35,0.00,"22,24",cartao_credito,sem_promocao,nao,,,nao_aplicavel,,nao,5,75,5,concluido,
PED-00470,CLI-0329,2025-04-17,Fortaleza,CE,Nordeste,-3.70,-38.52,loja_fisica,medicamento,Soro Fisiologico,1,73.61,70.77,0.00,NA,cartao_credito,sem_promocao,nao,,,nao_aplicavel,,sim,2,148,6,concluido,
PED-00471,CLI-0309,2025-11-04,Goiânia,GO,Centro-Oeste,-16.76,-49.24,loja_fisica,higiene,Shampoo Anticaspa,1,25.70,27.46,0.00,"25,70",credito,sem_promocao,nao,,,nao_aplicavel,,nao,5,20,7,concluido,
PED-00472,CLI-0127,01-20-2025,Uberaba,MG,Sudeste,"-19,82",,app,vitamina_suplemento,Multivitaminico,1,,,20.00,134.80,cartao_credito,cashback,nao,,,nao_aplicavel,,nao,2,51,10,concluido,cupom nao aplicado
PED-00473,CLI-0163,2025-06-05,Uberaba,MG,Sudeste,-19.70,-48.00,site,beleza,Protetor Solar FPS50,2,,79.86,0.00,NA,pix,sem_promocao,nao,,,nao_aplicavel,,sim,1,155,10,concluido,
PED-00474,CLI-0379,2025-12-06,Brasília,DF,Centro-Oeste,-15.84,-47.82,loja_fisica,medicamento,Dipirona 500mg,1,52.35,48.34,15.00,44.49,credito,cupom_10,nao,,,nao_aplicavel,,sim,2,35,9,concluido,
PED-00475,CLI-0151,data_invalida,Fortaleza,CE,Nordeste,-3.79,-38.45,loja_fisica,medicamento,Soro Fisiologico,NA,16.93,14.00,0.00,16.93,cartao_credito,sem_promocao,nao,,,nao_aplicavel,,nao,6,70,NA,concluido,
PED-00476,CLI-0020,07/01/2025,Uberaba,MG,Sudeste,-19.79,NA,loja_fisica,medicamento,Omeprazol 20mg,1,39.56,32.84,0.00,"39,56",pix,sem_promocao,nao,,,nao_aplicavel,,sim,NA,115,8,concluido,
PED-00477,CLI-0390,01-13-2025,Belo Horizonte,mg,Sudeste,"-19,91",-44.01,delivery,bem_estar,Termometro Digital,2,NA,82.05,0.00,149.33,pix,sem_promocao,nao,,,nao_aplicavel,,N,10,67,3,concluido,cliente reclamou do atraso
PED-00478,CLI-0295,2025-06-19,Fortaleza,CE,Nordeste,-3.77,-38.49,loja fisica,higiene,Sabonete Liquido,1,50.92,50.63,0.00,50.92,cartao_credito,sem promocao,nao,,,nao_aplicavel,,sim,2,107,5,concluido,
PED-00479,CLI-0145,2025-11-24,Uberaba,MG,Sudeste,-19.75,-47.99,loja_fisica,beleza,Base Facial,1,63.28,68.15,20.00,50.63,pix,delivery_gratis,nao,,,nao_aplicavel,,S,3,36,5,pendente,cupom nao aplicado
PED-00480,CLI-0354,2025-06-14,Uberlândia,MG,Sudeste,-18.89,-48.31,delivery,medicamento,Paracetamol 750mg,1,69.75,70.70,0.00,69.75,pix,sem_promocao,nao,,,nao_aplicavel,,nao,NA,40,8,concluido,
PED-00481,CLI-0032,2025-08-03,Uberlândia,MG,Sudeste,-18.91,-48.21,loja,medicamento,Paracetamol 750mg,1,NA,47.83,0.00,47.20,credito,sem_promocao,nao,,,nao_aplicavel,,nao,1,196,6,concluido,
PED-00482,CLI-0365,2025-03-02,Uberlândia,mg,Sudeste,-18.92,-48.31,delivery,medicamento,Dipirona 500mg,1,,68.78,0.00,71.31,cartao_credito,sem_promocao,nao,,,nao_aplicavel,,sim,2,45,4,concluido,
PED-00483,CLI-0276,2025-07-13,Goiânia,GO,Centro-Oeste,-16.69,-49.26,app,higiene,Sabonete Liquido,4,24.65,24.99,0.00,98.59,pix,sem_promocao,sim,10.29,63,entrgue,4.70,sim,6,62,7,concluido,
PED-00484,CLI-0385,2025-03-15,Uberaba,MG,Sudeste,-19.76,-47.88,loja_fisica,vitamina_suplemento,Omega 3,NA,174.15,"189,30",NA,153.25,cartao_credito,cupom_10,nao,,,nao_aplicavel,,nao,4,105,7,concluido,
PED-00485,CLI-0003,14/08/2025,Ribeirão Preto,SP,Sudeste,-21.23,-47.74,loja_fisica,beleza,Agua Micelar,1,43.28,"41,54","12,00",38.08,pix,cupom_10,nao,,,nao_aplicavel,,N,1,232,8,concluido,cupom nao aplicado
PED-00486,CLI-0402,2025-12-24,Uberaba,MG,Sudeste,-19.76,-47.90,app,medicamento,Dipirona 500mg,1,29.22,25.80,0.00,29.22,cartao_credito,sem_promocao,nao,,,nao_aplicavel,,nao,5,51,5,concluido,
PED-00487,CLI-0291,2025-06-21,Belo Horizonte,MG,Sudeste,-19.92,NA,loja_fisica,medicamento,Paracetamol 750mg,1,24.96,28.34,12.00,21.97,pix,leve_3_pague_2,nao,,,nao_aplicavel,,N,2,48,2,concluido,
PED-00488,CLI-0026,12-18-2025,Uberlândia,MG,Sudeste,-18.96,-48.30,loja_fisica,medicamneto,Omeprazol 20mg,1,30.12,29.12,"0,00",30.12,pix,sem_promocao,nao,,,nao_aplicavel,,sim,1,190,2,concluido,
PED-00489,CLI-0192,2025-12-31,São Paulo,SP,Sudeste,-23.54,-46.58,loja_fisica,medicamento,Ibuprofeno 400mg,1,"52,49",48.63,"10,00",47.24,dinheiro,cashback,nao,,0,nao_aplicavel,,sim,1,122,8,concluido,
PED-00490,CLI-0266,16/07/2025,Uberaba,mg,Sudeste,-19.80,-47.94,loja_fisica,medicamento,Loratadina 10mg,NA,45.53,38.23,0.00,45.53,cartao_credito,sem_promocao,nao,,,nao_aplicavel,,sim,3,27,5,concluido,
PED-00491,CLI-0248,2025-03-16,Belo Horizonte,MG,Sudeste,-19.96,-43.89,app,medicamento,Loratadina 10mg,1,63.43,70.04,12.00,55.82,credito,cashback,nao,,,nao_aplicavel,,sim,6,114,9,concluido,possivel duplicata
PED-00492,CLI-0344,2025-12-22,Goiânia,GO,Centro-Oeste,NA,-49.23,loja,medicamento,Loratadina 10mg,1,64.13,NA,NA,54.51,pix,cupom_10,nao,,,nao_aplicavel,,sim,1,43,8,concluido,
PED-00493,CLI-0146,20/10/2025,Brasília,DF,Centro-Oeste,-15.84,"-47,88",loja_fisica,medicamento,Paracetamol 750mg,1,46.20,"52,44",0.00,46.20,cartao credito,sem_promocao,nao,,,nao_aplicavel,,nao,3,NA,11,concluido,produto sem estoque
PED-00494,CLI-0307,2025-11-30,Uberlândia,MG,Sudeste,-18.95,,loja_fisica,higiene,Sabonete Liquido,1,NA,39.09,0.00,37.96,cartao_credito,sem_promocao,nao,,,nao_aplicavel,,sim,8,51,8,cancelado,
PED-00495,CLI-0390,07-21-2025,Brasília,DF,Centro-Oeste,-15.84,"-47,89",delivery,medicamento,Paracetamol 750mg,1,69.38,66.42,NA,69.38,pix,sem_promocao,nao,,,nao_aplicavel,,sim,7,178,7,concluido,
PED-00496,CLI-0121,2025-09-06,Belo Horizonte,MG,Sudeste,-19.88,-43.96,loja_fisica,medicamento,Soro Fisiologico,1,54.24,53.89,15.00,46.10,pix,cashback,nao,,,nao_aplicavel,,sim,5,170,1,concluido,
PED-00497,CLI-0097,2025-02-24,São Paulo,SP,Sudeste,-23.63,-46.67,loja_fisica,higiene,Creme Dental,1,,28.13,0.00,29.88,cartao_credito,sem_promocao,nao,,999,nao_aplicavel,,nao,4,136,7,concluido,
PED-00498,CLI-0077,2025-10-15,Uberaba,MG,Sudeste,-19.79,-47.92,app,higiene,Absorvente,5,29.23,25.80,"0,00",146.13,cartao_credito,sem_promocao,nao,,,nao_aplicavel,,nao,2,164,NA,concluido,
PED-00499,CLI-0157,2025-05-03,Belo Horizonte,MG,Sudeste,-19.89,-43.95,loja_fisica,medicamento,Omeprazol 20mg,1,61.10,63.61,12.00,53.77,pix,delivery_gratis,nao,,,nao_aplicavel,,nao,6,152,4,concluido,
PED-00500,CLI-0395,2025-09-11,Manaus,AM,Norte,-3.14,-60.01,delivery,medicamento,Paracetamol 750mg,1,73.57,71.17,,73.57,cartao_credito,sem_promocao,sim,9.53,67,entrgue,3.50,sim,5,168,4,concluido,cupom nao aplicado
PED-00501,CLI-0176,2025-01-03,Uberlândia,MG,Sudeste,-18.95,-48.23,site,medicamento,Soro Fisiologico,1,70.00,72.56,"25,00","52,50",pix,cupom_10,sim,17.61,105,entregue,1.60,nao,1,47,5,concluido,
PED-00502,CLI-0049,2025-05-30,Belo Horizonte,MG,Sudeste,-19.92,-43.93,loja_fisica,higiene,Fio Dental,1,37.33,"31,58",0.00,37.33,cartao_credito,sem_promocao,nao,,,nao_aplicavel,,sim,1,201,7,concluido,
PED-00503,CLI-0121,2025-12-02,Uberaba,MG,Sudeste,-19.71,"-48,01",loja_fisica,medicamento,Dipirona 500mg,1,18.71,"17,92",0.00,18.71,cartao_credito,sem_promocao,nao,,,nao_aplicavel,,nao,5,,6,concluido,
PED-00504,CLI-0303,02/05/2025,Uberlândia,MG,Sudeste,-18.93,-48.30,loja_fisica,vitamina_suplemento,Multivitaminico,1,93.44,78.53,12.00,82.23,pix,cupom_10,nao,,,nao_aplicavel,,sim,1,104,NA,concluido,preco divergente
PED-00505,CLI-0204,2025-08-07,Belém,PA,Norte,-1.48,-48.56,loja_fisica,medicamento,Paracetamol 750mg,1,49.16,"41,86",0.00,,cartao credito,sem promocao,nao,,,nao_aplicavel,,nao,2,82,6,concluido,cliente reclamou do atraso
PED-00506,CLI-0123,20/05/2025,Ribeirão Preto,SP,Sudeste,,-47.77,delivery,medicamento,Soro Fisiologico,1,,61.53,"0,00",NA,cartao_credito,sem_promocao,nao,,,nao_aplicavel,,nao,5,24,5,concluido,
PED-00507,CLI-0249,data_invalida,Belo Horizonte,MG,Sudeste,-19.96,-43.88,loja_fisica,medicamento,Omeprazol 20mg,1,70.87,71.55,0.00,70.87,cartao_credito,sem_promocao,nao,,,nao_aplicavel,,nao,3,10,8,concluido,
PED-00508,CLI-0300,2025-09-13,Belo Horizonte,MG,Sudeste,-19.94,-43.95,loja_fisica,medicamento,Paracetamol 750mg,1,37.43,39.67,,33.68,cartao_credito,delivery_gratis,nao,,,nao_aplicavel,,sim,2,102,8,concluido,
PED-00509,CLI-0213,2025-02-19,UBERABA,MG,Sudeste,-19.78,-47.91,loja,medicamento,Loratadina 10mg,1,19.67,22.36,10.00,17.70,dinheiro,cupom_10,nao,,,nao_aplicavel,,nao,2,64,3,concluido,
PED-00510,CLI-0206,2025-01-26,Uberaba,MG,Sudeste,-19.77,-47.92,app,medicamento,Dipirona 500mg,1,70.75,64.38,,"70,75",dinheiro,sem_promocao,sim,"0,82",31,entregue,3.40,nao,8,122,3,concluido,
PED-00511,CLI-0386,05/05/2025,Goiânia,GO,Centro-Oeste,-16.64,-49.21,loja_fisica,vitamina_suplemento,Omega 3,1,96.45,92.94,0.00,"96,45",cartao_credito,sem_promocao,nao,,,nao_aplicavel,,sim,4,78,7,concluido,cupom nao aplicado
PED-00512,CLI-0116,24/01/2025,Uberlândia,MG,Sudeste,-18.98,-48.26,loja_fisica,higiene,Creme Dental,1,9.70,9.56,0.00,9.70,cartao_credito,sem_promocao,nao,,,nao_aplicavel,,sim,4,60,10,concluido,
PED-00513,CLI-0120,2025-01-20,Fortaleza,CE,Nordeste,-3.66,-38.48,loja_fisica,infantil,Soro Infantil,1,37.13,39.62,0.00,37.13,cartao_credito,sem_promocao,nao,,,nao_aplicavel,,nao,1,130,8,concluido,cupom nao aplicado
PED-00514,CLI-0316,2025-08-29,Belo Horizonte,MG,Sudeste,-19.93,-44.00,site,vitamina_suplemento,Multivitaminico,NA,43.76,"49,53",10.00,39.38,cartao_credito,cupom_10,sim,4.18,34,entregue,5.00,S,8,58,6,concluido,
PED-00515,CLI-0320,2025-01-05,Brasília,DF,Centro-Oeste,-15.79,-47.86,site,infantil,Pomada Assadura,1,83.01,NA,0.00,83.01,cartao_credito,sem_promocao,sim,6.72,55,entregue,"4,90",nao,1,76,10,concluido,
PED-00516,CLI-0310,data_invalida,São Paulo,SP,Sudeste,-23.50,-46.59,loja_fisica,medicamento,Ibuprofeno 400mg,1,33.36,30.56,0.00,33.36,cartao_debito,sem_promocao,nao,,,nao_aplicavel,,nao,1,91,8,concluido,produto sem estoque
PED-00517,CLI-0020,2025-01-05,São Paulo,SP,Sudeste,-23.47,-46.62,delivery,vitamina_suplemento,Whey Protein,1,90.40,76.91,15.00,76.84,cartao_credito,delivery_gratis,sim,1.55,26,entrgue,5.00,nao,8,87,2,concluido,cliente reclamou do atraso
PED-00518,CLI-0093,2025-01-01,Uberaba,MG,Sudeste,-19.77,NA,delivery,medicamento,Loratadina 10mg,1,13.13,12.00,0.00,13.13,pix,sem_promocao,nao,,,nao_aplicavel,,nao,1,,5,concluido,
PED-00519,CLI-0193,2025-01-18,Ribeirão Preto,SP,Sudeste,-45.00,-47.75,loja_fisica,vitamina_suplemento,Vitamina C,4,NA,103.86,NA,,dinheiro,sem_promocao,nao,,,nao_aplicavel,,sim,3,18,7,concluido,
PED-00520,CLI-0307,2025-07-18,Ribeirão Preto,SP,Sudeste,-21.18,-47.81,app,beleza,Protetor Solar FPS50,1,93.47,95.46,0.00,93.47,cartao_credito,sem_promocao,nao,,,nao_aplicavel,,nao,7,62,5,concluido,
PED-00521,CLI-0402,2025-05-16,São Paulo,SP,Sudeste,-23.49,"-46,62",delivery,vitamina_suplemento,Whey Protein,4,170.85,,0.00,0.00,pix,sem_promocao,sim,5.35,42,canceldo,3.50,nao,,130,5,cancelado,possivel duplicata
PED-00522,CLI-0300,13/12/2025,Goiânia,GO,Centro-Oeste,0.00,-49.29,app,medicamento,Paracetamol 750mg,1,35.58,40.08,0.00,35.58,dinheiro,sem_promocao,sim,22.00,119,entregue,1.00,nao,6,107,3,concluido,
PED-00523,CLI-0119,10/03/2025,Belo Horizonte,MG,Sudeste,-19.91,-43.99,loja fisica,higiene,Fio Dental,1,35.82,"31,25",0.00,NA,pix,sem_promocao,nao,,,nao_aplicavel,,nao,1,77,7,concluido,
PED-00524,CLI-0255,2025-12-11,Uberaba,mg,Sudeste,-19.80,-47.92,app,medicamento,Dipirona 500mg,1,56.37,62.75,15.00,47.92,cartao_debito,cupom_10,nao,,,nao_aplicavel,,sim,2,23,8,concluido,
PED-00525,CLI-0367,2025-10-11,Uberlândia,MG,Sudeste,-18.88,-48.25,site,infantil,Fralda M,4,49.75,50.68,0.00,199.02,cartao_debito,sem_promocao,sim,7.23,42,entrgue,"4,40",sim,7,50,8,concluido,
PED-00526,CLI-0122,data_invalida,Uberaba,MG,Sudeste,-19.67,-47.97,delivery,medicamento,Dipirona 500mg,1,37.54,35.68,0.00,37.54,dinheiro,sem promocao,sim,5.61,42,entregue,4.60,nao,NA,77,3,concluido,
PED-00527,CLI-0271,2025-02-12,Uberaba,MG,Sudeste,-19.76,-48.00,loja_fisica,vitamina_suplemento,Multivitaminico,1,"125,81",134.53,,119.52,credito,cashback,nao,,,nao_aplicavel,,nao,1,100,7,cancelado,
PED-00528,CLI-0094,2025-11-25,Uberaba,MG,Sudeste,-19.68,-47.89,app,medicamneto,Omeprazol 20mg,1,"70,29",70.07,0.00,70.29,cartao_credito,sem_promocao,nao,,,nao_aplicavel,,S,4,91,4,concluido,preco divergente
PED-00529,CLI-0285,2025-02-07,Uberlândia,mg,Sudeste,-18.93,-48.20,delivery,infantil,Shampoo Infantil,1,72.43,79.89,25.00,54.32,cartao_credito,cashback,nao,,,nao_aplicavel,,sim,10,123,6,concluido,
PED-00530,CLI-0389,29/07/2025,Uberlândia,MG,Sudeste,-18.92,"-48,27",site,higiene,Sabonete Liquido,1,46.36,38.13,0.00,46.36,pix,sem_promocao,nao,,,nao_aplicavel,,sim,NA,135,10,concluido,produto sem estoque
PED-00531,CLI-0172,15/09/2025,Uberlândia,MG,Sudeste,-18.89,-48.22,loja_fisica,higiene,Desodorante,1,20.37,20.45,15.00,,pix,delivery_gratis,nao,,,nao_aplicavel,,nao,1,90,8,concluido,
PED-00532,CLI-0415,12/06/2025,Ribeirão Preto,SP,Sudeste,NA,-47.84,loja_fisica,medicamento,Loratadina 10mg,1,32.00,30.61,"5,00",30.40,pix,leve_3_pague_2,nao,,,nao_aplicavel,,nao,1,83,10,concluido,
PED-00533,CLI-0205,04-15-2025,Uberaba,MG,Sudeste,-19.67,-47.89,loja_fisica,vitamina_suplemento,Vitamina C,1,76.71,"72,11","15,00",65.21,pix,leve_3_pague_2,nao,,,nao_aplicavel,,nao,5,88,6,concluido,preco divergente
PED-00534,CLI-0175,2025-02-13,Goiânia,GO,Centro-Oeste,-16.62,-49.32,loja_fisica,higiene,Fio Dental,NA,41.69,45.67,NA,141.74,cartao_credito,cupom_10,nao,,,nao_aplicavel,,sim,5,22,10,concluido,cupom nao aplicado
PED-00535,CLI-0223,2025-05-22,Curitiba,PR,Sul,-25.46,-49.23,loja_fisica,medicamento,Soro Fisiologico,1,19.92,19.36,0.00,19.92,pix,sem_promocao,nao,,,nao_aplicavel,,sim,8,149,5,concluido,
PED-00536,CLI-0069,2025-11-26,Belo Horizonte,MG,Sudeste,-19.98,-44.01,app,medicamento,Dipirona 500mg,1,38.48,42.56,0.00,38.48,pix,sem_promocao,nao,,,nao_aplicavel,,nao,1,124,7,concluido,possivel duplicata
PED-00537,CLI-0228,2025-03-21,Salvador,BA,Nordeste,-12.98,-38.43,loja_fisica,medicamento,Loratadina 10mg,4,50.08,53.68,0.00,200.32,boleto,sem_promocao,nao,,,nao_aplicavel,,nao,1,35,6,concluido,cupom nao aplicado
PED-00538,CLI-0349,19/01/2025,São Paulo,SP,Sudeste,-23.52,-46.61,loja_fisica,medicamento,Dipirona 500mg,5,46.38,52.04,0.00,231.88,pix,sem_promocao,nao,,,nao_aplicavel,,nao,1,211,10,concluido,preco divergente
PED-00539,CLI-0396,data_invalida,Uberaba,MG,Sudeste,-19.71,-47.92,loja_fisica,medicamento,Paracetamol 750mg,4,19.05,17.00,"0,00",76.21,pix,sem_promocao,nao,,,nao_aplicavel,,sim,4,16,6,concluido,
PED-00540,CLI-0056,06/03/2025,Ribeirão Preto,SP,Sudeste,-21.12,-47.81,loja_fisica,medicamento,Omeprazol 20mg,1,72.11,62.80,0.00,72.11,cartao_credito,sem promocao,nao,,,nao_aplicavel,,nao,8,139,10,concluido,
PED-00541,CLI-0042,2025-12-20,Uberlândia,MG,Sudeste,-18.97,"-48,32",loja_fisica,vitamina_suplemento,Vitamina D,1,71.64,65.15,0.00,71.64,cartao_credito,sem promocao,nao,,,nao_aplicavel,,nao,6,42,9,concluido,
PED-00542,CLI-0206,2025-09-13,Goiânia,GO,Centro-Oeste,-16.69,-49.21,site,higiene,Shampoo Anticaspa,1,NA,30.36,0.00,32.13,cartao_credito,sem_promocao,sim,8.10,NA,entregue,3.70,nao,1,140,8,concluido,preco divergente
PED-00543,CLI-0090,2025-03-02,RIBEIRÃO PRETO,SP,Sudeste,-21.23,-47.83,loja_fisica,bem_estar,Alcool Gel,3,174.44,152.63,10.00,470.99,pix,cupom_10,nao,,,nao_aplicavel,,sim,1,177,7,concluido,
PED-00544,CLI-0297,2025-01-25,Goiânia,GO,Centro-Oeste,-16.65,NA,loja,vitamina_suplemento,Vitamina D,2,113.56,114.30,0.00,"227,12",cartao_debito,sem promocao,nao,,,nao_aplicavel,,nao,1,87,4,concluido,
PED-00545,CLI-0120,2025-02-01,São Paulo,SP,Sudeste,-23.56,-46.58,loja_fisica,medicamento,Soro Fisiologico,1,"26,75",NA,25.00,20.06,dinheiro,cupom_10,nao,,,nao_aplicavel,,sim,6,120,8,concluido,
PED-00546,CLI-0149,04/07/2025,Uberlândia,MG,Sudeste,-18.97,-48.35,app,higiene,Absorvente,4,26.85,26.08,0.00,107.40,pix,sem_promocao,nao,,,nao_aplicavel,,nao,4,87,7,concluido,
PED-00547,CLI-0382,,Brasília,DF,Centro-Oeste,-15.74,-47.95,delivery,higiene,Desodorante,1,28.26,30.01,"0,00",28.26,cartao_credito,sem_promocao,sim,,48,entregue,4.70,sim,10,17,10,concluido,
PED-00548,CLI-0403,2025-06-24,Uberlândia,MG,Sudeste,"-18,89",-48.36,loja_fisica,higiene,Fio Dental,1,22.51,NA,"5,00",21.38,cartao_credito,delivery_gratis,nao,,,nao_aplicavel,,nao,11,64,9,concluido,
PED-00549,CLI-0368,2025-12-14,Belém,PA,Norte,-1.47,-48.49,loja_fisica,bem_estar,Teste Glicemia,1,,163.40,20.00,157.32,dinheiro,leve_3_pague_2,nao,,,nao_aplicavel,,sim,5,106,10,concluido,
PED-00550,CLI-0251,2025-09-27,Ribeirão Preto,sp,Sudeste,-21.26,-47.89,loja_fisica,medicamento,Soro Fisiologico,1,30.68,32.54,0.00,30.68,pix,sem_promocao,nao,,,nao_aplicavel,,nao,4,69,5,concluido,preco divergente
PED-00551,CLI-0118,2025-05-02,UBERABA,MG,Sudeste,-19.83,-47.86,loja_fisica,higiene,Desodorante,1,32.68,30.30,-5,"29,41",cartao_credito,cashback,nao,,,nao_aplicavel,,nao,1,155,6,concluido,cliente reclamou do atraso
PED-00552,CLI-0228,2025-02-22,Recife,PE,Nordeste,-8.10,-34.88,loja_fisica,medicamento,Paracetamol 750mg,1,72.63,64.46,0.00,"72,63",cartao_credito,sem_promocao,nao,,,nao_aplicavel,,nao,1,184,2,concluido,
PED-00553,CLI-0244,2025-11-22,Belo Horizonte,MG,Sudeste,,-43.94,loja_fisica,medicamento,Ibuprofeno 400mg,NA,50.19,56.80,0.00,50.19,cartao credito,sem_promocao,nao,,,nao_aplicavel,,S,1,134,7,concluido,
PED-00554,CLI-0239,2025-11-03,Uberaba,MG,Sudeste,-19.81,-47.98,loja_fisica,medicamento,Dipirona 500mg,1,47.89,40.81,"0,00",47.89,cartao_credito,sem_promocao,nao,,,nao_aplicavel,,nao,1,212,5,concluido,
PED-00555,CLI-0361,2025-02-12,Belo Horizonte,MG,Sudeste,-19.89,-43.87,delivery,higiene,Desodorante,3,,7.71,15.00,20.28,cartao_credito,cupom_10,sim,"0,65",18,entrgue,5.00,sim,2,76,3,concluido,
PED-00556,CLI-0247,2025-09-20,Uberaba,MG,Sudeste,"-19,71",-47.91,loja_fisica,vitamina_suplemento,Vitamina D,1,153.22,136.49,0.00,153.22,dinheiro,sem_promocao,nao,,,nao_aplicavel,,nao,1,118,9,concluido,cliente reclamou do atraso
PED-00557,CLI-0120,,Manaus,AM,Norte,NA,-60.02,site,higiene,Absorvente,1,20.12,18.70,0.00,20.12,cartao_credito,sem_promocao,sim,3.89,26,entregue,5.00,sim,8,124,7,concluido,preco divergente
PED-00558,CLI-0022,2025-10-02,Belo Horizonte,MG,Sudeste,-19.98,-43.95,loja_fisica,vitamina_suplemento,Vitamina C,1,45.37,43.53,0.00,45.37,pix,sem_promocao,nao,,,nao_aplicavel,,não,2,155,7,concluido,cliente reclamou do atraso
PED-00559,CLI-0306,2025-07-17,São Paulo,SP,Sudeste,-23.60,NA,loja_fisica,infantil,Pomada Assadura,2,"93,19",NA,0.00,186.38,pix,sem_promocao,nao,,,nao_aplicavel,,sim,1,120,5,concluido,
PED-00560,CLI-0214,2025-10-27,Ribeirão Preto,SP,Sudeste,,-47.77,delivery,higiene,Absorvente,1,11.96,11.57,0.00,"0,00",cartao_credito,sem_promocao,sim,1.57,13,cancelado,"4,50",nao,2,143,8,cancelado,
PED-00561,CLI-0382,2025-02-25,Ribeirão Preto,SP,Sudeste,"-21,15",-47.81,delivery,higiene,Shampoo Anticaspa,NA,39.32,44.24,12.00,34.60,pix,cashback,sim,NA,21,entregue,5.00,sim,6,150,NA,concluido,
PED-00562,CLI-0085,2025-12-21,Uberlândia,MG,Sudeste,-18.84,-48.29,loja_fisica,remedio,Omeprazol 20mg,1,14.68,15.01,"0,00",14.68,pix,sem_promocao,nao,,,nao_aplicavel,,nao,1,40,4,concluido,
PED-00563,CLI-0156,13/10/2025,Ribeirão Preto,sp,Sudeste,-21.17,-47.77,loja,higiene,Absorvente,,10.98,11.86,120,9.66,cartao_credito,delivery_gratis,nao,,,nao_aplicavel,,nao,1,68,10,concluido,
PED-00564,CLI-0144,03-05-2025,Belo Horizonte,MG,Sudeste,"-19,85",NA,delivery,vitamina_suplemento,Colageno,3,126.96,133.61,0.00,"380,87",cartao_debito,sem_promocao,sim,5.75,38,entregue,5.00,nao,,224,7,concluido,possivel duplicata
PED-00565,CLI-0136,2025-03-20,Salvador,BA,Nordeste,-12.93,-38.46,loja_fisica,medicamento,Ibuprofeno 400mg,1,52.31,,15.00,NA,cartao_credito,cashback,nao,,,nao_aplicavel,,sim,1,191,7,concluido,cupom nao aplicado
PED-00566,CLI-0397,2025-04-26,Ribeirão Preto,SP,Sudeste,-21.16,NA,loja,medicamento,Dipirona 500mg,NA,,34.43,15.00,28.92,pix,delivery_gratis,nao,,,nao_aplicavel,,sim,5,132,5,concluido,
PED-00567,CLI-0119,2025-01-13,Uberaba,MG,Sudeste,"-19,74",-47.90,loja fisica,vitamina_suplemento,Vitamina C,1,175.62,167.77,0.00,175.62,cartao_credito,sem_promocao,nao,,,nao_aplicavel,,nao,1,200,5,concluido,
PED-00568,CLI-0339,21/03/2025,Belo Horizonte,MG,Sudeste,-19.96,,delivery,medicamento,Loratadina 10mg,1,41.19,38.37,0.00,41.19,cartao credito,sem_promocao,nao,,,nao_aplicavel,,nao,1,190,4,concluido,
PED-00569,CLI-0244,2025-07-21,Brasília,DF,Centro-Oeste,-15.74,-47.87,delivery,medicamento,Ibuprofeno 400mg,1,NA,24.89,12.00,19.34,cartao_credito,cupom_10,sim,,48,entregue,5.00,sim,12,138,4,concluido,
PED-00570,CLI-0064,,Uberaba,MG,Sudeste,-19.82,-47.90,delivey,higiene,Fio Dental,5,,36.95,0.00,184.88,cartao_credito,sem_promocao,sim,4.42,42,entregue,4.60,S,9,119,8,concluido,
PED-00571,CLI-0326,2025-05-05,Goiânia,GO,Centro-Oeste,-16.67,-49.33,loja_fisica,vitamina_suplemento,Whey Protein,1,138.80,120.03,10.00,124.92,cartao_credito,leve_3_pague_2,nao,,,nao_aplicavel,,nao,8,26,8,concluido,
PED-00572,CLI-0246,2025-06-20,São Paulo,SP,Sudeste,"-23,52",-46.71,loja_fisica,higiene,Desodorante,1,39.39,NA,"20,00",31.51,cartao_credito,cupom_10,nao,,,nao_aplicavel,,não,2,91,6,cancelado,
PED-00573,CLI-0218,2025-03-16,Ribeirão Preto,SP,Sudeste,-21.12,-47.84,site,medicamneto,Omeprazol 20mg,1,38.25,42.65,NA,38.25,pix,sem_promocao,nao,,,nao_aplicavel,,nao,1,121,4,concluido,
PED-00574,CLI-0279,2025-08-07,Goiânia,GO,Centro-Oeste,-16.65,,loja_fisica,medicamento,Soro Fisiologico,4,"44,50",36.81,-5,178.00,cartao_credito,sem_promocao,nao,,,nao_aplicavel,,nao,8,17,3,concluido,
PED-00575,CLI-0073,08/04/2025,Uberlândia,MG,Sudeste,-18.94,-48.33,loja fisica,higiene,Shampoo Anticaspa,1,49.10,49.29,20.00,39.28,cartao_credito,cashback,nao,,,nao_aplicavel,,nao,5,,5,concluido,
PED-00576,CLI-0362,2025-01-02,Belo Horizonte,MG,Sudeste,"-19,95",-43.92,loja_fisica,medicamneto,Soro Fisiologico,1,27.81,26.44,0.00,27.81,pix,sem_promocao,nao,,,nao_aplicavel,,nao,7,49,8,concluido,
PED-00577,CLI-0304,2025-04-03,Fortaleza,CE,Nordeste,-3.76,-38.58,delivery,medicamento,Omeprazol 20mg,1,55.18,54.63,,55.18,cartao_credito,sem_promocao,sim,1.53,33,entregue,"4,80",nao,8,110,9,concluido,produto sem estoque
PED-00578,CLI-0195,2025-07-02,Curitiba,pr,Sul,-25.37,-49.34,loja_fisica,infantil,Fralda P,5,106.71,NA,10.00,480.20,cartao_credito,cupom_10,nao,,,nao_aplicavel,,nao,5,96,4,concluido,
PED-00579,CLI-0315,2025-12-13,Manaus,AM,Norte,-3.15,-60.04,loja_fisica,medicamento,Paracetamol 750mg,1,44.25,49.92,0.00,44.25,dinheiro,sem_promocao,nao,,,nao_aplicavel,,nao,5,26,7,concluido,
PED-00580,CLI-0334,29/04/2025,Uberaba,MG,Sudeste,-19.71,-48.00,loja_fisica,higiene,Creme Dental,1,24.02,21.69,0.00,24.02,pix,sem_promocao,nao,,,nao_aplicavel,,nao,3,156,3,concluido,
PED-00581,CLI-0121,2025-08-27,Uberaba,MG,Sudeste,-19.67,"-47,91",delivery,medicamento,Soro Fisiologico,2,"66,97",65.46,0.00,133.94,dinheiro,sem_promocao,sim,1.10,22,entregue,5.00,sim,4,150,8,concluido,
PED-00582,CLI-0201,2025-07-30,Uberlândia,MG,Sudeste,-18.88,-90.00,loja,medicamento,Paracetamol 750mg,1,24.85,22.56,"0,00","24,85",cartao_debito,sem_promocao,nao,,,nao_aplicavel,,nao,1,71,8,concluido,
PED-00583,CLI-0371,2025-09-13,Uberaba,MG,Sudeste,"-19,81",-47.95,loja_fisica,beleza,Creme Anti-idade,1,47.72,45.39,"20,00",38.18,cartao_credito,cashback,nao,,,nao_aplicavel,,N,3,105,3,concluido,
PED-00584,CLI-0302,23/08/2025,Uberaba,MG,Sudeste,-19.82,-47.92,loja_fisica,medicamento,Ibuprofeno 400mg,1,,,10.00,35.88,pix,cupom_10,nao,,,nao_aplicavel,,sim,9,18,6,concluido,produto sem estoque
PED-00585,CLI-0150,2025-12-21,Uberaba,MG,Sudeste,-19.68,NA,loja_fisica,medicamento,Paracetamol 750mg,1,"63,65",63.94,0.00,63.65,cartao_credito,sem_promocao,nao,,,nao_aplicavel,,nao,1,211,5,concluido,
PED-00586,CLI-0076,2025-11-11,BELO HORIZONTE,MG,Sudeste,-19.92,-43.88,loja_fisica,infantil,Fralda P,,23.64,23.91,0.00,NA,cartao_credito,sem_promocao,nao,,,nao_aplicavel,,sim,6,18,6,concluido,
PED-00587,CLI-0011,11/07/2025,Uberaba,MG,Sudeste,-19.71,-47.86,loja_fisica,remedio,Soro Fisiologico,1,26.09,26.04,999,26.09,cartao_credito,sem_promocao,nao,,,nao_aplicavel,,nao,2,179,9,concluido,
PED-00588,CLI-0042,07-10-2025,Salvador,BA,Nordeste,-13.04,-38.49,loja_fisica,medicamento,Soro Fisiologico,1,31.32,32.52,0.00,31.32,boleto,sem_promocao,nao,,,nao_aplicavel,,nao,1,203,7,concluido,
PED-00589,CLI-0380,2025-12-15,Belo Horizonte,MG,Sudeste,-19.95,-43.96,loja_fisica,beleza,Creme Anti-idade,2,,43.95,15.00,68.05,pix,cupom_10,nao,,,nao_aplicavel,,não,8,,3,concluido,
PED-00590,CLI-0359,04-18-2025,Belo Horizonte,MG,Sudeste,-19.96,-43.96,loja_fisica,higiene,Absorvente,1,18.69,16.02,"5,00",17.75,cartao_credito,cupom_10,nao,,,nao_aplicavel,,sim,8,18,6,concluido,
PED-00591,CLI-0033,2025-06-19,Uberaba,MG,Sudeste,-19.77,"-47,86",loja_fisica,higiene,Shampoo Anticaspa,1,46.49,50.98,10.00,"41,84",cartao_credito,cupom_10,nao,,,nao_aplicavel,,sim,8,120,6,concluido,cliente reclamou do atraso
PED-00592,CLI-0370,2025-06-19,Goiânia,GO,Centro-Oeste,-16.67,-49.25,app,higiene,Desodorante,1,,16.61,0.00,19.38,cartao_credito,sem_promocao,nao,,,nao_aplicavel,,nao,12,54,10,concluido,
PED-00593,CLI-0028,2025-12-26,Uberaba,MG,Sudeste,-19.67,"-47,95",delivery,vitamina_suplemento,Multivitaminico,2,89.93,98.67,,170.86,cartao credito,cashback,sim,0.99,24,entregue,5.00,sim,,143,8,concluido,
PED-00594,CLI-0162,2025-03-26,Belo Horizonte,MG,Sudeste,-19.93,-43.90,app,medicamento,Omeprazol 20mg,1,44.92,NA,"0,00",44.92,pix,sem_promocao,nao,,,nao_aplicavel,,sim,6,99,10,concluido,possivel duplicata
PED-00595,CLI-0116,04/09/2025,Belo Horizonte,MG,Sudeste,-19.85,-43.93,delivery,infantil,Fralda M,1,31.25,30.25,0.00,31.25,cartao_debito,sem_promocao,sim,1.48,44,entregue,NA,sim,4,20,8,concluido,
PED-00596,CLI-0359,2025-01-12,Uberaba,MG,Sudeste,-19.80,-47.96,app,bem_estar,Alcool Gel,1,,89.81,0.00,80.86,cartao_credito,sem_promocao,nao,,,nao_aplicavel,,sim,12,115,7,concluido,
PED-00597,CLI-0083,2025-02-06,Goiânia,GO,Centro-Oeste,NA,-49.23,loja_fisica,medicamneto,Soro Fisiologico,3,,27.82,0.00,80.97,pix,sem_promocao,nao,,,nao_aplicavel,,nao,1,188,5,concluido,
PED-00598,CLI-0236,2025-04-22,Curitiba,PR,Sul,-25.35,-49.35,loja_fisica,beleza,Protetor Solar FPS50,1,49.24,48.11,0.00,NA,cartao_credito,sem_promocao,nao,,,nao_aplicavel,,sim,1,112,10,concluido,preco divergente
PED-00599,CLI-0192,2025-07-07,São Paulo,SP,Sudeste,-23.58,-46.69,delivey,medicamento,Soro Fisiologico,1,70.51,75.30,0.00,70.51,cartao_debito,sem_promocao,sim,0.85,26,entrgue,5.00,nao,7,81,7,concluido,
PED-00600,CLI-0079,26/10/2025,Uberaba,MG,Sudeste,-19.77,-47.89,loja_fisica,medicamento,Loratadina 10mg,1,,61.57,0.00,55.40,pix,sem_promocao,nao,,,nao_aplicavel,,nao,4,22,6,concluido,
PED-00601,CLI-0415,2025-10-31,Brasília,DF,Centro-Oeste,-15.76,-47.88,loja_fisica,infantil,Fralda P,2,83.45,83.87,12.00,146.87,cartao_credito,cupom_10,nao,,,nao_aplicavel,,nao,3,146,4,concluido,possivel duplicata
PED-00602,CLI-0266,2025-04-16,Curitiba,PR,Sul,-25.39,-49.31,loja_fisica,medicamento,Dipirona 500mg,2,59.15,66.64,0.00,118.30,pix,sem promocao,nao,,,nao_aplicavel,,sim,4,14,5,concluido,
PED-00603,CLI-0354,24/05/2025,Uberaba,MG,Sudeste,-19.76,0.00,loja_fisica,medicamento,Ibuprofeno 400mg,1,48.01,54.53,0.00,48.01,cartao_credito,sem_promocao,nao,,,nao_aplicavel,,sim,2,27,5,concluido,
PED-00604,CLI-0399,2025-07-02,Ribeirão Preto,SP,Sudeste,-21.12,-47.87,delivery,medicamento,Ibuprofeno 400mg,,66.31,74.82,20.00,53.05,cartao_credito,leve_3_pague_2,nao,,,nao_aplicavel,,nao,4,138,10,concluido,cliente reclamou do atraso
PED-00605,CLI-0160,03/07/2025,Uberlândia,mg,Sudeste,-18.85,"-48,26",loja_fisica,higiene,Sabonete Liquido,NA,11.97,10.49,0.00,11.97,cartao_credito,sem_promocao,nao,,,nao_aplicavel,,nao,7,17,6,concluido,
PED-00606,CLI-0308,data_invalida,Salvador,BA,Nordeste,-13.05,-38.54,loja_fisica,beleza,Esmalte,1,85.83,70.57,0.00,85.83,cartao_credito,sem_promocao,nao,,,nao_aplicavel,,nao,6,35,6,concluido,
PED-00607,CLI-0129,2025-02-28,São Paulo,SP,Sudeste,-23.54,"-46,65",loja_fisica,bem_estar,Mascara Facial,1,172.92,157.01,120,172.92,cartao_credito,sem_promocao,nao,,,nao_aplicavel,,sim,3,121,9,concluido,
PED-00608,CLI-0283,2025-11-28,Belém,PA,Norte,-1.39,-48.43,app,vitamina_suplemento,Vitamina D,3,69.11,61.85,15.00,"176,22",pix,cupom_10,nao,,,nao_aplicavel,,nao,1,72,7,concluido,possivel duplicata
PED-00609,CLI-0346,2025-12-28,Uberlândia,MG,Sudeste,-18.91,-48.34,loja_fisica,bem_estar,Mascara Facial,3,181.22,185.71,0.00,543.67,pix,sem promocao,nao,,,nao_aplicavel,,sim,4,91,5,concluido,possivel duplicata
PED-00610,CLI-0375,2025-02-22,Uberaba,MG,Sudeste,-19.78,-47.95,loja_fisica,medicamento,Soro Fisiologico,3,NA,13.41,0.00,"36,13",cartao_credito,sem_promocao,nao,,,nao_aplicavel,,sim,6,139,4,concluido,
PED-00611,CLI-0389,2025-08-09,Uberaba,MG,Sudeste,-19.73,-47.91,loja_fisica,medicamento,Dipirona 500mg,1,56.17,47.19,0.00,56.17,pix,sem_promocao,nao,,,nao_aplicavel,,sim,5,27,7,concluido,
PED-00612,CLI-0203,2025-06-05,Ribeirão Preto,SP,Sudeste,-21.21,-47.87,loja_fisica,beleza,Creme Anti-idade,1,33.48,30.52,12.00,29.46,cartao_credito,delivery_gratis,nao,,,nao_aplicavel,,nao,2,120,7,concluido,
PED-00613,CLI-0332,2025-01-17,Uberaba,MG,Sudeste,NA,-47.96,loja_fisica,medicamento,Paracetamol 750mg,5,58.48,56.05,0.00,292.42,cartao_credito,sem_promocao,nao,,,nao_aplicavel,,nao,1,150,5,concluido,preco divergente
PED-00614,CLI-0018,28/04/2025,Goiânia,GO,Centro-Oeste,-16.74,-49.29,loja_fisica,higiene,Sabonete Liquido,1,42.20,36.53,"0,00",42.20,pix,sem_promocao,nao,,,nao_aplicavel,,nao,1,145,7,concluido,
PED-00615,CLI-0318,,Belém,PA,Norte,-1.47,-48.46,loja_fisica,higiene,Fio Dental,1,21.74,22.68,15.00,NA,pix,cupom_10,nao,,,nao_aplicavel,,nao,4,7,6,concluido,
PED-00616,CLI-0115,2025-07-05,São Paulo,SP,Sudeste,"-23,55",-46.59,site,vitamina_suplemento,Whey Protein,2,"160,93",164.81,15.00,273.58,cartao_credito,cupom_10,nao,,,nao_aplicavel,,nao,5,120,4,concluido,
PED-00617,CLI-0252,2025-10-12,São Paulo,SP,Sudeste,-23.53,-46.61,loja_fisica,bem_estar,Mascara Facial,1,149.80,126.41,0.00,149.80,cartao_credito,sem_promocao,nao,,999,nao_aplicavel,,nao,1,44,7,concluido,
PED-00618,CLI-0315,2025-03-20,Ribeirão Preto,SP,Sudeste,-21.19,-47.78,loja_fisica,beleza,Agua Micelar,1,96.22,99.36,0.00,NA,cartao_credito,sem_promocao,nao,,,nao_aplicavel,,nao,10,23,6,cancelado,
PED-00619,CLI-0047,2025-10-21,Brasília,DF,Centro-Oeste,-15.75,,loja_fisica,beleza,Hidratante Facial,1,"111,43",,15.00,94.72,dinheiro,cupom_10,nao,,,nao_aplicavel,,nao,10,138,8,concluido,
PED-00620,CLI-0154,2025-01-17,Uberlândia,MG,Sudeste,-18.97,-48.34,loja_fisica,vitamina_suplemento,Vitamina D,5,76.17,71.76,0.00,380.84,pix,sem_promocao,nao,,,nao_aplicavel,,nao,2,122,6,concluido,
PED-00621,CLI-0301,06/10/2025,Uberaba,MG,Sudeste,"-19,78",-47.92,loja_fisica,medicamento,Ibuprofeno 400mg,1,55.91,59.56,0.00,55.91,dinheiro,sem_promocao,nao,,,nao_aplicavel,,sim,9,49,,concluido,
PED-00622,CLI-0401,2025-09-10,Manaus,AM,Norte,-3.11,-60.02,delivery,medicamento,Loratadina 10mg,1,8.52,7.43,,6.82,dinheiro,delivery_gratis,nao,,,nao_aplicavel,,nao,,4,7,concluido,
PED-00623,CLI-0031,2025-02-24,Uberlândia,MG,Sudeste,-18.93,-48.24,loja_fisica,medicamento,Dipirona 500mg,1,69.52,57.73,0.00,69.52,cartao_debito,sem_promocao,nao,,,nao_aplicavel,,sim,5,94,2,concluido,
PED-00624,CLI-0141,23/02/2025,Goiânia,go,Centro-Oeste,-16.71,,delivery,higiene,Absorvente,5,34.39,31.99,0.00,171.97,cartao_credito,sem_promocao,sim,0.68,NA,atrasado,4.20,sim,11,142,2,concluido,cliente reclamou do atraso
PED-00625,CLI-0227,2025-09-07,Goiânia,GO,Centro-Oeste,,-49.26,loja_fisica,vitamina_suplemento,Colageno,1,"128,10",119.76,25.00,96.07,cartao_credito,leve_3_pague_2,nao,,,nao_aplicavel,,sim,2,48,5,concluido,
PED-00626,CLI-0334,2025-04-08,Curitiba,pr,Sul,,-49.33,loja_fisica,beleza,Creme Anti-idade,1,113.83,121.97,"0,00","113,83",cartao_credito,sem_promocao,nao,,,nao_aplicavel,,nao,1,,5,concluido,
PED-00627,CLI-0320,07-04-2025,Uberaba,MG,Sudeste,-19.77,-47.88,loja_fisica,medicamento,Paracetamol 750mg,3,30.14,24.88,,90.42,dinheiro,sem_promocao,nao,,,nao_aplicavel,,nao,1,200,8,pendente,
PED-00628,CLI-0412,2025-09-29,Recife,PE,Nordeste,-8.08,-34.84,loja_fisica,medicamento,Dipirona 500mg,1,14.21,13.94,5.00,13.50,dinheiro,cupom_10,nao,,,nao_aplicavel,,nao,4,79,9,concluido,
PED-00629,CLI-0082,2025-12-14,Goiânia,GO,Centro-Oeste,-16.72,-49.29,site,medicamento,Loratadina 10mg,1,,21.64,,20.50,cartao_credito,sem_promocao,nao,,,nao_aplicavel,,nao,1,98,5,concluido,
PED-00630,CLI-0363,2025-11-22,Recife,PE,Nordeste,-8.08,-34.81,loja_fisica,medicamento,Ibuprofeno 400mg,2,61.95,58.37,0.00,123.91,cartao_credito,sem_promocao,nao,,,nao_aplicavel,,nao,3,52,7,concluido,
PED-00631,CLI-0252,2025-01-28,Uberaba,mg,Sudeste,-19.71,NA,loja_fisica,medicamento,Loratadina 10mg,3,15.75,17.54,0.00,47.24,dinheiro,sem_promocao,nao,,,nao_aplicavel,,sim,5,11,7,concluido,
PED-00632,CLI-0276,2025-10-09,Uberaba,MG,Sudeste,-19.83,NA,loja_fisica,medicamento,Soro Fisiologico,2,65.99,58.60,"15,00",112.18,cartao_debito,delivery_gratis,nao,,,nao_aplicavel,,sim,,173,7,concluido,
PED-00633,CLI-0286,09-24-2025,Salvador,BA,Nordeste,-12.94,-38.49,loja_fisica,infantil,Fralda P,1,28.89,31.76,15.00,24.56,cartao credito,cupom_10,nao,,,nao_aplicavel,,nao,4,4,5,concluido,
PED-00634,CLI-0013,2025-10-14,Belo Horizonte,mg,Sudeste,-19.93,-43.94,loja_fisica,higiene,Absorvente,1,NA,,20.00,"35,38",cartao_credito,delivery_gratis,nao,,,nao_aplicavel,,nao,6,76,2,concluido,
PED-00635,CLI-0119,2025-05-09,Recife,PE,Nordeste,-8.01,,delivery,medicamento,Loratadina 10mg,2,28.90,32.07,0.00,57.79,pix,sem_promocao,sim,0.59,8,entregue,5.00,sim,3,9,NA,concluido,produto sem estoque
PED-00636,CLI-0246,2025-10-28,Goiânia,GO,Centro-Oeste,-16.64,-49.23,entrega,vitamina_suplemento,Vitamina C,1,159.46,133.96,20.00,0.00,dinheiro,leve_3_pague_2,sim,3.75,32,cancelado,3.20,nao,8,151,6,cancelado,
PED-00637,CLI-0313,2025-11-23,Brasília,df,Centro-Oeste,-15.84,-47.83,loja_fisica,vitamina_suplemento,Omega 3,1,51.30,46.54,20.00,41.04,cartao_credito,delivery_gratis,nao,,,nao_aplicavel,,sim,9,164,6,concluido,produto sem estoque
PED-00638,CLI-0298,2025-12-28,Recife,PE,Nordeste,-8.08,-34.90,loja_fisica,beleza,Creme Anti-idade,1,99.23,108.97,0.00,99.23,dinheiro,sem_promocao,nao,,,nao_aplicavel,,sim,3,74,7,concluido,
PED-00639,CLI-0336,02/11/2025,Goiânia,GO,Centro-Oeste,-16.69,-49.34,delivery,vitamina_suplemento,Vitamina C,1,161.58,142.95,0.00,161.58,pix,sem_promocao,sim,6.80,88,atrasado,2.60,nao,7,121,3,concluido,
PED-00640,CLI-0208,2025-05-08,Belém,PA,Norte,-1.49,-90.00,app,beleza,Hidratante Facial,1,50.12,50.38,25.00,37.59,cartao_credito,cupom_10,nao,,,nao_aplicavel,,sim,4,7,8,concluido,
PED-00641,CLI-0022,2025-12-06,São Paulo,SP,Sudeste,NA,-46.69,loja_fisica,medicamento,Omeprazol 20mg,4,,26.55,"12,00",86.11,pix,leve_3_pague_2,nao,,,nao_aplicavel,,sim,6,80,6,concluido,
PED-00642,CLI-0061,11-02-2025,RECIFE,PE,Nordeste,-7.97,-34.90,loja_fisica,bem_estar,Curativo,1,179.30,158.98,0.00,179.30,dinheiro,sem promocao,nao,,,nao_aplicavel,,sim,,191,6,concluido,
PED-00643,CLI-0249,2025-09-27,Belo Horizonte,MG,Sudeste,-19.88,-43.94,loja_fisica,medicamento,Paracetamol 750mg,3,26.15,28.62,0.00,78.45,cartao credito,sem_promocao,nao,,,nao_aplicavel,,nao,1,204,5,concluido,
PED-00644,CLI-0228,28/02/2025,Uberaba,MG,Sudeste,-19.70,,loja fisica,higiene,Creme Dental,4,31.50,28.22,0.00,126.00,cartao_credito,sem_promocao,nao,,,nao_aplicavel,,nao,4,92,6,concluido,cliente reclamou do atraso
PED-00645,CLI-0169,2025-06-19,RIBEIRÃO PRETO,SP,Sudeste,-21.16,-47.79,delivery,medicamento,Dipirona 500mg,4,44.68,48.72,,178.71,cartao_credito,sem_promocao,sim,1.27,8,entregue,4.60,S,3,7,7,concluido,
PED-00646,CLI-0412,2025-07-10,Uberaba,MG,Sudeste,-19.67,-47.95,loja_fisica,higiene,Fio Dental,5,48.31,45.12,0.00,241.55,cartao credito,sem_promocao,nao,,,nao_aplicavel,,nao,2,128,4,concluido,
PED-00647,CLI-0293,2025-07-09,Belo Horizonte,MG,Sudeste,-19.94,-43.89,loja_fisica,medicamento,Dipirona 500mg,3,10.93,9.79,0.00,32.79,cartao_credito,sem_promocao,nao,,,nao_aplicavel,,nao,5,10,NA,concluido,
PED-00648,CLI-0402,2025-01-16,Uberlândia,MG,Sudeste,-18.92,-48.33,loja_fisica,vitamina_suplemento,Omega 3,1,50.80,48.26,0.00,50.80,pix,sem_promocao,nao,,,nao_aplicavel,,sim,5,174,7,concluido,
PED-00649,CLI-0401,2025-10-29,São Paulo,SP,Sudeste,-23.51,-46.58,loja_fisica,bem_estar,Alcool Gel,1,37.32,32.78,0.00,37.32,cartao_debito,sem_promocao,nao,,,nao_aplicavel,,sim,3,166,7,concluido,
PED-00650,CLI-0240,2025-08-24,Belo Horizonte,MG,Sudeste,-19.89,,delivery,beleza,Esmalte,1,108.10,102.33,25.00,"81,08",credito,cupom_10,sim,"4,07",29,entregue,4.60,nao,1,136,7,concluido,
PED-00651,CLI-0252,09-14-2025,Goiânia,GO,Centro-Oeste,-16.72,-49.31,delivery,medicamento,Paracetamol 750mg,NA,68.24,71.60,10.00,307.06,pix,cupom_10,sim,"3,28",30,entregue,5.00,nao,1,,5,concluido,cupom nao aplicado
PED-00652,CLI-0146,2025-10-09,Uberaba,MG,Sudeste,-19.83,-47.90,loja_fisica,vitamina_suplemento,Multivitaminico,1,96.28,108.73,0.00,96.28,cartao_credito,sem_promocao,nao,,,nao_aplicavel,,nao,1,187,5,concluido,
PED-00653,CLI-0353,2025-10-09,Uberaba,MG,Sudeste,-19.83,-47.86,app,vitamina_suplemento,Vitamina D,1,36.78,38.38,0.00,36.78,pix,sem promocao,nao,,,nao_aplicavel,,nao,8,61,7,concluido,
PED-00654,CLI-0114,2025-01-18,Uberlândia,mg,Sudeste,0.00,-48.25,loja_fisica,beleza,Base Facial,1,21.80,,0.00,21.80,cartao_credito,sem_promocao,nao,,,nao_aplicavel,,sim,1,,4,concluido,cupom nao aplicado
PED-00655,CLI-0049,2025-11-18,São Paulo,SP,Sudeste,-23.60,"-46,57",app,vitamina_suplemento,Multivitaminico,5,82.99,84.12,0.00,,pix,sem_promocao,nao,,,nao_aplicavel,,sim,7,NA,7,concluido,
PED-00656,CLI-0007,2025-04-14,Manaus,AM,Norte,-3.04,-60.04,loja_fisica,medicamento,Soro Fisiologico,4,39.29,35.50,,157.18,pix,sem_promocao,nao,,,nao_aplicavel,,nao,NA,82,10,concluido,
PED-00657,CLI-0044,2025-09-13,Salvador,BA,Nordeste,-12.97,-38.48,site,medicamento,Paracetamol 750mg,NA,52.67,50.98,15.00,44.77,cartao_credito,delivery_gratis,nao,,,nao_aplicavel,,sim,5,34,2,concluido,
PED-00658,CLI-0255,2025-09-29,Manaus,AM,Norte,-3.08,-60.01,delivery,beleza,Creme Anti-idade,3,52.48,55.16,0.00,157.43,dinheiro,sem_promocao,sim,"2,08",,entregue,4.90,nao,4,72,4,concluido,cupom nao aplicado
PED-00659,CLI-0092,2025-09-02,Belo Horizonte,MG,Sudeste,15.00,-44.01,delivery,higiene,Shampoo Anticaspa,1,37.79,"35,51",0.00,37.79,dinheiro,sem_promocao,nao,,,nao_aplicavel,,sim,2,34,6,concluido,
PED-00660,CLI-0301,2025-09-11,Curitiba,PR,Sul,-25.41,-49.34,delivery,medicamento,Loratadina 10mg,1,60.33,53.55,10.00,"54,29",pix,cupom_10,sim,2.95,36,entregue,4.70,nao,1,148,8,concluido,
PED-00661,CLI-0328,2025-05-14,Brasília,DF,Centro-Oeste,-15.86,-47.91,loja_fisica,vitamina_suplemento,Vitamina D,1,"167,73",180.46,0.00,167.73,cartao_credito,sem promocao,nao,,,nao_aplicavel,,sim,6,159,7,concluido,
PED-00662,CLI-0142,2025-05-09,Uberaba,mg,Sudeste,,-47.99,loja_fisica,medicamento,Paracetamol 750mg,3,,15.87,0.00,"52,96",cartao_credito,sem_promocao,nao,,,nao_aplicavel,,sim,10,159,8,concluido,possivel duplicata
PED-00663,CLI-0314,2025-06-21,Uberlândia,MG,Sudeste,-18.92,-48.25,site,medicamento,Soro Fisiologico,1,"20,85",19.37,5.00,19.80,cartao_credito,leve_3_pague_2,sim,"2,47",NA,entregue,4.50,sim,1,126,4,concluido,
PED-00664,CLI-0279,19/03/2025,Salvador,BA,Nordeste,-13.03,-38.47,app,medicamento,Ibuprofeno 400mg,1,68.45,67.53,0.00,68.45,cartao_credito,sem_promocao,nao,,,nao_aplicavel,,nao,1,169,NA,concluido,cliente reclamou do atraso
PED-00665,CLI-0125,2025-05-09,Recife,pe,Nordeste,-8.04,-34.93,loja_fisica,bem_estar,Mascara Facial,2,64.37,60.88,25.00,96.56,pix,delivery_gratis,nao,,,nao_aplicavel,,nao,2,35,10,concluido,
PED-00666,CLI-0366,2025-05-30,Ribeirão Preto,SP,Sudeste,-21.18,-47.87,loja_fisica,medicamento,Soro Fisiologico,2,9.37,9.75,20.00,14.99,pix,delivery_gratis,nao,,,nao_aplicavel,,nao,11,37,4,concluido,
PED-00667,CLI-0234,2025-08-24,Uberaba,MG,Sudeste,-19.68,-47.91,loja_fisica,infantil,Soro Infantil,1,,NA,0.00,34.62,pix,sem_promocao,nao,,,nao_aplicavel,,sim,3,133,6,concluido,
PED-00668,CLI-0384,06/02/2025,Uberlândia,mg,Sudeste,-18.92,,loja_fisica,beleza,Creme Anti-idade,1,110.76,110.40,"12,00",97.46,cartao_debito,cupom_10,nao,,,nao_aplicavel,,sim,1,125,8,concluido,
PED-00669,CLI-0364,2025-03-14,Manaus,AM,Norte,-3.06,-59.98,loja_fisica,medicamento,Loratadina 10mg,1,25.47,28.72,0.00,25.47,cartao_credito,sem promocao,nao,,,nao_aplicavel,,nao,1,204,5,concluido,
PED-00670,CLI-0273,data_invalida,Uberlândia,MG,Sudeste,-18.84,"-48,34",loja_fisica,medicamento,Omeprazol 20mg,2,NA,"51,94",,125.40,cartao debito,sem_promocao,nao,,,nao_aplicavel,,nao,1,236,5,concluido,
PED-00671,CLI-0323,2025-04-15,Uberaba,MG,Sudeste,-19.78,"-47,92",loja_fisica,beleza,Esmalte,1,52.93,50.09,0.00,"52,93",cartao_credito,sem_promocao,nao,,,nao_aplicavel,,nao,3,60,5,concluido,
PED-00672,CLI-0143,2025-08-26,Ribeirão Preto,SP,Sudeste,-21.14,-47.74,loja_fisica,vitamina_suplemento,Multivitaminico,1,107.62,"110,40",5.00,102.24,pix,cupom_10,nao,,,nao_aplicavel,,nao,3,70,9,concluido,possivel duplicata
PED-00673,CLI-0346,2025-05-03,São Paulo,SP,Sudeste,-23.60,-46.62,loja_fisica,beleza,Base Facial,1,,110.29,0.00,109.56,pix,sem_promocao,nao,,,nao_aplicavel,,nao,3,105,6,concluido,
PED-00674,CLI-0142,data_invalida,Belém,PA,Norte,-1.46,"-48,49",app,infantil,Shampoo Infantil,1,86.10,83.16,NA,86.10,cartao_credito,sem_promocao,nao,,,nao_aplicavel,,sim,1,224,8,concluido,
PED-00675,CLI-0147,2025-02-12,Manaus,AM,Norte,-3.05,-60.09,loja_fisica,medicamneto,Omeprazol 20mg,1,,8.76,0.00,9.05,dinheiro,sem_promocao,nao,,,nao_aplicavel,,nao,3,7,9,concluido,
PED-00676,CLI-0189,2025-05-28,Uberaba,MG,Sudeste,"-19,68",-47.91,loja_fisica,medicamento,Omeprazol 20mg,NA,24.58,26.35,0.00,24.58,cartao_credito,sem_promocao,nao,,,nao_aplicavel,,nao,9,121,9,concluido,
PED-00677,CLI-0384,2025-01-17,Uberaba,MG,Sudeste,-19.75,-47.98,loja_fisica,medicamento,Omeprazol 20mg,1,16.62,18.56,10.00,14.95,cartao_credito,cupom_10,nao,,,nao_aplicavel,,nao,8,143,7,concluido,possivel duplicata
PED-00678,CLI-0261,2025-06-27,Recife,PE,Nordeste,-8.02,-34.80,loja_fisica,medicamento,Paracetamol 750mg,1,47.74,"48,75",10.00,42.97,pix,delivery_gratis,nao,,,nao_aplicavel,,nao,3,126,9,concluido,
PED-00679,CLI-0181,2025-10-07,Belo Horizonte,MG,Sudeste,-20.00,-43.92,loja_fisica,vitamina_suplemento,Multivitaminico,1,,72.84,,65.26,pix,leve_3_pague_2,nao,,,nao_aplicavel,,sim,9,167,7,concluido,
PED-00680,CLI-0261,2025-01-30,Curitiba,PR,Sul,-25.49,-49.28,loja_fisica,medicamento,Soro Fisiologico,1,32.91,29.58,0.00,32.91,cartao_credito,sem_promocao,nao,,,nao_aplicavel,,sim,3,68,7,concluido,
PED-00681,CLI-0393,2025-05-24,Belo Horizonte,MG,Sudeste,-19.88,-43.93,app,medicamento,Paracetamol 750mg,3,22.29,21.57,12.00,58.84,cartao_credito,leve_3_pague_2,nao,,,nao_aplicavel,,sim,12,71,4,concluido,
PED-00682,CLI-0215,2025-05-16,Ribeirão Preto,SP,Sudeste,,0.00,loja_fisica,medicamento,Paracetamol 750mg,1,58.38,56.10,20.00,46.71,cartao_debito,cashback,nao,,,nao_aplicavel,,sim,5,20,8,pendente,
PED-00683,CLI-0192,2025-08-28,Salvador,ba,Nordeste,-12.97,-38.52,delivery,medicamento,Paracetamol 750mg,1,63.58,57.74,0.00,63.58,pix,sem_promocao,sim,1.95,32,entrgue,4.40,nao,8,178,8,cancelado,
PED-00684,CLI-0249,2025-01-02,Uberaba,MG,Sudeste,-19.82,-47.87,delivery,higiene,Sabonete Liquido,4,29.31,26.11,0.00,"117,25",cartao_credito,sem_promocao,sim,3.94,39,entregue,"4,30",sim,6,86,9,concluido,
PED-00685,CLI-0348,2025-04-14,Uberaba,MG,Sudeste,,-47.96,loja,beleza,Esmalte,4,"111,75",126.28,0.00,447.01,pix,sem_promocao,nao,,,nao_aplicavel,,nao,9,107,6,concluido,cliente reclamou do atraso
PED-00686,CLI-0297,2025-08-13,Goiânia,GO,Centro-Oeste,-16.66,-49.26,site,medicamento,Ibuprofeno 400mg,1,"26,12",28.12,12.00,22.98,cartao_credito,delivery_gratis,nao,,,nao_aplicavel,,sim,1,141,3,concluido,
PED-00687,CLI-0335,18/07/2025,Curitiba,PR,Sul,"-25,41",-49.29,loja_fisica,medicamento,Ibuprofeno 400mg,1,8.46,9.14,0.00,8.46,dinheiro,sem_promocao,nao,,,nao_aplicavel,,não,6,52,NA,concluido,
PED-00688,CLI-0224,08/06/2025,Uberaba,MG,Sudeste,-19.70,-47.90,loja_fisica,medicamento,Soro Fisiologico,4,21.20,19.00,15.00,,cartao_credito,leve_3_pague_2,nao,,,nao_aplicavel,,sim,1,51,6,concluido,
PED-00689,CLI-0408,2025-09-26,Uberaba,MG,Sudeste,-19.73,-48.00,app,beleza,Base Facial,3,"17,50",19.78,5.00,49.88,pix,cupom_10,sim,1.62,8,entregue,4.90,nao,4,170,6,concluido,
PED-00690,CLI-0286,2025-06-09,Ribeirão Preto,SP,Sudeste,-21.15,,loja_fisica,vitamina_suplemento,Multivitaminico,1,34.61,33.87,0.00,34.61,cartao_credito,sem promocao,nao,,,nao_aplicavel,,nao,12,119,4,concluido,
PED-00691,CLI-0256,2025-01-11,Uberaba,MG,Sudeste,-19.74,-47.99,loja_fisica,higiene,Shampoo Anticaspa,2,45.45,45.00,0.00,90.89,pix,sem_promocao,nao,,,nao_aplicavel,,nao,2,74,4,concluido,
PED-00692,CLI-0057,2025-02-04,Salvador,BA,Nordeste,"-12,97",-38.47,loja_fisica,beleza,Creme Anti-idade,1,114.18,"116,09",0.00,114.18,cartao_credito,sem_promocao,nao,,,nao_aplicavel,,nao,10,110,6,concluido,
PED-00693,CLI-0214,,Curitiba,PR,Sul,-25.50,-49.23,delivery,higiene,Fio Dental,3,38.70,"36,26",0.00,116.10,pix,sem_promocao,sim,1.62,999,atrasado,5.00,nao,2,24,2,concluido,
PED-00694,CLI-0318,2025-10-27,São Paulo,SP,Sudeste,"-23,60",-46.57,loja_fisica,bem_estar,Teste Glicemia,1,68.12,73.03,0.00,68.12,cartao_credito,sem_promocao,nao,,,nao_aplicavel,,nao,1,154,7,concluido,
PED-00695,CLI-0128,2025-04-02,Uberlândia,MG,Sudeste,-18.90,-48.23,loja_fisica,higiene,Shampoo Anticaspa,1,"13,66",12.32,25.00,10.25,cartao_debito,delivery_gratis,nao,,,nao_aplicavel,,sim,4,120,6,concluido,
PED-00696,CLI-0201,18/01/2025,Uberaba,MG,Sudeste,"-19,70",-48.00,site,bem_estar,Curativo,5,NA,,0.00,"64,01",cartao_debito,sem_promocao,nao,,,nao_aplicavel,,sim,3,41,1,concluido,
PED-00697,CLI-0170,2025-01-23,São Paulo,SP,Sudeste,-23.48,-46.68,loja_fisica,beleza,Hidratante Facial,1,37.23,35.58,15.00,31.64,pix,cashback,nao,,,nao_aplicavel,,nao,4,105,8,concluido,
PED-00698,CLI-0394,2025-09-13,Uberaba,MG,Sudeste,-19.70,-47.94,delivery,medicamento,Soro Fisiologico,1,53.20,50.63,0.00,53.20,pix,sem_promocao,nao,,,nao_aplicavel,,nao,3,56,9,concluido,
PED-00699,CLI-0311,2025-09-07,Uberaba,MG,Sudeste,-19.80,-47.88,loja_fisica,medicamento,Dipirona 500mg,1,47.55,43.73,10.00,42.80,cartao_debito,cashback,nao,,,nao_aplicavel,,sim,1,186,10,concluido,cupom nao aplicado
PED-00700,CLI-0195,2025-10-17,Uberlândia,MG,Sudeste,-18.88,-48.32,delivery,bem_estar,Termometro Digital,1,86.04,85.13,0.00,"86,04",cartao_debito,sem_promocao,sim,5.91,44,entregue,4.20,sim,9,53,7,concluido,
PED-00701,CLI-0349,2025-09-24,Belo Horizonte,MG,Sudeste,-19.86,-43.95,loja_fisica,higiene,Absorvente,1,52.25,59.31,10.00,47.02,cartao_credito,leve_3_pague_2,nao,,,nao_aplicavel,,sim,7,173,5,concluido,
PED-00702,CLI-0352,2025-03-23,Goiânia,go,Centro-Oeste,-16.61,-49.26,app,medicamento,Soro Fisiologico,2,NA,"11,79",0.00,26.29,cartao_debito,sem_promocao,sim,0.77,23,entregue,5.00,nao,NA,48,4,cancelado,
PED-00703,CLI-0367,2025-05-12,Fortaleza,CE,Nordeste,-3.78,NA,loja_fisica,bem_estar,Mascara Facial,5,75.32,64.50,5.00,"357,79",dinheiro,cashback,nao,,,nao_aplicavel,,nao,4,34,NA,concluido,
PED-00704,CLI-0382,2025-03-17,Goiânia,GO,Centro-Oeste,-16.65,-49.29,loja_fisica,beleza,Creme Anti-idade,1,38.13,34.80,0.00,NA,cartao_credito,sem_promocao,nao,,,nao_aplicavel,,nao,1,129,4,concluido,cliente reclamou do atraso
PED-00705,CLI-0164,2025-04-12,Uberlândia,mg,Sudeste,NA,-48.22,loja_fisica,remedio,Soro Fisiologico,1,42.97,35.27,0.00,42.97,cartao_credito,sem promocao,nao,,,nao_aplicavel,,nao,1,105,6,concluido,
PED-00706,CLI-0140,2025-02-02,São Paulo,SP,Sudeste,-23.49,-46.69,delivery,medicamento,Dipirona 500mg,4,9.86,8.21,"0,00",39.42,dinheiro,sem_promocao,sim,2.30,23,entrgue,4.10,sim,4,19,7,concluido,
PED-00707,CLI-0157,2025-02-06,UBERLÂNDIA,MG,Sudeste,-18.88,-48.28,loja_fisica,beleza,Creme Anti-idade,1,56.91,61.05,0.00,56.91,cartao_credito,sem_promocao,nao,,,nao_aplicavel,,sim,10,123,3,concluido,
PED-00708,CLI-0070,2025-12-25,Uberaba,MG,Sudeste,-19.73,,delivery,medicamento,Soro Fisiologico,1,"53,86",54.08,0.00,53.86,boleto,sem_promocao,sim,4.88,39,entrgue,4.70,N,3,142,8,concluido,produto sem estoque
PED-00709,CLI-0335,2025-09-28,Goiânia,GO,Centro-Oeste,-16.61,"-49,32",loja_fisica,vitamina_suplemento,Multivitaminico,1,29.98,32.26,0.00,29.98,cartao_credito,sem_promocao,nao,,,nao_aplicavel,,S,3,74,7,concluido,
PED-00710,CLI-0238,2025-04-20,Recife,PE,Nordeste,-8.05,-34.89,loja_fisica,medicamento,Soro Fisiologico,1,49.66,44.53,0.00,49.66,cartao_credito,sem_promocao,nao,,,nao_aplicavel,,sim,2,94,7,concluido,
PED-00711,CLI-0159,2025-08-06,Uberaba,mg,Sudeste,,-47.92,loja_fisica,bem_estar,Medidor Pressao,1,NA,"172,24","0,00",NA,pix,sem_promocao,nao,,,nao_aplicavel,,sim,NA,37,7,concluido,
PED-00712,CLI-0310,2025-01-31,Belém,pa,Norte,"-1,40",-48.42,app,higiene,Sabonete Liquido,1,19.69,19.05,0.00,19.69,cartao_credito,sem_promocao,nao,,,nao_aplicavel,,não,7,115,4,concluido,
PED-00713,CLI-0189,2025-11-08,Ribeirão Preto,SP,Sudeste,-21.15,-47.86,delivey,beleza,Creme Anti-idade,1,48.01,49.22,10.00,43.21,credito,delivery_gratis,sim,2.50,11,entregue,5.00,não,6,172,5,concluido,preco divergente
PED-00714,CLI-0229,2025-06-26,Uberlândia,MG,Sudeste,-18.85,-48.27,delivery,vitamina_suplemento,Multivitaminico,1,123.15,114.24,25.00,92.36,cartao_debito,delivery_gratis,sim,5.69,53,entregue,4.60,sim,4,174,6,concluido,
PED-00715,CLI-0366,2025-04-18,Uberlândia,MG,Sudeste,,-48.23,app,infantil,Lenço Umedecido,5,31.08,33.64,12.00,136.77,pix,cupom_10,sim,2.51,30,entregue,5.00,N,1,63,4,concluido,
PED-00716,CLI-0104,2025-04-07,Uberaba,MG,Sudeste,-19.76,-47.93,site,higiene,Creme Dental,1,8.97,9.90,0.00,8.97,cartao_debito,sem_promocao,nao,,,nao_aplicavel,,nao,,173,8,concluido,cliente reclamou do atraso
PED-00717,CLI-0129,2025-08-22,Belo Horizonte,MG,Sudeste,-19.87,,delivery,vitamina_suplemento,Omega 3,1,34.02,29.10,0.00,34.02,cartao_credito,sem_promocao,nao,,,nao_aplicavel,,sim,1,228,10,concluido,
PED-00718,CLI-0339,2025-06-02,Belo Horizonte,MG,Sudeste,,-43.90,delivery,medicamento,Dipirona 500mg,1,41.97,"41,97",0.00,41.97,cartao_credito,sem_promocao,nao,,,nao_aplicavel,,sim,1,209,9,concluido,
PED-00719,CLI-0129,,São Paulo,SP,Sudeste,-23.48,-46.67,loja_fisica,higiene,Sabonete Liquido,1,NA,,0.00,40.93,pix,sem_promocao,nao,,,nao_aplicavel,,não,2,149,6,concluido,
PED-00720,CLI-0411,2025-06-08,Uberaba,MG,Sudeste,-19.71,-47.87,delivery,beleza,Protetor Solar FPS50,1,"18,41",17.59,5.00,17.49,pix,cupom_10,sim,1.38,39,entregue,4.00,nao,2,68,7,concluido,
PED-00721,CLI-0113,2025-08-04,Belo Horizonte,MG,Sudeste,,"-43,86",loja_fisica,vitamina_suplemento,Vitamina C,3,113.14,107.74,5.00,322.46,pix,delivery_gratis,nao,,,nao_aplicavel,,nao,1,116,7,concluido,
PED-00722,CLI-0069,2025-01-27,UBERABA,MG,Sudeste,-19.74,"-47,87",loja_fisica,medicamento,Paracetamol 750mg,1,21.73,22.90,0.00,NA,pix,sem_promocao,nao,,,nao_aplicavel,,nao,1,61,7,concluido,
PED-00723,CLI-0066,2025-02-03,Belo Horizonte,MG,Sudeste,-19.94,"-43,92",loja_fisica,medicamento,Omeprazol 20mg,NA,27.96,24.75,NA,27.96,dinheiro,sem_promocao,nao,,,nao_aplicavel,,nao,5,113,6,concluido,
PED-00724,CLI-0260,2025-11-05,Uberaba,MG,Sudeste,-19.81,-47.87,loja fisica,higiene,Sabonete Liquido,1,37.60,38.25,NA,37.60,cartao_credito,sem_promocao,nao,,,nao_aplicavel,,nao,1,94,5,concluido,
PED-00725,CLI-0150,07-09-2025,Uberaba,MG,Sudeste,,"-47,96",loja_fisica,vitamina_suplemento,Vitamina D,1,44.50,38.65,20.00,35.60,cartao_credito,delivery_gratis,nao,,,nao_aplicavel,,nao,6,128,7,concluido,
PED-00726,CLI-0415,2025-03-09,Goiânia,GO,Centro-Oeste,-16.72,-49.20,app,beleza,Protetor Solar FPS50,1,96.76,102.27,0.00,"96,76",cartao_credito,sem_promocao,nao,,,nao_aplicavel,,sim,9,19,4,concluido,
PED-00727,CLI-0225,2025-11-23,Belo Horizonte,MG,Sudeste,"0,00",-43.87,loja_fisica,higiene,Creme Dental,1,12.09,11.82,0.00,"12,09",cartao_credito,sem_promocao,nao,,,nao_aplicavel,,nao,1,202,99,concluido,
PED-00728,CLI-0139,2025-01-18,Salvador,BA,Nordeste,-13.01,-38.44,loja fisica,medicamento,Loratadina 10mg,1,"34,20",34.51,12.00,30.10,cartao_credito,cupom_10,nao,,,nao_aplicavel,,nao,9,167,4,concluido,
PED-00729,CLI-0323,2025-02-06,Salvador,BA,Nordeste,-13.01,-38.46,loja_fisica,beleza,Protetor Solar FPS50,2,62.33,"59,91",10.00,NA,cartao_credito,cupom_10,nao,,,nao_aplicavel,,sim,5,62,7,concluido,
PED-00730,CLI-0286,,São Paulo,SP,Sudeste,-23.58,-46.59,loja_fisica,higiene,Shampoo Anticaspa,1,,30.46,10.00,30.70,pix,cupom_10,nao,,,nao_aplicavel,,sim,4,107,5,concluido,
PED-00731,CLI-0283,2025-12-17,Belo Horizonte,mg,Sudeste,"-19,96",-43.90,loja_fisica,higiene,Shampoo Anticaspa,2,43.10,"48,22",NA,86.20,cartao_debito,sem_promocao,nao,,-10,nao_aplicavel,,nao,3,26,4,concluido,
PED-00732,CLI-0133,2025-11-02,Ribeirão Preto,SP,Sudeste,-21.17,-47.87,loja_fisica,vitamina_suplemento,Multivitaminico,1,161.47,146.97,15.00,137.25,cartao_debito,delivery_gratis,nao,,,nao_aplicavel,,N,2,79,7,concluido,
PED-00733,CLI-0115,2025-09-11,Ribeirão Preto,SP,Sudeste,-21.12,-47.88,delivery,medicamento,Ibuprofeno 400mg,4,12.04,10.65,5.00,45.75,cartao_debito,cupom_10,nao,,,nao_aplicavel,,sim,1,113,8,concluido,
PED-00734,CLI-0194,2025-12-13,Uberaba,MG,Sudeste,-19.74,-48.02,site,higiene,Shampoo Anticaspa,1,29.27,25.51,20.00,23.42,cartao_debito,leve_3_pague_2,nao,,,nao_aplicavel,,nao,4,64,9,concluido,
PED-00735,CLI-0393,2025-01-01,Belém,PA,Norte,-1.51,-48.42,entrega,medicamento,Omeprazol 20mg,5,20.42,18.54,"0,00",102.12,pix,sem_promocao,sim,3.21,33,entregue,5.00,nao,1,90,7,concluido,
PED-00736,CLI-0108,2025-10-23,Goiânia,GO,Centro-Oeste,-16.66,"-49,21",loja_fisica,bem_estar,Curativo,1,145.09,162.29,15.00,,dinheiro,cupom_10,nao,,,nao_aplicavel,,nao,1,82,8,concluido,
PED-00737,CLI-0002,2025-07-30,Goiânia,GO,Centro-Oeste,-16.76,-49.19,loja,medicamento,Soro Fisiologico,1,33.15,30.43,0.00,33.15,credito,sem_promocao,nao,,,nao_aplicavel,,sim,3,157,8,concluido,
PED-00738,CLI-0141,2025-10-07,Fortaleza,ce,Nordeste,,,loja_fisica,medicamento,Loratadina 10mg,1,29.40,27.40,"25,00",22.05,cartao_credito,delivery_gratis,nao,,,nao_aplicavel,,sim,,85,5,concluido,
PED-00739,CLI-0282,2025-02-03,Uberaba,MG,Sudeste,-19.79,NA,delivery,medicamento,Ibuprofeno 400mg,1,"69,58",57.18,20.00,55.66,pix,cupom_10,nao,,,nao_aplicavel,,sim,1,232,9,concluido,preco divergente
PED-00740,CLI-0378,03/05/2025,Uberaba,MG,Sudeste,-19.71,"-47,99",delivery,medicamento,Loratadina 10mg,1,41.89,,0.00,41.89,pix,sem_promocao,sim,"1,54",22,entregue,"4,90",nao,3,6,3,concluido,
PED-00741,CLI-0246,2025-04-13,Goiânia,GO,Centro-Oeste,-16.76,"-49,32",loja fisica,bem_estar,Medidor Pressao,1,202.39,187.31,10.00,182.15,cartao_credito,leve_3_pague_2,nao,,,nao_aplicavel,,nao,3,96,9,concluido,
PED-00742,CLI-0138,2025-08-09,Curitiba,PR,Sul,-25.40,-49.28,delivery,medicamento,Paracetamol 750mg,1,,26.60,0.00,27.41,pix,sem_promocao,sim,1.56,16,entregue,NA,nao,1,162,8,concluido,
PED-00743,CLI-0198,08-02-2025,Recife,PE,Nordeste,-8.05,-34.91,loja_fisica,higiene,Absorvente,1,21.88,"24,57",0.00,21.88,cartao_credito,sem_promocao,nao,,,nao_aplicavel,,sim,1,39,7,concluido,possivel duplicata
PED-00744,CLI-0231,2025-08-25,Brasília,DF,Centro-Oeste,-15.81,-47.82,loja_fisica,higiene,Desodorante,1,21.79,24.82,15.00,18.52,cartao_debito,leve_3_pague_2,nao,,,nao_aplicavel,,nao,2,37,5,concluido,preco divergente
PED-00745,CLI-0157,2025-04-20,Recife,PE,Nordeste,"-8,07",-34.88,delivery,medicamento,Soro Fisiologico,1,35.89,38.87,0.00,35.89,cartao_credito,sem_promocao,sim,1.53,8,entregue,4.60,sim,1,46,6,concluido,
PED-00746,CLI-0248,2025-06-14,Manaus,AM,Norte,-3.10,-59.99,loja_fisica,vitamina_suplemento,Whey Protein,5,96.52,99.75,NA,361.96,pix,cupom_10,nao,,,nao_aplicavel,,nao,10,179,10,concluido,cupom nao aplicado
PED-00747,CLI-0369,2025-01-01,Goiânia,GO,Centro-Oeste,"-16,70",-49.27,entrega,medicamento,Loratadina 10mg,1,74.37,71.22,12.00,,pix,cupom_10,sim,7.73,51,entregue,3.80,não,2,75,6,concluido,possivel duplicata
PED-00748,CLI-0417,2025-02-03,Uberlândia,MG,Sudeste,"-18,88",-48.24,loja_fisica,medicamento,Paracetamol 750mg,1,9.98,10.64,0.00,9.98,pix,sem_promocao,nao,,,nao_aplicavel,,N,4,111,6,concluido,
PED-00749,CLI-0255,2025-06-01,Salvador,BA,Nordeste,-12.99,-38.49,loja_fisica,bem_estar,Medidor Pressao,1,103.62,96.50,0.00,103.62,cartao_credito,sem_promocao,nao,,,nao_aplicavel,,sim,1,NA,5,concluido,
PED-00750,CLI-0331,2025-09-24,Recife,PE,Nordeste,"-8,01",-34.85,loja_fisica,medicamento,Omeprazol 20mg,1,30.42,27.39,20.00,"24,33",cartao_credito,delivery_gratis,nao,,,nao_aplicavel,,sim,1,47,,concluido,
PED-00751,CLI-0062,2025-10-12,São Paulo,SP,Sudeste,-23.52,-46.70,loja_fisica,higiene,Creme Dental,1,,"21,21",NA,14.29,pix,cupom_10,nao,,,nao_aplicavel,,N,9,131,5,pendente,
PED-00752,CLI-0221,2025-02-24,Goiânia,GO,Centro-Oeste,-16.70,-49.22,loja,higiene,Fio Dental,2,40.68,34.33,12.00,71.60,pix,leve_3_pague_2,nao,,,nao_aplicavel,,nao,8,66,2,concluido,cliente reclamou do atraso
PED-00753,CLI-0149,2025-09-09,Goiânia,GO,Centro-Oeste,"-16,71",-49.23,loja_fisica,vitamina_suplemento,Whey Protein,2,78.53,76.99,15.00,133.50,cartao_credito,cupom_10,nao,,,nao_aplicavel,,nao,4,90,3,concluido,
PED-00754,CLI-0290,2025-06-09,Ribeirão Preto,SP,Sudeste,-21.14,-47.78,loja_fisica,vitamina_suplemento,Multivitaminico,2,168.45,"163,67",0.00,336.91,dinheiro,sem_promocao,nao,,,nao_aplicavel,,nao,5,150,9,concluido,
PED-00755,CLI-0389,10/01/2025,Salvador,BA,Nordeste,,-38.43,app,medicamento,Paracetamol 750mg,1,38.44,42.77,0.00,38.44,cartao_credito,sem_promocao,nao,,,nao_aplicavel,,S,3,57,6,concluido,
PED-00756,CLI-0383,2025-08-28,Recife,PE,Nordeste,-8.12,-34.96,loja_fisica,medicamento,Ibuprofeno 400mg,3,34.42,,10.00,92.93,pix,cupom_10,nao,,,nao_aplicavel,,nao,2,83,5,concluido,
PED-00757,CLI-0258,2025-04-01,Salvador,BA,Nordeste,-12.99,-38.46,app,higiene,Absorvente,2,45.20,45.57,0.00,"90,40",cartao_credito,sem_promocao,nao,,,nao_aplicavel,,nao,3,121,4,concluido,
PED-00758,CLI-0118,2025-06-16,Uberlândia,MG,Sudeste,"-18,88",-48.24,app,medicamento,Paracetamol 750mg,1,27.47,28.79,0.00,27.47,cartao_debito,sem_promocao,nao,,,nao_aplicavel,,nao,3,161,9,concluido,
PED-00759,CLI-0359,2025-11-02,Uberaba,MG,Sudeste,-19.81,-47.98,loja_fisica,higiene,Desodorante,1,11.12,11.85,20.00,8.89,pix,cupom_10,nao,,,nao_aplicavel,,sim,2,178,7,concluido,
PED-00760,CLI-0403,2025-05-12,Belo Horizonte,mg,Sudeste,-19.97,-43.96,app,medicamento,Paracetamol 750mg,1,71.18,69.71,0.00,71.18,cartao_credito,sem_promocao,nao,,,nao_aplicavel,,nao,4,85,6,concluido,
PED-00761,CLI-0079,03-03-2025,Ribeirão Preto,SP,Sudeste,NA,-47.85,loja_fisica,medicamento,Soro Fisiologico,1,19.41,22.06,0.00,19.41,pix,sem_promocao,nao,,,nao_aplicavel,,nao,3,146,8,concluido,
PED-00762,CLI-0206,2025-08-14,Belo Horizonte,MG,Sudeste,-19.89,,loja_fisica,beleza,Creme Anti-idade,1,75.91,76.95,0.00,75.91,pix,sem_promocao,nao,,,nao_aplicavel,,nao,1,35,8,concluido,
PED-00763,CLI-0300,05/09/2025,Goiânia,GO,Centro-Oeste,-16.61,-49.24,app,higiene,Creme Dental,3,35.59,,"0,00",106.78,dinheiro,sem_promocao,nao,,,nao_aplicavel,,sim,2,22,5,concluido,
PED-00764,CLI-0187,02-04-2025,Uberlândia,MG,Sudeste,-18.98,NA,delivery,medicamento,Paracetamol 750mg,NA,19.58,16.58,0.00,19.58,cartao_credito,sem_promocao,nao,,,nao_aplicavel,,nao,6,39,2,concluido,
PED-00765,CLI-0181,13/09/2025,Uberlândia,MG,Sudeste,-18.92,-48.33,delivery,higiene,Creme Dental,NA,24.28,"25,80",5.00,23.06,cartao_debito,leve_3_pague_2,nao,,,nao_aplicavel,,nao,2,139,5,concluido,
PED-00766,CLI-0039,2025-05-05,Belo Horizonte,MG,Sudeste,,-43.95,delivery,higiene,Desodorante,3,28.32,27.57,10.00,"0,00",cartao_credito,leve_3_pague_2,sim,7.52,47,cancelado,4.50,nao,3,124,7,cancelado,
PED-00767,CLI-0336,06/07/2025,Uberaba,MG,Sudeste,-19.76,-47.97,loja_fisica,infantil,Fralda M,1,86.77,90.12,0.00,86.77,pix,sem promocao,nao,,,nao_aplicavel,,nao,4,62,5,concluido,
PED-00768,CLI-0059,2025-04-24,Ribeirão Preto,SP,Sudeste,-21.18,-47.83,loja_fisica,higiene,Fio Dental,1,35.54,32.78,0.00,35.54,cartao_debito,sem_promocao,nao,,,nao_aplicavel,,nao,4,140,3,concluido,
PED-00769,CLI-0399,2025-12-27,Goiânia,GO,Centro-Oeste,-16.68,-49.25,loja_fisica,infantil,Fralda M,NA,76.23,74.81,10.00,68.60,cartao_debito,delivery_gratis,nao,,,nao_aplicavel,,nao,4,48,8,concluido,
PED-00770,CLI-0235,01-09-2025,Fortaleza,CE,Nordeste,-3.66,-38.45,delivery,beleza,Protetor Solar FPS50,3,30.49,27.83,0.00,91.48,pix,sem_promocao,sim,1.77,18,entregue,4.70,sim,3,141,7,concluido,
PED-00771,CLI-0248,2025-07-29,Belo Horizonte,MG,Sudeste,-19.88,"-43,86",delivery,medicamento,Paracetamol 750mg,NA,38.05,36.67,0.00,38.05,pix,sem_promocao,nao,,,nao_aplicavel,,não,5,85,3,concluido,
PED-00772,CLI-0382,2025-07-10,BELO HORIZONTE,MG,Sudeste,-19.93,-43.91,loja_fisica,medicamento,Loratadina 10mg,4,NA,49.44,0.00,183.18,cartao_credito,sem_promocao,nao,,,nao_aplicavel,,nao,6,113,-1,concluido,
PED-00773,CLI-0119,2025-07-14,Belo Horizonte,MG,Sudeste,-19.88,"-43,86",loja_fisica,medicamneto,Paracetamol 750mg,1,52.96,49.91,0.00,52.96,cartao_credito,sem_promocao,nao,,,nao_aplicavel,,nao,2,70,4,concluido,
PED-00774,CLI-0323,2025-01-20,Uberaba,MG,Sudeste,-19.78,-47.97,loja,higiene,Fio Dental,1,"23,77",21.48,20.00,19.02,cartao_credito,cupom_10,nao,,,nao_aplicavel,,não,4,179,NA,concluido,
PED-00775,CLI-0225,2025-11-05,Uberaba,MG,Sudeste,-19.79,-48.02,loja_fisica,vitamina_suplemento,Colageno,1,84.06,79.29,0.00,84.06,cartao_credito,sem_promocao,nao,,,nao_aplicavel,,sim,1,70,7,concluido,
PED-00776,CLI-0338,2025-05-10,Fortaleza,CE,Nordeste,-3.77,-38.55,loja_fisica,bem_estar,Termometro Digital,1,33.80,30.54,25.00,25.35,pix,cashback,nao,,,nao_aplicavel,,sim,6,153,7,concluido,
PED-00777,CLI-0080,2025-12-13,Uberaba,MG,Sudeste,-19.70,-47.91,loja_fisica,medicamento,Loratadina 10mg,1,37.25,32.81,120,37.25,dinheiro,sem_promocao,nao,,,nao_aplicavel,,nao,4,22,9,concluido,
PED-00778,CLI-0230,2025-11-13,Uberaba,MG,Sudeste,-19.76,-47.99,loja_fisica,medicamento,Soro Fisiologico,1,43.48,39.04,10.00,39.13,cartao_credito,delivery_gratis,nao,,,nao_aplicavel,,nao,7,112,10,concluido,
PED-00779,CLI-0055,2025-07-27,Uberlândia,MG,Sudeste,-18.88,-48.26,loja_fisica,vitamina_suplemento,Vitamina D,NA,53.94,59.80,10.00,"48,55",cartao_credito,cupom_10,nao,,,nao_aplicavel,,nao,5,87,8,concluido,
PED-00780,CLI-0216,2025-02-18,Uberlândia,MG,Sudeste,"-18,87",-48.25,loja_fisica,medicamento,Loratadina 10mg,1,24.49,26.15,"0,00",24.49,boleto,sem_promocao,nao,,,nao_aplicavel,,nao,3,97,7,pendente,
PED-00781,CLI-0215,03-11-2025,Recife,pe,Nordeste,-8.05,-34.86,loja_fisica,higiene,Fio Dental,1,10.09,"11,36",120,10.09,cartao_credito,sem_promocao,nao,,,nao_aplicavel,,nao,NA,136,3,concluido,
PED-00782,CLI-0306,25/09/2025,Manaus,AM,Norte,-3.15,-60.06,loja_fisica,vitamina_suplemento,Vitamina D,1,51.08,47.28,0.00,51.08,cartao_credito,sem_promocao,nao,,,nao_aplicavel,,nao,3,34,5,concluido,possivel duplicata
PED-00783,CLI-0075,2025-07-04,Belo Horizonte,MG,Sudeste,-19.93,-43.92,delivery,higiene,Desodorante,4,NA,,25.00,NA,cartao_debito,cupom_10,sim,0.61,8,entregue,NA,sim,1,50,7,concluido,preco divergente
PED-00784,CLI-0024,2025-10-09,Salvador,ba,Nordeste,-12.91,-38.54,loja_fisica,medicamento,Ibuprofeno 400mg,3,15.06,"13,88",12.00,39.76,pix,leve_3_pague_2,nao,,,nao_aplicavel,,sim,2,170,0,concluido,possivel duplicata
PED-00785,CLI-0189,05/08/2025,Curitiba,PR,Sul,-25.45,-49.19,loja_fisica,medicamento,Loratadina 10mg,1,27.76,28.66,0.00,27.76,dinheiro,sem_promocao,nao,,,nao_aplicavel,,nao,5,49,6,concluido,
PED-00786,CLI-0210,08/02/2025,Salvador,ba,Nordeste,"-12,98",-38.42,loja_fisica,vitamina_suplemento,Whey Protein,3,155.44,"171,80",NA,"466,32",pix,sem promocao,nao,,,nao_aplicavel,,sim,3,81,3,concluido,
PED-00787,CLI-0225,2025-01-16,Belém,PA,Norte,,"-48,48",loja_fisica,medicamento,Loratadina 10mg,1,12.28,13.14,"25,00",9.21,pix,cupom_10,nao,,,nao_aplicavel,,nao,11,74,5,concluido,
PED-00788,CLI-0298,2025-02-20,Belo Horizonte,MG,Sudeste,-19.99,-43.93,delivery,bem_estar,Teste Glicemia,1,93.31,101.76,0.00,93.31,cartao_credito,sem_promocao,sim,1.87,24,entregue,,sim,2,8,8,concluido,
PED-00789,CLI-0389,2025-09-08,Uberlândia,MG,Sudeste,-18.98,-48.25,loja_fisica,higiene,Creme Dental,NA,18.43,18.70,"0,00",18.43,pix,sem_promocao,nao,,,nao_aplicavel,,nao,2,170,NA,concluido,
PED-00790,CLI-0219,2025-08-17,São Paulo,SP,Sudeste,-23.57,-46.57,loja_fisica,medicamento,Dipirona 500mg,1,34.17,37.77,0.00,34.17,pix,sem_promocao,nao,,,nao_aplicavel,,nao,2,152,5,concluido,
PED-00791,CLI-0090,2025-09-06,Salvador,BA,Nordeste,-12.92,-38.55,loja_fisica,bem_estar,Curativo,1,189.07,209.00,"0,00",189.07,cartao_credito,sem_promocao,nao,,,nao_aplicavel,,nao,6,66,6,concluido,
PED-00792,CLI-0077,2025-11-25,São Paulo,SP,Sudeste,"-23,61",-46.56,site,beleza,Hidratante Facial,2,52.68,53.45,20.00,84.29,cartao_credito,cashback,sim,1.73,25,entregue,4.50,sim,1,215,7,concluido,
PED-00793,CLI-0054,2025-05-08,Uberaba,MG,Sudeste,-19.80,-47.88,loja_fisica,vitamina_suplemento,Colageno,1,"34,18",34.32,0.00,34.18,dinheiro,sem_promocao,nao,,,nao_aplicavel,,S,1,34,9,concluido,
PED-00794,CLI-0183,2025-04-29,Uberaba,MG,Sudeste,-19.80,-47.92,app,infantil,Pomada Assadura,1,54.40,49.94,0.00,54.40,dinheiro,sem_promocao,sim,2.53,43,atrasado,5.00,nao,11,132,4,concluido,
PED-00795,CLI-0368,2025-08-02,Salvador,BA,Nordeste,-12.91,,loja_fisica,medicamento,Dipirona 500mg,1,NA,34.98,5.00,39.01,cartao_credito,cupom_10,nao,,,nao_aplicavel,,sim,2,26,5,concluido,
PED-00796,CLI-0339,2025-10-14,Uberaba,MG,Sudeste,-19.69,-47.95,loja_fisica,beleza,Hidratante Facial,,107.30,99.27,0.00,107.30,dinheiro,sem_promocao,nao,,,nao_aplicavel,,nao,3,56,6,concluido,
PED-00797,CLI-0186,2025-12-23,Manaus,AM,Norte,-3.08,-60.06,loja_fisica,medicamento,Soro Fisiologico,1,NA,54.42,,45.18,dinheiro,leve_3_pague_2,nao,,,nao_aplicavel,,S,12,94,5,concluido,
PED-00798,CLI-0415,2025-05-31,Belo Horizonte,MG,Sudeste,"-19,95",-43.97,loja fisica,infantil,Fralda P,1,66.61,59.12,20.00,"53,29",pix,cupom_10,nao,,,nao_aplicavel,,nao,2,104,5,concluido,possivel duplicata
PED-00799,CLI-0418,2025-05-12,Uberlândia,MG,Sudeste,,-48.30,delivery,medicamento,Dipirona 500mg,1,37.00,34.93,0.00,37.00,dinheiro,sem_promocao,nao,,,nao_aplicavel,,sim,1,41,9,concluido,
PED-00800,CLI-0137,2025-12-16,Curitiba,PR,Sul,-25.38,-49.22,app,higiene,Creme Dental,1,51.81,54.37,5.00,49.22,pix,cashback,nao,,,nao_aplicavel,,sim,3,135,4,concluido,
PED-00801,CLI-0276,2025-04-16,Goiânia,GO,Centro-Oeste,-16.64,-49.28,loja_fisica,medicamento,Omeprazol 20mg,1,11.03,"10,65",0.00,11.03,dinheiro,sem_promocao,nao,,,nao_aplicavel,,sim,3,111,4,cancelado,produto sem estoque
PED-00802,CLI-0070,2025-05-23,Goiânia,GO,Centro-Oeste,-16.66,-49.19,loja_fisica,higiene,Fio Dental,5,51.00,"55,65",5.00,242.26,pix,leve_3_pague_2,nao,,,nao_aplicavel,,sim,12,4,8,concluido,
PED-00803,CLI-0067,2025-01-02,Goiânia,GO,Centro-Oeste,-16.70,-49.31,site,medicamento,Ibuprofeno 400mg,1,73.85,71.18,0.00,73.85,cartao_debito,sem_promocao,nao,,,nao_aplicavel,,nao,7,36,4,concluido,
PED-00804,CLI-0148,2025-07-23,Uberlândia,MG,Sudeste,-18.96,-48.30,loja_fisica,remedio,Loratadina 10mg,5,31.78,31.05,0.00,158.89,pix,sem_promocao,nao,,,nao_aplicavel,,nao,,28,5,concluido,
PED-00805,CLI-0127,03-31-2025,Ribeirão Preto,SP,Sudeste,"-21,21","-47,86",app,infantil,Shampoo Infantil,1,71.10,66.32,0.00,71.10,boleto,sem_promocao,sim,4.12,61,atrasado,4.70,nao,1,58,0,concluido,
PED-00806,CLI-0405,2025-09-03,Uberlândia,mg,Sudeste,-18.85,-48.27,loja_fisica,medicamento,Paracetamol 750mg,1,50.06,43.92,0.00,50.06,pix,sem_promocao,nao,,,nao_aplicavel,,nao,1,233,4,concluido,
PED-00807,CLI-0402,2025-08-15,Uberlândia,MG,Sudeste,-18.86,-48.34,site,medicamneto,Omeprazol 20mg,1,40.67,33.58,NA,40.67,pix,sem_promocao,nao,,,nao_aplicavel,,sim,1,127,8,concluido,cliente reclamou do atraso
PED-00808,CLI-0113,2025-02-02,Curitiba,PR,Sul,-25.45,-49.35,loja,higiene,Creme Dental,1,NA,14.03,0.00,12.46,boleto,sem_promocao,nao,,,nao_aplicavel,,sim,6,178,6,concluido,
PED-00809,CLI-0355,2025-03-22,Uberlândia,MG,Sudeste,-18.90,"-48,29",loja_fisica,medicamento,Omeprazol 20mg,,71.60,67.45,0.00,"214,81",cartao_credito,sem promocao,nao,,,nao_aplicavel,,nao,10,13,4,concluido,
PED-00810,CLI-0340,2025-11-07,Uberaba,MG,Sudeste,-19.70,-47.91,site,medicamento,Loratadina 10mg,1,11.33,11.00,0.00,11.33,pix,sem_promocao,sim,1.19,31,atrasado,4.10,sim,5,28,4,concluido,
PED-00811,CLI-0023,07-27-2025,Uberlândia,MG,Sudeste,-18.85,-48.31,entrega,medicamento,Ibuprofeno 400mg,1,50.15,43.11,0.00,50.15,cartao_credito,sem_promocao,sim,2.38,72,atrasado,2.80,sim,3,105,,concluido,
PED-00812,CLI-0068,2025-10-11,Uberaba,MG,Sudeste,-19.71,NA,app,medicamento,Loratadina 10mg,1,"41,96","40,90",15.00,35.67,pix,cupom_10,nao,,,nao_aplicavel,,sim,6,40,6,concluido,
PED-00813,CLI-0252,2025-11-18,Curitiba,pr,Sul,-25.50,-49.26,delivery,vitamina_suplemento,Omega 3,5,108.62,94.81,10.00,488.80,dinheiro,cupom_10,sim,1.35,19,entregue,5.00,sim,2,17,7,cancelado,
PED-00814,CLI-0333,05-22-2025,Ribeirão Preto,SP,Sudeste,-21.23,-47.87,loja_fisica,medicamento,Paracetamol 750mg,1,61.94,61.87,10.00,55.75,dinheiro,leve_3_pague_2,nao,,999,nao_aplicavel,,sim,5,NA,NA,concluido,
PED-00815,CLI-0284,2025-10-17,São Paulo,SP,Sudeste,NA,-46.56,loja fisica,higiene,Sabonete Liquido,3,"36,94",37.81,25.00,83.12,pix,leve_3_pague_2,nao,,,nao_aplicavel,,nao,2,120,2,concluido,
PED-00816,CLI-0411,2025-12-22,Curitiba,PR,Sul,-25.51,-49.33,loja_fisica,medicamento,Paracetamol 750mg,NA,43.93,39.58,"0,00",NA,pix,sem_promocao,nao,,,nao_aplicavel,,sim,5,,7,concluido,
PED-00817,CLI-0025,26/10/2025,Curitiba,PR,Sul,-25.48,-49.29,loja_fisica,higiene,Desodorante,1,29.34,,0.00,29.34,pix,sem_promocao,nao,,,nao_aplicavel,,nao,2,105,7,concluido,
PED-00818,CLI-0297,2025-10-06,Curitiba,PR,Sul,-25.46,-49.20,loja_fisica,higiene,Sabonete Liquido,1,50.98,50.51,0.00,50.98,cartao_credito,sem_promocao,nao,,,nao_aplicavel,,nao,NA,NA,5,pendente,
PED-00819,CLI-0076,2025-09-17,Ribeirão Preto,SP,Sudeste,-21.15,"-47,83",loja_fisica,beleza,Creme Anti-idade,1,"67,86",67.16,20.00,54.29,pix,delivery_gratis,nao,,,nao_aplicavel,,nao,1,42,9,concluido,
PED-00820,CLI-0306,2025-09-16,Belo Horizonte,MG,Sudeste,NA,"-43,95",delivery,vitamina_suplemento,Whey Protein,1,116.14,108.97,0.00,116.14,cartao_credito,sem_promocao,sim,1.86,23,entregue,5.00,nao,1,192,4,concluido,
PED-00821,CLI-0351,09-16-2025,Goiânia,GO,Centro-Oeste,-16.75,-49.34,loja_fisica,medicamento,Dipirona 500mg,1,36.30,40.03,0.00,36.30,cartao_credito,sem_promocao,nao,,,nao_aplicavel,,nao,6,135,3,concluido,
PED-00822,CLI-0070,2025-05-10,Belo Horizonte,MG,Sudeste,-19.84,NA,site,higiene,Creme Dental,1,30.85,31.70,0.00,"30,85",pix,sem_promocao,nao,,,nao_aplicavel,,sim,1,110,5,concluido,
PED-00823,CLI-0225,2025-03-24,Belo Horizonte,MG,Sudeste,-19.92,-43.92,site,higiene,Sabonete Liquido,1,29.66,31.67,0.00,29.66,cartao_credito,sem_promocao,nao,,,nao_aplicavel,,nao,10,142,5,concluido,
PED-00824,CLI-0019,2025-11-17,Brasília,DF,Centro-Oeste,-15.83,-47.84,loja_fisica,medicamento,Paracetamol 750mg,1,51.38,56.20,NA,"51,38",cartao_debito,sem_promocao,nao,,,nao_aplicavel,,sim,4,72,-1,concluido,
PED-00825,CLI-0031,2025-04-12,Uberlândia,mg,Sudeste,"-18,89",NA,entrega,higiene,Desodorante,1,16.52,15.66,5.00,15.69,cartao_credito,leve_3_pague_2,nao,,,nao_aplicavel,,sim,6,103,7,concluido,
PED-00826,CLI-0328,2025-09-18,Ribeirão Preto,SP,Sudeste,-21.15,-47.85,loja_fisica,medicamento,Loratadina 10mg,1,46.39,45.44,"0,00",46.39,cartao_credito,sem_promocao,nao,,,nao_aplicavel,,nao,5,81,7,cancelado,
PED-00827,CLI-0152,2025-05-25,BRASÍLIA,DF,Centro-Oeste,-15.82,-47.85,delivery,higiene,Desodorante,2,48.12,45.52,0.00,96.25,cartao_credito,sem_promocao,sim,1.07,26,entregue,4.30,nao,1,234,2,concluido,produto sem estoque
PED-00828,CLI-0313,06-29-2025,Salvador,BA,Nordeste,-12.97,-38.54,app,medicamento,Ibuprofeno 400mg,3,"74,59","77,68",0.00,223.77,cartao_credito,sem_promocao,sim,7.22,53,entregue,4.00,nao,3,115,4,concluido,
PED-00829,CLI-0002,2025-04-22,Belo Horizonte,MG,Sudeste,-19.85,-43.90,loja_fisica,higiene,Shampoo Anticaspa,1,51.72,49.48,0.00,51.72,dinheiro,sem_promocao,nao,,,nao_aplicavel,,nao,5,134,6,concluido,possivel duplicata
PED-00830,CLI-0380,2025-11-06,Belém,PA,Norte,-1.42,-48.48,delivery,higiene,Desodorante,1,51.06,57.04,0.00,51.06,cartao_debito,sem_promocao,nao,,,nao_aplicavel,,sim,11,92,6,concluido,
PED-00831,CLI-0049,2025-08-26,São Paulo,SP,Sudeste,-23.51,-46.66,loja_fisica,vitamina_suplemento,Colageno,1,75.47,83.00,10.00,67.92,cartao_debito,cupom_10,nao,,,nao_aplicavel,,sim,2,55,7,concluido,produto sem estoque
PED-00832,CLI-0197,12-01-2025,Uberlândia,MG,Sudeste,-18.92,-48.32,loja,medicamento,Soro Fisiologico,1,62.22,64.53,25.00,46.66,cartao_credito,cashback,nao,,,nao_aplicavel,,sim,1,98,5,cancelado,
PED-00833,CLI-0140,2025-02-09,São Paulo,SP,Sudeste,-23.61,-46.67,loja_fisica,beleza,Creme Anti-idade,1,87.06,"72,91",0.00,87.06,cartao_credito,sem_promocao,nao,,,nao_aplicavel,,sim,7,NA,5,concluido,
PED-00834,CLI-0001,2025-02-20,Brasília,DF,Centro-Oeste,-15.84,-47.91,app,higiene,Sabonete Liquido,4,,"50,42",10.00,169.91,cartao_credito,delivery_gratis,nao,,,nao_aplicavel,,sim,7,17,8,concluido,
PED-00835,CLI-0262,2025-01-17,São Paulo,SP,Sudeste,-23.56,-46.68,loja_fisica,higiene,Creme Dental,1,39.31,34.10,0.00,39.31,cartao_credito,sem_promocao,nao,,,nao_aplicavel,,sim,1,162,4,concluido,
PED-00836,CLI-0274,2025-03-19,Belo Horizonte,MG,Sudeste,"-19,99",-43.88,loja,remedio,Paracetamol 750mg,1,"13,89",11.47,0.00,"13,89",cartao_debito,sem_promocao,nao,,,nao_aplicavel,,sim,1,106,7,concluido,
PED-00837,CLI-0131,2025-08-10,São Paulo,SP,Sudeste,-23.50,NA,loja_fisica,vitamina_suplemento,Colageno,1,130.76,,0.00,130.76,cartao_credito,sem_promocao,nao,,,nao_aplicavel,,sim,5,144,10,concluido,
PED-00838,CLI-0166,2025-06-25,Belém,PA,Norte,-1.54,-48.43,site,medicamento,Omeprazol 20mg,1,57.85,"56,32",20.00,46.28,cartao_debito,cupom_10,nao,,,nao_aplicavel,,nao,2,1,6,pendente,
PED-00839,CLI-0143,2025-03-10,Uberaba,MG,Sudeste,-19.69,-47.89,app,medicamento,Ibuprofeno 400mg,5,69.60,72.19,0.00,347.98,boleto,sem_promocao,sim,3.86,30,entregue,4.00,nao,1,232,7,concluido,
PED-00840,CLI-0167,2025-09-05,Uberlândia,MG,Sudeste,-18.95,"-48,33",loja_fisica,beleza,Base Facial,5,72.93,60.09,25.00,273.48,pix,cupom_10,nao,,,nao_aplicavel,,sim,7,11,9,concluido,
PED-00841,CLI-0013,04-14-2025,Belo Horizonte,MG,Sudeste,-19.94,-43.99,loja_fisica,beleza,Creme Anti-idade,2,"54,19",46.79,25.00,81.29,pix,leve_3_pague_2,nao,,,nao_aplicavel,,sim,3,76,8,concluido,
PED-00842,CLI-0337,2025-07-19,Brasília,DF,Centro-Oeste,-15.85,-47.84,app,medicamento,Soro Fisiologico,4,38.34,34.75,0.00,153.38,cartao_debito,sem_promocao,sim,3.94,17,entregue,,sim,1,102,7,concluido,cliente reclamou do atraso
PED-00843,CLI-0110,02-24-2025,Uberlândia,MG,Sudeste,-18.88,-48.28,delivey,medicamento,Loratadina 10mg,1,24.45,25.13,0.00,24.45,cartao_credito,sem_promocao,sim,3.95,28,entregue,4.50,sim,5,139,5,concluido,
PED-00844,CLI-0124,data_invalida,Curitiba,PR,Sul,-25.39,"-49,27",loja_fisica,higiene,Desodorante,3,NA,9.38,120,23.60,pix,leve_3_pague_2,nao,,,nao_aplicavel,,sim,1,182,3,concluido,cupom nao aplicado
PED-00845,CLI-0013,2025-01-09,Uberaba,MG,Sudeste,NA,-48.01,delivery,higiene,Desodorante,,48.70,41.17,0.00,48.70,cartao_credito,sem_promocao,nao,,,nao_aplicavel,,nao,2,66,4,concluido,possivel duplicata
PED-00846,CLI-0145,22/05/2025,Fortaleza,CE,Nordeste,-3.68,-38.47,app,medicamento,Dipirona 500mg,1,"33,96",37.57,0.00,"33,96",cartao debito,sem_promocao,nao,,,nao_aplicavel,,sim,6,146,10,canceldo,cliente reclamou do atraso
PED-00847,CLI-0339,02/09/2025,MANAUS,am,Norte,-3.11,-59.95,site,beleza,Esmalte,1,74.54,74.56,,74.54,cartao_credito,sem_promocao,nao,,,nao_aplicavel,,nao,NA,92,NA,concluido,
PED-00848,CLI-0308,24/03/2025,Goiânia,go,Centro-Oeste,-16.65,"-49,19",loja_fisica,medicamento,Soro Fisiologico,1,41.63,39.14,0.00,41.63,cartao_credito,sem_promocao,nao,,,nao_aplicavel,,nao,10,1,7,concluido,
PED-00849,CLI-0403,2025-03-26,Brasília,DF,Centro-Oeste,-15.73,-47.87,delivery,beleza,Creme Anti-idade,NA,116.83,,"0,00",116.83,cartao_credito,sem_promocao,sim,1.40,8,entregue,5.00,sim,1,212,4,concluido,
PED-00850,CLI-0048,2025-12-07,Uberaba,MG,Sudeste,-19.79,NA,delivery,higiene,Creme Dental,1,47.13,NA,0.00,47.13,cartao_credito,sem_promocao,sim,1.93,24,entregue,5.00,nao,3,47,7,concluido,
PED-00851,CLI-0134,23/05/2025,Belém,PA,Norte,-1.52,-48.44,loja_fisica,beleza,Creme Anti-idade,1,54.48,50.44,NA,54.48,pix,sem_promocao,nao,,,nao_aplicavel,,nao,2,174,9,concluido,
PED-00852,CLI-0288,2025-10-16,Curitiba,PR,Sul,,-49.22,app,medicamento,Dipirona 500mg,NA,NA,65.73,"0,00",120.38,pix,sem_promocao,sim,2.49,66,atrasado,3.50,sim,3,26,2,concluido,produto sem estoque
PED-00853,CLI-0325,2025-07-31,Uberlândia,mg,Sudeste,-18.98,-48.24,delivery,higiene,Fio Dental,1,35.77,31.93,10.00,32.20,cartao_credito,cupom_10,sim,1.58,21,entregue,NA,nao,5,10,5,concluido,
PED-00854,CLI-0212,02-08-2025,UBERLÂNDIA,MG,Sudeste,-18.88,-48.32,loja_fisica,medicamento,Dipirona 500mg,1,"25,61",24.58,0.00,25.61,cartao_debito,sem_promocao,nao,,,nao_aplicavel,,sim,1,58,7,concluido,
PED-00855,CLI-0272,2025-04-10,Uberaba,MG,Sudeste,-19.74,-47.91,loja_fisica,vitamina_suplemento,Omega 3,1,139.05,154.15,NA,139.05,pix,sem_promocao,nao,,,nao_aplicavel,,sim,9,67,4,concluido,
PED-00856,CLI-0354,2025-01-02,Uberaba,MG,Sudeste,-19.74,-47.86,loja_fisica,medicamento,Dipirona 500mg,3,26.57,27.96,0.00,79.71,pix,sem promocao,nao,,,nao_aplicavel,,nao,5,24,6,concluido,
PED-00857,CLI-0262,2025-07-31,Uberaba,MG,Sudeste,"-19,80",-47.94,loja_fisica,higiene,Sabonete Liquido,4,10.41,"10,32",0.00,41.62,pix,sem_promocao,nao,,,nao_aplicavel,,nao,4,162,5,concluido,
PED-00858,CLI-0040,,Recife,PE,Nordeste,-8.02,-34.90,delivery,beleza,Agua Micelar,1,67.32,65.79,12.00,59.24,cartao_credito,cashback,nao,,,nao_aplicavel,,nao,5,0,5,concluido,
PED-00859,CLI-0044,2025-07-28,Uberaba,MG,Sudeste,-19.73,-47.91,delivery,medicamneto,Dipirona 500mg,1,65.61,65.32,15.00,55.77,pix,cupom_10,sim,4.81,,entregue,4.40,não,5,90,4,concluido,cupom nao aplicado
PED-00860,CLI-0005,13/08/2025,Fortaleza,CE,Nordeste,-3.80,-38.54,site,medicamento,Dipirona 500mg,1,21.96,23.11,0.00,21.96,cartao_credito,sem promocao,sim,1.53,20,entregue,5.00,S,4,81,5,concluido,
PED-00861,CLI-0221,2025-06-22,Goiânia,go,Centro-Oeste,-16.69,-49.23,loja_fisica,medicamento,Ibuprofeno 400mg,5,22.08,18.15,0.00,110.41,pix,sem_promocao,nao,,,nao_aplicavel,,sim,8,104,12,concluido,
PED-00862,CLI-0060,2025-11-19,Belo Horizonte,MG,Sudeste,-19.99,-43.98,loja_fisica,vitamina_suplemento,Colageno,1,83.46,"91,27",25.00,62.60,cartao credito,cupom_10,nao,,,nao_aplicavel,,nao,7,132,3,concluido,
PED-00863,CLI-0227,2025-11-07,Curitiba,PR,Sul,-25.48,-49.19,delivery,beleza,Esmalte,1,34.48,34.42,"0,00",34.48,cartao_credito,sem promocao,sim,2.18,56,atrasado,4.60,nao,,94,4,concluido,
PED-00864,CLI-0309,,Uberaba,MG,Sudeste,-19.74,-47.90,loja_fisica,medicamento,Omeprazol 20mg,1,,15.82,15.00,13.70,cartao credito,cashback,nao,,,nao_aplicavel,,nao,5,122,5,concluido,
PED-00865,CLI-0307,2025-03-05,UBERLÂNDIA,MG,Sudeste,-18.85,-48.28,loja_fisica,infantil,Shampoo Infantil,5,20.85,19.19,0.00,104.26,pix,sem_promocao,nao,,,nao_aplicavel,,nao,2,4,5,cancelado,
PED-00866,CLI-0265,2025-04-30,Belo Horizonte,MG,Sudeste,-19.88,-43.90,loja_fisica,vitamina_suplemento,Whey Protein,5,170.46,146.86,20.00,681.84,cartao_credito,cupom_10,nao,,,nao_aplicavel,,nao,,64,,concluido,cliente reclamou do atraso
PED-00867,CLI-0112,2025-07-17,Uberaba,MG,Sudeste,-19.68,-47.89,loja_fisica,higiene,Sabonete Liquido,1,24.03,20.32,"0,00",24.03,pix,sem_promocao,nao,,,nao_aplicavel,,sim,1,232,8,concluido,
PED-00868,CLI-0213,13/07/2025,Uberaba,MG,Sudeste,-19.81,-47.98,loja_fisica,beleza,Creme Anti-idade,1,114.19,121.82,0.00,114.19,cartao_credito,sem_promocao,nao,,,nao_aplicavel,,nao,2,19,6,concluido,
PED-00869,CLI-0255,19/09/2025,Recife,PE,Nordeste,-8.03,-34.83,delivery,higiene,Shampoo Anticaspa,2,39.62,35.81,0.00,79.25,cartao_debito,sem_promocao,sim,12.13,79,atrasado,3.30,sim,5,63,3,concluido,
PED-00870,CLI-0375,2025-04-29,São Paulo,SP,Sudeste,-23.56,-46.61,delivey,medicamento,Paracetamol 750mg,1,43.85,47.66,0.00,43.85,cartao_credito,sem promocao,sim,1.85,21,entregue,5.00,sim,2,90,6,concluido,
PED-00871,CLI-0096,2025-05-29,Uberlândia,MG,Sudeste,-18.86,,loja_fisica,higiene,Absorvente,1,39.74,39.54,0.00,39.74,cartao_credito,sem_promocao,nao,,,nao_aplicavel,,sim,5,3,4,concluido,
PED-00872,CLI-0024,,Fortaleza,ce,Nordeste,-3.79,-38.59,loja_fisica,higiene,Fio Dental,1,9.57,8.89,,8.61,dinheiro,cashback,nao,,,nao_aplicavel,,sim,1,NA,6,concluido,
PED-00873,CLI-0213,2025-04-03,Uberaba,MG,Sudeste,NA,-48.01,loja_fisica,medicamento,Loratadina 10mg,1,73.02,70.00,,62.06,pix,cashback,nao,,,nao_aplicavel,,sim,3,16,4,concluido,
PED-00874,CLI-0243,data_invalida,Belo Horizonte,MG,Sudeste,-19.88,-43.97,loja_fisica,bem_estar,Teste Glicemia,1,39.19,NA,12.00,34.48,cartao_credito,cupom_10,nao,,,nao_aplicavel,,nao,1,128,7,concluido,
PED-00875,CLI-0394,06/07/2025,Goiânia,GO,Centro-Oeste,-16.63,-49.28,loja_fisica,medicamento,Soro Fisiologico,1,9.43,9.64,12.00,8.30,cartao_credito,cupom_10,nao,,,nao_aplicavel,,S,NA,21,,concluido,cupom nao aplicado
PED-00876,CLI-0260,2025-08-06,Brasília,df,Centro-Oeste,-15.75,,loja_fisica,medicamento,Soro Fisiologico,1,17.35,14.52,12.00,NA,cartao_debito,delivery_gratis,nao,,,nao_aplicavel,,sim,1,152,7,concluido,
PED-00877,CLI-0220,2025-02-24,SALVADOR,BA,Nordeste,-12.93,-38.43,loja_fisica,medicamento,Dipirona 500mg,1,42.61,41.13,0.00,42.61,cartao_credito,sem_promocao,nao,,,nao_aplicavel,,nao,10,32,8,concluido,
PED-00878,CLI-0348,10-21-2025,Goiânia,GO,Centro-Oeste,-16.66,-49.23,delivery,vitamina_suplemento,Multivitaminico,1,137.40,141.53,5.00,,cartao_credito,cupom_10,sim,4.45,83,atrasado,2.20,nao,6,19,0,concluido,cliente reclamou do atraso
PED-00879,CLI-0268,2025-12-23,Curitiba,PR,Sul,-25.51,-49.32,loja_fisica,beleza,Base Facial,1,98.11,82.27,25.00,"73,59",cartao_credito,leve_3_pague_2,nao,,,nao_aplicavel,,nao,1,82,5,concluido,
PED-00880,CLI-0267,03-30-2025,Uberlândia,MG,Sudeste,-18.88,-48.27,app,medicamento,Soro Fisiologico,1,30.49,27.58,15.00,25.91,cartao_credito,cupom_10,sim,2.77,22,entregue,5.00,sim,1,202,6,concluido,produto sem estoque
PED-00881,CLI-0224,2025-01-04,Uberlândia,MG,Sudeste,-18.94,"-48,25",delivery,medicamento,Soro Fisiologico,1,"31,75",30.26,0.00,31.75,dinheiro,sem_promocao,sim,1.74,22,entregue,5.00,sim,1,168,7,concluido,possivel duplicata
PED-00882,CLI-0174,2025-05-01,Goiânia,GO,Centro-Oeste,-16.63,-49.24,delivery,vitamina_suplemento,Colageno,NA,135.05,131.27,0.00,0.00,pix,sem_promocao,sim,2.86,,cancelado,4.40,nao,1,185,8,canceldo,
PED-00883,CLI-0007,2025-04-02,Uberaba,MG,Sudeste,"-19,74",-47.87,loja_fisica,medicamento,Loratadina 10mg,2,74.17,NA,,148.33,pix,sem_promocao,nao,,,nao_aplicavel,,nao,1,94,6,concluido,
PED-00884,CLI-0287,2025-01-02,Uberlândia,MG,Sudeste,-18.86,-48.24,loja_fisica,infantil,Shampoo Infantil,3,46.36,"50,20",0.00,139.08,pix,sem_promocao,nao,,,nao_aplicavel,,nao,3,60,8,concluido,
PED-00885,CLI-0313,06-14-2025,Salvador,BA,Nordeste,"-12,96",-38.44,loja_fisica,medicamento,Omeprazol 20mg,5,32.50,32.91,"25,00",121.88,pix,cupom_10,nao,,,nao_aplicavel,,nao,4,144,5,concluido,
PED-00886,CLI-0391,09-10-2025,Curitiba,PR,Sul,-25.43,-49.29,site,beleza,Protetor Solar FPS50,1,73.53,62.19,12.00,64.71,cartao_credito,leve_3_pague_2,nao,,,nao_aplicavel,,N,12,114,4,concluido,
PED-00887,CLI-0243,06-26-2025,Goiânia,GO,Centro-Oeste,-16.72,-49.27,site,medicamento,Paracetamol 750mg,1,54.41,"52,01",0.00,,pix,sem_promocao,nao,,,nao_aplicavel,,nao,9,73,4,concluido,
PED-00888,CLI-0183,2025-04-20,Uberaba,MG,Sudeste,-19.78,-47.88,loja_fisica,medicamento,Ibuprofeno 400mg,5,74.51,83.93,0.00,372.54,cartao_credito,sem_promocao,nao,,,nao_aplicavel,,nao,3,105,7,concluido,
PED-00889,CLI-0054,2025-01-19,Uberlândia,MG,Sudeste,-18.92,-48.31,loja_fisica,medicamento,Soro Fisiologico,1,,49.46,0.00,57.93,pix,sem_promocao,nao,,,nao_aplicavel,,nao,6,50,3,concluido,
PED-00890,CLI-0357,2025-02-20,São Paulo,SP,Sudeste,-23.47,-46.57,loja_fisica,higiene,Absorvente,3,34.53,,0.00,"103,58",pix,sem_promocao,nao,,,nao_aplicavel,,sim,5,54,8,concluido,
PED-00891,CLI-0328,18/11/2025,Belo Horizonte,MG,Sudeste,-19.99,-43.96,loja_fisica,vitamina_suplemento,Omega 3,4,175.12,164.58,5.00,665.46,cartao_credito,delivery_gratis,nao,,,nao_aplicavel,,nao,1,163,9,concluido,
PED-00892,CLI-0039,2025-09-21,Uberlândia,MG,Sudeste,-18.87,-48.30,loja_fisica,bem_estar,Mascara Facial,3,65.34,54.27,0.00,196.02,cartao_credito,sem_promocao,nao,,,nao_aplicavel,,nao,1,128,7,concluido,cliente reclamou do atraso
PED-00893,CLI-0325,11-29-2025,Goiânia,GO,Centro-Oeste,-16.61,,loja_fisica,medicamneto,Dipirona 500mg,1,33.55,NA,0.00,33.55,pix,sem_promocao,nao,,,nao_aplicavel,,nao,2,62,6,concluido,produto sem estoque
PED-00894,CLI-0185,2025-09-27,Belo Horizonte,MG,Sudeste,NA,-43.95,loja,higiene,Absorvente,4,36.40,NA,25.00,109.20,cartao_credito,delivery_gratis,nao,,,nao_aplicavel,,sim,11,51,4,concluido,
PED-00895,CLI-0052,,Ribeirão Preto,sp,Sudeste,-21.12,-47.77,loja_fisica,beleza,Hidratante Facial,1,56.93,61.74,15.00,48.39,dinheiro,delivery_gratis,nao,,,nao_aplicavel,,nao,3,61,9,concluido,
PED-00896,CLI-0251,data_invalida,Uberaba,MG,Sudeste,-19.79,-48.00,loja_fisica,beleza,Protetor Solar FPS50,1,72.18,60.61,-5,72.18,cartao_credito,sem_promocao,nao,,,nao_aplicavel,,nao,7,59,12,concluido,
PED-00897,CLI-0075,2025-04-07,Uberaba,MG,Sudeste,-19.76,,loja_fisica,medicamento,Dipirona 500mg,4,36.35,32.10,0.00,145.38,pix,sem_promocao,nao,,,nao_aplicavel,,nao,8,171,4,concluido,
PED-00898,CLI-0330,2025-05-23,Brasília,DF,Centro-Oeste,"-15,83",-47.80,delivery,vitamina_suplemento,Vitamina D,1,116.49,109.98,20.00,93.19,pix,cupom_10,sim,4.12,34,entregue,5.00,sim,3,40,10,concluido,
PED-00899,CLI-0153,2025-04-04,Uberaba,MG,Sudeste,-19.75,,loja_fisica,medicamento,Loratadina 10mg,1,53.62,51.45,20.00,42.90,cartao_credito,delivery_gratis,nao,,,nao_aplicavel,,sim,4,119,7,concluido,
PED-00900,CLI-0161,06/02/2025,Brasília,DF,Centro-Oeste,-15.73,-47.91,loja,medicamento,Soro Fisiologico,1,52.20,56.63,25.00,39.15,cartao_credito,leve_3_pague_2,nao,,,nao_aplicavel,,nao,3,9,5,concluido,
PED-00901,CLI-0301,2025-11-30,Uberaba,MG,Sudeste,NA,-47.96,loja_fisica,vitamina_suplemento,Whey Protein,4,,NA,,NA,cartao_credito,cupom_10,nao,,,nao_aplicavel,,nao,4,NA,4,concluido,
PED-00902,CLI-0107,2025-02-01,Goiânia,GO,Centro-Oeste,-16.76,-49.30,loja,higiene,Sabonete Liquido,1,NA,"33,20",0.00,40.01,pix,sem promocao,nao,,,nao_aplicavel,,não,1,137,8,concluido,
PED-00903,CLI-0372,21/03/2025,Uberlândia,mg,Sudeste,-18.98,-48.24,loja_fisica,bem_estar,Alcool Gel,1,37.41,"39,17",0.00,37.41,pix,sem promocao,nao,,,nao_aplicavel,,S,2,,3,concluido,
PED-00904,CLI-0051,2025-04-28,Brasília,DF,Centro-Oeste,-15.75,-47.84,loja_fisica,medicamento,Omeprazol 20mg,5,10.61,11.36,20.00,42.45,cartao_credito,delivery_gratis,nao,,,nao_aplicavel,,sim,7,68,3,concluido,
PED-00905,CLI-0290,2025-12-30,Uberaba,MG,Sudeste,-19.76,,loja_fisica,medicamento,Paracetamol 750mg,1,47.88,,10.00,43.09,cartao_credito,cashback,nao,,,nao_aplicavel,,nao,2,119,6,concluido,
PED-00906,CLI-0215,2025-03-19,Uberaba,mg,Sudeste,-19.69,-47.96,loja_fisica,medicamento,Dipirona 500mg,1,72.80,80.23,NA,72.80,cartao_credito,sem_promocao,nao,,,nao_aplicavel,,sim,4,28,-1,concluido,
PED-00907,CLI-0221,2025-10-08,Uberaba,MG,Sudeste,-19.72,-47.96,loja_fisica,bem_estar,Medidor Pressao,1,134.83,112.10,"12,00","118,65",pix,cashback,nao,,,nao_aplicavel,,sim,3,19,12,concluido,
PED-00908,CLI-0171,2025-08-11,Belo Horizonte,MG,Sudeste,-19.95,-43.88,delivery,beleza,Protetor Solar FPS50,1,,111.11,25.00,89.75,dinheiro,delivery_gratis,nao,,,nao_aplicavel,,sim,4,170,3,concluido,
PED-00909,CLI-0074,2025-03-29,Ribeirão Preto,SP,Sudeste,-21.21,-47.79,loja_fisica,medicamento,Dipirona 500mg,1,"44,56",NA,0.00,44.56,cartao_credito,sem_promocao,nao,,,nao_aplicavel,,sim,2,38,6,cancelado,possivel duplicata
PED-00910,CLI-0363,2025-01-20,Uberaba,MG,Sudeste,-19.76,-48.02,delivery,medicamento,Soro Fisiologico,1,33.56,35.27,0.00,33.56,pix,sem_promocao,nao,,,nao_aplicavel,,nao,3,138,7,concluido,
PED-00911,CLI-0294,2025-06-23,Goiânia,GO,Centro-Oeste,-16.66,,loja fisica,vitamina_suplemento,Colageno,1,141.83,145.98,0.00,141.83,cartao_debito,sem_promocao,nao,,,nao_aplicavel,,nao,1,71,4,concluido,
PED-00912,CLI-0130,2025-11-23,Belo Horizonte,MG,Sudeste,,-43.89,loja_fisica,medicamento,Ibuprofeno 400mg,4,56.37,55.73,25.00,,pix,leve_3_pague_2,nao,,,nao_aplicavel,,sim,11,99,3,concluido,
PED-00913,CLI-0363,2025-05-03,Manaus,AM,Norte,-3.20,-60.04,delivery,higiene,Fio Dental,4,10.38,9.67,20.00,NA,dinheiro,cupom_10,sim,5.78,37,entregue,4.80,nao,9,6,8,concluido,
PED-00914,CLI-0349,2025-04-25,Uberlândia,mg,Sudeste,-18.92,-48.34,delivery,medicamento,Dipirona 500mg,NA,29.17,,12.00,"25,67",cartao_credito,cashback,sim,2.39,21,entregue,4.10,nao,5,51,6,concluido,
PED-00915,CLI-0176,2025-04-09,Uberlândia,MG,Sudeste,-18.84,-48.28,loja_fisica,medicamento,Ibuprofeno 400mg,1,52.13,56.05,15.00,44.31,cartao_credito,cupom_10,nao,,,nao_aplicavel,,sim,1,88,5,concluido,
PED-00916,CLI-0181,2025-01-06,RECIFE,PE,Nordeste,-8.01,-34.92,delivery,beleza,Agua Micelar,1,55.43,46.56,20.00,44.35,cartao_credito,delivery_gratis,sim,8.73,60,entregue,4.20,sim,5,69,5,concluido,
PED-00917,CLI-0209,2025-03-26,Belo Horizonte,MG,Sudeste,,NA,loja_fisica,medicamento,Soro Fisiologico,1,61.95,"61,44",0.00,61.95,pix,sem_promocao,nao,,,nao_aplicavel,,nao,1,134,6,concluido,
PED-00918,CLI-0048,2025-11-19,Brasília,DF,Centro-Oeste,-15.86,-47.94,site,medicamento,Omeprazol 20mg,1,25.26,NA,0.00,25.26,cartao_credito,sem_promocao,nao,,,nao_aplicavel,,nao,5,146,5,concluido,
PED-00919,CLI-0050,2025-02-17,UBERABA,MG,Sudeste,-19.68,-47.93,loja_fisica,vitamina_suplemento,Omega 3,2,126.24,136.91,"0,00","252,48",cartao_credito,sem_promocao,nao,,,nao_aplicavel,,nao,4,76,5,concluido,
PED-00920,CLI-0403,2025-03-06,Uberaba,MG,Sudeste,-19.71,-47.94,loja_fisica,medicamento,Omeprazol 20mg,1,21.14,"19,97",10.00,19.03,cartao_credito,leve_3_pague_2,nao,,,nao_aplicavel,,nao,4,130,6,concluido,possivel duplicata
PED-00921,CLI-0061,15/05/2025,São Paulo,SP,Sudeste,,-46.59,loja,medicamento,Paracetamol 750mg,4,11.36,10.07,0.00,45.44,cartao_credito,sem_promocao,nao,,,nao_aplicavel,,N,,35,8,concluido,produto sem estoque
PED-00922,CLI-0171,2025-05-04,Brasília,DF,Centro-Oeste,-15.75,-47.94,loja_fisica,vitamina_suplemento,Omega 3,1,,46.40,0.00,40.87,pix,sem_promocao,nao,,,nao_aplicavel,,sim,7,NA,9,concluido,
PED-00923,CLI-0101,2025-02-12,Uberaba,MG,Sudeste,-19.68,-47.86,loja_fisica,medicamento,Omeprazol 20mg,1,73.80,74.89,0.00,73.80,boleto,sem_promocao,nao,,,nao_aplicavel,,nao,9,126,10,concluido,produto sem estoque
PED-00924,CLI-0042,2025-04-18,Uberlândia,MG,Sudeste,-18.94,-48.20,loja_fisica,remedio,Loratadina 10mg,1,26.95,30.32,0.00,26.95,cartao_debito,sem_promocao,nao,,,nao_aplicavel,,nao,5,94,6,canceldo,
PED-00925,CLI-0106,2025-08-20,São Paulo,SP,Sudeste,NA,,loja fisica,medicamento,Loratadina 10mg,1,58.35,60.69,NA,NA,cartao_credito,sem_promocao,nao,,,nao_aplicavel,,nao,4,133,3,cancelado,
PED-00926,CLI-0032,2025-07-04,Uberaba,MG,Sudeste,-19.78,"-47,88",loja_fisica,beleza,Creme Anti-idade,1,31.31,"35,47",0.00,NA,cartao_credito,sem_promocao,nao,,,nao_aplicavel,,sim,1,45,5,concluido,
PED-00927,CLI-0114,2025-12-23,Goiânia,go,Centro-Oeste,-16.76,-49.33,loja_fisica,medicamento,Paracetamol 750mg,1,36.12,34.99,0.00,36.12,cartao_credito,sem promocao,nao,,,nao_aplicavel,,nao,6,49,6,concluido,cupom nao aplicado
PED-00928,CLI-0183,2025-06-29,Belém,PA,Norte,-1.39,"-48,42",loja_fisica,vitamina_suplemento,Omega 3,1,141.18,119.89,0.00,141.18,cartao_credito,sem promocao,nao,,,nao_aplicavel,,sim,8,42,8,concluido,
PED-00929,CLI-0155,2025-07-10,Uberaba,MG,Sudeste,"-19,67",-47.98,loja_fisica,medicamento,Loratadina 10mg,1,,20.10,0.00,22.65,pix,sem_promocao,nao,,,nao_aplicavel,,nao,3,72,5,concluido,
PED-00930,CLI-0145,2025-03-27,Recife,PE,Nordeste,-8.06,-34.89,loja_fisica,medicamento,Omeprazol 20mg,1,55.34,61.51,0.00,55.34,cartao_debito,sem_promocao,nao,,,nao_aplicavel,,sim,2,91,5,concluido,
PED-00931,CLI-0123,2025-02-27,Goiânia,GO,Centro-Oeste,-16.72,-49.20,loja_fisica,higiene,Sabonete Liquido,1,41.44,41.21,0.00,41.44,cartao_credito,sem_promocao,nao,,,nao_aplicavel,,nao,10,NA,4,concluido,
PED-00932,CLI-0035,2025-05-14,Ribeirão Preto,SP,Sudeste,-21.22,-47.84,delivery,medicamento,Paracetamol 750mg,4,19.39,21.84,0.00,"77,56",pix,sem_promocao,sim,2.27,8,entregue,4.80,sim,7,112,6,concluido,
PED-00933,CLI-0242,2025-06-08,Belo Horizonte,mg,Sudeste,-19.90,-43.90,loja_fisica,medicamento,Loratadina 10mg,1,"33,01",36.87,0.00,33.01,cartao_credito,sem_promocao,nao,,,nao_aplicavel,,sim,1,120,7,concluido,
PED-00934,CLI-0119,2025-07-12,Uberaba,MG,Sudeste,-19.83,-47.97,loja_fisica,higiene,Sabonete Liquido,1,NA,44.08,,52.79,cartao_credito,sem_promocao,nao,,,nao_aplicavel,,nao,4,14,7,concluido,
PED-00935,CLI-0357,2025-10-19,Brasília,DF,Centro-Oeste,-15.87,-47.96,loja_fisica,vitamina_suplemento,Multivitaminico,1,147.37,125.40,,147.37,cartao_credito,sem_promocao,nao,,,nao_aplicavel,,sim,4,31,3,concluido,
PED-00936,CLI-0106,2025-07-20,Manaus,AM,Norte,"-3,15",-60.02,loja_fisica,remedio,Dipirona 500mg,5,52.73,45.23,0.00,263.67,cartao_credito,sem_promocao,nao,,,nao_aplicavel,,nao,,120,7,concluido,
PED-00937,CLI-0077,2025-03-03,Belo Horizonte,MG,Sudeste,-19.90,NA,loja_fisica,higiene,Desodorante,4,10.72,NA,NA,42.86,dinheiro,sem_promocao,nao,,,nao_aplicavel,,sim,9,169,5,concluido,
PED-00938,CLI-0173,27/07/2025,Curitiba,PR,Sul,-25.36,"-49,30",loja_fisica,medicamento,Omeprazol 20mg,1,34.33,29.41,20.00,27.46,cartao_credito,delivery_gratis,nao,,,nao_aplicavel,,sim,1,119,5,concluido,
PED-00939,CLI-0326,2025-10-27,Salvador,BA,Nordeste,-12.97,-38.44,loja fisica,medicamento,Loratadina 10mg,1,23.74,NA,0.00,23.74,dinheiro,sem_promocao,nao,,,nao_aplicavel,,nao,1,193,8,concluido,
PED-00940,CLI-0313,15/03/2025,Belo Horizonte,MG,Sudeste,-19.86,-43.93,loja_fisica,higiene,Absorvente,1,"40,76",44.16,10.00,36.69,cartao_credito,cupom_10,nao,,,nao_aplicavel,,sim,1,217,5,concluido,
PED-00941,CLI-0026,2025-06-18,Uberaba,MG,Sudeste,-19.79,-47.90,delivery,medicamento,Ibuprofeno 400mg,3,40.42,42.34,0.00,121.26,dinheiro,sem_promocao,sim,1.06,25,entregue,3.10,nao,4,148,8,concluido,preco divergente
PED-00942,CLI-0222,2025-03-21,Uberaba,MG,Sudeste,-19.75,-47.98,loja_fisica,vitamina_suplemento,Vitamina D,1,65.78,72.05,10.00,59.20,cartao_credito,cupom_10,nao,,,nao_aplicavel,,N,6,130,5,concluido,
PED-00943,CLI-0246,2025-06-01,Goiânia,GO,Centro-Oeste,"-16,77",-49.30,site,vitamina_suplemento,Omega 3,1,102.10,113.15,0.00,NA,pix,sem_promocao,sim,7.33,NA,atrasado,1.30,nao,1,162,4,concluido,
PED-00944,CLI-0086,2025-04-11,São Paulo,SP,Sudeste,-23.52,-46.61,loja_fisica,medicamento,Loratadina 10mg,1,25.50,28.55,0.00,25.50,pix,sem_promocao,nao,,,nao_aplicavel,,nao,2,105,3,concluido,
PED-00945,CLI-0220,2025-02-21,São Paulo,SP,Sudeste,-23.60,-46.57,loja_fisica,medicamento,Soro Fisiologico,1,69.68,65.75,0.00,69.68,pix,sem_promocao,nao,,,nao_aplicavel,,nao,NA,61,6,concluido,
PED-00946,CLI-0399,2025-08-16,São Paulo,SP,Sudeste,-23.56,-46.62,loja_fisica,medicamento,Dipirona 500mg,1,67.32,75.98,0.00,67.32,cartao_debito,sem_promocao,nao,,,nao_aplicavel,,sim,6,36,4,concluido,produto sem estoque
PED-00947,CLI-0159,2025-06-14,Belo Horizonte,MG,Sudeste,-19.97,-43.91,loja_fisica,medicamento,Omeprazol 20mg,1,"58,63",57.20,0.00,58.63,pix,sem_promocao,nao,,,nao_aplicavel,,nao,1,122,6,concluido,
PED-00948,CLI-0063,2025-08-06,Curitiba,PR,Sul,"-25,46",,delivery,higiene,Creme Dental,1,23.17,NA,0.00,23.17,cartao_credito,sem_promocao,sim,2.67,18,entrgue,4.60,nao,3,157,9,concluido,
PED-00949,CLI-0012,2025-12-04,Manaus,am,Norte,,"-59,97",delivery,medicamneto,Loratadina 10mg,5,"29,47",31.87,20.00,NA,pix,leve_3_pague_2,nao,,,nao_aplicavel,,nao,8,58,7,concluido,
PED-00950,CLI-0101,05-10-2025,Belo Horizonte,MG,Sudeste,-19.95,-43.98,loja,higiene,Fio Dental,1,23.56,21.45,10.00,21.20,cartao_credito,delivery_gratis,nao,,,nao_aplicavel,,sim,1,93,6,concluido,
PED-00951,CLI-0197,2025-11-17,Uberlândia,MG,Sudeste,"-18,85","-48,34",delivery,higiene,Desodorante,NA,39.99,41.79,"15,00",101.97,cartao_debito,leve_3_pague_2,sim,4.95,49,entregue,5.00,nao,9,170,7,concluido,
PED-00952,CLI-0319,2025-08-20,Fortaleza,ce,Nordeste,,-38.50,app,medicamento,Ibuprofeno 400mg,1,43.07,44.46,0.00,43.07,cartao_credito,sem_promocao,nao,,,nao_aplicavel,,nao,1,88,NA,concluido,
PED-00953,CLI-0094,02/04/2025,Uberlândia,MG,Sudeste,-18.86,-48.20,loja_fisica,medicamento,Soro Fisiologico,NA,46.62,46.41,25.00,34.97,pix,cupom_10,nao,,,nao_aplicavel,,sim,NA,31,9,concluido,possivel duplicata
PED-00954,CLI-0077,2025-01-14,Brasília,DF,Centro-Oeste,"-15,73",-47.87,loja fisica,infantil,Fralda M,3,30.07,31.99,0.00,90.22,cartao credito,sem_promocao,nao,,,nao_aplicavel,,nao,9,116,8,concluido,
PED-00955,CLI-0376,2025-11-15,Uberaba,MG,Sudeste,-19.78,-47.93,loja_fisica,beleza,Base Facial,5,21.71,23.68,0.00,108.56,boleto,sem_promocao,nao,,,nao_aplicavel,,sim,9,19,2,concluido,
PED-00956,CLI-0025,2025-02-04,Belo Horizonte,MG,Sudeste,-19.90,-43.89,app,remedio,Ibuprofeno 400mg,1,"47,26",45.65,NA,47.26,pix,sem promocao,sim,1.56,19,entregue,5.00,nao,NA,101,7,cancelado,
PED-00957,CLI-0280,2025-10-30,Uberlândia,mg,Sudeste,-18.84,-48.34,loja_fisica,vitamina_suplemento,Colageno,2,171.92,171.80,"0,00",343.83,pix,sem_promocao,nao,,,nao_aplicavel,,N,9,,8,concluido,
PED-00958,CLI-0053,2025-11-09,Fortaleza,CE,Nordeste,-3.71,-38.57,loja_fisica,medicamento,Dipirona 500mg,1,"70,26",NA,0.00,NA,pix,sem_promocao,nao,,,nao_aplicavel,,sim,4,166,3,concluido,
PED-00959,CLI-0016,2025-10-21,Uberaba,MG,Sudeste,-19.71,-47.97,loja_fisica,medicamento,Dipirona 500mg,1,32.77,35.09,25.00,"24,58",pix,cashback,nao,,,nao_aplicavel,,S,6,23,5,concluido,
PED-00960,CLI-0301,2025-09-12,Uberlândia,MG,Sudeste,-18.90,-48.29,loja_fisica,medicamento,Omeprazol 20mg,1,9.30,9.49,12.00,8.19,cartao_credito,delivery_gratis,nao,,,nao_aplicavel,,nao,4,28,NA,concluido,
PED-00961,CLI-0249,17/04/2025,Brasília,DF,Centro-Oeste,-15.84,-47.84,app,higiene,Fio Dental,1,14.99,"15,93",0.00,14.99,pix,sem_promocao,nao,,,nao_aplicavel,,sim,4,62,3,concluido,
PED-00962,CLI-0142,2025-11-15,Salvador,BA,Nordeste,-12.94,-38.45,app,infantil,Soro Infantil,1,43.30,36.86,0.00,43.30,pix,sem_promocao,sim,,70,atrasado,"3,30",nao,1,39,7,concluido,
PED-00963,CLI-0357,2025-08-23,Belo Horizonte,MG,Sudeste,-19.97,-43.93,loja_fisica,bem_estar,Curativo,5,56.32,"56,55",0.00,281.61,cartao_debito,sem_promocao,nao,,,nao_aplicavel,,nao,1,216,6,concluido,
PED-00964,CLI-0356,2025-07-04,Ribeirão Preto,SP,Sudeste,-21.22,-47.76,loja_fisica,infantil,Soro Infantil,1,98.32,90.09,0.00,98.32,cartao_credito,sem_promocao,nao,,,nao_aplicavel,,nao,5,132,6,concluido,
PED-00965,CLI-0071,2025-08-14,São Paulo,SP,Sudeste,-23.60,,delivery,vitamina_suplemento,Multivitaminico,1,64.89,69.05,25.00,48.67,cartao_debito,cupom_10,sim,3.12,30,entregue,5.00,sim,1,147,8,concluido,
PED-00966,CLI-0093,2025-02-01,Uberlândia,MG,Sudeste,-18.97,-48.34,app,higiene,Creme Dental,1,31.36,31.01,20.00,25.08,cartao_credito,leve_3_pague_2,nao,,,nao_aplicavel,,nao,5,143,7,concluido,
PED-00967,CLI-0408,2025-11-10,Uberlândia,MG,Sudeste,"-18,87",-48.22,app,infantil,Fralda P,1,30.31,31.14,0.00,30.31,boleto,sem promocao,nao,,,nao_aplicavel,,nao,7,43,5,concluido,cliente reclamou do atraso
PED-00968,CLI-0025,2025-10-04,Belo Horizonte,MG,Sudeste,-19.91,-43.91,delivery,medicamento,Paracetamol 750mg,1,"14,03",13.11,NA,13.33,cartao_credito,leve_3_pague_2,nao,,,nao_aplicavel,,nao,1,101,7,pendente,
PED-00969,CLI-0170,2025-07-18,Brasília,DF,Centro-Oeste,-15.76,-47.92,loja_fisica,vitamina_suplemento,Colageno,1,149.76,132.09,10.00,134.79,dinheiro,delivery_gratis,nao,,,nao_aplicavel,,sim,2,152,10,concluido,
PED-00970,CLI-0224,2025-01-28,Uberaba,MG,Sudeste,-19.76,NA,site,medicamento,Omeprazol 20mg,1,30.67,"27,15","0,00",30.67,credito,sem_promocao,nao,,,nao_aplicavel,,nao,9,32,5,concluido,
PED-00971,CLI-0396,2025-04-24,Uberaba,MG,Sudeste,-19.72,,loja_fisica,vitamina_suplemento,Colageno,1,NA,73.40,5.00,74.29,pix,leve_3_pague_2,nao,,,nao_aplicavel,,nao,7,174,5,cancelado,
PED-00972,CLI-0254,2025-11-20,Curitiba,PR,Sul,-25.39,-49.31,app,medicamento,Ibuprofeno 400mg,1,,68.32,0.00,NA,dinheiro,sem_promocao,nao,,,nao_aplicavel,,sim,5,15,5,concluido,preco divergente
PED-00973,CLI-0198,29/03/2025,Uberaba,MG,Sudeste,-19.72,0.00,loja_fisica,higiene,Shampoo Anticaspa,1,7.97,7.48,0.00,"7,97",cartao_debito,sem_promocao,nao,,,nao_aplicavel,,sim,1,49,4,concluido,
PED-00974,CLI-0244,2025-04-08,Brasília,DF,Centro-Oeste,"-15,79",NA,loja_fisica,medicamento,Dipirona 500mg,NA,71.62,72.28,0.00,214.87,credito,sem promocao,nao,,,nao_aplicavel,,sim,3,55,4,concluido,
PED-00975,CLI-0035,2025-03-13,Uberaba,MG,Sudeste,,-48.01,app,medicamento,Dipirona 500mg,1,,14.59,5.00,15.03,cartao_credito,delivery_gratis,sim,"12,39",89,entregue,2.90,sim,5,68,9,concluido,
PED-00976,CLI-0410,2025-11-01,Uberaba,mg,Sudeste,-19.69,-20.00,delivery,medicamento,Ibuprofeno 400mg,1,29.90,32.60,10.00,"26,91",pix,cupom_10,nao,,,nao_aplicavel,,sim,5,84,9,concluido,
PED-00977,CLI-0154,25/08/2025,Uberaba,MG,Sudeste,-19.79,-47.89,delivery,medicamento,Loratadina 10mg,1,42.71,43.43,,42.71,cartao_credito,sem_promocao,nao,,,nao_aplicavel,,nao,3,178,5,concluido,
PED-00978,CLI-0165,2025-11-21,Belo Horizonte,MG,Sudeste,-19.94,-43.94,delivery,bem_estar,Curativo,1,56.07,,10.00,NA,cartao_credito,delivery_gratis,sim,5.85,46,entregue,3.90,nao,1,218,7,concluido,
PED-00979,CLI-0359,03-24-2025,Belém,PA,Norte,NA,-48.53,loja_fisica,medicamento,Loratadina 10mg,5,62.67,51.50,10.00,282.01,cartao_credito,cupom_10,nao,,,nao_aplicavel,,nao,2,51,3,concluido,
PED-00980,CLI-0136,2025-11-07,Fortaleza,CE,Nordeste,-3.72,"-38,47",app,medicamento,Ibuprofeno 400mg,1,58.90,63.93,0.00,58.90,cartao_credito,sem_promocao,nao,,,nao_aplicavel,,nao,2,35,4,concluido,
PED-00981,CLI-0102,2025-04-06,Recife,PE,Nordeste,-7.99,,loja_fisica,medicamento,Dipirona 500mg,1,67.98,71.63,12.00,59.82,dinheiro,leve_3_pague_2,nao,,,nao_aplicavel,,sim,3,129,9,concluido,
PED-00982,CLI-0178,2025-05-24,Manaus,AM,Norte,-3.07,-60.05,delivery,beleza,Protetor Solar FPS50,1,81.80,NA,0.00,81.80,cartao_credito,sem_promocao,sim,1.65,23,entregue,5.00,nao,6,97,6,concluido,
PED-00983,CLI-0254,2025-03-01,Recife,PE,Nordeste,-8.05,"-34,95",entrega,medicamento,Dipirona 500mg,1,31.52,28.81,0.00,31.52,pix,sem_promocao,sim,1.94,16,entregue,5.00,sim,4,117,NA,concluido,
PED-00984,CLI-0316,24/04/2025,São Paulo,SP,Sudeste,-23.58,-46.61,loja_fisica,medicamento,Ibuprofeno 400mg,1,"37,46",31.15,"0,00",37.46,pix,sem_promocao,nao,,,nao_aplicavel,,nao,NA,164,10,concluido,
PED-00985,CLI-0264,2025-03-29,BELO HORIZONTE,MG,Sudeste,-19.96,-43.98,loja_fisica,medicamento,Dipirona 500mg,1,52.16,50.12,20.00,41.73,cartao_credito,delivery_gratis,nao,,,nao_aplicavel,,nao,2,171,6,concluido,
PED-00986,CLI-0219,2025-12-19,Uberlândia,MG,Sudeste,,-48.32,loja_fisica,medicamento,Soro Fisiologico,1,33.44,27.67,15.00,28.43,dinheiro,cupom_10,nao,,,nao_aplicavel,,sim,10,147,8,concluido,
PED-00987,CLI-0324,10/10/2025,Uberlândia,MG,Sudeste,-18.90,"-48,23",app,medicamento,Dipirona 500mg,NA,18.41,15.81,0.00,18.41,cartao credito,sem_promocao,nao,,,nao_aplicavel,,nao,4,144,3,concluido,cliente reclamou do atraso
PED-00988,CLI-0411,2025-06-22,Uberaba,MG,Sudeste,-19.75,-47.87,app,infantil,Pomada Assadura,2,91.95,101.91,0.00,183.91,pix,sem_promocao,sim,1.88,13,entregue,4.70,nao,6,125,7,concluido,
PED-00989,CLI-0315,data_invalida,São Paulo,sp,Sudeste,-23.56,,loja_fisica,higiene,Creme Dental,1,22.13,24.21,0.00,,pix,sem_promocao,nao,,,nao_aplicavel,,sim,6,27,10,concluido,
PED-00990,CLI-0216,24/11/2025,Uberaba,MG,Sudeste,-19.80,-47.90,delivery,higiene,Absorvente,1,11.19,11.79,20.00,8.95,cartao_credito,cashback,nao,,,nao_aplicavel,,sim,4,40,4,concluido,
PED-00991,CLI-0050,2025-06-21,Uberaba,MG,Sudeste,-19.79,-47.87,delivery,medicamento,Omeprazol 20mg,1,42.25,"47,09",5.00,40.13,cartao_credito,delivery_gratis,sim,4.32,69,atrasado,3.50,nao,5,68,2,concluido,
PED-00992,CLI-0163,2025-12-10,Recife,PE,Nordeste,"-8,01",-34.84,delivery,medicamento,Paracetamol 750mg,1,34.65,31.75,,34.65,pix,sem_promocao,sim,10.47,55,entrgue,4.00,nao,3,24,7,concluido,
PED-00993,CLI-0102,2025-02-28,Uberaba,MG,Sudeste,-19.80,-47.90,loja_fisica,remedio,Loratadina 10mg,3,,,0.00,91.39,cartao_credito,sem_promocao,nao,,,nao_aplicavel,,nao,10,160,8,concluido,
PED-00994,CLI-0254,2025-07-21,Uberlândia,MG,Sudeste,NA,-48.29,app,vitamina_suplemento,Colageno,1,118.86,"125,12","0,00",118.86,pix,sem_promocao,sim,10.75,58,entregue,4.10,nao,5,34,4,concluido,
PED-00995,CLI-0100,2025-04-20,Goiânia,go,Centro-Oeste,"-16,68",-49.23,loja_fisica,beleza,Creme Anti-idade,1,"63,56",53.46,0.00,63.56,boleto,sem_promocao,nao,,,nao_aplicavel,,sim,6,NA,3,concluido,
PED-00996,CLI-0108,2025-10-04,Belém,PA,Norte,-1.48,-48.48,loja_fisica,beleza,Protetor Solar FPS50,1,46.92,49.14,5.00,44.58,cartao_credito,cupom_10,nao,,,nao_aplicavel,,N,2,96,7,concluido,preco divergente
PED-00997,CLI-0220,2025-07-11,Uberlândia,MG,Sudeste,-18.98,-48.33,delivery,medicamento,Paracetamol 750mg,1,8.20,7.34,0.00,8.20,cartao_credito,sem_promocao,sim,4.27,28,entregue,5.00,nao,1,173,5,concluido,
PED-00998,CLI-0364,2025-08-11,São Paulo,SP,Sudeste,-23.50,-46.69,loja_fisica,higiene,Desodorante,2,NA,27.33,0.00,50.37,pix,sem_promocao,nao,,,nao_aplicavel,,sim,3,139,4,concluido,
PED-00999,CLI-0257,2025-08-15,Belo Horizonte,MG,Sudeste,"-19,93","-43,94",delivery,infantil,Shampoo Infantil,1,22.18,22.81,0.00,22.18,cartao_credito,sem_promocao,nao,,,nao_aplicavel,,nao,5,145,8,concluido,cliente reclamou do atraso
PED-01000,CLI-0397,2025-03-17,Uberlândia,MG,Sudeste,"-18,92",-48.22,loja_fisica,higiene,Creme Dental,4,29.32,30.13,20.00,,credito,cupom_10,nao,,,nao_aplicavel,,sim,2,148,7,concluido,
PED-00579,CLI-0315,2025-12-13,Manaus,AM,Norte,-3.15,-60.04,loja_fisica,medicamento,Paracetamol 750mg,1,44.25,49.92,0.00,NA,dinheiro,sem_promocao,nao,,,nao_aplicavel,,nao,5,26,7,concluido,duplicata intencional
PED-00402,CLI-0131,,Uberaba,MG,Sudeste,-19.77,-48.00,loja fisica,medicamento,Soro Fisiologico,1,64.39,67.89,"15,00",49.39,cartao_credito,delivery_gratis,nao,,,nao_aplicavel,,sim,4,,8,concluido,duplicata intencional
PED-00103,CLI-0029,,Uberaba,MG,Sudeste,-19.73,-47.94,loja_fisica,medicamento,Soro Fisiologico,1,48.28,42.80,NA,48.28,cartao_credito,sem_promocao,nao,,,nao_aplicavel,,sim,2,8,7,concluido,duplicata intencional
PED-00733,CLI-0115,2025-09-11,Ribeirão Preto,SP,Sudeste,-21.12,-47.88,delivery,medicamento,Ibuprofeno 400mg,4,12.04,10.65,5.00,45.75,cartao_debito,cupom_10,nao,,,nao_aplicavel,,sim,1,113,8,concluido,duplicata intencional
PED-00063,CLI-0103,2025-02-19,São Paulo,SP,Sudeste,"-23,51",-46.60,loja_fisica,medicamento,Ibuprofeno 400mg,1,46.31,47.78,0.00,131.65,cartao credito,sem_promocao,nao,,,nao_aplicavel,,nao,1,83,6,concluido,duplicata intencional
PED-00500,CLI-0395,2025-09-11,Manaus,AM,Norte,-3.14,-60.01,delivery,medicamento,Paracetamol 750mg,1,73.57,71.17,,73.57,cartao_credito,sem_promocao,sim,9.53,67,entrgue,3.50,sim,5,168,4,concluido,duplicata intencional
PED-00512,CLI-0116,24/01/2025,Uberlândia,MG,Sudeste,-18.98,-48.26,loja_fisica,higiene,Creme Dental,1,9.70,9.56,0.00,268.93,cartao_credito,sem_promocao,nao,,,nao_aplicavel,,sim,4,60,10,concluido,duplicata intencional
PED-00739,CLI-0282,2025-02-03,Uberaba,MG,Sudeste,-19.79,NA,delivery,medicamento,Ibuprofeno 400mg,1,"69,58",57.18,20.00,55.66,pix,cupom_10,nao,,,nao_aplicavel,,sim,1,232,9,concluido,duplicata intencional
PED-00941,CLI-0026,2025-06-18,Uberaba,MG,Sudeste,-19.79,-47.90,delivery,medicamento,Ibuprofeno 400mg,3,40.42,42.34,0.00,121.26,dinheiro,sem_promocao,sim,1.06,25,entregue,3.10,nao,4,148,8,concluido,duplicata intencional
PED-00588,CLI-0042,07-10-2025,Salvador,BA,Nordeste,-13.04,-38.49,loja_fisica,medicamento,Soro Fisiologico,1,31.32,32.52,0.00,31.32,boleto,sem_promocao,nao,,,nao_aplicavel,,nao,1,203,7,concluido,duplicata intencional
PED-00620,CLI-0154,2025-01-17,Uberlândia,MG,Sudeste,-18.97,-48.34,loja_fisica,vitamina_suplemento,Vitamina D,5,76.17,71.76,0.00,380.84,pix,sem_promocao,nao,,,nao_aplicavel,,nao,2,122,6,concluido,duplicata intencional
PED-00652,CLI-0146,2025-10-09,Uberaba,MG,Sudeste,-19.83,-47.90,loja_fisica,vitamina_suplemento,Multivitaminico,1,96.28,108.73,0.00,113.92,cartao_credito,sem_promocao,nao,,,nao_aplicavel,,nao,1,187,5,concluido,duplicata intencional
PED-00456,CLI-0079,2025-09-14,Belo Horizonte,MG,Sudeste,-19.98,-43.88,loja_fisica,bem_estar,Termometro Digital,1,129.13,NA,15.00,NA,cartao_credito,delivery_gratis,nao,,,nao_aplicavel,,sim,1,148,6,concluido,duplicata intencional
PED-00468,CLI-0148,2025-09-19,Ribeirão Preto,SP,Sudeste,-21.14,-47.83,app,medicamento,Paracetamol 750mg,1,69.38,65.87,0.00,69.38,pix,sem_promocao,nao,,,nao_aplicavel,,sim,7,69,7,concluido,duplicata intencional
PED-00146,CLI-0218,2025-05-07,Curitiba,PR,Sul,-25.38,-49.26,loja_fisica,medicamento,Loratadina 10mg,1,42.60,40.55,"0,00",42.60,pix,sem_promocao,nao,,,nao_aplicavel,,nao,4,114,10,concluido,duplicata intencional
PED-00154,CLI-0160,2025-08-04,CURITIBA,PR,Sul,-25.37,,loja_fisica,medicamento,Omeprazol 20mg,1,49.60,48.81,12.00,43.65,dinheiro,cupom_10,nao,,,nao_aplicavel,,nao,5,37,10,concluido,duplicata intencional
PED-00165,CLI-0305,2025-08-30,Recife,PE,Nordeste,"-8,00",-34.94,loja,infantil,Pomada Assadura,1,19.82,18.67,12.00,NA,pix,delivery_gratis,nao,,,nao_aplicavel,,nao,5,44,,concluido,duplicata intencional
PED-00145,CLI-0388,,Brasília,df,Centro-Oeste,-15.82,-47.83,app,higiene,Shampoo Anticaspa,1,,35.52,"0,00",NA,pix,sem_promocao,nao,,,nao_aplicavel,,sim,2,138,7,concluido,duplicata intencional
PED-00715,CLI-0366,2025-04-18,Uberlândia,MG,Sudeste,,-48.23,app,infantil,Lenço Umedecido,5,31.08,33.64,12.00,136.77,pix,cupom_10,sim,2.51,30,entregue,5.00,N,1,63,4,concluido,duplicata intencional
PED-00440,CLI-0309,2025-10-06,São Paulo,SP,Sudeste,NA,-46.62,loja_fisica,medicamento,Dipirona 500mg,1,NA,57.87,10.00,51.15,pix,cupom_10,nao,,,nao_aplicavel,,sim,10,NA,7,concluido,duplicata intencional
PED-00315,CLI-0048,01-30-2025,Uberlândia,MG,Sudeste,NA,-48.28,loja_fisica,medicamento,Ibuprofeno 400mg,1,38.08,35.43,"0,00","38,08",cartao_debito,sem_promocao,nao,,,nao_aplicavel,,sim,5,160,10,concluido,duplicata intencional
PED-00892,CLI-0039,2025-09-21,Uberlândia,MG,Sudeste,-18.87,-48.30,loja_fisica,bem_estar,Mascara Facial,3,65.34,54.27,0.00,110.91,cartao_credito,sem_promocao,nao,,,nao_aplicavel,,nao,1,128,7,concluido,duplicata intencional
PED-00930,CLI-0145,2025-03-27,Recife,PE,Nordeste,-8.06,-34.89,loja_fisica,medicamento,Omeprazol 20mg,1,55.34,61.51,0.00,55.34,cartao_debito,sem_promocao,nao,,,nao_aplicavel,,sim,2,91,5,concluido,duplicata intencional
PED-00388,CLI-0245,2025-07-25,UBERABA,MG,Sudeste,-19.76,-47.97,loja_fisica,medicamento,Loratadina 10mg,4,19.04,17.71,0.00,76.18,dinheiro,sem_promocao,nao,,,nao_aplicavel,,sim,1,139,7,concluido,duplicata intencional
PED-00748,CLI-0417,2025-02-03,Uberlândia,MG,Sudeste,"-18,88",-48.24,loja_fisica,medicamento,Paracetamol 750mg,1,9.98,10.64,0.00,179.77,pix,sem_promocao,nao,,,nao_aplicavel,,N,4,111,6,concluido,duplicata intencional
PED-00692,CLI-0057,2025-02-04,Salvador,BA,Nordeste,"-12,97",-38.47,loja_fisica,beleza,Creme Anti-idade,1,114.18,"116,09",0.00,114.18,cartao_credito,sem_promocao,nao,,,nao_aplicavel,,nao,10,110,6,concluido,duplicata intencional
PED-00087,CLI-0296,2025-06-11,Uberaba,MG,Sudeste,-19.70,-47.93,loja_fisica,medicamneto,Loratadina 10mg,1,"74,02",67.33,0.00,74.02,cartao_credito,sem_promocao,nao,,,nao_aplicavel,,sim,1,165,4,concluido,duplicata intencional
PED-00775,CLI-0225,2025-11-05,Uberaba,MG,Sudeste,-19.79,-48.02,loja_fisica,vitamina_suplemento,Colageno,1,84.06,79.29,0.00,113.22,cartao_credito,sem_promocao,nao,,,nao_aplicavel,,sim,1,70,7,concluido,duplicata intencional
PED-00332,CLI-0013,2025-06-20,Ribeirão Preto,SP,Sudeste,-21.25,-47.82,delivey,medicamento,Loratadina 10mg,1,11.20,12.06,0.00,"62,63",cartao_credito,sem_promocao,nao,,,nao_aplicavel,,nao,1,142,7,concluido,duplicata intencional
PED-00957,CLI-0280,2025-10-30,Uberlândia,mg,Sudeste,-18.84,-48.34,loja_fisica,vitamina_suplemento,Colageno,2,171.92,171.80,"0,00",343.83,pix,sem_promocao,nao,,,nao_aplicavel,,N,9,,8,concluido,duplicata intencional
