registro_id,data_evento,cidade,uf,cliente_id,categoria,produto,preco,frete,etapa_funil,tempo_carrinho_seg,pagamento,dispositivo,origem,comprou,devolucao,motivo_devolucao,tempo_devolucao_dias,avaliacao,frequencia_compra,dias_desde_ultima_compra,cashback,status,observacao
VIT-00000,2025-09-07,Salvador,ba,C9,calcado,produto_68,200.5,40.45,pagamento,965,pix,mobile,organico,nao,nao,,20,4.3,6,24,nao,procesado,
VIT-00001,2025-02-10,Curitiba,PR,C128,roupa,produto_1,"66,23",77.68,carrinhu,760,,desktop,ads,sim,nao,qualidade,13,3.8,7,63,sim,procesado,
VIT-00002,2025-10-28,São Paulo,sp,C156,roupaa,produto_92,501.45,41.41,visualizou,1573,,mobile,organico,nao,nao,cor,30,2.6,5,61,sim,,
VIT-00003,2025-09-14,Curitiba,pr,C438,roupaa,produto_14,62.46,29.6,carrinhu,407,boleto,desktop,ads,sim,sim,tamanho,9,3.1,7,114,nao,ok,
VIT-00004,16/06/2025,Uberlândia,mg,C344,roupaa,produto_139,593.08,51.75,carrinho,1396,pix,desktop,organico,sim,sim,qualidade,26,4.4,3,104,sim,ok,
VIT-00005,2025-06-01,São Paulo,SP,C354,calcado,produto_41,169.33,28.2,carrinhu,623,pix,desktop,ads,sim,sim,tamanho,7,2.9,10,84,nao,,
VIT-00006,04-02-2025,Salvador,BA,C415,roupaa,produto_168,91.55,59.62,carrinhu,961,boleto,mobile,email,sim,nao,,14,1.1,10,65,sim,procesado,
VIT-00007,2025-02-23,Salvador,BA,C414,calcado,produto_184,395.61,46.27,carrinhu,1899,,mobile,email,nao,nao,qualidade,4,3.2,2,14,nao,procesado,
VIT-00008,2025-09-19,Curitiba,pr,C361,calcado,produto_77,418.58,44.52,carrinhu,551,,mobile,organico,sim,nao,,28,2.8,3,68,nao,ok,
VIT-00009,2025-10-07,São Paulo,SP,C473,acessorio,produto_171,495.26,37.47,compra,1391,boleto,mobile,email,sim,sim,tamanho,10,1.2,8,93,nao,procesado,
VIT-00010,2025-07-01,Curitiba,pr,C32,roupaa,produto_132,9999,10.07,carrinhu,1507,boleto,desktop,email,sim,nao,qualidade,22,3.8,1,91,nao,,OUTLIER
VIT-00011,data_invalida,Uberlândia,MG,C200,acessorio,produto_55,196.66,13.59,carrinhu,906,cartao,desktop,organico,sim,nao,cor,26,4.7,10,87,nao,ok,
VIT-00012,2025-02-28,Salvador,BA,C239,roupaa,produto_55,221.95,41.45,carrinhu,114,boleto,desktop,organico,sim,sim,tamanho,8,4.2,1,100,sim,procesado,
VIT-00013,2025-06-30,Salvador,BA,C399,roupaa,produto_7,"99,26",37.18,carrinho,1334,pix,desktop,ads,sim,nao,qualidade,10,3.7,10,7,nao,ok,
VIT-00014,2025-03-02,Salvador,BA,C224,roupaa,produto_189,399.84,32.19,compra,1826,cartao,mobile,email,sim,sim,tamanho,29,2.3,5,14,nao,procesado,
VIT-00015,2025-09-03,Salvador,ba,C37,roupaa,produto_131,661.67,78.18,carrinho,1003,cartao,desktop,email,nao,nao,cor,9,3.6,8,32,nao,,
VIT-00016,2025-10-21,Curitiba,pr,C164,acessorio,produto_149,570.21,33.66,carrinhu,1788,pix,mobile,email,sim,nao,cor,10,1.2,0,44,nao,,
VIT-00017,2025-03-26,Uberlândia,mg,C260,roupaa,produto_125,116.36,54.6,carrinho,496,cartao,desktop,email,sim,nao,,20,3.5,6,74,sim,ok,
VIT-00018,17/01/2025,Salvador,BA,C19,roupaa,produto_89,649.57,48.55,carrinhu,998,,mobile,email,sim,sim,cor,29,3.2,5,48,nao,,
VIT-00019,04-09-2025,Salvador,ba,C13,roupa,produto_131,154.95,28.88,carrinho,108,boleto,desktop,organico,nao,nao,,26,3.4,5,56,sim,,
VIT-00020,06-25-2025,Salvador,BA,C162,roupa,produto_32,262.85,13.57,compra,1508,cartao,mobile,ads,sim,nao,cor,20,1.3,3,73,sim,procesado,
VIT-00021,2025-04-05,Curitiba,PR,C106,roupaa,produto_14,"517,37",45.22,pagamento,15,boleto,desktop,organico,nao,nao,tamanho,2,4.1,6,86,nao,procesado,
VIT-00022,07-10-2025,Salvador,BA,C442,roupaa,produto_159,361.97,37.15,carrinho,128,,mobile,ads,nao,nao,cor,22,3.1,2,9,sim,procesado,
VIT-00023,2025-01-20,Curitiba,PR,C145,calcado,produto_25,742.13,69.21,visualizou,244,cartao,desktop,organico,sim,nao,cor,20,1.8,6,107,sim,,
VIT-00024,06-07-2025,Uberlândia,mg,C407,calcado,produto_14,263.09,12.08,carrinho,611,boleto,mobile,ads,nao,nao,tamanho,25,1.7,5,19,sim,,
VIT-00025,2025-05-10,Curitiba,pr,C451,acessorio,produto_186,"741,42",2.53,carrinhu,10000,pix,desktop,email,sim,nao,,21,3.0,2,118,nao,ok,OUTLIER
VIT-00026,02/10/2025,Curitiba,PR,C289,roupaa,produto_153,320.16,46.8,carrinhu,273,pix,mobile,organico,nao,nao,,9,1.7,0,2,nao,procesado,
VIT-00027,14/03/2025,Salvador,ba,C276,calcado,produto_127,"381,78",14.07,pagamento,1901,,mobile,organico,nao,nao,,2,4.8,9,97,nao,,
VIT-00028,2025-08-07,São Paulo,sp,C113,acessorio,produto_123,555.24,50.22,visualizou,1633,cartao,desktop,ads,sim,nao,qualidade,7,2.2,0,16,nao,,
VIT-00029,2025-04-01,Curitiba,PR,C455,roupaa,produto_32,"183,94",63.12,carrinhu,191,boleto,mobile,email,sim,nao,,19,2.2,1,85,nao,ok,
VIT-00030,10/01/2025,São Paulo,SP,C153,roupaa,produto_47,167.1,60.95,visualizou,381,pix,desktop,ads,nao,nao,qualidade,13,3.4,0,53,nao,ok,
VIT-00031,07-23-2025,Salvador,ba,C491,roupaa,produto_96,501.95,35.09,visualizou,882,cartao,desktop,organico,sim,nao,qualidade,13,1.1,2,116,sim,,
VIT-00032,2025-06-21,Salvador,BA,C379,roupaa,produto_69,"403,77",0.51,carrinhu,517,cartao,desktop,ads,nao,nao,,19,1.0,1,118,nao,procesado,
VIT-00033,2025-03-20,Uberlândia,MG,C10,roupa,produto_3,148.45,27.67,carrinhu,908,cartao,mobile,organico,nao,nao,tamanho,18,3.2,3,80,nao,procesado,
VIT-00034,2025-01-11,Curitiba,pr,C83,roupaa,produto_94,"718,11",71.79,visualizou,290,pix,desktop,ads,nao,nao,cor,25,4.9,2,68,nao,ok,
VIT-00035,2025-03-17,Uberlândia,MG,C95,calcado,produto_83,113.97,14.53,pagamento,1047,pix,mobile,ads,nao,nao,tamanho,2,3.1,3,65,nao,ok,
VIT-00036,2025-06-20,Curitiba,PR,C218,roupa,produto_82,399.6,58.03,carrinhu,1341,cartao,mobile,organico,sim,sim,tamanho,8,3.5,4,22,sim,ok,
VIT-00037,data_invalida,Curitiba,PR,C232,roupa,produto_8,699.66,75.0,carrinhu,839,pix,desktop,ads,sim,nao,cor,19,4.2,6,58,nao,ok,
VIT-00038,04-09-2025,Uberlândia,mg,C106,roupaa,produto_112,146.04,70.18,visualizou,692,cartao,mobile,email,sim,nao,,29,1.8,5,99,nao,,
VIT-00039,04-03-2025,Uberlândia,mg,C329,roupa,produto_186,714.02,75.03,carrinhu,1427,,desktop,ads,sim,sim,,5,3.1,5,111,sim,ok,
VIT-00040,2025-05-15,São Paulo,SP,C117,roupa,produto_181,513.5,44.93,carrinho,1645,,mobile,ads,nao,nao,qualidade,23,9,8,41,nao,procesado,INVALIDO
VIT-00041,2025-09-16,Curitiba,pr,C182,roupaa,produto_107,330.8,13.27,carrinhu,297,cartao,desktop,email,nao,nao,tamanho,27,3.2,7,77,nao,ok,
VIT-00042,2025-07-17,São Paulo,SP,C453,roupaa,produto_152,796.12,77.05,visualizou,1622,pix,mobile,ads,sim,nao,qualidade,25,2.2,7,94,nao,ok,
VIT-00043,12/10/2025,São Paulo,sp,C73,roupaa,produto_88,719.94,68.46,pagamento,962,,desktop,email,nao,nao,cor,16,3.6,5,98,nao,procesado,
VIT-00044,2025-07-31,Curitiba,PR,C194,calcado,produto_30,581.83,11.62,visualizou,692,cartao,mobile,email,sim,nao,cor,20,2.4,0,84,nao,procesado,
VIT-00045,07-09-2025,Salvador,ba,C114,roupa,produto_80,574.85,46.06,carrinhu,630,boleto,mobile,organico,sim,nao,,24,1.8,1,73,nao,,
VIT-00046,2025-03-04,Uberlândia,MG,C29,roupaa,produto_91,447.75,76.85,carrinhu,1777,,mobile,ads,sim,nao,tamanho,14,1.4,1,16,sim,,
VIT-00047,11/01/2025,Salvador,BA,C366,roupaa,produto_33,622.51,57.38,carrinhu,456,pix,desktop,organico,nao,nao,,16,2.2,6,64,sim,,
VIT-00048,2025-06-25,Curitiba,pr,C461,roupaa,produto_192,"519,66",14.04,carrinhu,191,boleto,mobile,email,nao,nao,,30,3.9,8,112,nao,ok,
VIT-00049,2025-01-06,São Paulo,sp,C43,roupaa,produto_94,712.66,26.06,carrinho,1250,,desktop,organico,nao,nao,qualidade,7,1.2,7,105,nao,ok,
VIT-00050,02-02-2025,Salvador,ba,C422,calcado,produto_43,690.2,16.72,compra,1162,cartao,desktop,ads,sim,nao,qualidade,7,3.4,3,26,sim,,
VIT-00051,02-16-2025,Curitiba,PR,C295,roupaa,produto_48,172.98,71.87,carrinhu,1873,,desktop,ads,nao,nao,qualidade,4,3.6,1,76,sim,,
VIT-00052,2025-02-12,Salvador,ba,C201,roupaa,produto_10,"353,76",22.63,carrinho,1162,cartao,mobile,email,sim,nao,cor,29,3.5,4,84,nao,ok,
VIT-00053,01/08/2025,Salvador,ba,C130,roupaa,produto_135,75.14,43.29,carrinho,1312,cartao,desktop,organico,sim,nao,cor,2,4.1,10,65,sim,procesado,
VIT-00054,2025-01-27,São Paulo,SP,C261,roupaa,produto_23,265.18,7.17,carrinhu,171,boleto,desktop,ads,sim,nao,tamanho,4,2.4,1,38,nao,procesado,
VIT-00055,24/06/2025,Curitiba,PR,C351,acessorio,produto_97,"525,36",50.66,visualizou,613,pix,mobile,email,nao,nao,tamanho,27,1.3,100,17,nao,procesado,OUTLIER
VIT-00056,2025-08-24,Curitiba,PR,C174,roupaa,produto_165,514.16,77.55,carrinhu,1815,cartao,mobile,ads,sim,nao,cor,23,1.4,2,4,sim,,
VIT-00057,2025-03-05,Salvador,ba,C71,roupaa,produto_182,393.81,49.05,carrinho,282,boleto,mobile,ads,nao,nao,cor,16,2.6,6,43,nao,ok,
VIT-00058,2025-10-24,Salvador,ba,C371,roupa,produto_10,"228,37",59.92,pagamento,557,cartao,desktop,organico,sim,nao,,12,3.4,7,3,nao,,
VIT-00059,2025-04-21,Uberlândia,MG,C149,roupa,produto_47,180.21,32.17,compra,1289,,desktop,ads,sim,nao,qualidade,20,1.0,7,33,nao,ok,
VIT-00060,2025-04-21,São Paulo,sp,C347,calcado,produto_67,773.62,57.14,carrinhu,1221,,mobile,email,sim,nao,tamanho,20,1.4,5,72,nao,ok,
VIT-00061,2025-08-17,São Paulo,SP,C257,roupa,produto_51,128.18,48.22,carrinhu,301,pix,desktop,organico,nao,nao,cor,10,2.5,1,116,sim,ok,
VIT-00062,2025-06-26,Uberlândia,mg,C131,roupa,produto_63,50.25,28.02,visualizou,37,cartao,desktop,ads,nao,nao,qualidade,10,2.5,3,3,nao,procesado,
VIT-00063,2025-08-26,Salvador,BA,C294,roupa,produto_76,"326,09",24.49,compra,1314,,mobile,ads,sim,nao,,2,3.6,10,83,sim,ok,
VIT-00064,2025-03-04,Curitiba,PR,C133,roupaa,produto_71,666.58,23.41,compra,829,pix,mobile,email,sim,nao,qualidade,26,3.4,7,106,sim,ok,
VIT-00065,05-06-2025,Uberlândia,mg,C283,calcado,produto_65,348.42,9.15,compra,1605,,desktop,ads,sim,nao,qualidade,9,4.3,6,87,nao,procesado,
VIT-00066,2025-10-16,Uberlândia,mg,C7,calcado,produto_1,"536,79",50.16,carrinhu,228,boleto,desktop,organico,nao,nao,,15,2.2,0,61,nao,,
VIT-00067,2025-01-14,Salvador,ba,C236,roupa,produto_199,177.65,23.55,carrinhu,1727,boleto,desktop,email,sim,nao,,30,1.4,8,91,sim,ok,
VIT-00068,2025-01-12,Curitiba,pr,C157,calcado,produto_143,"613,51",49.62,carrinhu,1997,cartao,mobile,email,sim,nao,,21,1.9,6,91,nao,procesado,
VIT-00069,2025-08-23,São Paulo,SP,C299,roupaa,produto_187,434.98,32.87,visualizou,1262,cartao,mobile,ads,nao,nao,qualidade,5,2.6,9,45,nao,ok,
VIT-00070,2025-07-21,Salvador,ba,C29,calcado,produto_117,792.93,26.11,carrinhu,1574,cartao,desktop,ads,nao,nao,cor,9,3.5,9,96,nao,ok,
VIT-00071,2025-06-25,Uberlândia,MG,C184,roupaa,produto_145,398.09,13.68,carrinhu,1884,cartao,mobile,email,nao,nao,,24,1.8,2,83,nao,,
VIT-00072,2025-01-20,Uberlândia,mg,C201,calcado,produto_56,644.52,1.36,carrinhu,1073,pix,mobile,ads,sim,nao,cor,28,1.3,6,71,sim,,
VIT-00073,2025-06-28,São Paulo,SP,C424,roupa,produto_7,104.71,58.82,visualizou,1376,cartao,desktop,ads,sim,nao,qualidade,19,3.9,1,41,sim,ok,
VIT-00074,2025-09-29,Salvador,ba,C316,roupaa,produto_187,364.14,34.02,carrinhu,1951,cartao,mobile,organico,nao,nao,,30,2.0,7,56,sim,ok,
VIT-00075,2025-03-30,Salvador,BA,C28,roupa,produto_121,159.17,7.59,visualizou,576,boleto,desktop,organico,sim,nao,,10,1.2,0,12,sim,ok,
VIT-00076,14/04/2025,São Paulo,SP,C344,roupa,produto_120,88.77,27.5,carrinhu,1959,boleto,desktop,organico,sim,nao,,2,2.6,4,59,nao,ok,
VIT-00077,2025-08-03,Curitiba,pr,C321,roupa,produto_173,592.86,19.85,carrinhu,1115,,desktop,email,nao,nao,,14,1.7,0,28,sim,,
VIT-00078,08-07-2025,Salvador,ba,C207,roupaa,produto_84,109.9,37.07,carrinhu,1651,cartao,desktop,organico,sim,nao,tamanho,11,3.4,1,49,nao,procesado,
VIT-00079,2025-04-14,São Paulo,sp,C9,roupa,produto_70,"486,24",67.75,pagamento,74,boleto,desktop,email,nao,nao,,5,1.2,10,60,nao,ok,
VIT-00080,2025-10-08,São Paulo,SP,C42,lifestyle,produto_15,396.16,31.36,carrinhu,1809,cartao,desktop,email,nao,nao,qualidade,3,4.9,8,22,sim,procesado,
VIT-00081,2025-07-12,Curitiba,pr,C217,roupa,produto_168,90.36,53.0,carrinhu,1069,boleto,desktop,organico,sim,sim,,6,4.5,8,85,nao,,
VIT-00082,2025-09-14,São Paulo,SP,C22,lifestyle,produto_152,173.5,45.08,carrinhu,1044,pix,desktop,email,sim,nao,,1,2.4,0,3,sim,ok,
VIT-00083,2025-01-10,São Paulo,SP,C215,roupaa,produto_81,127.73,17.98,pagamento,1993,pix,desktop,organico,nao,nao,cor,30,4.0,5,96,nao,procesado,
VIT-00084,24/03/2025,Salvador,BA,C207,roupaa,produto_109,325.86,75.14,visualizou,153,pix,mobile,email,nao,nao,tamanho,6,1.1,4,77,sim,,
VIT-00085,2025-06-14,São Paulo,sp,C434,roupaa,produto_118,94.42,18.36,carrinhu,864,pix,desktop,email,nao,nao,,30,2.5,9,61,sim,ok,
VIT-00086,2025-03-20,Salvador,ba,C265,calcado,produto_120,678.22,31.36,carrinhu,1173,,desktop,organico,nao,nao,cor,27,3.5,5,29,sim,,
VIT-00087,27/03/2025,Curitiba,pr,C371,roupaa,produto_172,476.76,35.29,carrinhu,81,,desktop,organico,sim,nao,qualidade,3,4.2,4,93,nao,ok,
VIT-00088,2025-01-26,Uberlândia,MG,C461,calcado,produto_88,613.68,57.89,visualizou,1433,pix,mobile,email,sim,nao,tamanho,14,3.5,1,70,sim,,
VIT-00089,data_invalida,São Paulo,sp,C141,calcado,produto_73,492.21,39.76,carrinhu,28,pix,mobile,email,sim,nao,cor,26,4.0,2,12,nao,procesado,
VIT-00090,2025-08-22,Curitiba,pr,C187,roupa,produto_149,"308,43",31.74,visualizou,964,boleto,desktop,ads,sim,nao,cor,2,4.8,6,61,nao,ok,
VIT-00091,2025-03-20,São Paulo,SP,C70,roupa,produto_86,631.32,18.05,carrinhu,974,boleto,mobile,organico,sim,nao,cor,16,3.7,4,5,sim,procesado,
VIT-00092,2025-04-30,Uberlândia,mg,C440,calcado,produto_85,"160,74",32.1,carrinhu,891,,mobile,ads,sim,nao,,27,2.4,8,59,nao,ok,
VIT-00093,2025-09-02,Uberlândia,MG,C326,roupaa,produto_52,748.78,70.95,carrinho,1605,,mobile,email,sim,nao,,5,1.9,6,104,nao,ok,
VIT-00094,01/04/2025,Curitiba,pr,C192,acessorio,produto_22,692.93,35.64,carrinhu,1360,boleto,desktop,organico,sim,nao,,3,2.1,9,60,nao,ok,
VIT-00095,01-19-2025,Salvador,BA,C136,roupaa,produto_2,464.09,72.11,carrinhu,1840,boleto,mobile,email,sim,nao,tamanho,20,3.4,6,50,nao,,
VIT-00096,2025-10-19,Curitiba,PR,C398,roupa,produto_84,204.94,6.04,carrinhu,1984,cartao,desktop,ads,sim,nao,,28,3.5,3,116,nao,procesado,
VIT-00097,2025-01-24,São Paulo,sp,C499,calcado,produto_139,"116,8",47.16,pagamento,1024,pix,mobile,organico,nao,nao,tamanho,1,4.3,0,0,nao,,
VIT-00098,2025-09-30,Salvador,ba,C256,roupaa,produto_186,"201,68",37.0,carrinhu,100,boleto,mobile,email,sim,nao,tamanho,30,1.1,1,9,nao,ok,
VIT-00099,2025-04-15,São Paulo,SP,C305,lifestyle,produto_14,"380,8",74.35,carrinhu,95,cartao,desktop,email,sim,nao,tamanho,26,2.2,10,37,nao,,
VIT-00100,2025-05-10,Uberlândia,mg,C320,roupaa,produto_93,716.08,43.86,carrinhu,1979,,desktop,ads,nao,nao,qualidade,14,1.9,5,119,nao,ok,
VIT-00101,03-27-2025,Curitiba,PR,C328,roupaa,produto_188,711.02,52.51,carrinhu,1527,cartao,desktop,email,sim,nao,qualidade,18,2.9,8,55,nao,,
VIT-00102,07-23-2025,Curitiba,PR,C293,roupaa,produto_112,749.44,10.62,pagamento,1707,cartao,mobile,organico,nao,nao,cor,21,3.5,7,62,nao,,
VIT-00103,2025-01-23,Salvador,BA,C54,roupa,produto_4,361.75,15.68,pagamento,609,pix,desktop,organico,nao,nao,qualidade,14,4.6,10,75,sim,,
VIT-00104,2025-03-24,Curitiba,PR,C5,roupaa,produto_61,109.49,67.35,compra,1919,boleto,desktop,email,sim,sim,,14,2.9,2,70,sim,procesado,
VIT-00105,2025-10-21,Uberlândia,MG,C92,roupaa,produto_47,201.05,63.47,carrinhu,401,,mobile,organico,nao,nao,qualidade,3,3.5,5,49,nao,ok,
VIT-00106,2025-05-22,Curitiba,PR,C45,acessorio,produto_138,"606,6",33.3,pagamento,1693,pix,mobile,email,sim,nao,cor,7,1.4,0,10,sim,ok,
VIT-00107,2025-10-01,Curitiba,PR,C345,calcado,produto_55,660.66,74.73,carrinhu,166,,desktop,email,nao,nao,,8,3.5,4,36,sim,ok,
VIT-00108,2025-02-27,Uberlândia,mg,C13,roupaa,produto_44,464.54,59.11,pagamento,1559,pix,mobile,email,sim,nao,tamanho,23,1.0,7,79,sim,procesado,
VIT-00109,2025-08-07,Salvador,BA,C51,roupa,produto_122,488.04,68.41,carrinho,427,boleto,mobile,organico,nao,nao,tamanho,24,4.5,4,102,nao,procesado,
VIT-00110,2025-08-09,Uberlândia,MG,C273,roupaa,produto_36,"242,96",19.5,carrinhu,1887,cartao,mobile,email,nao,nao,,13,2.9,10,54,nao,ok,
VIT-00111,2025-10-21,Curitiba,pr,C227,roupaa,produto_75,625.68,70.68,carrinhu,1656,pix,desktop,ads,sim,sim,,5,2.5,1,58,nao,procesado,
VIT-00112,2025-06-21,São Paulo,sp,C155,roupaa,produto_44,519.58,79.93,visualizou,750,pix,mobile,email,nao,nao,qualidade,10,2.4,3,77,nao,,
VIT-00113,2025-02-15,Curitiba,PR,C80,roupa,produto_100,418.89,23.6,compra,513,cartao,desktop,organico,sim,nao,tamanho,23,1.6,8,57,nao,ok,
VIT-00114,2025-10-18,Salvador,ba,C299,acessorio,produto_39,447.51,57.62,visualizou,400,,mobile,ads,nao,nao,cor,26,4.1,7,28,sim,procesado,
VIT-00115,01/03/2025,Curitiba,pr,C460,roupaa,produto_130,"259,81",39.68,pagamento,232,cartao,desktop,ads,sim,sim,tamanho,22,4.9,5,77,sim,,
VIT-00116,06/06/2025,Uberlândia,MG,C74,roupaa,produto_192,474.44,5.51,carrinhu,1896,cartao,mobile,email,nao,nao,tamanho,19,3.7,0,101,nao,,
VIT-00117,2025-05-24,Salvador,ba,C464,roupa,produto_146,695.4,48.92,carrinhu,1565,boleto,mobile,email,nao,nao,tamanho,30,2.1,10,30,sim,procesado,
VIT-00118,2025-02-06,Salvador,BA,C104,roupaa,produto_158,482.29,34.61,pagamento,1247,boleto,desktop,organico,sim,nao,tamanho,14,1.1,6,60,sim,ok,
VIT-00119,2025-05-05,Salvador,ba,C260,calcado,produto_100,"438,69",36.92,carrinhu,806,boleto,mobile,ads,sim,nao,tamanho,11,4.1,6,28,nao,,
VIT-00120,06-29-2025,Curitiba,pr,C440,roupa,produto_23,431.74,66.15,carrinhu,1198,cartao,mobile,ads,sim,sim,tamanho,10,4.0,2,51,sim,ok,
VIT-00121,2025-01-21,São Paulo,sp,C91,roupaa,produto_147,520.25,73.39,carrinhu,1035,boleto,desktop,email,sim,nao,qualidade,18,2.0,5,82,sim,,
VIT-00122,2025-05-26,Uberlândia,mg,C176,roupaa,produto_51,400.99,76.17,pagamento,479,,mobile,ads,nao,nao,qualidade,8,2.0,6,90,sim,,
VIT-00123,2025-09-05,São Paulo,SP,C479,calcado,produto_122,355.19,28.59,carrinhu,1318,cartao,mobile,email,sim,sim,cor,5,4.0,9,80,nao,ok,
VIT-00124,data_invalida,Uberlândia,MG,C60,roupaa,produto_152,317.21,71.89,carrinho,1450,,desktop,organico,nao,nao,,25,2.0,4,103,nao,ok,
VIT-00125,10-01-2025,Uberlândia,mg,C76,roupaa,produto_94,232.66,14.96,compra,1655,,mobile,email,sim,sim,,30,2.3,8,81,nao,ok,
VIT-00126,2025-10-24,Uberlândia,mg,C20,roupaa,produto_45,620.39,60.84,visualizou,1073,pix,desktop,ads,sim,nao,,8,1.8,10,118,nao,,
VIT-00127,2025-04-01,São Paulo,sp,C243,calcado,produto_76,"350,64",48.99,visualizou,259,boleto,mobile,email,sim,nao,qualidade,1,4.3,3,51,nao,ok,
VIT-00128,2025-08-15,Uberlândia,MG,C397,acessorio,produto_163,242.24,24.2,carrinhu,1610,cartao,desktop,organico,nao,nao,,3,2.7,8,34,sim,ok,
VIT-00129,21/04/2025,Uberlândia,MG,C300,calcado,produto_155,572.32,21.12,carrinhu,1167,pix,mobile,organico,sim,nao,qualidade,18,3.2,8,109,nao,procesado,
VIT-00130,2025-05-11,São Paulo,SP,C490,roupa,produto_117,505.63,28.94,carrinho,1319,boleto,desktop,organico,nao,nao,cor,10,4.5,9,38,sim,,
VIT-00131,2025-05-21,Curitiba,PR,C378,roupa,produto_193,570.91,70.28,visualizou,724,cartao,mobile,ads,sim,nao,,15,1.7,9,86,nao,procesado,
VIT-00132,2025-06-09,Uberlândia,mg,C247,roupaa,produto_196,637.77,20.86,carrinhu,726,pix,mobile,email,sim,nao,tamanho,16,4.4,3,19,nao,ok,
VIT-00133,2025-07-15,Uberlândia,mg,C374,roupaa,produto_68,"592,61",21.17,carrinhu,1626,cartao,desktop,organico,nao,nao,,7,1.6,0,47,nao,ok,
VIT-00134,2025-06-27,São Paulo,SP,C285,roupaa,produto_63,"781,11",21.96,compra,889,pix,desktop,ads,sim,nao,qualidade,17,2.9,2,12,nao,,
VIT-00135,28/06/2025,Curitiba,pr,C478,roupaa,produto_68,586.55,25.62,carrinhu,901,,desktop,ads,sim,sim,qualidade,18,2.4,9,47,sim,ok,
VIT-00136,03-26-2025,Curitiba,PR,C101,roupa,produto_129,714.12,23.45,pagamento,1821,boleto,mobile,ads,sim,nao,cor,17,1.1,6,6,sim,ok,
VIT-00137,2025-01-22,Curitiba,pr,C59,roupaa,produto_135,409.17,66.35,visualizou,482,cartao,mobile,ads,nao,nao,,12,4.2,8,43,sim,procesado,
VIT-00138,2025-09-21,Curitiba,PR,C15,roupa,produto_57,695.07,27.5,compra,73,boleto,mobile,email,sim,nao,tamanho,22,2.1,10,18,nao,procesado,
VIT-00139,2025-06-19,Salvador,ba,C486,calcado,produto_165,485.37,50.32,pagamento,270,cartao,desktop,ads,sim,nao,,19,4.7,4,6,sim,ok,
VIT-00140,2025-09-23,São Paulo,SP,C136,lifestyle,produto_146,"157,32",8.25,carrinho,1341,,desktop,organico,nao,nao,cor,21,4.8,9,17,nao,procesado,
VIT-00141,2025-06-01,Curitiba,PR,C475,acessorio,produto_151,537.68,69.46,carrinhu,1303,,desktop,ads,sim,sim,tamanho,12,2.2,2,94,sim,,
VIT-00142,2025-09-23,Salvador,BA,C420,roupaa,produto_26,690.58,7.82,carrinho,1337,,desktop,organico,nao,nao,cor,9,3.8,9,100,sim,ok,
VIT-00143,2025-10-03,Curitiba,pr,C367,acessorio,produto_126,"166,0",36.2,carrinhu,491,cartao,desktop,ads,nao,nao,cor,13,3.6,2,56,nao,,
VIT-00144,data_invalida,Salvador,BA,C269,roupa,produto_118,"680,16",79.01,carrinhu,1455,boleto,desktop,email,sim,nao,,26,2.4,10,15,sim,,
VIT-00145,2025-02-02,São Paulo,SP,C481,calcado,produto_87,682.26,3.62,carrinho,1045,,mobile,organico,sim,nao,tamanho,6,2.4,5,60,nao,ok,
VIT-00146,2025-09-14,Salvador,BA,C124,lifestyle,produto_171,132.86,73.19,visualizou,1710,boleto,desktop,organico,sim,sim,,23,1.4,1,113,nao,ok,
VIT-00147,2025-09-08,Uberlândia,mg,C381,roupaa,produto_80,256.58,26.65,visualizou,1421,pix,desktop,email,nao,nao,tamanho,20,3.5,9,17,sim,ok,
VIT-00148,2025-06-01,Curitiba,pr,C107,calcado,produto_68,519.35,36.31,compra,1164,boleto,desktop,ads,sim,sim,cor,27,4.8,0,50,sim,procesado,
VIT-00149,2025-10-03,Salvador,BA,C332,roupa,produto_129,"492,13",6.93,visualizou,875,,mobile,ads,nao,nao,cor,3,2.8,7,92,nao,,
VIT-00150,2025-10-20,Curitiba,PR,C278,acessorio,produto_117,80.87,61.02,pagamento,1365,cartao,desktop,ads,nao,nao,cor,28,1.9,1,20,nao,,
VIT-00151,2025-05-14,Curitiba,PR,C500,calcado,produto_127,584.85,6.65,pagamento,1144,boleto,desktop,email,nao,nao,tamanho,1,4.8,7,25,nao,procesado,
VIT-00152,2025-08-14,São Paulo,SP,C335,calcado,produto_128,65.76,67.32,carrinhu,1450,,mobile,organico,sim,nao,cor,28,2.4,3,67,sim,,
VIT-00153,2025-04-01,Salvador,ba,C329,calcado,produto_136,58.94,31.04,carrinhu,1333,,mobile,organico,sim,nao,qualidade,20,1.3,2,15,sim,,
VIT-00154,08/10/2025,Curitiba,pr,C104,roupaa,produto_19,692.56,1.92,pagamento,1692,cartao,desktop,organico,sim,nao,,2,3.2,0,6,nao,,
VIT-00155,2025-07-10,São Paulo,sp,C332,roupaa,produto_152,798.31,69.28,carrinho,1796,pix,desktop,ads,nao,nao,tamanho,6,4.1,9,98,sim,,
VIT-00156,2025-05-18,Uberlândia,MG,C137,roupaa,produto_193,791.73,33.8,carrinhu,1972,pix,desktop,organico,sim,nao,,16,1.7,6,75,sim,,
VIT-00157,2025-02-19,São Paulo,sp,C422,roupaa,produto_99,246.68,24.59,carrinhu,1493,boleto,mobile,email,sim,nao,cor,27,4.7,1,88,sim,ok,
VIT-00158,2025-08-27,Uberlândia,mg,C324,roupaa,produto_161,620.17,25.79,carrinhu,1209,cartao,desktop,email,sim,nao,,11,1.9,4,11,nao,procesado,
VIT-00159,2025-06-14,Salvador,ba,C497,lifestyle,produto_11,90.3,25.98,carrinhu,1661,,desktop,organico,nao,nao,qualidade,28,1.1,1,68,nao,procesado,
VIT-00160,2025-04-30,Uberlândia,mg,C89,roupaa,produto_189,"350,46",45.92,compra,1077,cartao,desktop,ads,sim,nao,cor,10,2.2,5,92,sim,procesado,
VIT-00161,2025-07-16,Uberlândia,MG,C105,roupa,produto_68,352.37,56.7,carrinhu,1177,,desktop,ads,sim,nao,,7,3.4,10,114,nao,,
VIT-00162,2025-10-09,Salvador,BA,C268,roupaa,produto_34,140.75,45.36,carrinhu,1283,cartao,desktop,email,sim,sim,cor,8,2.3,6,25,nao,procesado,
VIT-00163,2025-07-15,Curitiba,PR,C329,acessorio,produto_67,"252,81",75.34,carrinhu,1933,cartao,desktop,organico,nao,nao,qualidade,20,3.1,9,3,nao,procesado,
VIT-00164,2025-01-30,Curitiba,PR,C393,roupaa,produto_179,"409,71",18.05,carrinhu,387,cartao,mobile,ads,nao,nao,cor,28,4.7,5,3,sim,,
VIT-00165,07/10/2025,Salvador,ba,C52,roupaa,produto_43,"636,84",30.68,carrinhu,747,pix,desktop,organico,sim,nao,qualidade,29,3.7,1,86,nao,ok,
VIT-00166,2025-05-06,Uberlândia,MG,C177,roupaa,produto_21,"471,69",31.11,carrinhu,1653,pix,mobile,organico,sim,nao,,9,1.2,3,107,nao,procesado,
VIT-00167,2025-05-13,Curitiba,pr,C137,acessorio,produto_176,615.32,58.1,compra,1913,cartao,mobile,ads,sim,nao,cor,9,3.3,3,99,nao,ok,
VIT-00168,2025-09-27,Salvador,ba,C59,roupaa,produto_35,788.85,70.67,carrinhu,60,boleto,mobile,email,sim,sim,cor,19,2.8,8,86,sim,ok,
VIT-00169,2025-04-15,Salvador,BA,C28,roupaa,produto_69,467.64,39.75,compra,1720,,mobile,organico,sim,sim,,21,1.2,6,55,nao,procesado,
VIT-00170,21/01/2025,São Paulo,sp,C251,roupa,produto_46,"793,3",56.59,pagamento,974,,mobile,email,nao,nao,,21,4.7,0,18,nao,,
VIT-00171,2025-07-07,São Paulo,SP,C292,roupa,produto_34,429.71,13.38,pagamento,894,,desktop,email,sim,nao,tamanho,16,3.6,1,61,sim,ok,
VIT-00172,2025-07-03,Salvador,ba,C74,acessorio,produto_124,238.55,65.85,carrinhu,1744,boleto,mobile,email,sim,nao,tamanho,17,4.6,0,3,sim,,
VIT-00173,2025-08-19,Salvador,ba,C22,roupaa,produto_54,441.37,29.84,carrinhu,1598,pix,mobile,organico,sim,nao,qualidade,9,3.0,5,49,sim,procesado,
VIT-00174,2025-01-06,Salvador,ba,C32,roupaa,produto_178,672.5,9.74,pagamento,747,cartao,desktop,ads,sim,sim,tamanho,18,1.9,9,114,sim,procesado,
VIT-00175,2025-04-07,Curitiba,PR,C213,roupaa,produto_86,"368,37",79.36,carrinho,1058,boleto,mobile,email,nao,nao,qualidade,30,4.5,10,83,sim,ok,
VIT-00176,2025-07-28,Salvador,BA,C444,roupaa,produto_11,58.67,27.22,pagamento,1402,cartao,desktop,organico,nao,nao,qualidade,17,2.2,2,93,nao,,
VIT-00177,2025-03-21,Uberlândia,MG,C375,roupaa,produto_35,634.79,66.29,visualizou,460,boleto,desktop,ads,sim,sim,qualidade,15,3.3,2,2,sim,ok,
VIT-00178,2025-05-02,Curitiba,PR,C61,acessorio,produto_71,373.4,51.45,carrinhu,357,cartao,mobile,email,sim,sim,cor,29,2.9,0,39,nao,,
VIT-00179,2025-01-27,Uberlândia,mg,C30,acessorio,produto_36,"471,55",6.06,carrinhu,256,cartao,desktop,email,sim,nao,tamanho,3,2.6,3,51,sim,procesado,
VIT-00180,data_invalida,Salvador,BA,C420,roupaa,produto_117,"543,26",63.76,carrinhu,1983,boleto,desktop,ads,nao,nao,tamanho,25,2.1,9,80,nao,ok,
VIT-00181,2025-07-21,Salvador,BA,C44,roupaa,produto_42,146.16,19.9,pagamento,1011,boleto,mobile,organico,nao,nao,,30,4.9,8,41,nao,ok,
VIT-00182,2025-03-04,Curitiba,pr,C215,calcado,produto_133,272.24,60.7,carrinhu,1244,cartao,mobile,email,nao,nao,qualidade,9,4.5,3,77,nao,,
VIT-00183,2025-01-15,Curitiba,pr,C2,roupaa,produto_84,85.2,8.73,compra,83,cartao,mobile,organico,sim,nao,qualidade,30,3.8,7,116,sim,,
VIT-00184,2025-01-15,Salvador,ba,C428,roupa,produto_14,375.23,56.87,carrinhu,940,boleto,mobile,ads,sim,sim,qualidade,1,3.0,1,70,sim,procesado,
VIT-00185,2025-04-18,Curitiba,pr,C410,roupa,produto_143,600.45,38.72,carrinhu,1044,pix,desktop,organico,nao,nao,,13,3.7,9,119,sim,,
VIT-00186,data_invalida,São Paulo,sp,C327,acessorio,produto_14,648.53,77.18,carrinhu,309,cartao,mobile,email,nao,nao,tamanho,16,4.0,8,4,sim,procesado,
VIT-00187,2025-10-07,Curitiba,PR,C202,roupa,produto_121,778.42,40.7,carrinhu,99,boleto,mobile,organico,sim,nao,qualidade,17,4.0,5,73,nao,procesado,
VIT-00188,18/10/2025,Salvador,BA,C194,lifestyle,produto_75,744.21,3.51,carrinhu,1421,,mobile,email,nao,nao,tamanho,2,4.8,8,94,nao,ok,
VIT-00189,08-28-2025,Curitiba,pr,C352,roupaa,produto_5,82.38,66.49,carrinhu,49,cartao,desktop,email,sim,nao,cor,5,1.5,1,113,sim,procesado,
VIT-00190,2025-07-14,São Paulo,sp,C486,calcado,produto_16,"730,94",44.15,visualizou,933,pix,mobile,organico,nao,nao,,4,1.4,7,98,sim,ok,
VIT-00191,2025-10-02,Uberlândia,mg,C419,roupa,produto_53,"186,07",6.63,carrinhu,1698,boleto,mobile,email,sim,nao,cor,30,2.6,3,47,nao,,
VIT-00192,23/07/2025,Salvador,ba,C48,roupaa,produto_189,364.82,42.73,carrinhu,896,cartao,desktop,email,sim,nao,qualidade,27,1.8,10,63,sim,procesado,
VIT-00193,2025-04-20,Salvador,BA,C405,calcado,produto_75,447.83,24.45,visualizou,1147,cartao,desktop,organico,sim,sim,qualidade,4,3.0,7,31,sim,,
VIT-00194,2025-07-26,São Paulo,sp,C10,roupaa,produto_18,267.62,9.64,visualizou,162,,desktop,ads,nao,nao,qualidade,5,2.5,5,89,nao,procesado,
VIT-00195,2025-01-02,Salvador,ba,C184,roupaa,produto_86,567.02,38.8,carrinhu,1468,pix,mobile,email,sim,nao,tamanho,16,2.5,6,48,sim,ok,
VIT-00196,2025-09-24,Curitiba,PR,C465,acessorio,produto_180,171.01,71.49,visualizou,674,boleto,desktop,ads,sim,nao,qualidade,15,1.7,2,33,sim,ok,
VIT-00197,2025-01-05,Salvador,ba,C492,roupaa,produto_20,317.91,1.59,carrinhu,1285,boleto,mobile,email,nao,nao,cor,8,4.2,10,113,nao,,
VIT-00198,04-19-2025,Curitiba,pr,C398,calcado,produto_193,158.62,50.42,visualizou,1423,pix,desktop,ads,nao,nao,tamanho,10,5.0,1,48,sim,procesado,
VIT-00199,2025-03-24,São Paulo,SP,C387,roupa,produto_156,236.55,42.34,visualizou,314,boleto,desktop,email,nao,nao,tamanho,24,2.7,5,74,sim,,
VIT-00200,11/01/2025,Salvador,BA,C102,calcado,produto_32,536.16,0.56,pagamento,1812,cartao,desktop,email,nao,nao,qualidade,10,1.8,7,100,nao,ok,
VIT-00201,data_invalida,Uberlândia,MG,C376,roupaa,produto_155,"344,54",46.63,carrinhu,1028,pix,mobile,organico,sim,nao,cor,7,2.1,4,95,sim,ok,
VIT-00202,2025-05-01,São Paulo,sp,C37,roupaa,produto_29,739.7,77.64,carrinhu,1237,pix,mobile,email,nao,nao,qualidade,15,1.7,8,110,sim,ok,
VIT-00203,2025-10-08,Uberlândia,mg,C71,roupa,produto_15,593.39,64.87,carrinhu,1944,boleto,desktop,organico,nao,nao,,19,1.4,4,38,nao,ok,
VIT-00204,09-12-2025,Uberlândia,mg,C231,calcado,produto_69,341.83,12.96,carrinhu,613,,desktop,organico,sim,nao,,20,4.9,8,61,nao,ok,
VIT-00205,2025-10-04,Curitiba,PR,C341,roupaa,produto_44,"421,9",34.22,pagamento,525,,desktop,organico,nao,nao,,30,4.4,1,2,sim,ok,
VIT-00206,08-18-2025,Curitiba,PR,C217,roupaa,produto_2,660.95,62.42,carrinhu,1204,boleto,desktop,email,nao,nao,qualidade,10,1.6,1,71,sim,procesado,
VIT-00207,2025-03-22,São Paulo,sp,C305,roupaa,produto_48,516.61,40.4,visualizou,1404,boleto,desktop,email,sim,nao,,18,1.9,10,89,nao,procesado,
VIT-00208,2025-06-20,Curitiba,pr,C400,roupaa,produto_58,617.78,3.41,carrinhu,517,cartao,mobile,ads,nao,nao,,1,3.6,9,44,sim,procesado,
VIT-00209,data_invalida,Uberlândia,mg,C326,roupaa,produto_97,125.46,65.82,carrinhu,1405,boleto,mobile,email,nao,nao,cor,4,1.6,1,84,sim,ok,
VIT-00210,2025-08-01,São Paulo,sp,C263,roupaa,produto_10,711.8,9.92,carrinhu,855,cartao,desktop,organico,sim,nao,cor,2,2.5,3,43,nao,,
VIT-00211,03-11-2025,São Paulo,SP,C406,roupaa,produto_21,533.5,48.85,carrinhu,859,cartao,mobile,email,sim,nao,cor,8,3.1,3,68,sim,procesado,
VIT-00212,06-28-2025,Uberlândia,mg,C452,roupaa,produto_19,"709,62",67.76,carrinhu,436,,desktop,organico,sim,nao,qualidade,6,4.6,3,118,sim,procesado,
VIT-00213,10/04/2025,Uberlândia,MG,C134,roupaa,produto_193,596.88,27.44,carrinhu,375,,mobile,email,nao,nao,cor,8,2.6,4,48,nao,procesado,
VIT-00214,08/02/2025,Uberlândia,mg,C301,lifestyle,produto_9,"650,87",50.57,carrinhu,536,,desktop,ads,sim,sim,cor,7,3.5,4,99,sim,ok,
VIT-00215,2025-07-19,São Paulo,SP,C490,calcado,produto_128,632.29,26.83,carrinhu,1180,pix,mobile,email,nao,nao,qualidade,15,2.3,0,90,sim,,
VIT-00216,2025-01-16,Curitiba,PR,C343,roupaa,produto_10,"446,46",50.05,carrinhu,1489,cartao,mobile,organico,nao,nao,tamanho,22,1.6,4,24,nao,ok,
VIT-00217,2025-08-11,Curitiba,PR,C130,roupaa,produto_158,569.45,74.93,carrinhu,173,,mobile,ads,nao,nao,cor,4,2.0,8,14,sim,ok,
VIT-00218,2025-10-16,São Paulo,sp,C469,acessorio,produto_170,186.87,25.51,carrinhu,1337,pix,desktop,ads,sim,nao,qualidade,17,3.0,9,78,nao,,
VIT-00219,2025-07-21,Curitiba,PR,C160,roupaa,produto_35,148.71,17.96,carrinhu,1745,cartao,mobile,email,nao,nao,cor,11,2.9,9,80,sim,,
VIT-00220,2025-05-15,Curitiba,pr,C29,calcado,produto_29,494.25,1.15,carrinhu,461,pix,desktop,email,sim,nao,qualidade,19,4.2,5,52,nao,,
VIT-00221,2025-05-20,Curitiba,PR,C68,roupa,produto_8,795.19,55.15,carrinho,385,boleto,mobile,organico,sim,nao,qualidade,5,4.8,7,30,sim,,
VIT-00222,2025-03-15,Salvador,ba,C191,roupaa,produto_156,621.1,11.12,carrinho,1753,,desktop,email,nao,nao,cor,25,4.2,2,6,sim,procesado,
VIT-00223,2025-03-15,Uberlândia,MG,C295,roupaa,produto_106,"442,26",33.97,pagamento,1842,,mobile,organico,sim,nao,,13,2.5,7,91,nao,ok,
VIT-00224,2025-03-13,Uberlândia,MG,C330,roupa,produto_190,"381,52",43.83,carrinhu,1273,,mobile,email,sim,nao,,12,3.3,6,87,sim,ok,
VIT-00225,07-27-2025,Salvador,BA,C390,lifestyle,produto_112,403.72,55.53,carrinhu,649,,desktop,organico,sim,nao,qualidade,6,2.4,8,89,nao,procesado,
VIT-00226,2025-06-20,Curitiba,PR,C369,calcado,produto_156,271.19,74.14,carrinhu,410,cartao,mobile,organico,sim,nao,qualidade,2,4.9,5,64,sim,procesado,
VIT-00227,07-30-2025,Salvador,ba,C291,roupaa,produto_85,188.8,3.75,compra,18,pix,desktop,ads,sim,nao,cor,17,1.3,10,43,sim,,
VIT-00228,2025-07-01,Curitiba,pr,C225,calcado,produto_29,"708,66",56.65,carrinho,1474,boleto,mobile,organico,sim,nao,qualidade,18,2.7,9,109,nao,ok,
VIT-00229,2025-01-18,Curitiba,PR,C131,roupaa,produto_89,799.03,79.41,carrinhu,898,,desktop,ads,sim,sim,,8,2.2,3,3,sim,ok,
VIT-00230,2025-04-20,Uberlândia,mg,C141,calcado,produto_122,520.12,62.47,carrinhu,1876,pix,desktop,email,nao,nao,,20,2.8,7,69,nao,,
VIT-00231,2025-06-05,Salvador,ba,C181,roupa,produto_76,"237,63",40.95,carrinhu,1232,cartao,mobile,email,nao,nao,,14,4.2,4,71,nao,procesado,
VIT-00232,2025-06-23,Uberlândia,MG,C161,calcado,produto_148,120.71,52.56,carrinho,717,boleto,desktop,organico,nao,nao,cor,17,4.8,4,86,nao,,
VIT-00233,2025-04-17,Curitiba,PR,C97,roupaa,produto_39,"555,51",50.59,carrinhu,484,,mobile,organico,nao,nao,tamanho,14,2.4,4,66,nao,ok,
VIT-00234,data_invalida,São Paulo,SP,C44,roupaa,produto_80,425.49,29.29,pagamento,1412,,desktop,ads,sim,sim,cor,14,4.5,5,18,nao,procesado,
VIT-00235,2025-05-25,Uberlândia,MG,C487,roupa,produto_64,124.03,38.44,carrinhu,1274,pix,mobile,ads,sim,nao,qualidade,16,1.1,1,37,sim,ok,
VIT-00236,2025-01-12,Salvador,ba,C311,acessorio,produto_130,157.09,65.39,carrinhu,756,,desktop,ads,sim,sim,qualidade,3,2.2,7,6,nao,ok,
VIT-00237,2025-10-13,Curitiba,PR,C392,roupa,produto_160,656.63,69.53,carrinhu,555,pix,mobile,ads,sim,nao,cor,3,1.3,1,3,sim,,
VIT-00238,2025-02-13,Uberlândia,MG,C12,roupaa,produto_132,546.64,13.17,visualizou,982,cartao,mobile,organico,nao,nao,,5,3.8,8,79,nao,procesado,
VIT-00239,2025-10-25,Uberlândia,mg,C80,calcado,produto_34,520.2,16.04,carrinhu,290,,mobile,organico,sim,nao,qualidade,28,4.0,5,40,nao,procesado,
VIT-00240,2025-06-07,Salvador,ba,C404,lifestyle,produto_131,615.09,48.92,carrinhu,160,,desktop,organico,sim,nao,tamanho,22,4.3,6,28,nao,,
VIT-00241,2025-05-15,Uberlândia,mg,C250,roupa,produto_172,347.58,79.66,carrinhu,1292,boleto,mobile,organico,sim,nao,cor,19,3.4,1,17,sim,,
VIT-00242,2025-07-29,Salvador,BA,C387,roupa,produto_92,392.61,54.4,pagamento,966,cartao,desktop,email,sim,nao,cor,24,4.3,4,67,nao,,
VIT-00243,2025-03-02,São Paulo,SP,C353,roupaa,produto_40,187.25,57.39,carrinhu,1158,cartao,mobile,email,sim,nao,cor,8,3.4,6,70,nao,,
VIT-00244,2025-06-20,Uberlândia,MG,C386,roupa,produto_155,173.55,17.47,carrinho,1480,,mobile,email,sim,nao,tamanho,29,2.6,2,27,sim,ok,
VIT-00245,2025-03-22,Salvador,BA,C101,roupaa,produto_169,"483,99",1.34,carrinhu,301,boleto,desktop,organico,sim,nao,cor,27,1.7,8,16,sim,,
VIT-00246,02/01/2025,São Paulo,SP,C208,roupaa,produto_9,535.21,2.86,carrinhu,1629,cartao,desktop,ads,nao,nao,cor,1,3.6,5,77,nao,procesado,
VIT-00247,2025-07-15,Salvador,BA,C498,roupa,produto_19,545.64,36.51,carrinho,789,boleto,desktop,email,sim,nao,cor,1,1.8,5,91,nao,,
VIT-00248,21/08/2025,São Paulo,SP,C136,roupa,produto_98,62.1,62.91,compra,1867,,mobile,email,sim,nao,qualidade,29,3.4,5,68,sim,ok,
VIT-00249,2025-09-30,Curitiba,PR,C296,roupaa,produto_20,63.21,51.21,pagamento,128,cartao,desktop,ads,nao,nao,tamanho,8,4.6,4,15,nao,,
VIT-00250,2025-04-19,São Paulo,sp,C438,roupa,produto_170,287.24,39.87,pagamento,1009,pix,mobile,email,sim,nao,tamanho,3,3.7,6,93,sim,procesado,
VIT-00251,2025-04-04,Salvador,BA,C481,roupaa,produto_128,490.4,22.52,carrinhu,277,cartao,desktop,email,sim,nao,tamanho,19,4.6,9,89,nao,procesado,
VIT-00252,2025-04-15,Salvador,BA,C466,roupaa,produto_182,639.96,8.01,carrinhu,30,boleto,desktop,organico,sim,nao,tamanho,17,4.2,6,35,sim,ok,
VIT-00253,2025-06-05,Curitiba,pr,C374,acessorio,produto_109,"251,44",58.88,pagamento,1161,boleto,mobile,email,sim,nao,,27,1.7,10,102,sim,ok,
VIT-00254,10-04-2025,Salvador,ba,C374,calcado,produto_127,454.72,64.56,carrinhu,1206,pix,mobile,ads,nao,nao,tamanho,7,2.9,10,46,sim,,
VIT-00255,2025-07-08,São Paulo,SP,C287,calcado,produto_72,96.65,77.1,carrinhu,1377,cartao,desktop,email,sim,nao,cor,6,3.3,4,102,sim,procesado,
VIT-00256,2025-03-20,Curitiba,PR,C484,roupa,produto_150,641.17,66.73,pagamento,664,boleto,desktop,ads,nao,nao,cor,11,4.6,0,12,sim,procesado,
VIT-00257,2025-08-09,São Paulo,SP,C196,roupaa,produto_67,700.2,57.59,carrinho,1723,boleto,mobile,organico,sim,nao,qualidade,12,4.6,6,89,nao,ok,
VIT-00258,2025-04-12,São Paulo,SP,C255,roupaa,produto_68,490.43,50.28,pagamento,442,cartao,desktop,organico,sim,nao,cor,5,1.5,0,111,sim,,
VIT-00259,29/08/2025,Uberlândia,MG,C462,roupa,produto_93,471.42,32.74,carrinhu,920,pix,mobile,email,nao,nao,tamanho,23,1.3,2,95,sim,ok,
VIT-00260,2025-01-08,Uberlândia,MG,C233,roupaa,produto_37,476.25,43.61,visualizou,122,boleto,desktop,ads,nao,nao,cor,5,4.1,9,14,nao,ok,
VIT-00261,2025-03-01,Uberlândia,mg,C41,roupaa,produto_113,431.22,41.78,carrinhu,1725,,mobile,organico,nao,nao,cor,16,2.7,3,76,sim,,
VIT-00262,2025-05-24,São Paulo,sp,C445,lifestyle,produto_175,546.51,22.89,carrinho,190,cartao,mobile,organico,sim,nao,qualidade,30,4.7,5,47,sim,procesado,
VIT-00263,2025-09-22,São Paulo,sp,C389,calcado,produto_1,"225,49",37.34,visualizou,48,boleto,mobile,email,nao,nao,qualidade,19,2.0,2,4,sim,ok,
VIT-00264,2025-07-23,Uberlândia,MG,C192,calcado,produto_26,407.99,71.61,carrinhu,819,,desktop,organico,sim,sim,,5,2.8,10,32,sim,ok,
VIT-00265,2025-03-04,São Paulo,SP,C56,acessorio,produto_103,472.12,32.39,visualizou,1491,,desktop,ads,nao,nao,qualidade,1,3.0,5,52,sim,ok,
VIT-00266,2025-10-19,Salvador,ba,C476,roupaa,produto_148,475.11,15.24,carrinho,1656,boleto,mobile,email,nao,nao,cor,23,4.6,7,13,nao,procesado,
VIT-00267,2025-04-11,Salvador,BA,C119,roupa,produto_75,241.63,33.8,compra,1877,pix,mobile,ads,sim,sim,,18,1.2,0,38,sim,ok,
VIT-00268,2025-07-31,São Paulo,SP,C316,roupaa,produto_34,"789,91",66.13,pagamento,1943,pix,mobile,email,sim,nao,cor,2,4.4,4,106,nao,ok,
VIT-00269,2025-01-23,Salvador,ba,C375,lifestyle,produto_176,"240,03",33.67,carrinhu,992,boleto,desktop,email,nao,nao,tamanho,13,2.1,2,40,nao,,
VIT-00270,2025-05-31,Uberlândia,MG,C146,roupaa,produto_118,170.39,72.05,compra,511,pix,desktop,ads,sim,nao,tamanho,1,1.4,2,44,nao,procesado,
VIT-00271,2025-07-17,Uberlândia,mg,C24,roupaa,produto_158,659.05,47.14,carrinhu,273,boleto,desktop,organico,sim,nao,cor,2,1.5,7,21,nao,,
VIT-00272,2025-01-23,Curitiba,PR,C469,roupa,produto_81,719.76,57.72,carrinhu,485,cartao,desktop,organico,sim,nao,tamanho,3,4.2,0,47,nao,procesado,
VIT-00273,31/01/2025,Salvador,BA,C331,roupa,produto_71,283.85,4.83,carrinhu,1667,boleto,mobile,ads,nao,nao,cor,4,2.8,4,71,sim,ok,
VIT-00274,2025-03-16,Uberlândia,MG,C420,lifestyle,produto_24,"198,9",34.01,carrinhu,76,boleto,mobile,ads,sim,nao,qualidade,7,2.5,7,92,nao,ok,
VIT-00275,07-01-2025,Uberlândia,MG,C477,roupaa,produto_153,"724,86",55.8,carrinhu,1068,cartao,mobile,ads,sim,sim,tamanho,14,5.0,3,110,sim,,
VIT-00276,2025-06-29,São Paulo,sp,C338,roupaa,produto_77,585.65,32.37,pagamento,1179,pix,desktop,email,nao,nao,,5,1.5,3,65,sim,,
VIT-00277,2025-08-25,Curitiba,PR,C415,roupaa,produto_194,"281,89",5.41,visualizou,950,cartao,desktop,email,sim,nao,tamanho,3,1.9,7,40,sim,procesado,
VIT-00278,2025-04-23,Salvador,BA,C311,calcado,produto_52,"442,88",39.31,carrinhu,1984,pix,desktop,organico,sim,nao,tamanho,18,1.1,2,89,sim,ok,
VIT-00279,2025-05-01,Curitiba,pr,C411,roupa,produto_187,431.69,55.44,compra,259,pix,desktop,email,sim,nao,,11,2.9,8,69,sim,,
VIT-00280,2025-07-21,Uberlândia,mg,C278,roupa,produto_1,"128,14",68.98,visualizou,813,,desktop,ads,sim,nao,tamanho,14,3.7,1,80,sim,procesado,
VIT-00281,data_invalida,Salvador,ba,C415,roupa,produto_192,790.06,78.65,compra,708,pix,mobile,organico,sim,sim,cor,12,3.7,4,64,nao,procesado,
VIT-00282,2025-01-13,Curitiba,pr,C253,roupaa,produto_23,"694,32",37.47,compra,1328,,desktop,organico,sim,nao,cor,13,3.2,7,29,sim,procesado,
VIT-00283,02-01-2025,São Paulo,sp,C217,calcado,produto_193,"173,42",29.75,carrinhu,755,boleto,desktop,ads,sim,nao,qualidade,6,3.0,8,22,nao,procesado,
VIT-00284,2025-06-14,Curitiba,PR,C394,calcado,produto_146,635.47,13.09,carrinhu,1287,cartao,desktop,ads,sim,sim,qualidade,2,2.3,9,87,sim,,
VIT-00285,2025-10-02,Curitiba,PR,C369,roupaa,produto_77,593.71,39.87,compra,1656,,desktop,email,sim,sim,qualidade,13,3.4,4,72,sim,ok,
VIT-00286,data_invalida,Uberlândia,mg,C18,roupaa,produto_9,"523,99",70.09,carrinhu,367,,mobile,ads,sim,nao,qualidade,7,4.4,10,111,nao,,
VIT-00287,2025-05-13,Uberlândia,mg,C471,roupaa,produto_177,618.41,31.81,visualizou,139,boleto,desktop,ads,sim,nao,cor,21,1.8,0,67,sim,ok,
VIT-00288,2025-10-27,Curitiba,pr,C45,calcado,produto_118,"764,25",66.35,compra,335,,desktop,ads,sim,nao,,5,5.0,2,95,sim,ok,
VIT-00289,03/01/2025,Uberlândia,MG,C431,roupaa,produto_163,"51,47",16.68,carrinhu,1265,pix,mobile,ads,sim,sim,qualidade,13,3.6,1,118,nao,procesado,
VIT-00290,2025-08-26,Uberlândia,MG,C360,calcado,produto_8,743.44,0.12,carrinho,1942,,desktop,organico,sim,sim,,6,4.7,0,17,nao,,
VIT-00291,27/07/2025,Curitiba,PR,C335,roupaa,produto_196,392.35,21.22,carrinho,389,boleto,mobile,email,nao,nao,,7,4.1,2,98,nao,ok,
VIT-00292,2025-04-01,Salvador,ba,C240,roupaa,produto_53,631.57,38.71,pagamento,1007,cartao,desktop,ads,nao,nao,,3,2.7,8,54,nao,procesado,
VIT-00293,12/02/2025,Salvador,BA,C261,roupaa,produto_72,403.59,5.18,carrinhu,881,pix,mobile,organico,sim,nao,tamanho,30,1.3,5,23,nao,ok,
VIT-00294,2025-05-04,Salvador,BA,C435,roupaa,produto_95,320.76,33.2,visualizou,1762,cartao,mobile,email,sim,nao,cor,28,4.7,1,76,sim,,
VIT-00295,2025-09-18,São Paulo,SP,C69,calcado,produto_18,117.09,60.29,carrinhu,1486,boleto,mobile,email,sim,sim,,14,4.5,0,14,nao,ok,
VIT-00296,09-04-2025,Uberlândia,mg,C348,roupaa,produto_170,725.74,63.29,compra,603,boleto,mobile,email,sim,nao,qualidade,13,3.1,4,51,nao,procesado,
VIT-00297,data_invalida,Salvador,BA,C332,roupaa,produto_167,154.11,16.29,carrinhu,852,,desktop,email,nao,nao,tamanho,10,3.2,8,25,sim,,
VIT-00298,2025-04-03,São Paulo,SP,C260,roupaa,produto_48,"647,32",45.17,carrinhu,703,boleto,desktop,ads,sim,sim,qualidade,25,3.6,5,76,nao,,
VIT-00299,2025-03-27,Uberlândia,MG,C25,calcado,produto_54,157.88,48.7,carrinho,256,boleto,desktop,organico,nao,nao,cor,30,1.9,10,41,nao,ok,
VIT-00300,data_invalida,Salvador,ba,C141,roupaa,produto_16,256.07,27.08,carrinhu,512,,desktop,ads,sim,nao,cor,18,1.9,6,52,nao,,
VIT-00301,2025-10-09,Uberlândia,MG,C355,roupaa,produto_181,"406,86",7.23,carrinhu,1314,,mobile,organico,nao,nao,cor,11,4.6,7,85,nao,ok,
VIT-00302,2025-03-14,Uberlândia,mg,C316,roupa,produto_61,391.59,15.87,carrinhu,1937,,desktop,email,sim,sim,qualidade,28,3.8,2,63,nao,ok,
VIT-00303,2025-10-09,São Paulo,SP,C359,roupa,produto_7,262.39,61.26,carrinhu,93,pix,mobile,ads,sim,nao,qualidade,11,4.1,10,63,nao,,
VIT-00304,2025-02-02,São Paulo,SP,C106,roupaa,produto_176,"252,56",53.16,compra,380,boleto,desktop,ads,sim,nao,,16,3.9,3,14,nao,ok,
VIT-00305,2025-04-02,São Paulo,SP,C45,roupa,produto_194,593.3,64.49,visualizou,328,pix,mobile,ads,sim,sim,cor,17,3.0,7,10,nao,,
VIT-00306,2025-09-16,São Paulo,SP,C44,roupaa,produto_126,361.49,46.38,carrinhu,729,,mobile,ads,sim,nao,,11,3.0,0,63,nao,procesado,
VIT-00307,2025-03-11,Salvador,BA,C403,roupaa,produto_144,735.96,7.98,pagamento,1456,boleto,desktop,email,sim,nao,tamanho,29,1.7,7,111,nao,,
VIT-00308,2025-08-14,Curitiba,pr,C287,roupaa,produto_93,126.83,8.99,carrinhu,487,,mobile,email,sim,sim,cor,9,3.6,0,55,sim,,
VIT-00309,2025-01-02,Uberlândia,MG,C402,roupaa,produto_75,398.06,73.48,carrinhu,798,pix,mobile,organico,nao,nao,,5,1.6,9,62,nao,ok,
VIT-00310,data_invalida,Uberlândia,mg,C344,roupaa,produto_97,356.49,42.67,visualizou,1774,boleto,desktop,email,sim,nao,cor,18,4.6,6,31,sim,ok,
VIT-00311,2025-10-11,Uberlândia,MG,C248,roupaa,produto_183,764.2,38.1,carrinhu,1741,cartao,mobile,email,nao,nao,,16,4.0,8,100,nao,ok,
VIT-00312,2025-10-04,Uberlândia,mg,C366,roupa,produto_97,528.28,61.63,visualizou,1734,boleto,desktop,email,sim,nao,,23,1.2,1,86,nao,procesado,
VIT-00313,2025-07-18,Salvador,BA,C340,roupaa,produto_53,626.2,78.25,carrinhu,1063,boleto,desktop,email,sim,nao,qualidade,2,3.3,9,107,nao,procesado,
VIT-00314,2025-04-25,Salvador,ba,C450,roupaa,produto_187,67.94,25.6,pagamento,782,boleto,mobile,email,nao,nao,cor,18,1.2,3,6,sim,ok,
VIT-00315,2025-07-17,Salvador,ba,C306,roupaa,produto_143,67.83,74.98,carrinhu,1943,cartao,mobile,ads,nao,nao,qualidade,21,3.8,9,12,nao,,
VIT-00316,08-30-2025,Uberlândia,mg,C333,roupaa,produto_37,"644,47",27.54,carrinhu,1823,boleto,desktop,organico,nao,nao,,25,4.4,1,105,nao,procesado,
VIT-00317,20/08/2025,São Paulo,sp,C31,lifestyle,produto_18,202.9,40.26,compra,1917,,desktop,email,sim,nao,cor,26,2.9,1,51,sim,,
VIT-00318,2025-09-25,Curitiba,PR,C82,calcado,produto_43,653.27,60.55,carrinhu,1498,,desktop,organico,nao,nao,tamanho,28,3.4,7,26,sim,ok,
VIT-00319,2025-02-25,São Paulo,SP,C312,acessorio,produto_68,480.94,4.26,carrinhu,1585,,desktop,email,nao,nao,tamanho,1,1.9,10,41,sim,,
VIT-00320,2025-07-16,Uberlândia,MG,C127,roupaa,produto_123,"336,97",74.35,visualizou,1522,,desktop,email,sim,sim,,21,3.4,3,59,sim,ok,
VIT-00321,2025-03-17,Curitiba,PR,C274,calcado,produto_61,134.43,79.69,carrinhu,1138,,desktop,ads,sim,sim,qualidade,23,4.9,4,97,sim,,
VIT-00322,2025-01-01,Salvador,BA,C398,acessorio,produto_137,"291,38",38.21,pagamento,463,,mobile,email,nao,nao,,28,4.6,6,53,nao,procesado,
VIT-00323,14/05/2025,Salvador,ba,C185,calcado,produto_187,88.7,52.74,compra,1509,,mobile,organico,sim,nao,,21,4.6,0,10,nao,ok,
VIT-00324,08-05-2025,Salvador,ba,C366,calcado,produto_93,576.9,29.86,carrinhu,1218,cartao,desktop,organico,sim,nao,tamanho,27,4.0,7,25,nao,ok,
VIT-00325,17/06/2025,Curitiba,pr,C83,calcado,produto_101,558.85,22.4,carrinhu,632,boleto,mobile,email,nao,nao,qualidade,4,1.3,0,40,sim,,
VIT-00326,2025-06-30,São Paulo,SP,C93,roupa,produto_72,290.15,43.03,carrinhu,714,pix,mobile,email,nao,nao,qualidade,27,3.0,10,13,sim,,
VIT-00327,2025-02-28,Uberlândia,MG,C283,roupaa,produto_93,685.23,51.52,pagamento,1457,cartao,desktop,email,sim,nao,,10,4.8,5,86,sim,ok,
VIT-00328,2025-01-06,São Paulo,SP,C47,roupaa,produto_103,99.56,42.43,carrinhu,829,pix,mobile,ads,sim,sim,cor,5,2.8,8,33,sim,procesado,
VIT-00329,05-04-2025,São Paulo,SP,C150,roupaa,produto_109,192.9,9.8,carrinhu,1983,pix,desktop,ads,sim,sim,qualidade,23,3.5,3,106,nao,,
VIT-00330,30/03/2025,Uberlândia,mg,C500,roupa,produto_55,161.66,46.6,carrinhu,1529,pix,mobile,ads,nao,nao,qualidade,7,1.2,10,56,nao,,
VIT-00331,2025-03-30,Salvador,BA,C439,calcado,produto_51,273.12,7.08,carrinhu,1798,pix,mobile,email,nao,nao,qualidade,23,4.8,6,78,sim,procesado,
VIT-00332,2025-09-25,Salvador,BA,C144,lifestyle,produto_185,134.39,26.95,carrinho,643,boleto,mobile,email,sim,nao,qualidade,15,4.5,0,34,nao,,
VIT-00333,2025-08-26,Uberlândia,mg,C343,roupaa,produto_131,615.96,24.6,pagamento,1949,cartao,desktop,organico,sim,nao,qualidade,27,2.6,5,76,nao,procesado,
VIT-00334,2025-08-01,Salvador,ba,C500,roupaa,produto_20,313.18,34.82,carrinhu,594,pix,mobile,ads,sim,sim,cor,3,1.5,10,70,sim,,
VIT-00335,2025-01-25,São Paulo,sp,C408,calcado,produto_13,178.35,54.29,carrinhu,1561,pix,desktop,ads,sim,nao,,11,1.8,1,31,sim,procesado,
VIT-00336,2025-10-08,Uberlândia,mg,C378,roupaa,produto_120,"257,89",46.03,carrinhu,1026,pix,desktop,organico,nao,nao,,10,1.9,0,41,nao,procesado,
VIT-00337,2025-03-12,Uberlândia,mg,C31,roupaa,produto_70,347.45,24.36,carrinhu,1710,pix,desktop,email,sim,nao,,13,2.9,5,102,sim,,
VIT-00338,2025-03-20,Salvador,BA,C233,roupaa,produto_12,"225,67",46.19,visualizou,1657,cartao,mobile,ads,nao,nao,,11,4.0,1,55,sim,ok,
VIT-00339,2025-05-23,Uberlândia,MG,C3,roupaa,produto_12,764.83,13.68,carrinhu,27,cartao,desktop,ads,nao,nao,qualidade,16,2.3,3,25,nao,ok,
VIT-00340,16/05/2025,Curitiba,PR,C224,roupa,produto_51,337.23,73.21,carrinhu,1133,pix,desktop,organico,sim,sim,,11,2.6,7,58,sim,procesado,
VIT-00341,2025-03-29,Uberlândia,MG,C293,acessorio,produto_99,468.96,12.68,visualizou,139,boleto,mobile,ads,nao,nao,cor,17,1.3,4,92,nao,procesado,
VIT-00342,2025-10-11,Salvador,BA,C26,roupaa,produto_193,470.02,58.79,carrinho,1923,,mobile,ads,sim,nao,,28,2.0,4,47,sim,ok,
VIT-00343,2025-10-12,Salvador,ba,C385,roupaa,produto_102,465.49,51.82,carrinho,292,cartao,mobile,ads,nao,nao,tamanho,14,1.7,8,73,nao,ok,
VIT-00344,05-23-2025,Curitiba,PR,C378,roupaa,produto_83,419.49,78.63,carrinhu,1279,,desktop,organico,sim,nao,,8,2.7,6,24,nao,ok,
VIT-00345,2025-08-24,Uberlândia,mg,C367,roupaa,produto_79,"728,68",4.6,visualizou,1132,,mobile,organico,sim,nao,cor,8,3.0,4,75,nao,,
VIT-00346,2025-04-15,Uberlândia,mg,C66,roupaa,produto_135,"298,9",65.61,carrinhu,475,cartao,desktop,organico,nao,nao,qualidade,24,4.7,8,90,nao,,
VIT-00347,04-07-2025,Salvador,BA,C272,roupaa,produto_56,763.13,7.83,carrinhu,715,cartao,mobile,organico,nao,nao,qualidade,28,5.0,7,117,nao,ok,
VIT-00348,20/10/2025,Curitiba,PR,C307,roupaa,produto_2,752.68,18.4,pagamento,315,boleto,desktop,email,nao,nao,tamanho,30,2.3,0,14,nao,procesado,
VIT-00349,2025-06-25,Curitiba,pr,C242,roupaa,produto_114,626.23,58.96,carrinhu,277,,desktop,organico,sim,nao,tamanho,25,1.9,8,72,sim,,
VIT-00350,2025-07-10,Uberlândia,MG,C390,acessorio,produto_175,356.53,48.42,carrinhu,1483,cartao,desktop,organico,sim,nao,cor,9,1.7,8,3,sim,ok,
VIT-00351,2025-09-13,Uberlândia,mg,C81,roupaa,produto_144,148.4,56.93,carrinhu,164,pix,mobile,ads,nao,nao,cor,16,2.0,4,31,sim,,
VIT-00352,27/05/2025,Curitiba,pr,C376,roupaa,produto_9,251.61,0.57,compra,392,pix,mobile,email,sim,nao,qualidade,22,1.3,6,29,nao,ok,
VIT-00353,12/09/2025,São Paulo,sp,C25,roupaa,produto_22,324.1,69.76,visualizou,1800,cartao,desktop,ads,sim,nao,tamanho,3,1.8,9,7,sim,,
VIT-00354,07-09-2025,Curitiba,pr,C373,roupaa,produto_103,279.42,42.37,carrinhu,1763,,desktop,email,nao,nao,,15,4.6,3,56,nao,,
VIT-00355,27/05/2025,Salvador,ba,C362,calcado,produto_111,193.27,53.36,visualizou,1722,,desktop,email,nao,nao,,9,1.9,9,85,sim,ok,
VIT-00356,04/09/2025,São Paulo,SP,C281,calcado,produto_110,489.43,20.22,pagamento,1716,pix,desktop,ads,sim,nao,qualidade,13,2.9,5,6,nao,procesado,
VIT-00357,2025-07-01,São Paulo,sp,C177,acessorio,produto_106,262.26,35.12,visualizou,1664,boleto,mobile,organico,sim,nao,qualidade,3,4.3,2,105,nao,procesado,
VIT-00358,28/10/2025,Salvador,ba,C281,acessorio,produto_98,325.3,32.07,pagamento,1416,boleto,desktop,organico,sim,nao,,19,4.2,1,68,nao,ok,
VIT-00359,2025-03-14,Curitiba,PR,C100,roupaa,produto_165,"758,92",46.68,visualizou,1645,pix,desktop,ads,nao,nao,qualidade,21,4.1,0,86,sim,,
VIT-00360,2025-05-31,Salvador,BA,C450,acessorio,produto_38,364.14,19.29,carrinhu,706,boleto,desktop,organico,nao,nao,qualidade,18,4.0,4,47,nao,procesado,
VIT-00361,data_invalida,São Paulo,SP,C321,roupaa,produto_169,625.89,55.9,carrinhu,181,boleto,mobile,email,nao,nao,tamanho,29,2.0,4,67,sim,,
VIT-00362,19/08/2025,Uberlândia,mg,C253,roupaa,produto_199,89.97,56.12,carrinho,432,cartao,desktop,ads,sim,sim,qualidade,12,2.7,8,4,nao,procesado,
VIT-00363,2025-04-04,Uberlândia,MG,C70,roupaa,produto_194,436.3,41.21,carrinhu,1338,cartao,mobile,organico,sim,sim,cor,26,4.4,1,30,sim,,
VIT-00364,05/04/2025,São Paulo,SP,C270,calcado,produto_134,388.01,18.5,carrinhu,650,pix,mobile,email,sim,sim,tamanho,27,3.9,0,113,nao,ok,
VIT-00365,2025-08-04,São Paulo,sp,C389,calcado,produto_56,527.53,64.11,carrinhu,1149,,mobile,ads,nao,nao,cor,18,4.4,9,99,sim,,
VIT-00366,2025-05-31,São Paulo,SP,C141,roupaa,produto_117,547.2,41.99,pagamento,480,,mobile,email,nao,nao,tamanho,1,4.5,9,73,nao,procesado,
VIT-00367,01/10/2025,São Paulo,sp,C344,roupa,produto_196,692.25,37.75,carrinhu,466,pix,mobile,ads,nao,nao,qualidade,24,3.6,0,0,sim,procesado,
VIT-00368,31/08/2025,São Paulo,sp,C494,acessorio,produto_160,660.16,7.56,carrinhu,1444,pix,desktop,ads,sim,nao,cor,6,4.9,0,4,nao,,
VIT-00369,data_invalida,São Paulo,sp,C439,roupa,produto_127,466.12,74.8,carrinho,1806,cartao,mobile,email,sim,sim,tamanho,25,1.1,8,4,sim,procesado,
VIT-00370,2025-02-13,São Paulo,SP,C210,roupaa,produto_17,105.66,15.82,carrinhu,1131,,desktop,email,sim,nao,tamanho,26,1.6,0,78,sim,procesado,
VIT-00371,2025-01-08,São Paulo,SP,C327,roupaa,produto_193,633.83,73.85,pagamento,315,pix,mobile,organico,nao,nao,tamanho,25,4.9,7,79,nao,procesado,
VIT-00372,2025-05-09,Uberlândia,mg,C141,acessorio,produto_62,401.04,31.54,carrinhu,1179,,desktop,organico,sim,nao,qualidade,3,1.8,7,28,sim,ok,
VIT-00373,2025-04-13,Uberlândia,mg,C66,roupa,produto_106,"143,67",70.12,visualizou,1717,cartao,desktop,organico,sim,nao,tamanho,19,2.9,8,35,nao,ok,
VIT-00374,2025-08-16,Curitiba,PR,C104,acessorio,produto_30,671.06,50.2,carrinhu,351,pix,desktop,ads,sim,sim,cor,27,1.5,9,63,nao,,
VIT-00375,2025-04-08,Curitiba,PR,C235,lifestyle,produto_131,709.96,1.89,carrinhu,1723,cartao,desktop,organico,sim,sim,,20,2.1,5,4,sim,ok,
VIT-00376,2025-07-26,São Paulo,sp,C49,calcado,produto_157,95.33,36.37,visualizou,1255,pix,mobile,ads,nao,nao,cor,10,1.3,6,29,sim,procesado,
VIT-00377,2025-01-01,Curitiba,pr,C299,calcado,produto_11,654.96,31.78,carrinhu,1426,boleto,desktop,organico,sim,nao,cor,25,1.9,8,35,sim,ok,
VIT-00378,2025-01-19,Curitiba,pr,C486,roupaa,produto_132,71.18,15.83,visualizou,1541,boleto,mobile,ads,sim,nao,tamanho,22,4.0,8,10,nao,procesado,
VIT-00379,2025-10-08,Curitiba,pr,C110,roupa,produto_117,530.47,12.22,pagamento,731,,desktop,ads,nao,nao,cor,12,2.9,6,12,nao,procesado,
VIT-00380,2025-02-03,Curitiba,PR,C471,acessorio,produto_171,484.09,75.93,carrinhu,640,boleto,desktop,email,nao,nao,cor,1,3.5,5,13,nao,ok,
VIT-00381,2025-05-05,Salvador,ba,C365,lifestyle,produto_108,615.15,71.06,carrinhu,1607,boleto,mobile,ads,nao,nao,,30,2.5,3,55,sim,ok,
VIT-00382,14/10/2025,Uberlândia,mg,C292,calcado,produto_139,435.94,31.76,carrinho,1915,pix,mobile,organico,sim,nao,qualidade,26,2.7,3,21,sim,,
VIT-00383,03-05-2025,Curitiba,PR,C379,calcado,produto_40,740.57,39.42,carrinho,1484,boleto,mobile,organico,sim,nao,,14,4.2,7,114,sim,ok,
VIT-00384,2025-03-16,São Paulo,sp,C178,calcado,produto_116,756.34,62.91,carrinhu,303,boleto,desktop,email,sim,nao,,17,2.1,2,111,sim,procesado,
VIT-00385,2025-05-20,Salvador,ba,C294,roupaa,produto_5,463.53,72.28,visualizou,847,pix,desktop,ads,nao,nao,tamanho,9,2.6,9,117,sim,,
VIT-00386,2025-10-27,São Paulo,SP,C38,acessorio,produto_72,267.48,24.81,compra,1597,cartao,desktop,organico,sim,sim,tamanho,21,3.3,2,31,nao,procesado,
VIT-00387,2025-04-29,Uberlândia,MG,C369,roupaa,produto_199,"95,88",10.65,carrinhu,384,pix,mobile,email,sim,nao,,13,3.7,7,6,nao,,
VIT-00388,2025-08-19,São Paulo,sp,C263,roupaa,produto_149,"475,66",18.42,visualizou,1459,cartao,mobile,ads,nao,nao,,23,2.8,0,9,sim,procesado,
VIT-00389,2025-08-13,Salvador,ba,C160,calcado,produto_72,479.54,38.79,pagamento,1884,boleto,desktop,email,sim,nao,cor,27,1.1,0,46,sim,,
VIT-00390,2025-10-23,São Paulo,sp,C357,lifestyle,produto_82,"724,66",54.89,compra,522,cartao,mobile,ads,sim,nao,,26,2.0,6,101,sim,procesado,
VIT-00391,2025-07-25,Uberlândia,mg,C441,roupa,produto_5,"771,57",24.87,carrinhu,503,,desktop,ads,nao,nao,qualidade,5,2.6,5,75,sim,procesado,
VIT-00392,04-02-2025,Curitiba,PR,C467,roupa,produto_112,798.84,45.0,carrinhu,1809,,desktop,email,sim,sim,,6,3.3,2,22,nao,,
VIT-00393,2025-06-28,Salvador,ba,C223,calcado,produto_119,449.44,65.21,compra,1679,boleto,desktop,email,sim,nao,cor,13,2.0,6,119,nao,procesado,
VIT-00394,2025-05-18,São Paulo,SP,C49,roupaa,produto_7,611.13,63.81,visualizou,420,,desktop,organico,sim,nao,qualidade,4,1.4,10,66,nao,ok,
VIT-00395,2025-07-18,Uberlândia,MG,C115,calcado,produto_50,"383,52",3.62,compra,1002,pix,mobile,organico,sim,sim,qualidade,8,3.6,1,44,nao,,
VIT-00396,2025-10-01,Salvador,ba,C159,roupa,produto_76,355.46,0.95,compra,607,cartao,mobile,organico,sim,nao,qualidade,29,3.6,4,101,sim,procesado,
VIT-00397,02/03/2025,Uberlândia,MG,C343,acessorio,produto_193,701.98,42.97,carrinhu,1853,boleto,mobile,organico,sim,nao,tamanho,6,4.9,8,63,nao,,
VIT-00398,2025-02-18,Uberlândia,MG,C347,roupa,produto_157,80.29,23.28,carrinhu,905,cartao,desktop,email,nao,nao,cor,29,3.6,7,14,sim,procesado,
VIT-00399,2025-09-16,Salvador,BA,C320,lifestyle,produto_163,64.38,67.32,carrinhu,1265,boleto,desktop,organico,sim,sim,cor,12,4.5,6,106,nao,ok,
VIT-00400,2025-03-28,Salvador,BA,C473,roupaa,produto_166,"91,72",52.06,compra,292,cartao,mobile,email,sim,nao,qualidade,16,1.6,1,110,nao,procesado,
VIT-00401,2025-06-13,Salvador,BA,C473,calcado,produto_153,502.94,5.03,carrinhu,537,,desktop,email,sim,nao,cor,21,4.2,9,49,nao,ok,
VIT-00402,2025-08-10,Salvador,ba,C329,calcado,produto_69,"423,69",29.38,carrinhu,40,,desktop,ads,sim,nao,,25,4.0,10,18,sim,,
VIT-00403,2025-01-01,Salvador,ba,C234,roupaa,produto_100,280.74,14.34,carrinhu,850,boleto,mobile,organico,sim,nao,qualidade,30,1.9,4,8,sim,,
VIT-00404,2025-08-30,Salvador,BA,C311,calcado,produto_41,761.91,2.27,compra,329,boleto,desktop,ads,sim,sim,,17,1.5,3,17,sim,,
VIT-00405,2025-05-15,Uberlândia,MG,C46,calcado,produto_109,724.61,68.07,carrinhu,1442,pix,mobile,email,sim,nao,qualidade,9,4.0,5,43,sim,procesado,
VIT-00406,2025-03-23,Curitiba,pr,C15,calcado,produto_187,647.13,25.78,compra,463,boleto,desktop,ads,sim,nao,qualidade,7,2.7,4,112,nao,procesado,
VIT-00407,2025-04-24,Curitiba,PR,C117,roupaa,produto_56,102.96,68.7,pagamento,457,pix,mobile,ads,sim,nao,,25,3.8,0,108,sim,ok,
VIT-00408,30/05/2025,Salvador,BA,C325,roupaa,produto_44,417.34,52.21,carrinho,478,,desktop,email,sim,nao,tamanho,22,2.8,1,96,sim,,
VIT-00409,2025-02-07,Curitiba,PR,C273,calcado,produto_8,412.06,79.92,carrinhu,921,pix,desktop,ads,sim,nao,tamanho,4,3.1,6,77,sim,procesado,
VIT-00410,29/04/2025,São Paulo,sp,C286,acessorio,produto_82,"78,89",2.35,carrinhu,1806,pix,mobile,ads,sim,nao,,19,2.9,6,26,nao,ok,
VIT-00411,2025-03-15,São Paulo,SP,C287,roupa,produto_197,"235,46",44.63,pagamento,1784,,desktop,ads,sim,nao,qualidade,26,2.3,2,30,nao,,
VIT-00412,2025-09-04,Uberlândia,mg,C221,roupaa,produto_25,"267,3",8.26,carrinhu,90,pix,mobile,email,sim,nao,cor,16,4.2,6,25,nao,procesado,
VIT-00413,2025-01-25,Curitiba,pr,C192,calcado,produto_57,"169,17",20.69,carrinhu,816,,mobile,ads,sim,nao,qualidade,5,3.6,4,81,sim,procesado,
VIT-00414,29/07/2025,Uberlândia,mg,C116,lifestyle,produto_45,"78,28",55.56,carrinhu,1235,,desktop,email,nao,nao,,20,1.2,9,3,sim,,
VIT-00415,2025-09-19,São Paulo,SP,C310,roupa,produto_17,133.83,2.28,visualizou,723,cartao,mobile,email,sim,sim,cor,30,4.6,10,82,sim,ok,
VIT-00416,2025-04-08,Salvador,BA,C464,roupaa,produto_40,"672,04",2.92,carrinho,1732,cartao,mobile,ads,nao,nao,qualidade,26,4.5,7,18,nao,ok,
VIT-00417,2025-10-13,Uberlândia,mg,C423,lifestyle,produto_46,521.19,60.47,carrinho,1409,boleto,mobile,ads,sim,nao,tamanho,27,4.3,0,113,sim,procesado,
VIT-00418,2025-08-20,Uberlândia,mg,C202,roupaa,produto_135,235.91,60.16,carrinho,1051,,mobile,ads,nao,nao,,20,1.7,2,85,nao,ok,
VIT-00419,08/05/2025,Uberlândia,mg,C290,roupaa,produto_167,343.76,29.85,compra,927,pix,desktop,email,sim,sim,qualidade,3,1.7,0,79,nao,procesado,
VIT-00420,2025-08-04,Salvador,BA,C348,roupaa,produto_37,344.81,40.8,carrinho,54,,mobile,email,sim,nao,tamanho,1,2.3,6,3,nao,procesado,
VIT-00421,2025-04-22,Curitiba,pr,C263,roupaa,produto_56,799.15,19.96,visualizou,1875,pix,mobile,organico,nao,nao,cor,8,2.4,0,105,sim,procesado,
VIT-00422,27/10/2025,São Paulo,sp,C418,roupaa,produto_101,589.9,66.14,compra,1879,cartao,desktop,email,sim,nao,cor,13,1.5,6,104,nao,procesado,
VIT-00423,17/01/2025,Curitiba,PR,C89,calcado,produto_76,318.91,79.1,carrinhu,1075,boleto,mobile,email,sim,nao,cor,3,1.2,1,42,sim,ok,
VIT-00424,01/07/2025,Salvador,ba,C90,roupaa,produto_197,602.41,67.54,carrinhu,1498,,desktop,organico,sim,sim,,3,1.2,9,7,sim,procesado,
VIT-00425,data_invalida,Salvador,ba,C482,roupaa,produto_48,481.96,1.86,pagamento,1116,pix,mobile,email,nao,nao,tamanho,10,1.8,10,44,nao,ok,
VIT-00426,2025-08-21,Salvador,ba,C160,acessorio,produto_114,680.23,59.49,carrinhu,55,boleto,mobile,email,sim,nao,qualidade,27,3.5,3,19,sim,,
VIT-00427,2025-08-10,São Paulo,SP,C136,roupaa,produto_186,"445,89",79.99,compra,1480,pix,mobile,email,sim,nao,,20,1.5,1,13,nao,ok,
VIT-00428,22/06/2025,Uberlândia,mg,C432,roupaa,produto_194,192.75,21.17,carrinhu,1348,cartao,desktop,ads,sim,nao,tamanho,19,1.8,10,40,sim,ok,
VIT-00429,2025-01-19,Curitiba,pr,C384,roupaa,produto_10,"797,77",44.23,compra,315,pix,desktop,ads,sim,nao,tamanho,12,4.2,10,81,sim,procesado,
VIT-00430,2025-08-02,Salvador,BA,C265,roupaa,produto_68,538.48,36.85,carrinhu,1408,,mobile,email,nao,nao,qualidade,29,4.1,2,104,sim,ok,
VIT-00431,2025-04-07,Curitiba,PR,C79,calcado,produto_101,536.28,9.06,carrinhu,1702,boleto,desktop,organico,sim,sim,qualidade,4,4.7,3,104,nao,ok,
VIT-00432,2025-09-21,São Paulo,SP,C167,roupaa,produto_184,474.1,18.01,carrinhu,1823,pix,desktop,organico,nao,nao,qualidade,26,4.1,10,20,sim,,
VIT-00433,2025-09-27,Curitiba,pr,C341,roupaa,produto_164,583.87,53.51,carrinhu,315,pix,desktop,ads,sim,sim,cor,18,4.7,1,63,nao,,
VIT-00434,2025-04-14,São Paulo,sp,C429,roupaa,produto_16,680.41,3.15,carrinhu,586,boleto,mobile,organico,sim,nao,,21,1.2,7,109,nao,,
VIT-00435,2025-04-12,São Paulo,SP,C95,roupaa,produto_12,701.0,25.06,pagamento,1991,boleto,desktop,ads,nao,nao,,10,2.8,2,88,sim,procesado,
VIT-00436,03-21-2025,Curitiba,PR,C178,roupaa,produto_145,758.27,25.56,pagamento,1853,cartao,desktop,organico,nao,nao,cor,22,4.6,6,91,nao,procesado,
VIT-00437,2025-05-30,Salvador,ba,C400,roupaa,produto_124,172.92,26.88,carrinhu,1301,pix,desktop,email,nao,nao,tamanho,10,4.1,8,49,sim,,
VIT-00438,12/05/2025,Salvador,ba,C493,roupa,produto_162,789.72,35.68,carrinhu,307,,desktop,email,sim,nao,qualidade,30,3.5,8,31,sim,ok,
VIT-00439,2025-03-12,Curitiba,pr,C397,roupa,produto_154,218.18,72.81,visualizou,311,cartao,desktop,email,sim,nao,cor,28,4.3,0,3,sim,,
VIT-00440,2025-10-15,Curitiba,PR,C29,roupa,produto_40,311.41,39.52,carrinhu,1075,,desktop,organico,nao,nao,,12,2.0,9,84,nao,,
VIT-00441,2025-05-20,Uberlândia,MG,C417,roupaa,produto_160,795.48,2.02,carrinhu,410,boleto,mobile,ads,sim,sim,,10,3.3,3,78,sim,ok,
VIT-00442,2025-03-17,Salvador,ba,C415,acessorio,produto_109,336.39,28.3,carrinho,161,,mobile,ads,sim,nao,,4,1.9,0,25,sim,,
VIT-00443,2025-07-09,Salvador,BA,C312,roupaa,produto_81,794.81,32.46,carrinhu,1788,pix,desktop,ads,nao,nao,tamanho,19,3.5,5,80,nao,procesado,
VIT-00444,2025-10-28,Salvador,ba,C230,roupaa,produto_151,241.41,42.91,visualizou,781,boleto,mobile,email,sim,nao,cor,4,3.0,1,76,sim,ok,
VIT-00445,2025-04-23,São Paulo,sp,C32,roupaa,produto_20,762.79,70.75,carrinhu,560,cartao,desktop,email,nao,nao,qualidade,12,3.2,5,4,sim,procesado,
VIT-00446,2025-01-06,Salvador,ba,C91,roupaa,produto_50,585.56,39.7,carrinhu,416,cartao,desktop,ads,nao,nao,cor,4,1.1,9,107,nao,procesado,
VIT-00447,2025-01-25,São Paulo,sp,C162,roupaa,produto_110,379.28,58.82,pagamento,357,pix,desktop,ads,sim,sim,qualidade,1,1.8,1,116,sim,,
VIT-00448,2025-09-04,São Paulo,SP,C325,roupaa,produto_190,588.94,45.37,visualizou,865,cartao,mobile,organico,sim,nao,tamanho,16,3.1,4,118,sim,ok,
VIT-00449,2025-09-20,Uberlândia,mg,C229,roupaa,produto_132,"359,33",67.4,compra,241,pix,desktop,email,sim,nao,,17,3.0,0,71,nao,procesado,
VIT-00450,2025-02-08,Uberlândia,mg,C493,roupa,produto_183,"744,02",35.74,carrinhu,1967,cartao,desktop,ads,sim,nao,cor,15,4.2,7,48,sim,,
VIT-00451,2025-04-26,Salvador,BA,C85,roupaa,produto_144,746.27,14.37,carrinhu,896,cartao,desktop,email,sim,nao,tamanho,5,3.4,0,101,sim,,
VIT-00452,2025-04-03,Salvador,ba,C82,roupaa,produto_25,667.17,6.24,compra,1395,,mobile,email,sim,nao,tamanho,4,3.8,9,78,nao,,
VIT-00453,2025-10-10,Salvador,ba,C440,roupaa,produto_87,"128,56",14.56,carrinhu,1788,cartao,desktop,ads,nao,nao,cor,1,2.7,3,108,nao,procesado,
VIT-00454,2025-03-24,São Paulo,SP,C110,roupaa,produto_55,168.9,9.81,carrinhu,1409,cartao,mobile,organico,sim,nao,tamanho,23,2.8,0,118,sim,procesado,
VIT-00455,2025-03-19,Uberlândia,mg,C46,roupaa,produto_150,751.49,79.61,carrinhu,154,cartao,mobile,ads,sim,nao,,1,4.1,3,53,nao,,
VIT-00456,2025-01-20,Uberlândia,MG,C338,roupaa,produto_62,526.5,1.04,visualizou,1245,pix,desktop,organico,sim,nao,cor,3,3.4,1,23,nao,procesado,
VIT-00457,2025-09-09,Salvador,ba,C46,lifestyle,produto_7,290.57,64.62,visualizou,1565,cartao,mobile,organico,sim,nao,,21,1.6,8,103,nao,,
VIT-00458,01-20-2025,São Paulo,SP,C440,roupa,produto_164,200.95,31.57,carrinhu,895,boleto,mobile,email,nao,nao,qualidade,18,1.9,4,26,nao,,
VIT-00459,2025-10-17,Curitiba,PR,C332,roupaa,produto_195,437.33,21.96,compra,1435,pix,desktop,email,sim,nao,tamanho,21,4.0,7,63,nao,,
VIT-00460,25/02/2025,Curitiba,PR,C270,roupaa,produto_20,160.2,60.95,visualizou,1554,,desktop,email,nao,nao,tamanho,17,4.8,7,94,sim,procesado,
VIT-00461,02-17-2025,São Paulo,SP,C190,roupa,produto_186,"491,7",60.07,carrinhu,406,,mobile,email,nao,nao,tamanho,9,4.2,3,80,nao,procesado,
VIT-00462,2025-02-03,São Paulo,SP,C451,roupaa,produto_147,"281,75",48.76,pagamento,136,boleto,desktop,organico,nao,nao,cor,4,1.1,0,87,nao,,
VIT-00463,2025-08-03,Curitiba,pr,C122,acessorio,produto_56,629.91,77.52,visualizou,688,pix,desktop,ads,sim,nao,,13,4.3,4,109,nao,ok,
VIT-00464,2025-10-17,Curitiba,PR,C106,roupaa,produto_155,53.61,31.14,visualizou,1634,pix,mobile,organico,nao,nao,qualidade,17,1.3,4,97,sim,,
VIT-00465,2025-08-06,São Paulo,sp,C133,acessorio,produto_128,149.08,40.44,pagamento,1388,boleto,mobile,organico,nao,nao,,17,2.4,8,67,sim,procesado,
VIT-00466,2025-09-27,Curitiba,pr,C469,roupaa,produto_21,"153,96",29.03,carrinhu,719,boleto,desktop,email,sim,nao,,21,1.3,9,32,sim,procesado,
VIT-00467,18/05/2025,Salvador,BA,C153,roupaa,produto_118,640.57,75.96,carrinhu,1000,cartao,desktop,ads,nao,nao,,3,2.8,7,36,sim,ok,
VIT-00468,2025-04-30,Salvador,BA,C31,roupaa,produto_16,726.76,45.3,carrinho,1635,cartao,mobile,email,nao,nao,tamanho,28,1.8,4,95,sim,procesado,
VIT-00469,2025-07-23,Salvador,BA,C74,calcado,produto_142,606.54,5.12,carrinhu,1911,boleto,mobile,ads,nao,nao,qualidade,20,4.4,0,60,nao,procesado,
VIT-00470,2025-07-11,Uberlândia,MG,C116,roupaa,produto_188,"571,8",23.55,pagamento,954,,mobile,email,sim,nao,,11,1.4,2,72,sim,procesado,
VIT-00471,2025-10-01,Curitiba,PR,C293,acessorio,produto_96,766.28,74.21,carrinhu,1900,,desktop,organico,nao,nao,,2,2.6,4,101,sim,,
VIT-00472,25/10/2025,Curitiba,pr,C47,roupaa,produto_156,595.95,45.69,visualizou,836,cartao,desktop,ads,nao,nao,qualidade,24,4.1,7,30,nao,,
VIT-00473,03-19-2025,Salvador,BA,C99,roupaa,produto_124,742.98,4.43,carrinhu,1454,pix,desktop,organico,nao,nao,,28,3.9,5,99,nao,procesado,
VIT-00474,05-21-2025,São Paulo,SP,C287,roupaa,produto_135,535.91,69.23,pagamento,1794,cartao,mobile,email,sim,nao,qualidade,4,2.3,7,69,sim,procesado,
VIT-00475,2025-01-21,Curitiba,pr,C315,roupaa,produto_180,693.68,5.99,pagamento,1742,,mobile,organico,nao,nao,tamanho,17,3.8,8,104,nao,procesado,
VIT-00476,2025-07-01,Curitiba,PR,C433,calcado,produto_185,"555,32",58.58,carrinho,1616,boleto,desktop,organico,nao,nao,,14,1.4,9,101,sim,procesado,
VIT-00477,2025-10-15,São Paulo,SP,C323,roupaa,produto_184,688.99,49.37,visualizou,1817,boleto,mobile,ads,sim,nao,,6,3.9,1,103,nao,ok,
VIT-00478,2025-04-12,Uberlândia,MG,C123,roupaa,produto_182,56.95,7.86,carrinhu,358,pix,mobile,ads,sim,nao,tamanho,8,1.1,0,94,nao,,
VIT-00479,2025-09-10,Curitiba,PR,C133,roupaa,produto_139,"689,39",69.37,carrinho,586,pix,mobile,ads,nao,nao,qualidade,19,3.5,7,92,nao,ok,
VIT-00480,08-31-2025,Uberlândia,MG,C441,roupaa,produto_28,"300,18",12.45,carrinhu,172,cartao,desktop,email,sim,nao,,12,1.4,10,60,sim,,
VIT-00481,2025-03-25,Salvador,ba,C319,roupaa,produto_175,"360,28",62.56,carrinhu,1878,cartao,mobile,ads,sim,nao,cor,4,1.7,4,116,sim,ok,
VIT-00482,08-01-2025,Curitiba,pr,C69,roupaa,produto_41,"562,37",17.91,carrinho,375,,mobile,organico,nao,nao,cor,18,1.4,1,75,nao,,
VIT-00483,2025-08-06,Curitiba,PR,C170,calcado,produto_77,706.33,74.68,carrinho,1063,pix,mobile,email,sim,nao,,3,1.1,8,81,nao,,
VIT-00484,2025-07-20,Salvador,BA,C256,roupaa,produto_139,348.55,27.1,carrinhu,128,boleto,desktop,organico,sim,nao,,11,2.9,7,70,sim,,
VIT-00485,2025-02-04,Uberlândia,mg,C79,calcado,produto_52,720.1,9.91,carrinhu,472,,desktop,email,sim,nao,qualidade,12,2.9,7,24,nao,procesado,
VIT-00486,2025-04-26,Uberlândia,MG,C243,roupa,produto_168,"381,75",23.48,carrinhu,1561,cartao,desktop,organico,nao,nao,,18,2.5,8,96,nao,procesado,
VIT-00487,2025-07-08,São Paulo,sp,C331,roupa,produto_73,419.72,0.28,carrinho,1085,cartao,desktop,organico,nao,nao,qualidade,19,2.2,7,44,sim,procesado,
VIT-00488,09-28-2025,Uberlândia,mg,C320,acessorio,produto_86,687.99,79.58,carrinhu,1426,cartao,mobile,email,sim,nao,qualidade,13,1.8,9,33,nao,procesado,
VIT-00489,2025-08-12,Curitiba,pr,C258,roupa,produto_24,543.66,69.94,visualizou,563,boleto,desktop,email,nao,nao,tamanho,29,1.5,10,112,nao,,
VIT-00490,data_invalida,Curitiba,pr,C499,roupa,produto_5,267.67,23.34,visualizou,1340,cartao,desktop,email,nao,nao,tamanho,11,3.7,8,107,sim,procesado,
VIT-00491,26/03/2025,São Paulo,sp,C259,roupa,produto_78,"315,68",32.61,pagamento,1669,cartao,mobile,email,sim,nao,,29,3.0,1,46,sim,,
VIT-00492,31/08/2025,São Paulo,SP,C99,roupaa,produto_97,"102,38",25.62,carrinhu,196,,desktop,email,nao,nao,,25,2.3,5,53,nao,,
VIT-00493,2025-10-19,São Paulo,SP,C393,roupaa,produto_78,"485,11",0.15,visualizou,717,,desktop,email,nao,nao,,27,1.1,0,0,nao,procesado,
VIT-00494,2025-02-25,Salvador,BA,C306,roupaa,produto_135,635.89,8.48,compra,1766,boleto,desktop,organico,sim,sim,qualidade,9,3.4,5,52,sim,,
VIT-00495,2025-09-12,Uberlândia,MG,C260,roupaa,produto_97,243.88,73.28,carrinhu,950,,desktop,organico,sim,sim,cor,19,4.6,8,19,sim,,
VIT-00496,2025-10-26,Salvador,ba,C343,acessorio,produto_110,266.7,33.94,carrinhu,552,,mobile,organico,sim,nao,tamanho,16,1.0,10,103,sim,,
VIT-00497,2025-07-05,Uberlândia,MG,C160,calcado,produto_109,393.49,27.28,carrinhu,1080,boleto,desktop,organico,nao,nao,,11,2.3,0,10,nao,ok,
VIT-00498,2025-06-15,Curitiba,pr,C10,roupa,produto_19,638.89,64.76,visualizou,569,boleto,desktop,organico,sim,sim,cor,18,1.9,4,8,nao,ok,
VIT-00499,data_invalida,Salvador,BA,C487,roupa,produto_123,520.14,7.41,visualizou,255,,desktop,organico,nao,nao,qualidade,12,1.0,10,12,sim,,
VIT-00500,14/01/2025,Salvador,BA,C261,roupaa,produto_96,364.71,54.58,visualizou,1802,cartao,desktop,email,sim,sim,cor,1,4.3,9,94,sim,,
VIT-00501,2025-03-07,Curitiba,PR,C442,roupaa,produto_108,319.81,68.96,compra,1664,cartao,mobile,email,sim,nao,cor,19,2.3,1,75,nao,,
VIT-00502,10-08-2025,São Paulo,SP,C22,roupaa,produto_108,"739,81",48.42,carrinhu,585,,desktop,organico,sim,nao,tamanho,8,1.9,3,63,sim,,
VIT-00503,2025-07-31,Salvador,BA,C43,roupaa,produto_106,317.99,54.18,carrinho,55,pix,desktop,organico,nao,nao,cor,23,3.9,5,55,sim,ok,
VIT-00504,08/02/2025,Uberlândia,mg,C294,calcado,produto_113,218.13,69.23,visualizou,409,cartao,mobile,email,nao,nao,tamanho,24,2.9,1,109,nao,,
VIT-00505,data_invalida,São Paulo,SP,C309,acessorio,produto_154,547.99,42.11,carrinho,397,boleto,desktop,email,sim,nao,tamanho,9,4.1,0,70,sim,ok,
VIT-00506,2025-08-21,Salvador,ba,C311,roupaa,produto_162,"798,35",48.15,carrinhu,558,cartao,mobile,organico,sim,nao,qualidade,26,4.9,6,90,sim,ok,
VIT-00507,08/09/2025,São Paulo,sp,C255,roupaa,produto_105,203.01,33.42,compra,1204,cartao,mobile,ads,sim,nao,,23,3.7,3,12,nao,ok,
VIT-00508,data_invalida,São Paulo,SP,C392,roupa,produto_44,434.13,59.06,carrinhu,1102,boleto,desktop,email,sim,nao,,1,4.7,4,81,nao,,
VIT-00509,2025-03-10,São Paulo,sp,C95,roupaa,produto_164,549.29,8.09,carrinhu,1095,,desktop,organico,sim,nao,,20,3.7,4,37,sim,procesado,
VIT-00510,2025-06-06,Salvador,ba,C443,calcado,produto_2,697.65,62.7,pagamento,443,,desktop,organico,nao,nao,qualidade,10,3.5,4,95,nao,ok,
VIT-00511,2025-08-10,Salvador,ba,C265,roupaa,produto_165,683.49,74.9,carrinhu,1043,cartao,mobile,organico,sim,nao,qualidade,22,4.2,6,11,nao,ok,
VIT-00512,2025-08-22,Curitiba,pr,C50,roupaa,produto_105,743.67,72.97,carrinhu,1122,pix,desktop,email,sim,nao,tamanho,17,2.5,6,50,sim,ok,
VIT-00513,07-29-2025,Salvador,ba,C371,roupa,produto_37,330.25,44.76,visualizou,1506,boleto,mobile,ads,nao,nao,qualidade,19,4.4,1,119,nao,,
VIT-00514,2025-05-27,São Paulo,SP,C329,roupaa,produto_198,777.4,43.85,visualizou,1816,boleto,mobile,organico,nao,nao,qualidade,2,2.7,4,72,sim,ok,
VIT-00515,data_invalida,Salvador,BA,C7,calcado,produto_10,"692,29",50.3,pagamento,1375,boleto,desktop,email,nao,nao,qualidade,11,1.1,3,85,nao,procesado,
VIT-00516,2025-02-05,Uberlândia,MG,C459,roupa,produto_165,798.7,38.21,carrinhu,221,boleto,desktop,ads,sim,nao,tamanho,12,2.5,7,117,sim,ok,
VIT-00517,2025-07-15,Curitiba,pr,C196,roupa,produto_67,90.61,62.08,carrinho,216,cartao,desktop,organico,nao,nao,cor,5,4.2,3,109,nao,ok,
VIT-00518,03-24-2025,Salvador,ba,C457,acessorio,produto_29,297.66,15.73,carrinhu,1728,cartao,desktop,email,sim,nao,tamanho,22,2.3,6,105,sim,procesado,
VIT-00519,2025-09-10,Uberlândia,mg,C334,roupa,produto_146,"687,74",35.93,carrinho,1246,boleto,mobile,ads,sim,nao,qualidade,25,1.9,9,57,sim,ok,
VIT-00520,2025-10-28,São Paulo,SP,C439,acessorio,produto_105,706.68,55.63,carrinhu,72,pix,mobile,organico,sim,sim,tamanho,28,2.2,9,0,sim,ok,
VIT-00521,2025-01-31,Curitiba,pr,C242,roupaa,produto_62,244.6,42.12,pagamento,1687,pix,desktop,organico,sim,nao,qualidade,13,3.3,10,106,sim,procesado,
VIT-00522,31/01/2025,Uberlândia,mg,C408,lifestyle,produto_195,123.53,66.24,carrinho,1774,pix,desktop,ads,sim,nao,cor,23,2.5,1,68,sim,ok,
VIT-00523,2025-07-12,Uberlândia,MG,C118,roupaa,produto_86,185.36,17.96,compra,361,cartao,mobile,ads,sim,sim,qualidade,16,2.4,3,29,sim,procesado,
VIT-00524,04/02/2025,Uberlândia,MG,C463,calcado,produto_54,471.09,78.23,carrinhu,1230,boleto,mobile,organico,nao,nao,tamanho,7,4.2,6,80,sim,,
VIT-00525,2025-04-10,São Paulo,sp,C401,roupaa,produto_186,260.85,18.59,compra,1147,boleto,desktop,email,sim,nao,tamanho,15,2.1,0,108,sim,,
VIT-00526,07-29-2025,Curitiba,pr,C151,roupa,produto_139,747.76,40.95,carrinhu,696,pix,mobile,organico,nao,nao,cor,12,3.6,9,106,nao,ok,
VIT-00527,2025-10-26,Salvador,BA,C424,roupaa,produto_38,528.82,30.02,visualizou,933,,mobile,ads,nao,nao,cor,7,4.7,4,114,nao,,
VIT-00528,22/10/2025,São Paulo,sp,C394,roupaa,produto_142,492.23,73.81,carrinho,1224,,desktop,ads,sim,sim,,11,4.1,6,87,nao,ok,
VIT-00529,09-04-2025,São Paulo,sp,C212,roupaa,produto_126,601.54,12.04,pagamento,839,cartao,mobile,organico,nao,nao,tamanho,4,4.3,4,106,sim,procesado,
VIT-00530,2025-08-06,Curitiba,pr,C104,roupa,produto_27,419.81,69.94,compra,1892,,desktop,organico,sim,sim,tamanho,16,1.4,2,73,sim,procesado,
VIT-00531,15/09/2025,São Paulo,SP,C111,calcado,produto_127,516.4,71.59,visualizou,1416,cartao,mobile,ads,nao,nao,tamanho,18,1.4,7,76,sim,procesado,
VIT-00532,09-28-2025,Uberlândia,MG,C287,roupaa,produto_1,"684,02",18.28,carrinhu,1991,,mobile,ads,sim,nao,qualidade,28,1.2,9,9,nao,procesado,
VIT-00533,17/01/2025,Salvador,BA,C10,roupaa,produto_155,56.36,53.41,carrinhu,1729,pix,mobile,ads,nao,nao,cor,29,3.1,7,71,sim,procesado,
VIT-00534,18/08/2025,Curitiba,pr,C81,roupaa,produto_110,692.15,7.75,pagamento,1225,pix,mobile,organico,nao,nao,qualidade,19,3.9,3,114,sim,procesado,
VIT-00535,2025-03-06,São Paulo,SP,C328,acessorio,produto_22,110.81,41.04,carrinho,1262,,mobile,organico,sim,nao,qualidade,10,3.5,10,0,sim,,
VIT-00536,2025-02-16,Curitiba,PR,C122,acessorio,produto_140,433.75,65.34,visualizou,319,cartao,desktop,email,nao,nao,tamanho,12,2.4,6,44,nao,,
VIT-00537,2025-05-16,São Paulo,sp,C52,roupaa,produto_190,775.58,67.16,carrinhu,965,,mobile,organico,sim,sim,qualidade,30,2.2,3,46,sim,ok,
VIT-00538,2025-08-16,Salvador,BA,C195,roupa,produto_79,188.01,77.15,compra,957,cartao,desktop,ads,sim,nao,qualidade,23,2.0,1,71,nao,procesado,
VIT-00539,2025-04-10,Curitiba,pr,C61,roupaa,produto_49,756.79,77.54,carrinhu,1233,,mobile,email,nao,nao,tamanho,15,4.3,1,88,sim,,
VIT-00540,2025-10-11,Uberlândia,mg,C255,roupa,produto_33,"61,26",39.74,carrinhu,1521,pix,desktop,email,sim,nao,tamanho,11,4.6,10,115,nao,,
VIT-00541,2025-06-27,Curitiba,PR,C98,roupaa,produto_83,311.48,45.82,carrinhu,550,cartao,mobile,email,sim,nao,cor,10,4.1,3,81,nao,procesado,
VIT-00542,2025-03-04,Uberlândia,MG,C435,roupaa,produto_74,678.6,18.42,compra,1427,boleto,mobile,organico,sim,nao,tamanho,1,2.7,0,39,nao,procesado,
VIT-00543,2025-06-14,Uberlândia,MG,C472,roupaa,produto_126,734.94,68.47,carrinhu,369,,desktop,email,sim,nao,cor,21,3.3,8,60,sim,ok,
VIT-00544,2025-04-19,Curitiba,PR,C234,roupaa,produto_85,93.68,14.19,carrinho,1922,cartao,mobile,ads,nao,nao,,23,4.0,10,99,nao,ok,
VIT-00545,2025-08-15,São Paulo,SP,C146,roupa,produto_108,394.55,6.9,visualizou,450,cartao,desktop,organico,sim,nao,qualidade,7,1.8,9,94,nao,ok,
VIT-00546,2025-09-23,Curitiba,PR,C363,calcado,produto_67,213.74,13.98,carrinhu,429,pix,mobile,organico,sim,nao,tamanho,10,3.0,4,0,nao,procesado,
VIT-00547,2025-10-06,Salvador,ba,C404,roupaa,produto_84,365.59,0.34,compra,627,pix,mobile,email,sim,nao,tamanho,19,3.7,0,25,sim,ok,
VIT-00548,2025-03-20,Salvador,ba,C139,roupaa,produto_145,711.01,10.01,carrinhu,690,,mobile,organico,nao,nao,qualidade,16,2.4,3,60,nao,,
VIT-00549,07-23-2025,Salvador,ba,C237,roupa,produto_19,216.42,75.23,carrinhu,1697,,mobile,organico,nao,nao,,4,3.1,5,94,nao,procesado,
VIT-00550,2025-07-31,Curitiba,PR,C494,roupaa,produto_34,242.47,17.53,visualizou,970,cartao,desktop,organico,nao,nao,qualidade,7,1.2,7,84,sim,ok,
VIT-00551,2025-05-12,São Paulo,sp,C275,roupaa,produto_79,568.52,78.95,pagamento,1271,boleto,desktop,organico,sim,nao,,21,2.8,0,98,sim,procesado,
VIT-00552,2025-07-14,Salvador,ba,C284,roupaa,produto_2,724.07,50.15,visualizou,825,pix,desktop,ads,sim,nao,,16,2.0,1,74,sim,procesado,
VIT-00553,18/03/2025,Uberlândia,mg,C34,acessorio,produto_20,168.55,66.27,visualizou,1824,boleto,mobile,email,nao,nao,,13,5.0,1,77,nao,procesado,
VIT-00554,2025-06-15,São Paulo,SP,C259,roupa,produto_72,99.1,33.96,compra,1789,,desktop,ads,sim,nao,cor,1,2.4,4,99,sim,ok,
VIT-00555,2025-01-02,Salvador,ba,C207,roupaa,produto_127,65.92,78.51,carrinho,1473,,desktop,email,nao,nao,qualidade,22,4.2,0,58,nao,,
VIT-00556,2025-09-19,Curitiba,PR,C461,roupa,produto_111,548.94,64.37,carrinho,1380,pix,mobile,ads,nao,nao,,25,4.3,3,5,sim,ok,
VIT-00557,07-25-2025,Salvador,BA,C341,roupaa,produto_181,656.43,1.61,carrinhu,1840,cartao,mobile,email,nao,nao,,6,3.5,2,84,sim,procesado,
VIT-00558,2025-04-28,Salvador,ba,C286,roupaa,produto_28,202.24,67.25,carrinhu,1489,pix,desktop,email,sim,nao,qualidade,16,1.7,2,110,sim,ok,
VIT-00559,2025-08-28,Curitiba,pr,C16,roupaa,produto_127,"366,02",9.5,carrinhu,921,cartao,desktop,organico,sim,nao,cor,30,4.5,8,45,sim,,
VIT-00560,08-18-2025,Uberlândia,MG,C178,calcado,produto_46,370.02,65.99,pagamento,817,boleto,mobile,email,sim,nao,cor,17,3.4,3,3,sim,ok,
VIT-00561,2025-03-10,São Paulo,SP,C418,calcado,produto_130,"670,88",38.91,carrinhu,1408,,mobile,email,sim,nao,tamanho,12,3.7,8,54,sim,ok,
VIT-00562,2025-05-11,Curitiba,PR,C355,acessorio,produto_150,611.76,58.03,compra,1455,pix,mobile,organico,sim,nao,,2,4.3,10,100,nao,ok,
VIT-00563,2025-10-26,São Paulo,SP,C184,roupaa,produto_83,783.66,35.07,pagamento,1427,,desktop,email,sim,nao,,4,3.8,1,37,sim,,
VIT-00564,09-03-2025,Salvador,BA,C150,lifestyle,produto_154,473.47,37.65,carrinhu,459,pix,desktop,organico,sim,nao,cor,27,5.0,10,68,nao,procesado,
VIT-00565,01/01/2025,Salvador,ba,C131,roupaa,produto_176,"388,96",52.35,compra,1035,pix,desktop,ads,sim,sim,qualidade,13,2.1,0,1,sim,,
VIT-00566,2025-05-31,Salvador,BA,C6,roupaa,produto_175,692.65,14.65,carrinho,1525,pix,desktop,email,nao,nao,,29,4.0,6,12,sim,,
VIT-00567,2025-01-13,São Paulo,SP,C93,roupa,produto_121,618.07,59.9,carrinhu,25,pix,desktop,email,nao,nao,,28,1.2,4,90,sim,procesado,
VIT-00568,06-02-2025,Curitiba,PR,C299,roupa,produto_176,223.84,49.9,pagamento,162,boleto,desktop,organico,nao,nao,qualidade,7,4.8,5,42,sim,,
VIT-00569,09-15-2025,Uberlândia,mg,C398,roupaa,produto_177,"67,93",2.01,carrinhu,35,pix,desktop,email,sim,nao,,29,1.0,1,41,sim,,
VIT-00570,08-31-2025,Uberlândia,MG,C497,roupa,produto_15,542.13,66.19,carrinhu,479,cartao,mobile,organico,sim,nao,,20,3.6,8,92,nao,,
VIT-00571,2025-07-22,Uberlândia,mg,C120,roupaa,produto_185,396.45,46.67,carrinhu,38,pix,desktop,email,sim,nao,tamanho,17,4.5,2,118,nao,procesado,
VIT-00572,2025-06-15,Salvador,BA,C269,roupaa,produto_82,446.71,56.62,carrinho,98,,mobile,ads,nao,nao,qualidade,16,1.9,2,35,nao,,
VIT-00573,2025-07-11,Salvador,BA,C319,calcado,produto_124,255.62,77.83,visualizou,474,pix,mobile,organico,sim,nao,qualidade,28,2.6,4,108,sim,procesado,
VIT-00574,2025-05-04,São Paulo,SP,C62,roupaa,produto_191,67.22,35.04,carrinhu,703,boleto,desktop,organico,sim,nao,,6,3.0,3,26,sim,ok,
VIT-00575,2025-05-07,Curitiba,pr,C443,roupaa,produto_63,"238,04",5.84,carrinhu,391,cartao,desktop,ads,sim,nao,,20,2.6,2,31,nao,ok,
VIT-00576,2025-04-22,Uberlândia,MG,C209,roupa,produto_1,147.06,2.33,carrinhu,1594,cartao,desktop,organico,sim,sim,cor,1,4.1,7,54,nao,,
VIT-00577,2025-07-29,Uberlândia,mg,C301,calcado,produto_20,647.32,78.88,carrinhu,1335,cartao,desktop,ads,sim,nao,tamanho,5,1.2,6,115,nao,,
VIT-00578,2025-03-09,São Paulo,sp,C134,roupaa,produto_93,125.37,62.51,carrinhu,747,cartao,mobile,email,sim,nao,,17,1.2,0,11,sim,,
VIT-00579,14/07/2025,Salvador,ba,C379,roupa,produto_30,"52,91",35.15,visualizou,411,pix,desktop,ads,sim,sim,cor,22,3.6,8,30,nao,procesado,
VIT-00580,2025-01-01,Salvador,BA,C449,roupaa,produto_95,81.12,3.5,carrinho,1564,pix,mobile,ads,sim,nao,cor,12,3.0,8,50,nao,procesado,
VIT-00581,2025-03-28,Curitiba,pr,C482,roupa,produto_167,"414,21",5.3,carrinhu,1668,,desktop,ads,nao,nao,,1,2.7,10,24,sim,procesado,
VIT-00582,2025-06-11,São Paulo,SP,C169,acessorio,produto_26,675.15,53.72,carrinhu,1391,,mobile,organico,sim,nao,tamanho,11,3.1,5,70,nao,procesado,
VIT-00583,18/10/2025,São Paulo,sp,C270,roupaa,produto_130,395.62,8.38,carrinhu,345,cartao,mobile,organico,sim,sim,cor,13,4.1,0,80,nao,,
VIT-00584,2025-06-26,Salvador,BA,C230,acessorio,produto_50,499.66,64.67,carrinhu,1357,pix,desktop,email,sim,sim,qualidade,10,3.4,10,30,sim,ok,
VIT-00585,2025-08-26,Curitiba,pr,C340,roupa,produto_17,109.48,58.33,carrinho,214,,desktop,ads,sim,nao,tamanho,16,1.6,7,88,nao,procesado,
VIT-00586,09-28-2025,Salvador,BA,C448,roupaa,produto_150,219.89,61.74,compra,873,boleto,mobile,ads,sim,nao,,10,4.2,4,91,sim,ok,
VIT-00587,2025-07-26,Curitiba,PR,C3,calcado,produto_48,"771,36",39.31,compra,391,pix,desktop,ads,sim,nao,qualidade,12,3.2,10,93,sim,ok,
VIT-00588,2025-03-02,Curitiba,pr,C147,roupa,produto_154,323.93,58.04,visualizou,604,cartao,desktop,email,nao,nao,cor,22,4.6,7,20,nao,,
VIT-00589,08-22-2025,Curitiba,pr,C477,roupaa,produto_121,658.72,51.32,compra,1280,,desktop,organico,sim,sim,,29,2.0,4,96,nao,procesado,
VIT-00590,2025-05-31,Curitiba,PR,C239,roupa,produto_38,299.37,14.23,carrinhu,717,pix,desktop,email,nao,nao,,17,3.2,3,110,sim,ok,
VIT-00591,2025-05-07,Uberlândia,MG,C54,lifestyle,produto_5,276.18,3.0,carrinhu,1152,,desktop,email,sim,nao,cor,11,1.7,2,82,sim,ok,
VIT-00592,2025-04-01,Uberlândia,MG,C287,acessorio,produto_22,466.52,70.02,carrinhu,228,boleto,mobile,email,sim,nao,cor,27,2.1,1,11,sim,ok,
VIT-00593,2025-09-28,Uberlândia,mg,C395,roupaa,produto_25,"241,11",66.81,carrinhu,1664,boleto,desktop,ads,sim,nao,qualidade,8,1.5,4,9,nao,procesado,
VIT-00594,2025-08-11,São Paulo,sp,C336,calcado,produto_149,560.62,29.34,carrinhu,1742,cartao,mobile,ads,sim,sim,,13,3.6,1,67,nao,procesado,
VIT-00595,2025-08-03,Uberlândia,MG,C86,roupaa,produto_192,123.25,68.27,carrinhu,145,cartao,desktop,email,nao,nao,,10,1.6,4,95,nao,ok,
VIT-00596,2025-09-09,São Paulo,SP,C436,roupaa,produto_106,753.36,18.14,carrinhu,1849,,desktop,ads,sim,nao,qualidade,18,3.5,9,90,nao,ok,
VIT-00597,2025-07-31,Curitiba,pr,C20,roupaa,produto_136,686.42,29.54,carrinho,1388,cartao,desktop,email,nao,nao,qualidade,19,4.6,1,15,sim,procesado,
VIT-00598,06/02/2025,Uberlândia,mg,C20,roupaa,produto_88,404.57,27.26,carrinhu,1698,,mobile,email,sim,nao,qualidade,21,1.1,4,60,nao,,
VIT-00599,2025-02-19,Salvador,ba,C209,roupaa,produto_37,373.87,66.2,carrinhu,1603,,mobile,email,sim,nao,tamanho,21,4.5,5,2,sim,ok,
VIT-00600,2025-05-20,Uberlândia,MG,C280,calcado,produto_24,"639,98",72.19,carrinho,1677,pix,desktop,email,sim,nao,tamanho,30,4.5,8,111,nao,,
VIT-00601,2025-05-30,Curitiba,pr,C96,roupaa,produto_76,"546,88",12.07,carrinhu,6,pix,desktop,ads,nao,nao,cor,9,1.5,8,119,sim,,
VIT-00602,09-17-2025,Curitiba,PR,C432,calcado,produto_106,681.42,5.98,pagamento,659,cartao,desktop,ads,nao,nao,cor,20,1.7,9,109,sim,procesado,
VIT-00603,2025-03-03,Uberlândia,mg,C199,roupaa,produto_103,500.44,59.57,pagamento,20,boleto,mobile,organico,sim,sim,,28,1.3,8,5,sim,ok,
VIT-00604,2025-06-21,Uberlândia,MG,C362,roupa,produto_73,692.87,28.7,carrinhu,1236,boleto,mobile,organico,nao,nao,tamanho,12,1.3,7,118,sim,,
VIT-00605,2025-04-11,Uberlândia,mg,C220,roupaa,produto_83,306.84,18.75,visualizou,53,cartao,mobile,organico,nao,nao,tamanho,10,1.8,3,76,nao,ok,
VIT-00606,09-01-2025,Uberlândia,mg,C290,roupa,produto_57,657.53,14.32,carrinho,1071,,mobile,organico,sim,sim,qualidade,20,4.2,7,62,nao,procesado,
VIT-00607,2025-01-17,Uberlândia,mg,C143,roupa,produto_106,652.08,72.62,carrinhu,716,boleto,mobile,email,sim,nao,cor,24,3.1,3,57,nao,,
VIT-00608,2025-08-30,São Paulo,SP,C353,roupaa,produto_127,549.45,73.87,carrinhu,963,boleto,desktop,organico,sim,nao,cor,18,1.5,0,113,nao,,
VIT-00609,2025-02-25,Salvador,BA,C94,roupa,produto_183,670.16,60.1,carrinhu,1351,,mobile,ads,sim,nao,qualidade,11,4.6,1,75,nao,procesado,
VIT-00610,25/10/2025,Salvador,ba,C313,acessorio,produto_196,347.27,66.02,pagamento,1794,boleto,mobile,email,nao,nao,cor,12,4.9,1,51,nao,,
VIT-00611,05-25-2025,Curitiba,PR,C136,roupaa,produto_104,589.11,76.88,compra,626,boleto,mobile,email,sim,nao,cor,26,4.7,2,103,sim,procesado,
VIT-00612,2025-07-31,Curitiba,pr,C374,acessorio,produto_125,523.68,31.79,pagamento,1389,boleto,desktop,email,nao,nao,tamanho,26,1.7,6,32,sim,procesado,
VIT-00613,data_invalida,Salvador,ba,C325,calcado,produto_126,484.18,32.78,pagamento,637,boleto,desktop,ads,sim,sim,tamanho,28,3.8,8,103,nao,ok,
VIT-00614,21/02/2025,São Paulo,sp,C42,roupaa,produto_57,681.11,26.63,carrinhu,1961,,mobile,ads,sim,nao,cor,21,1.7,5,0,sim,,
VIT-00615,2025-03-05,Salvador,BA,C263,calcado,produto_22,"666,62",16.39,compra,1835,pix,desktop,email,sim,nao,cor,14,3.7,4,97,sim,procesado,
VIT-00616,04-29-2025,Salvador,BA,C112,calcado,produto_36,163.07,60.32,carrinhu,716,,mobile,email,sim,nao,cor,6,2.5,6,76,nao,procesado,
VIT-00617,data_invalida,Uberlândia,mg,C128,roupa,produto_52,522.48,43.05,carrinhu,630,boleto,desktop,organico,sim,nao,cor,24,1.2,0,97,sim,,
VIT-00618,2025-02-18,Uberlândia,MG,C165,roupaa,produto_11,505.91,5.23,carrinho,442,boleto,desktop,organico,nao,nao,,9,2.2,1,64,sim,ok,
VIT-00619,2025-06-09,Curitiba,pr,C18,roupa,produto_36,"587,56",17.67,visualizou,1555,,desktop,organico,nao,nao,,30,3.3,10,72,nao,,
VIT-00620,2025-05-08,Uberlândia,MG,C201,roupaa,produto_31,51.19,20.3,visualizou,804,cartao,mobile,ads,sim,nao,qualidade,24,1.0,5,42,sim,ok,
VIT-00621,2025-01-29,São Paulo,SP,C20,roupaa,produto_161,799.66,24.21,compra,1390,cartao,desktop,organico,sim,nao,cor,22,3.8,3,32,sim,procesado,
VIT-00622,2025-02-09,Curitiba,PR,C314,roupa,produto_47,115.3,72.64,carrinhu,971,boleto,desktop,email,sim,nao,qualidade,11,2.7,7,102,nao,procesado,
VIT-00623,2025-10-17,Salvador,BA,C219,roupaa,produto_179,558.56,73.09,visualizou,1116,,mobile,email,sim,sim,tamanho,8,2.9,5,17,sim,procesado,
VIT-00624,2025-06-20,Curitiba,pr,C339,roupaa,produto_178,561.86,38.59,visualizou,847,pix,desktop,email,nao,nao,qualidade,7,2.0,7,55,sim,procesado,
VIT-00625,2025-08-20,São Paulo,sp,C478,roupa,produto_110,"195,29",27.67,compra,1291,pix,desktop,email,sim,nao,,26,2.0,0,68,nao,,
VIT-00626,04/10/2025,Uberlândia,MG,C49,calcado,produto_178,788.06,25.78,carrinhu,251,,mobile,email,sim,nao,,28,4.2,0,78,sim,,
VIT-00627,23/08/2025,Salvador,ba,C465,lifestyle,produto_43,293.84,25.5,compra,446,boleto,mobile,email,sim,nao,cor,14,2.5,10,97,sim,,
VIT-00628,2025-08-17,Salvador,ba,C408,lifestyle,produto_92,706.95,35.98,carrinhu,238,pix,mobile,email,sim,nao,,12,4.8,5,76,nao,ok,
VIT-00629,2025-03-02,Curitiba,PR,C412,roupaa,produto_148,227.45,40.48,carrinhu,1992,pix,mobile,organico,nao,nao,cor,30,4.2,3,24,sim,ok,
VIT-00630,2025-09-24,São Paulo,SP,C332,roupaa,produto_107,"609,97",21.65,visualizou,1125,,mobile,organico,sim,nao,cor,3,1.1,2,0,nao,,
VIT-00631,2025-07-05,São Paulo,sp,C166,lifestyle,produto_16,312.45,16.04,compra,498,boleto,mobile,organico,sim,sim,,12,1.7,8,23,nao,ok,
VIT-00632,2025-02-03,Uberlândia,MG,C171,lifestyle,produto_186,595.24,52.22,carrinhu,1765,boleto,desktop,ads,nao,nao,qualidade,12,1.4,2,43,nao,ok,
VIT-00633,2025-10-08,São Paulo,SP,C285,roupaa,produto_89,378.69,17.57,carrinhu,989,boleto,desktop,organico,sim,nao,cor,16,1.6,6,42,nao,procesado,
VIT-00634,2025-08-25,Curitiba,PR,C214,acessorio,produto_180,377.38,43.79,compra,476,cartao,desktop,email,sim,nao,qualidade,22,1.6,10,103,sim,ok,
VIT-00635,data_invalida,São Paulo,SP,C355,roupaa,produto_189,795.33,65.08,carrinhu,999,pix,mobile,organico,sim,nao,cor,18,4.5,5,116,nao,ok,
VIT-00636,2025-04-22,Salvador,BA,C401,lifestyle,produto_27,596.65,58.99,carrinhu,328,cartao,mobile,organico,sim,nao,,7,4.5,4,80,nao,,
VIT-00637,2025-10-19,São Paulo,SP,C438,acessorio,produto_182,328.17,34.84,carrinho,1386,pix,mobile,email,nao,nao,cor,25,1.4,6,54,sim,,
VIT-00638,2025-06-01,Curitiba,pr,C486,acessorio,produto_177,390.4,60.91,carrinhu,1719,boleto,mobile,ads,nao,nao,qualidade,8,2.8,2,17,sim,ok,
VIT-00639,2025-01-28,São Paulo,SP,C352,roupa,produto_200,602.01,3.87,carrinhu,351,,mobile,organico,nao,nao,tamanho,14,3.0,9,4,nao,ok,
VIT-00640,data_invalida,Uberlândia,mg,C73,roupa,produto_64,460.48,66.53,pagamento,1718,cartao,mobile,organico,nao,nao,qualidade,14,4.5,0,82,nao,procesado,
VIT-00641,2025-08-05,Salvador,ba,C419,calcado,produto_44,"148,27",12.81,carrinho,466,pix,desktop,ads,nao,nao,,26,3.4,3,64,sim,procesado,
VIT-00642,2025-10-12,Curitiba,pr,C17,roupaa,produto_95,503.11,37.55,carrinhu,466,boleto,mobile,email,sim,nao,tamanho,12,1.4,1,120,sim,,
VIT-00643,2025-03-30,Salvador,BA,C197,lifestyle,produto_41,752.27,18.95,pagamento,1876,,mobile,organico,nao,nao,qualidade,14,1.8,2,22,nao,,
VIT-00644,2025-08-22,Curitiba,PR,C447,roupa,produto_123,620.27,1.31,carrinhu,435,boleto,mobile,email,sim,sim,cor,29,3.4,7,29,nao,ok,
VIT-00645,2025-02-08,Curitiba,PR,C25,roupaa,produto_172,664.4,72.08,carrinhu,1970,,mobile,email,sim,nao,cor,25,4.7,6,54,sim,,
VIT-00646,03/09/2025,Curitiba,PR,C103,roupaa,produto_55,529.12,43.93,carrinhu,174,,mobile,email,sim,nao,tamanho,30,4.0,4,83,nao,,
VIT-00647,11/04/2025,Uberlândia,mg,C473,calcado,produto_33,655.24,40.07,carrinhu,72,,mobile,ads,nao,nao,tamanho,19,1.4,9,2,sim,ok,
VIT-00648,07-12-2025,Curitiba,pr,C217,roupaa,produto_23,447.54,36.28,carrinhu,72,pix,desktop,ads,sim,nao,qualidade,3,2.6,2,77,nao,procesado,
VIT-00649,09-15-2025,Uberlândia,mg,C390,roupaa,produto_37,215.07,79.73,visualizou,358,boleto,desktop,ads,nao,nao,qualidade,15,1.7,4,113,sim,ok,
VIT-00650,2025-09-01,Salvador,ba,C475,roupaa,produto_114,695.34,75.64,carrinhu,1747,cartao,mobile,ads,nao,nao,tamanho,21,4.9,6,29,sim,,
VIT-00651,2025-02-19,Salvador,BA,C223,roupaa,produto_24,662.85,32.26,pagamento,387,cartao,mobile,ads,sim,nao,qualidade,4,2.8,10,109,sim,procesado,
VIT-00652,2025-07-26,Salvador,BA,C102,roupaa,produto_180,338.4,9.76,carrinho,613,boleto,mobile,ads,sim,nao,qualidade,8,4.4,0,108,nao,ok,
VIT-00653,2025-05-11,Salvador,BA,C366,roupaa,produto_144,"217,86",58.05,carrinhu,656,boleto,mobile,ads,nao,nao,qualidade,17,2.0,0,116,sim,,
VIT-00654,2025-06-22,Salvador,ba,C33,calcado,produto_89,293.88,68.44,carrinhu,1793,boleto,desktop,email,nao,nao,tamanho,1,3.0,7,74,nao,,
VIT-00655,2025-08-08,Curitiba,pr,C212,calcado,produto_10,167.9,64.38,pagamento,305,pix,mobile,organico,sim,nao,,8,4.3,8,50,sim,,
VIT-00656,2025-02-08,Uberlândia,MG,C412,roupaa,produto_4,395.25,38.19,carrinhu,1775,,desktop,email,nao,nao,tamanho,7,1.8,4,47,sim,procesado,
VIT-00657,2025-02-21,São Paulo,sp,C440,roupaa,produto_49,612.98,52.37,compra,214,,desktop,ads,sim,nao,,27,4.5,0,17,nao,ok,
VIT-00658,2025-06-21,Uberlândia,MG,C310,roupa,produto_56,"444,69",20.55,compra,1855,,mobile,organico,sim,nao,tamanho,9,4.5,5,32,sim,ok,
VIT-00659,2025-01-29,Curitiba,PR,C440,roupaa,produto_31,726.34,15.61,carrinhu,896,cartao,mobile,ads,nao,nao,cor,5,2.4,8,48,nao,,
VIT-00660,2025-08-16,Curitiba,pr,C479,roupa,produto_126,"117,15",77.29,compra,44,cartao,mobile,email,sim,nao,qualidade,29,4.8,3,23,nao,procesado,
VIT-00661,2025-04-05,Salvador,ba,C490,roupa,produto_188,782.17,60.3,carrinhu,226,,desktop,ads,sim,nao,cor,11,4.0,2,77,nao,ok,
VIT-00662,06-11-2025,Curitiba,PR,C75,roupaa,produto_147,239.24,72.27,carrinhu,1928,boleto,mobile,email,sim,nao,,28,3.3,6,46,sim,procesado,
VIT-00663,2025-04-27,São Paulo,SP,C257,roupa,produto_76,"291,06",13.83,carrinhu,85,boleto,desktop,ads,sim,nao,tamanho,1,1.0,4,120,nao,procesado,
VIT-00664,29/06/2025,São Paulo,sp,C425,roupa,produto_27,393.82,60.76,carrinhu,67,cartao,desktop,organico,sim,sim,tamanho,21,1.3,5,101,nao,procesado,
VIT-00665,2025-01-11,Curitiba,PR,C79,roupa,produto_181,703.58,64.02,carrinhu,1518,pix,mobile,organico,nao,nao,qualidade,16,4.5,8,15,nao,ok,
VIT-00666,2025-01-14,Curitiba,PR,C62,calcado,produto_130,756.69,54.27,pagamento,1663,pix,desktop,organico,nao,nao,cor,10,2.6,4,59,nao,,
VIT-00667,06-13-2025,Curitiba,pr,C35,roupaa,produto_57,113.9,79.77,pagamento,994,pix,mobile,email,sim,nao,,15,1.2,4,81,sim,ok,
VIT-00668,2025-10-20,Uberlândia,mg,C239,lifestyle,produto_7,"578,54",27.53,pagamento,729,boleto,desktop,ads,nao,nao,cor,25,3.7,7,45,nao,,
VIT-00669,2025-06-25,Salvador,ba,C453,lifestyle,produto_170,487.95,21.27,carrinhu,1114,cartao,mobile,organico,sim,sim,,26,2.9,8,27,nao,ok,
VIT-00670,2025-07-04,Uberlândia,mg,C55,roupaa,produto_50,450.19,44.36,carrinhu,657,boleto,mobile,email,sim,nao,qualidade,29,4.5,7,90,sim,,
VIT-00671,2025-04-03,Salvador,BA,C461,roupa,produto_86,275.31,66.67,carrinhu,1052,boleto,desktop,organico,nao,nao,cor,1,2.4,6,24,nao,procesado,
VIT-00672,2025-07-06,São Paulo,sp,C129,roupaa,produto_161,323.83,18.12,visualizou,133,pix,mobile,email,nao,nao,,6,3.7,7,14,sim,,
VIT-00673,05-31-2025,Salvador,ba,C290,roupaa,produto_115,780.95,31.77,compra,1199,,desktop,ads,sim,nao,,7,4.6,5,111,sim,procesado,
VIT-00674,2025-02-12,São Paulo,sp,C222,roupaa,produto_177,524.79,38.56,carrinhu,1503,boleto,mobile,organico,sim,nao,,23,2.0,1,43,nao,procesado,
VIT-00675,02-19-2025,Curitiba,PR,C213,roupaa,produto_193,614.57,21.7,carrinhu,880,pix,mobile,organico,nao,nao,cor,14,3.5,10,80,sim,ok,
VIT-00676,2025-06-24,Uberlândia,MG,C396,roupa,produto_37,255.6,32.0,pagamento,1208,boleto,desktop,email,nao,nao,cor,15,2.5,2,104,nao,procesado,
VIT-00677,24/09/2025,São Paulo,sp,C247,roupaa,produto_137,606.25,20.76,visualizou,908,cartao,mobile,organico,sim,nao,cor,1,4.2,7,64,sim,,
VIT-00678,23/02/2025,Salvador,ba,C58,calcado,produto_22,173.37,67.25,carrinhu,623,boleto,desktop,email,nao,nao,tamanho,3,4.5,7,70,sim,ok,
VIT-00679,2025-06-03,São Paulo,SP,C86,roupaa,produto_78,95.09,30.88,carrinhu,626,pix,mobile,ads,sim,nao,,7,4.3,9,116,nao,ok,
VIT-00680,2025-08-05,São Paulo,SP,C190,calcado,produto_94,307.44,65.02,pagamento,1996,boleto,mobile,ads,nao,nao,cor,8,1.5,5,75,sim,ok,
VIT-00681,2025-04-22,São Paulo,sp,C73,calcado,produto_33,69.26,59.51,pagamento,1625,,mobile,email,nao,nao,cor,27,3.9,4,7,sim,procesado,
VIT-00682,data_invalida,Curitiba,PR,C111,calcado,produto_143,338.02,40.2,pagamento,1709,pix,mobile,ads,nao,nao,tamanho,3,1.7,2,95,nao,procesado,
VIT-00683,10-08-2025,São Paulo,sp,C15,calcado,produto_61,"759,68",61.79,carrinhu,1074,,mobile,organico,sim,nao,qualidade,7,1.8,8,69,nao,procesado,
VIT-00684,08-13-2025,Salvador,ba,C99,roupaa,produto_151,533.44,4.84,carrinhu,1344,pix,mobile,organico,sim,sim,tamanho,21,1.8,3,9,sim,,
VIT-00685,2025-08-02,Curitiba,pr,C11,roupaa,produto_100,726.58,33.33,carrinhu,1771,,desktop,email,sim,nao,tamanho,27,2.5,3,91,nao,,
VIT-00686,2025-03-21,São Paulo,sp,C153,roupaa,produto_122,476.98,13.55,visualizou,258,cartao,desktop,ads,sim,nao,,23,1.1,3,27,sim,,
VIT-00687,2025-06-19,Curitiba,pr,C127,roupaa,produto_130,"419,87",20.77,carrinhu,901,,desktop,email,sim,sim,,19,1.7,3,110,nao,ok,
VIT-00688,data_invalida,Uberlândia,mg,C119,acessorio,produto_91,147.99,41.62,carrinhu,1928,,mobile,email,sim,nao,qualidade,9,4.7,3,58,nao,,
VIT-00689,2025-01-28,Salvador,ba,C20,acessorio,produto_49,538.22,20.81,carrinho,659,pix,desktop,organico,sim,sim,tamanho,2,4.0,7,108,sim,procesado,
VIT-00690,2025-04-27,Curitiba,PR,C174,roupaa,produto_130,404.69,53.42,compra,401,pix,desktop,email,sim,nao,cor,10,4.6,3,11,sim,procesado,
VIT-00691,data_invalida,Curitiba,pr,C36,roupaa,produto_23,718.74,63.72,carrinhu,45,cartao,mobile,email,sim,nao,cor,13,1.8,5,109,sim,ok,
VIT-00692,2025-09-22,Curitiba,pr,C384,calcado,produto_18,81.12,24.87,carrinhu,696,pix,desktop,email,sim,nao,,28,3.9,3,56,nao,ok,
VIT-00693,2025-04-21,Uberlândia,mg,C435,roupaa,produto_72,104.28,55.05,carrinhu,277,boleto,desktop,email,sim,nao,qualidade,8,4.6,6,21,nao,ok,
VIT-00694,2025-05-27,São Paulo,sp,C194,calcado,produto_75,337.58,10.32,compra,1000,boleto,desktop,organico,sim,nao,tamanho,17,4.3,8,9,nao,,
VIT-00695,2025-05-06,Curitiba,pr,C281,roupaa,produto_36,143.76,4.15,carrinhu,1780,boleto,desktop,ads,nao,nao,,25,3.9,5,120,nao,,
VIT-00696,04-04-2025,São Paulo,sp,C358,roupaa,produto_51,664.3,20.33,visualizou,416,boleto,desktop,email,sim,nao,,28,3.7,1,86,nao,procesado,
VIT-00697,2025-10-21,Uberlândia,MG,C34,roupaa,produto_11,406.72,14.79,carrinhu,1894,pix,desktop,email,sim,nao,qualidade,18,4.8,4,119,sim,,
VIT-00698,2025-05-10,Uberlândia,mg,C455,roupaa,produto_187,322.6,51.39,visualizou,1781,pix,mobile,organico,nao,nao,,24,1.0,7,23,nao,ok,
VIT-00699,2025-08-23,Uberlândia,MG,C478,roupaa,produto_92,343.44,57.86,compra,84,pix,mobile,ads,sim,sim,,2,3.5,2,96,nao,ok,
VIT-00700,2025-06-29,Curitiba,PR,C374,roupaa,produto_104,"98,09",72.82,compra,557,pix,desktop,email,sim,nao,cor,20,3.1,3,6,sim,procesado,
VIT-00701,data_invalida,Curitiba,PR,C54,roupaa,produto_33,756.7,56.5,carrinhu,1159,pix,mobile,email,nao,nao,qualidade,25,3.3,4,102,sim,ok,
VIT-00702,2025-06-22,Uberlândia,mg,C267,lifestyle,produto_199,767.73,64.36,visualizou,484,cartao,desktop,ads,nao,nao,tamanho,13,4.7,1,56,sim,,
VIT-00703,2025-07-09,Salvador,BA,C418,lifestyle,produto_68,665.08,23.3,carrinhu,1140,pix,mobile,email,sim,sim,tamanho,13,2.6,5,119,sim,,
VIT-00704,data_invalida,Curitiba,pr,C360,calcado,produto_93,"477,97",71.72,visualizou,1635,pix,desktop,ads,nao,nao,,12,4.0,5,75,sim,ok,
VIT-00705,2025-07-03,São Paulo,SP,C423,roupa,produto_198,641.86,46.91,visualizou,1637,,mobile,email,nao,nao,tamanho,10,2.3,10,57,sim,,
VIT-00706,2025-08-15,Uberlândia,mg,C216,roupa,produto_157,706.0,48.35,carrinhu,381,cartao,mobile,ads,nao,nao,tamanho,24,1.6,4,92,nao,procesado,
VIT-00707,2025-05-01,Salvador,BA,C118,roupaa,produto_169,660.07,50.61,compra,298,pix,desktop,email,sim,nao,tamanho,22,4.1,1,2,sim,ok,
VIT-00708,2025-01-23,São Paulo,sp,C225,calcado,produto_93,537.83,75.05,carrinhu,389,,mobile,email,sim,nao,cor,15,2.1,10,82,nao,,
VIT-00709,2025-09-21,Salvador,ba,C40,roupa,produto_153,710.02,60.39,visualizou,58,cartao,mobile,organico,sim,nao,cor,12,3.8,2,99,nao,,
VIT-00710,data_invalida,Curitiba,PR,C360,calcado,produto_131,490.55,7.95,compra,817,boleto,desktop,organico,sim,sim,cor,2,4.8,10,23,sim,ok,
VIT-00711,06-14-2025,Curitiba,pr,C281,calcado,produto_183,432.96,20.27,pagamento,1537,boleto,mobile,email,nao,nao,,5,1.1,8,68,nao,,
VIT-00712,02-26-2025,Salvador,BA,C477,calcado,produto_122,604.52,32.51,pagamento,1152,boleto,desktop,organico,nao,nao,,6,2.0,1,49,nao,procesado,
VIT-00713,2025-03-29,Curitiba,PR,C231,calcado,produto_178,746.18,61.94,carrinho,1523,,desktop,organico,sim,sim,tamanho,8,1.4,2,53,sim,ok,
VIT-00714,05-13-2025,Curitiba,PR,C90,roupaa,produto_65,339.76,24.93,pagamento,916,boleto,desktop,ads,nao,nao,tamanho,13,3.3,7,90,sim,,
VIT-00715,04-26-2025,São Paulo,sp,C391,roupa,produto_32,623.56,45.46,carrinhu,672,boleto,mobile,organico,sim,nao,,19,2.6,3,15,nao,procesado,
VIT-00716,2025-02-21,Salvador,ba,C60,roupaa,produto_122,763.34,9.21,carrinhu,906,boleto,desktop,organico,sim,nao,qualidade,15,1.6,0,119,sim,,
VIT-00717,2025-05-10,Salvador,ba,C150,calcado,produto_122,798.17,34.14,carrinhu,1207,,mobile,ads,sim,sim,cor,14,4.5,9,110,sim,,
VIT-00718,2025-05-30,Curitiba,pr,C480,roupaa,produto_169,333.74,31.28,pagamento,418,cartao,mobile,ads,sim,nao,tamanho,27,2.3,6,10,nao,ok,
VIT-00719,data_invalida,São Paulo,SP,C275,calcado,produto_179,"796,02",65.1,carrinhu,1788,,desktop,organico,nao,nao,tamanho,29,3.7,6,15,sim,,
VIT-00720,2025-07-15,São Paulo,SP,C269,calcado,produto_10,707.88,76.59,carrinhu,676,,desktop,email,nao,nao,cor,27,4.6,7,115,nao,,
VIT-00721,2025-04-08,Salvador,ba,C36,roupaa,produto_1,116.16,32.78,visualizou,1321,pix,mobile,email,nao,nao,,15,2.4,2,31,nao,ok,
VIT-00722,2025-05-24,Uberlândia,mg,C33,roupaa,produto_164,69.42,29.71,visualizou,1116,cartao,mobile,organico,nao,nao,tamanho,23,4.7,8,103,nao,procesado,
VIT-00723,2025-02-23,Uberlândia,MG,C120,calcado,produto_104,398.21,58.42,carrinhu,1551,pix,mobile,organico,nao,nao,qualidade,18,1.0,0,112,nao,,
VIT-00724,2025-10-28,Curitiba,pr,C152,roupa,produto_153,426.81,7.03,carrinhu,374,cartao,mobile,organico,sim,nao,qualidade,23,3.0,1,91,nao,,
VIT-00725,2025-09-03,Uberlândia,mg,C485,roupaa,produto_13,597.38,31.01,carrinhu,1012,,desktop,email,sim,sim,,3,5.0,6,65,sim,procesado,
VIT-00726,10-13-2025,Curitiba,PR,C483,roupaa,produto_44,141.04,43.98,visualizou,1434,pix,desktop,email,sim,nao,tamanho,8,1.3,1,102,sim,procesado,
VIT-00727,2025-07-06,Salvador,BA,C57,calcado,produto_138,55.2,79.92,carrinhu,912,,mobile,ads,sim,nao,cor,7,1.7,9,92,nao,ok,
VIT-00728,2025-01-14,Salvador,ba,C461,roupaa,produto_135,544.79,76.47,carrinhu,940,cartao,mobile,ads,sim,nao,qualidade,29,4.1,6,41,nao,procesado,
VIT-00729,2025-07-11,Curitiba,pr,C114,calcado,produto_193,698.93,52.34,carrinhu,339,boleto,desktop,email,nao,nao,,6,4.7,9,36,sim,procesado,
VIT-00730,2025-08-15,Salvador,ba,C323,roupaa,produto_27,233.54,2.29,compra,1169,,desktop,email,sim,nao,,4,4.7,1,83,sim,procesado,
VIT-00731,2025-10-02,Salvador,ba,C204,roupaa,produto_137,"799,89",46.93,visualizou,1836,,desktop,ads,sim,nao,tamanho,20,1.1,3,6,nao,procesado,
VIT-00732,2025-02-15,Salvador,BA,C428,calcado,produto_17,241.9,41.79,carrinhu,568,cartao,mobile,ads,sim,nao,,2,4.6,7,81,nao,,
VIT-00733,2025-01-05,Salvador,BA,C275,calcado,produto_102,370.31,5.2,carrinho,324,cartao,mobile,organico,nao,nao,cor,13,4.3,8,93,sim,ok,
VIT-00734,2025-03-21,Salvador,BA,C489,roupaa,produto_28,475.1,67.77,pagamento,1030,,mobile,email,sim,nao,cor,11,2.8,7,53,sim,procesado,
VIT-00735,08-11-2025,São Paulo,sp,C440,calcado,produto_77,"503,89",46.47,carrinho,1107,pix,mobile,email,sim,nao,tamanho,10,2.5,2,46,sim,ok,
VIT-00736,28/09/2025,Salvador,BA,C388,roupaa,produto_122,753.37,70.7,compra,1910,pix,mobile,organico,sim,nao,,23,1.8,3,23,sim,ok,
VIT-00737,2025-09-17,São Paulo,SP,C289,calcado,produto_53,143.41,31.82,carrinho,997,pix,mobile,email,nao,nao,tamanho,1,3.9,10,107,nao,ok,
VIT-00738,2025-03-10,Salvador,ba,C426,roupaa,produto_144,439.1,45.42,carrinhu,1523,boleto,mobile,organico,nao,nao,,8,1.3,4,8,nao,ok,
VIT-00739,2025-03-06,Salvador,BA,C45,roupaa,produto_137,"742,21",50.09,pagamento,311,pix,mobile,ads,sim,nao,qualidade,17,3.4,10,46,nao,,
VIT-00740,2025-06-30,São Paulo,sp,C493,roupaa,produto_159,357.33,59.53,carrinhu,938,pix,mobile,organico,sim,nao,qualidade,11,2.9,5,46,nao,procesado,
VIT-00741,2025-06-18,São Paulo,SP,C470,roupaa,produto_200,"314,5",52.92,carrinhu,533,boleto,mobile,organico,sim,sim,tamanho,9,4.6,6,92,sim,procesado,
VIT-00742,2025-01-26,São Paulo,sp,C215,roupaa,produto_75,348.83,39.29,carrinhu,1751,,desktop,email,sim,sim,cor,10,3.3,8,5,nao,procesado,
VIT-00743,2025-06-30,Salvador,ba,C22,roupaa,produto_78,707.55,11.29,carrinhu,484,cartao,desktop,organico,sim,nao,qualidade,14,5.0,9,50,nao,,
VIT-00744,2025-06-09,Curitiba,PR,C160,roupaa,produto_139,661.94,29.58,carrinhu,325,,desktop,email,sim,nao,,13,2.1,5,103,sim,ok,
VIT-00745,2025-06-02,São Paulo,sp,C83,roupaa,produto_112,498.24,56.39,visualizou,1738,cartao,mobile,email,sim,nao,tamanho,30,2.8,1,95,nao,ok,
VIT-00746,2025-07-20,São Paulo,sp,C45,roupa,produto_22,"610,72",44.85,carrinhu,373,cartao,desktop,ads,sim,sim,qualidade,8,4.8,7,105,nao,,
VIT-00747,26/09/2025,São Paulo,sp,C379,roupaa,produto_1,191.87,15.14,carrinho,1966,cartao,desktop,email,sim,nao,cor,15,2.6,8,60,nao,ok,
VIT-00748,07/10/2025,Salvador,BA,C316,roupaa,produto_148,211.48,30.51,carrinhu,68,pix,mobile,email,nao,nao,cor,7,3.5,3,62,nao,ok,
VIT-00749,2025-07-24,São Paulo,SP,C322,roupaa,produto_92,155.7,17.79,carrinhu,1972,cartao,mobile,ads,nao,nao,cor,9,4.3,9,11,sim,ok,
VIT-00750,2025-01-17,Curitiba,pr,C204,roupaa,produto_11,310.19,14.87,pagamento,1026,cartao,desktop,email,nao,nao,tamanho,6,2.3,3,33,nao,procesado,
VIT-00751,2025-08-14,Uberlândia,MG,C345,roupaa,produto_137,"101,45",76.86,carrinhu,722,,desktop,email,sim,sim,qualidade,17,5.0,2,46,nao,ok,
VIT-00752,2025-03-29,Curitiba,PR,C164,roupaa,produto_137,84.87,78.0,carrinhu,1534,,desktop,ads,nao,nao,qualidade,17,2.6,8,59,nao,ok,
VIT-00753,2025-06-24,Curitiba,PR,C200,roupaa,produto_120,115.17,77.97,carrinhu,568,boleto,desktop,ads,sim,nao,tamanho,28,2.8,7,35,sim,,
VIT-00754,03-05-2025,São Paulo,SP,C249,roupaa,produto_86,"54,35",65.26,carrinho,661,boleto,mobile,email,sim,nao,cor,6,4.7,2,96,nao,ok,
VIT-00755,2025-02-04,Uberlândia,mg,C168,roupaa,produto_172,684.52,63.82,compra,1737,,mobile,organico,sim,nao,cor,23,4.7,5,32,nao,,
VIT-00756,2025-01-10,Uberlândia,mg,C310,roupaa,produto_18,"274,96",1.97,visualizou,584,pix,mobile,organico,sim,nao,cor,8,3.8,10,115,sim,,
VIT-00757,2025-07-23,São Paulo,sp,C462,calcado,produto_40,608.48,8.08,carrinhu,805,pix,desktop,organico,sim,nao,,6,4.2,0,119,nao,,
VIT-00758,2025-01-08,Uberlândia,mg,C296,roupaa,produto_7,97.92,64.93,visualizou,1524,,desktop,organico,sim,nao,,23,4.8,4,95,nao,,
VIT-00759,2025-07-13,Curitiba,pr,C317,roupaa,produto_168,421.77,62.2,carrinhu,1667,,mobile,email,nao,nao,cor,14,4.0,1,76,nao,procesado,
VIT-00760,2025-07-21,São Paulo,SP,C463,roupaa,produto_116,517.56,34.09,carrinhu,1119,cartao,mobile,email,sim,sim,cor,24,3.5,9,95,nao,procesado,
VIT-00761,2025-07-30,Salvador,BA,C448,roupaa,produto_36,784.01,29.19,carrinhu,839,cartao,desktop,email,sim,nao,qualidade,14,3.1,3,27,sim,procesado,
VIT-00762,2025-09-19,Salvador,BA,C30,roupaa,produto_80,"130,65",63.23,carrinhu,981,pix,mobile,organico,sim,sim,tamanho,9,3.1,10,22,nao,,
VIT-00763,2025-10-06,Curitiba,pr,C97,roupaa,produto_38,286.18,13.55,pagamento,546,boleto,mobile,ads,sim,nao,tamanho,7,1.7,0,105,sim,,
VIT-00764,2025-04-12,Salvador,ba,C447,roupaa,produto_72,511.84,27.36,carrinhu,1771,boleto,desktop,ads,sim,nao,cor,10,4.7,4,70,sim,ok,
VIT-00765,2025-01-08,Salvador,BA,C358,roupaa,produto_154,717.15,31.24,carrinhu,85,boleto,mobile,organico,sim,nao,qualidade,14,4.8,3,53,sim,,
VIT-00766,2025-05-17,Uberlândia,mg,C191,roupaa,produto_13,154.01,71.63,carrinho,1181,boleto,mobile,organico,sim,nao,cor,2,2.3,0,63,nao,ok,
VIT-00767,2025-05-30,Uberlândia,MG,C340,roupaa,produto_180,131.29,3.7,carrinhu,1973,cartao,desktop,email,nao,nao,,29,1.6,7,12,nao,procesado,
VIT-00768,2025-03-30,Uberlândia,mg,C403,calcado,produto_24,"94,56",7.93,visualizou,1986,pix,mobile,organico,sim,nao,tamanho,23,3.3,7,88,sim,procesado,
VIT-00769,2025-07-24,São Paulo,sp,C478,calcado,produto_31,117.4,77.15,carrinho,1018,cartao,desktop,ads,nao,nao,qualidade,27,1.4,3,12,nao,ok,
VIT-00770,2025-04-18,Curitiba,PR,C421,roupa,produto_107,427.14,26.77,carrinhu,839,cartao,desktop,email,sim,nao,,30,1.2,7,23,nao,ok,
VIT-00771,2025-03-22,São Paulo,sp,C162,calcado,produto_57,"306,85",40.46,compra,714,,mobile,ads,sim,nao,qualidade,26,2.7,5,52,sim,,
VIT-00772,2025-01-10,Salvador,BA,C39,acessorio,produto_184,481.14,26.87,compra,1386,pix,mobile,email,sim,nao,cor,18,2.7,8,75,nao,ok,
VIT-00773,03-20-2025,Uberlândia,MG,C492,calcado,produto_197,135.83,39.1,compra,44,pix,desktop,organico,sim,nao,cor,1,1.1,2,119,sim,ok,
VIT-00774,2025-09-17,Curitiba,PR,C435,calcado,produto_84,97.47,74.89,compra,626,,mobile,ads,sim,nao,,16,3.6,6,50,sim,procesado,
VIT-00775,2025-04-13,Salvador,ba,C410,roupaa,produto_173,141.94,6.21,carrinhu,593,,mobile,ads,sim,nao,,12,2.1,8,58,sim,procesado,
VIT-00776,data_invalida,Salvador,BA,C427,roupa,produto_83,"417,46",32.52,visualizou,1286,,mobile,ads,sim,nao,qualidade,11,3.8,2,76,sim,,
VIT-00777,2025-09-24,Salvador,BA,C72,calcado,produto_59,617.73,75.67,compra,1112,cartao,desktop,organico,sim,nao,qualidade,20,1.2,5,68,nao,ok,
VIT-00778,2025-05-28,São Paulo,SP,C376,roupaa,produto_111,679.84,22.35,carrinhu,937,boleto,desktop,ads,sim,nao,,13,4.2,2,60,sim,,
VIT-00779,data_invalida,Uberlândia,mg,C69,acessorio,produto_185,569.7,1.51,compra,286,cartao,desktop,email,sim,nao,tamanho,14,2.1,7,36,nao,ok,
VIT-00780,09-19-2025,Salvador,BA,C480,roupaa,produto_162,194.45,62.5,carrinhu,53,cartao,desktop,ads,sim,nao,cor,28,4.2,2,33,nao,ok,
VIT-00781,2025-09-06,Uberlândia,MG,C393,roupaa,produto_179,210.62,78.85,carrinhu,924,,desktop,ads,nao,nao,cor,27,2.5,3,8,sim,ok,
VIT-00782,2025-06-19,Salvador,BA,C220,roupa,produto_191,"632,75",6.76,carrinhu,1771,cartao,desktop,organico,sim,nao,tamanho,3,4.7,8,30,sim,,
VIT-00783,2025-06-09,Curitiba,pr,C280,calcado,produto_94,191.32,69.31,carrinhu,1195,boleto,mobile,organico,nao,nao,tamanho,7,3.2,2,9,sim,ok,
VIT-00784,2025-06-13,Salvador,ba,C205,roupaa,produto_29,123.16,61.88,visualizou,1618,pix,mobile,organico,nao,nao,tamanho,16,3.7,1,18,sim,ok,
VIT-00785,2025-09-24,São Paulo,SP,C257,roupa,produto_98,"729,08",11.49,carrinhu,1215,pix,mobile,email,sim,sim,qualidade,19,4.0,4,2,nao,procesado,
VIT-00786,2025-03-24,São Paulo,sp,C20,acessorio,produto_193,"531,25",30.22,pagamento,1868,,mobile,email,sim,sim,,18,3.1,2,1,sim,ok,
VIT-00787,2025-04-01,São Paulo,sp,C235,roupaa,produto_114,507.92,7.77,carrinhu,1330,,desktop,ads,sim,sim,cor,2,3.8,10,93,sim,,
VIT-00788,2025-01-14,Uberlândia,mg,C310,roupaa,produto_195,90.78,46.92,carrinhu,158,pix,mobile,email,sim,nao,,12,2.4,8,31,sim,ok,
VIT-00789,2025-05-15,São Paulo,sp,C140,roupaa,produto_145,"238,13",21.75,carrinhu,1043,cartao,mobile,email,sim,nao,cor,12,4.8,3,0,sim,procesado,
VIT-00790,2025-05-05,Salvador,ba,C134,roupa,produto_10,"371,69",23.05,visualizou,1061,boleto,desktop,organico,nao,nao,cor,25,3.2,1,120,sim,procesado,
VIT-00791,06-04-2025,Uberlândia,MG,C427,roupa,produto_85,135.87,60.52,compra,582,cartao,mobile,email,sim,nao,cor,7,3.1,9,9,nao,procesado,
VIT-00792,2025-05-09,Salvador,BA,C367,calcado,produto_181,483.99,53.33,pagamento,1507,pix,desktop,email,sim,nao,,8,2.0,7,71,sim,ok,
VIT-00793,2025-08-16,Salvador,BA,C75,acessorio,produto_51,"419,49",71.06,compra,1583,cartao,mobile,ads,sim,nao,,22,2.8,10,3,sim,procesado,
VIT-00794,2025-09-24,Curitiba,pr,C449,acessorio,produto_80,227.35,12.02,carrinhu,856,boleto,mobile,ads,nao,nao,qualidade,27,2.1,2,18,nao,ok,
VIT-00795,2025-10-07,São Paulo,SP,C479,roupaa,produto_92,768.55,56.67,carrinhu,1029,cartao,mobile,email,nao,nao,qualidade,2,4.9,9,58,sim,,
VIT-00796,28/03/2025,São Paulo,SP,C424,roupaa,produto_71,420.37,46.7,pagamento,1465,,desktop,email,nao,nao,,1,2.3,1,67,nao,ok,
VIT-00797,2025-08-19,Salvador,BA,C381,roupaa,produto_99,569.23,14.58,carrinhu,1268,cartao,desktop,organico,sim,nao,cor,8,4.3,0,92,nao,ok,
VIT-00798,2025-03-08,Salvador,BA,C156,roupa,produto_146,"361,47",17.04,carrinhu,1759,boleto,desktop,ads,sim,nao,tamanho,12,2.8,5,0,sim,procesado,
VIT-00799,2025-09-04,Curitiba,PR,C306,roupa,produto_41,614.39,14.09,carrinho,286,pix,desktop,organico,nao,nao,qualidade,2,4.5,2,56,nao,ok,
VIT-00800,2025-10-19,Curitiba,pr,C238,calcado,produto_184,"695,01",50.78,pagamento,1986,,desktop,email,sim,nao,cor,20,4.9,8,86,nao,procesado,
VIT-00801,2025-04-01,Uberlândia,mg,C423,roupa,produto_91,648.34,4.16,carrinhu,1290,cartao,desktop,ads,nao,nao,,7,1.3,2,53,nao,,
VIT-00802,2025-03-18,Salvador,ba,C157,roupa,produto_45,715.38,72.68,carrinhu,1595,,mobile,ads,sim,sim,,1,3.5,0,86,nao,ok,
VIT-00803,2025-10-06,São Paulo,sp,C452,roupaa,produto_134,"61,34",32.82,carrinhu,446,,desktop,email,sim,nao,tamanho,28,2.8,4,90,sim,,
VIT-00804,06-26-2025,Uberlândia,mg,C428,roupaa,produto_64,"708,52",70.31,pagamento,1100,boleto,desktop,ads,sim,nao,tamanho,14,4.8,4,67,nao,,
VIT-00805,2025-01-30,Salvador,ba,C37,roupaa,produto_193,"789,44",56.7,carrinhu,930,pix,mobile,organico,sim,sim,tamanho,8,3.1,2,51,nao,procesado,
VIT-00806,2025-07-22,Curitiba,PR,C43,roupa,produto_72,511.44,67.13,carrinhu,179,cartao,mobile,email,sim,nao,,3,2.9,10,76,nao,procesado,
VIT-00807,02-01-2025,Uberlândia,mg,C351,lifestyle,produto_174,462.99,8.38,visualizou,413,boleto,desktop,ads,nao,nao,,18,4.6,7,21,nao,,
VIT-00808,2025-02-14,Uberlândia,MG,C25,roupaa,produto_195,436.27,24.73,carrinho,34,cartao,mobile,email,nao,nao,cor,4,1.9,2,119,sim,,
VIT-00809,2025-03-09,Curitiba,pr,C109,roupa,produto_143,380.25,61.88,carrinhu,728,boleto,mobile,email,nao,nao,qualidade,19,4.8,9,111,sim,procesado,
VIT-00810,2025-04-20,Curitiba,pr,C244,calcado,produto_175,502.03,44.5,pagamento,127,pix,desktop,email,sim,nao,qualidade,4,4.9,5,48,sim,procesado,
VIT-00811,2025-04-05,Curitiba,PR,C170,roupaa,produto_76,513.05,59.04,carrinhu,438,pix,mobile,organico,sim,nao,cor,26,4.3,6,43,nao,procesado,
VIT-00812,2025-03-13,Curitiba,pr,C73,roupa,produto_48,407.82,77.77,visualizou,1066,,desktop,ads,nao,nao,,28,1.6,3,16,nao,ok,
VIT-00813,2025-05-31,São Paulo,SP,C125,roupaa,produto_28,270.45,52.97,compra,1808,pix,mobile,email,sim,nao,cor,28,4.7,0,80,sim,ok,
VIT-00814,2025-01-11,Salvador,BA,C285,roupaa,produto_39,"146,34",70.13,compra,281,,mobile,ads,sim,nao,,23,1.8,5,29,nao,,
VIT-00815,2025-07-08,São Paulo,SP,C56,roupaa,produto_97,"589,84",37.73,visualizou,1072,boleto,mobile,ads,sim,nao,cor,12,4.4,2,86,sim,,
VIT-00816,05-29-2025,São Paulo,SP,C495,roupaa,produto_162,518.91,60.66,carrinho,1104,pix,mobile,organico,nao,nao,cor,21,1.8,8,81,nao,,
VIT-00817,2025-10-25,Curitiba,PR,C302,roupaa,produto_110,"182,56",10.82,visualizou,514,,desktop,organico,nao,nao,tamanho,7,3.2,10,10,nao,,
VIT-00818,2025-03-04,Uberlândia,MG,C465,calcado,produto_39,769.34,5.79,carrinhu,1297,,mobile,ads,sim,nao,tamanho,13,4.9,7,25,nao,ok,
VIT-00819,2025-01-05,Uberlândia,mg,C267,roupaa,produto_35,647.73,0.26,carrinhu,1328,pix,mobile,email,nao,nao,qualidade,24,4.5,7,119,nao,,
VIT-00820,2025-07-04,Uberlândia,mg,C477,roupaa,produto_162,732.18,18.57,carrinhu,807,,mobile,email,sim,sim,,20,2.9,3,31,sim,,
VIT-00821,2025-10-10,Salvador,BA,C155,roupaa,produto_46,742.61,31.07,carrinhu,1355,boleto,mobile,organico,sim,nao,qualidade,13,4.7,7,120,nao,ok,
VIT-00822,04-16-2025,São Paulo,sp,C425,roupa,produto_29,593.52,9.0,carrinho,1758,cartao,desktop,organico,sim,nao,qualidade,30,4.6,4,96,sim,procesado,
VIT-00823,2025-09-01,Salvador,ba,C157,roupaa,produto_109,487.73,4.9,visualizou,1382,pix,mobile,ads,sim,nao,cor,6,3.6,6,104,nao,ok,
VIT-00824,2025-10-14,Salvador,BA,C67,roupaa,produto_155,179.5,56.52,carrinhu,1518,cartao,mobile,email,nao,nao,tamanho,13,2.5,8,45,nao,ok,
VIT-00825,2025-04-26,Curitiba,pr,C215,calcado,produto_54,560.27,20.16,pagamento,1779,cartao,mobile,ads,nao,nao,qualidade,12,3.9,4,63,nao,ok,
VIT-00826,2025-08-03,Uberlândia,MG,C115,calcado,produto_151,717.03,72.68,carrinhu,1639,pix,desktop,email,sim,nao,,18,4.4,9,34,nao,procesado,
VIT-00827,2025-06-07,Curitiba,PR,C272,roupaa,produto_119,267.1,63.87,carrinhu,1599,cartao,desktop,ads,sim,sim,,4,1.3,8,83,nao,,
VIT-00828,04-12-2025,Salvador,ba,C165,acessorio,produto_21,760.73,79.18,carrinhu,1382,pix,mobile,ads,nao,nao,cor,10,2.9,4,36,sim,,
VIT-00829,2025-08-05,Salvador,ba,C98,calcado,produto_99,130.64,75.32,carrinhu,864,boleto,mobile,ads,sim,nao,cor,19,2.6,4,19,sim,ok,
VIT-00830,2025-01-13,São Paulo,sp,C198,calcado,produto_11,295.78,29.39,carrinhu,951,cartao,mobile,ads,nao,nao,cor,15,4.5,5,66,nao,ok,
VIT-00831,2025-01-18,São Paulo,sp,C352,roupa,produto_56,220.08,61.39,carrinhu,771,boleto,mobile,ads,sim,nao,cor,20,4.4,1,71,nao,ok,
VIT-00832,17/05/2025,Curitiba,PR,C171,calcado,produto_122,463.45,63.23,compra,443,pix,mobile,ads,sim,sim,cor,27,4.2,4,106,sim,procesado,
VIT-00833,2025-05-27,Uberlândia,mg,C214,roupa,produto_84,167.48,34.96,carrinhu,1727,pix,desktop,email,nao,nao,tamanho,5,1.4,7,8,sim,procesado,
VIT-00834,2025-10-18,Salvador,ba,C480,roupa,produto_112,444.54,56.41,compra,1671,boleto,desktop,organico,sim,nao,qualidade,19,4.3,10,54,nao,procesado,
VIT-00835,2025-01-05,São Paulo,SP,C481,roupa,produto_128,505.37,1.8,pagamento,92,cartao,desktop,ads,sim,sim,tamanho,4,4.4,2,65,nao,ok,
VIT-00836,2025-03-29,Salvador,BA,C196,acessorio,produto_6,555.71,56.11,compra,723,pix,desktop,organico,sim,nao,,22,3.3,2,30,sim,ok,
VIT-00837,2025-02-20,Uberlândia,mg,C180,roupa,produto_164,355.97,35.54,visualizou,1847,cartao,desktop,ads,sim,nao,cor,12,2.9,1,77,nao,procesado,
VIT-00838,2025-08-13,Uberlândia,MG,C212,roupaa,produto_48,637.83,15.22,carrinhu,1443,pix,mobile,email,sim,nao,cor,9,1.2,4,3,nao,ok,
VIT-00839,2025-08-28,Uberlândia,mg,C468,calcado,produto_157,"155,92",52.05,carrinhu,373,cartao,desktop,ads,nao,nao,,5,1.1,5,107,sim,ok,
VIT-00840,2025-03-26,Curitiba,PR,C100,roupaa,produto_173,"739,02",67.8,pagamento,1425,,mobile,ads,nao,nao,,25,4.1,1,70,nao,procesado,
VIT-00841,2025-07-13,Curitiba,pr,C315,roupaa,produto_101,"212,36",57.7,visualizou,1693,pix,mobile,organico,sim,nao,,6,2.3,6,11,nao,,
VIT-00842,2025-02-21,Salvador,BA,C170,acessorio,produto_46,369.25,45.06,pagamento,203,boleto,desktop,email,sim,nao,tamanho,16,4.3,3,32,nao,,
VIT-00843,2025-02-08,Uberlândia,mg,C219,acessorio,produto_180,95.84,50.99,carrinho,629,boleto,mobile,email,sim,nao,qualidade,30,1.0,1,3,nao,ok,
VIT-00844,data_invalida,Curitiba,PR,C327,roupaa,produto_48,695.03,63.69,carrinhu,1993,cartao,mobile,organico,sim,nao,,4,4.6,5,87,nao,ok,
VIT-00845,2025-07-02,Uberlândia,mg,C395,roupaa,produto_169,635.38,2.39,carrinhu,869,cartao,desktop,ads,sim,nao,tamanho,30,4.4,2,19,sim,,
VIT-00846,2025-09-29,Uberlândia,mg,C408,roupaa,produto_24,425.43,37.11,carrinhu,1403,cartao,desktop,organico,sim,nao,,19,3.6,0,56,sim,ok,
VIT-00847,03-21-2025,Curitiba,PR,C493,roupaa,produto_198,480.18,3.94,carrinhu,1499,boleto,mobile,organico,sim,sim,,12,3.1,3,80,nao,procesado,
VIT-00848,2025-02-11,Uberlândia,MG,C2,acessorio,produto_43,610.69,26.33,compra,1246,pix,mobile,organico,sim,nao,,5,1.9,9,2,sim,,
VIT-00849,2025-05-23,Uberlândia,mg,C332,roupa,produto_17,559.45,14.71,compra,664,boleto,desktop,email,sim,nao,qualidade,12,1.1,10,65,sim,procesado,
VIT-00850,27/07/2025,Salvador,ba,C285,roupaa,produto_95,"344,07",4.7,compra,750,,desktop,organico,sim,nao,qualidade,19,2.3,2,35,nao,,
VIT-00851,09/01/2025,Salvador,BA,C363,roupa,produto_164,725.77,21.02,carrinhu,1362,boleto,mobile,ads,sim,nao,,12,2.8,6,18,sim,procesado,
VIT-00852,2025-03-09,Salvador,ba,C147,roupaa,produto_65,435.54,5.79,carrinhu,1781,boleto,desktop,ads,nao,nao,cor,19,2.4,2,116,nao,ok,
VIT-00853,2025-04-08,Uberlândia,mg,C101,roupaa,produto_69,"611,27",7.72,visualizou,403,cartao,mobile,organico,sim,nao,tamanho,7,3.3,3,84,nao,,
VIT-00854,31/07/2025,Curitiba,PR,C344,roupaa,produto_31,446.42,10.26,compra,1325,boleto,desktop,ads,sim,sim,tamanho,3,1.1,8,100,sim,procesado,
VIT-00855,07-30-2025,Salvador,ba,C496,roupa,produto_170,"775,82",16.45,carrinho,1249,boleto,desktop,organico,sim,nao,cor,28,1.6,5,47,sim,ok,
VIT-00856,07/01/2025,Curitiba,PR,C311,roupa,produto_175,394.49,23.95,pagamento,204,,desktop,ads,sim,nao,,18,3.1,7,101,nao,ok,
VIT-00857,2025-03-05,São Paulo,SP,C27,roupaa,produto_84,287.48,59.3,carrinhu,125,pix,mobile,organico,sim,nao,qualidade,23,1.6,5,89,sim,procesado,
VIT-00858,2025-05-13,Salvador,ba,C190,roupaa,produto_184,761.87,57.9,visualizou,806,cartao,mobile,email,nao,nao,qualidade,21,1.6,0,58,sim,procesado,
VIT-00859,2025-07-16,Salvador,BA,C277,acessorio,produto_35,104.84,11.07,carrinhu,1499,,mobile,ads,nao,nao,,9,2.9,10,71,sim,ok,
VIT-00860,2025-08-10,Uberlândia,MG,C210,calcado,produto_96,339.24,55.81,compra,1325,pix,mobile,email,sim,sim,cor,18,1.8,5,0,nao,,
VIT-00861,2025-06-06,Uberlândia,mg,C491,roupaa,produto_67,51.34,46.16,carrinho,149,cartao,desktop,organico,nao,nao,tamanho,25,1.6,10,70,sim,procesado,
VIT-00862,2025-06-11,Uberlândia,mg,C197,roupaa,produto_66,321.68,24.7,carrinhu,630,boleto,desktop,organico,nao,nao,tamanho,22,1.4,5,114,nao,procesado,
VIT-00863,2025-07-11,São Paulo,sp,C186,roupa,produto_72,557.96,52.72,carrinhu,862,,desktop,ads,sim,nao,qualidade,22,4.1,1,15,sim,procesado,
VIT-00864,14/07/2025,Salvador,ba,C112,roupa,produto_119,621.57,22.7,carrinho,1118,,mobile,organico,sim,nao,cor,10,2.9,6,70,nao,ok,
VIT-00865,2025-10-19,Salvador,BA,C449,roupaa,produto_17,580.43,68.13,carrinho,731,cartao,desktop,ads,sim,nao,,10,2.2,3,80,nao,ok,
VIT-00866,2025-04-22,São Paulo,sp,C286,lifestyle,produto_167,461.78,35.9,visualizou,1595,,mobile,email,nao,nao,tamanho,26,2.8,9,46,sim,,
VIT-00867,2025-03-28,São Paulo,sp,C436,calcado,produto_88,252.35,38.63,pagamento,1916,boleto,desktop,ads,nao,nao,tamanho,11,3.7,10,20,nao,,
VIT-00868,2025-02-14,Uberlândia,MG,C177,roupaa,produto_22,"730,55",28.8,carrinhu,624,,mobile,ads,sim,nao,,1,2.8,6,70,sim,procesado,
VIT-00869,2025-01-29,Salvador,BA,C345,roupaa,produto_71,183.25,68.91,carrinhu,1646,cartao,mobile,organico,sim,nao,tamanho,26,3.0,10,31,sim,procesado,
VIT-00870,2025-04-05,Salvador,BA,C156,calcado,produto_90,"145,92",48.53,carrinhu,1347,,mobile,email,sim,nao,cor,8,3.0,10,33,sim,procesado,
VIT-00871,2025-10-02,Curitiba,PR,C176,roupaa,produto_17,397.04,27.74,pagamento,369,pix,mobile,organico,sim,nao,qualidade,29,4.8,7,108,sim,ok,
VIT-00872,2025-03-24,Salvador,ba,C173,roupaa,produto_96,"432,45",45.64,pagamento,677,,desktop,ads,sim,nao,,17,2.2,7,115,sim,ok,
VIT-00873,2025-05-26,Curitiba,pr,C240,calcado,produto_121,226.97,41.04,visualizou,1553,cartao,desktop,ads,nao,nao,,24,2.9,7,104,sim,procesado,
VIT-00874,03/06/2025,Uberlândia,MG,C320,roupaa,produto_7,768.27,49.88,carrinhu,1819,pix,desktop,ads,sim,sim,tamanho,13,2.9,6,60,nao,procesado,
VIT-00875,2025-05-27,Uberlândia,mg,C117,roupaa,produto_171,92.33,62.62,compra,1243,cartao,mobile,ads,sim,nao,tamanho,12,1.9,7,26,sim,ok,
VIT-00876,02-06-2025,Salvador,BA,C388,calcado,produto_177,430.97,14.77,carrinhu,61,cartao,desktop,ads,sim,nao,,11,4.5,7,93,nao,,
VIT-00877,2025-09-12,Uberlândia,MG,C243,roupaa,produto_170,629.5,63.56,compra,953,boleto,mobile,organico,sim,nao,tamanho,29,1.4,0,34,sim,procesado,
VIT-00878,2025-07-04,São Paulo,SP,C342,roupa,produto_170,219.19,4.42,carrinhu,359,pix,desktop,ads,nao,nao,cor,22,2.8,10,31,nao,procesado,
VIT-00879,data_invalida,São Paulo,sp,C325,roupa,produto_53,178.03,28.57,pagamento,278,cartao,desktop,organico,sim,sim,qualidade,17,2.9,7,102,sim,ok,
VIT-00880,17/04/2025,Salvador,BA,C37,roupaa,produto_23,380.17,50.83,carrinhu,1145,cartao,desktop,email,sim,nao,qualidade,6,1.7,10,82,sim,ok,
VIT-00881,2025-02-23,São Paulo,SP,C357,roupaa,produto_52,525.98,10.22,compra,263,pix,desktop,organico,sim,nao,,20,2.5,6,12,sim,,
VIT-00882,2025-09-03,São Paulo,SP,C88,roupa,produto_180,219.21,29.24,carrinhu,1182,boleto,mobile,email,sim,nao,tamanho,10,1.7,2,97,sim,,
VIT-00883,2025-10-23,Curitiba,pr,C217,acessorio,produto_155,115.49,46.88,compra,1034,cartao,mobile,organico,sim,nao,,16,3.0,6,88,nao,,
VIT-00884,2025-03-22,São Paulo,SP,C439,lifestyle,produto_129,"461,06",43.9,visualizou,447,,desktop,email,sim,nao,cor,25,4.2,9,82,sim,procesado,
VIT-00885,data_invalida,Uberlândia,mg,C303,calcado,produto_25,162.12,66.17,carrinhu,634,,mobile,organico,sim,nao,cor,5,2.0,1,25,sim,ok,
VIT-00886,28/04/2025,São Paulo,SP,C493,acessorio,produto_115,"446,93",20.71,carrinhu,1581,pix,mobile,organico,sim,nao,,2,4.4,0,74,nao,ok,
VIT-00887,2025-01-31,São Paulo,SP,C308,roupaa,produto_2,262.77,33.99,carrinhu,205,pix,mobile,ads,nao,nao,,13,4.9,9,26,sim,,
VIT-00888,2025-04-11,Curitiba,pr,C112,roupaa,produto_102,716.01,20.67,pagamento,187,boleto,desktop,ads,sim,nao,,25,2.9,6,81,nao,procesado,
VIT-00889,2025-08-15,São Paulo,SP,C406,calcado,produto_140,98.17,22.24,carrinhu,1945,,desktop,organico,nao,nao,tamanho,3,1.1,10,98,nao,ok,
VIT-00890,2025-07-07,Salvador,BA,C192,roupaa,produto_49,"232,39",18.08,carrinhu,1969,pix,desktop,organico,nao,nao,,25,3.7,3,80,sim,ok,
VIT-00891,06-24-2025,Curitiba,PR,C6,roupa,produto_14,274.9,12.64,pagamento,143,pix,mobile,email,nao,nao,qualidade,8,4.7,4,101,nao,ok,
VIT-00892,05-22-2025,São Paulo,sp,C329,roupa,produto_112,"375,59",57.82,carrinhu,1890,cartao,desktop,organico,nao,nao,,14,1.2,4,80,sim,procesado,
VIT-00893,2025-03-16,São Paulo,SP,C366,roupaa,produto_58,723.84,78.65,carrinho,906,cartao,desktop,email,sim,nao,tamanho,24,2.8,3,16,nao,ok,
VIT-00894,2025-01-09,São Paulo,SP,C364,roupaa,produto_60,50.45,0.03,pagamento,629,,mobile,email,nao,nao,,7,3.4,8,12,nao,ok,
VIT-00895,2025-02-16,Curitiba,pr,C348,roupaa,produto_74,199.17,45.87,carrinhu,962,cartao,desktop,ads,nao,nao,qualidade,6,1.6,4,91,nao,ok,
VIT-00896,2025-05-27,Uberlândia,mg,C448,acessorio,produto_99,412.0,28.43,pagamento,620,,mobile,email,nao,nao,tamanho,21,3.4,8,108,sim,procesado,
VIT-00897,2025-10-11,Uberlândia,mg,C469,lifestyle,produto_109,606.45,77.59,carrinhu,326,cartao,mobile,email,nao,nao,cor,11,1.6,6,6,sim,,
VIT-00898,2025-06-16,Uberlândia,MG,C454,calcado,produto_196,458.28,69.1,carrinhu,664,cartao,desktop,email,sim,nao,cor,12,4.6,6,10,sim,,
VIT-00899,2025-07-09,Uberlândia,MG,C172,calcado,produto_152,408.72,42.91,visualizou,1143,,desktop,ads,sim,sim,,18,1.4,7,94,sim,ok,
VIT-00900,20/01/2025,Uberlândia,MG,C265,roupaa,produto_100,65.28,9.74,carrinhu,440,pix,mobile,email,sim,nao,qualidade,1,4.7,9,103,sim,ok,
VIT-00901,2025-04-07,São Paulo,SP,C499,roupaa,produto_105,534.68,73.3,compra,641,,mobile,ads,sim,nao,cor,6,4.7,8,98,sim,,
VIT-00902,2025-09-19,Curitiba,PR,C88,roupa,produto_138,642.34,22.07,visualizou,715,,desktop,ads,nao,nao,cor,6,2.4,10,6,sim,procesado,
VIT-00903,2025-07-18,São Paulo,sp,C35,acessorio,produto_129,710.06,75.35,pagamento,1859,,mobile,ads,sim,nao,,17,2.7,6,79,nao,procesado,
VIT-00904,2025-05-13,Salvador,ba,C332,roupaa,produto_156,763.41,40.82,carrinho,1721,boleto,mobile,ads,sim,nao,cor,1,3.1,7,41,sim,procesado,
VIT-00905,2025-09-14,Curitiba,pr,C450,roupaa,produto_95,110.78,0.71,pagamento,1147,boleto,mobile,ads,sim,nao,cor,14,4.0,4,10,nao,,
VIT-00906,2025-06-24,São Paulo,sp,C392,lifestyle,produto_73,263.53,5.12,carrinhu,449,pix,mobile,ads,nao,nao,qualidade,11,3.3,10,8,sim,,
VIT-00907,2025-02-25,Uberlândia,mg,C287,roupa,produto_126,186.48,32.02,carrinhu,1652,cartao,mobile,email,sim,sim,qualidade,12,4.9,2,89,sim,ok,
VIT-00908,2025-07-07,Salvador,BA,C378,acessorio,produto_186,461.54,5.35,carrinhu,1855,pix,desktop,ads,sim,sim,cor,4,3.8,5,36,sim,procesado,
VIT-00909,2025-01-19,São Paulo,sp,C372,calcado,produto_102,794.93,39.29,visualizou,269,cartao,desktop,organico,nao,nao,qualidade,1,3.5,0,16,nao,ok,
VIT-00910,2025-06-12,Curitiba,PR,C475,roupaa,produto_155,669.11,79.31,carrinhu,1053,pix,mobile,ads,sim,nao,,14,3.9,8,40,sim,procesado,
VIT-00911,2025-08-24,Curitiba,PR,C116,roupaa,produto_155,146.67,22.43,visualizou,1285,cartao,desktop,organico,sim,nao,qualidade,13,1.1,7,74,nao,,
VIT-00912,data_invalida,Curitiba,pr,C330,roupaa,produto_89,351.13,0.57,pagamento,1134,,mobile,ads,sim,nao,tamanho,16,3.5,7,32,nao,ok,
VIT-00913,10-16-2025,Salvador,ba,C415,roupaa,produto_98,535.41,4.14,carrinhu,1538,boleto,desktop,ads,nao,nao,qualidade,18,3.2,8,5,nao,ok,
VIT-00914,data_invalida,Curitiba,pr,C374,roupa,produto_179,504.92,68.9,carrinhu,1051,boleto,mobile,email,nao,nao,cor,2,4.2,1,79,nao,ok,
VIT-00915,2025-09-14,São Paulo,sp,C248,roupa,produto_117,448.27,33.32,pagamento,1557,pix,mobile,ads,nao,nao,qualidade,29,3.9,1,110,sim,procesado,
VIT-00916,2025-09-18,São Paulo,SP,C408,roupaa,produto_167,727.47,27.24,visualizou,370,pix,mobile,email,nao,nao,qualidade,19,2.0,4,29,nao,,
VIT-00917,2025-07-07,Salvador,BA,C230,roupaa,produto_89,701.47,29.05,visualizou,736,boleto,desktop,organico,nao,nao,qualidade,11,4.4,4,16,sim,ok,
VIT-00918,2025-07-18,Curitiba,PR,C287,roupa,produto_56,272.6,33.74,pagamento,942,,mobile,ads,nao,nao,,1,3.8,3,82,nao,,
VIT-00919,2025-04-24,Salvador,ba,C313,calcado,produto_65,146.89,54.56,carrinho,708,cartao,mobile,email,nao,nao,,7,3.4,10,42,nao,ok,
VIT-00920,2025-02-12,São Paulo,SP,C23,calcado,produto_53,112.68,35.25,compra,726,,desktop,email,sim,nao,tamanho,6,4.0,9,51,nao,,
VIT-00921,08-06-2025,Uberlândia,MG,C355,roupaa,produto_137,652.14,22.81,compra,1264,boleto,mobile,email,sim,nao,tamanho,29,1.6,0,14,sim,,
VIT-00922,2025-10-13,São Paulo,SP,C116,lifestyle,produto_48,689.67,48.76,carrinhu,1397,pix,desktop,email,nao,nao,tamanho,22,1.3,1,22,nao,,
VIT-00923,2025-06-22,Curitiba,pr,C122,acessorio,produto_162,461.7,20.44,carrinhu,514,cartao,mobile,email,sim,nao,qualidade,30,1.7,1,58,sim,ok,
VIT-00924,2025-07-14,Salvador,ba,C336,roupaa,produto_28,572.84,10.58,compra,168,cartao,desktop,organico,sim,nao,tamanho,16,1.9,1,102,sim,procesado,
VIT-00925,2025-04-30,Salvador,BA,C484,roupaa,produto_135,559.43,32.3,pagamento,1701,pix,mobile,ads,nao,nao,tamanho,2,2.0,6,74,nao,,
VIT-00926,2025-06-07,Curitiba,PR,C375,roupaa,produto_79,423.8,36.43,carrinhu,1070,boleto,mobile,email,nao,nao,qualidade,7,1.1,10,73,nao,ok,
VIT-00927,2025-05-24,Curitiba,pr,C195,roupaa,produto_182,746.01,24.2,pagamento,1566,,desktop,organico,sim,nao,cor,23,1.7,2,71,sim,procesado,
VIT-00928,2025-03-14,São Paulo,sp,C162,roupaa,produto_62,"723,09",8.57,carrinhu,1643,boleto,mobile,email,sim,nao,qualidade,19,3.9,3,60,sim,,
VIT-00929,2025-06-08,Uberlândia,MG,C466,roupa,produto_23,308.22,35.46,carrinhu,1874,boleto,desktop,organico,sim,nao,qualidade,6,4.7,0,89,sim,procesado,
VIT-00930,2025-04-03,São Paulo,SP,C458,roupa,produto_51,584.45,39.97,carrinhu,422,pix,desktop,ads,sim,nao,tamanho,20,1.2,9,47,nao,,
VIT-00931,2025-10-10,São Paulo,sp,C139,roupaa,produto_46,189.91,24.48,carrinhu,378,cartao,desktop,organico,nao,nao,,6,1.1,5,72,sim,,
VIT-00932,2025-02-17,Uberlândia,mg,C371,roupaa,produto_29,416.45,50.88,carrinhu,1112,pix,desktop,email,sim,nao,qualidade,13,4.5,7,18,sim,,
VIT-00933,2025-02-05,Salvador,ba,C423,lifestyle,produto_149,560.79,57.36,pagamento,1956,,desktop,email,nao,nao,qualidade,15,2.1,1,117,nao,ok,
VIT-00934,2025-04-10,Salvador,ba,C383,acessorio,produto_77,230.58,37.31,carrinho,1946,pix,mobile,email,nao,nao,qualidade,7,4.1,7,111,nao,,
VIT-00935,2025-05-24,São Paulo,sp,C255,roupaa,produto_57,458.07,13.03,visualizou,183,boleto,desktop,ads,nao,nao,tamanho,21,1.6,2,117,nao,procesado,
VIT-00936,04-22-2025,Uberlândia,MG,C1,roupaa,produto_165,502.48,8.87,carrinhu,1046,,desktop,organico,sim,nao,,26,4.0,5,30,nao,ok,
VIT-00937,2025-04-23,Curitiba,PR,C366,calcado,produto_74,633.1,55.37,visualizou,1827,boleto,mobile,ads,nao,nao,,15,4.8,1,26,nao,procesado,
VIT-00938,2025-02-06,Salvador,ba,C412,roupaa,produto_91,"314,94",8.58,carrinhu,1693,boleto,mobile,email,sim,nao,,26,4.8,3,48,nao,,
VIT-00939,data_invalida,Uberlândia,MG,C438,roupaa,produto_133,642.81,40.49,visualizou,184,,mobile,email,nao,nao,qualidade,4,1.2,10,116,sim,,
VIT-00940,2025-03-12,São Paulo,SP,C26,roupaa,produto_78,773.43,52.81,carrinhu,834,boleto,mobile,ads,sim,nao,qualidade,27,2.8,3,52,nao,procesado,
VIT-00941,16/10/2025,Curitiba,PR,C490,roupa,produto_15,749.15,61.33,compra,1524,boleto,desktop,email,sim,nao,qualidade,8,3.3,4,19,nao,,
VIT-00942,2025-10-07,Uberlândia,MG,C147,roupaa,produto_34,350.27,25.3,carrinho,1781,boleto,desktop,ads,nao,nao,qualidade,14,2.8,6,59,sim,ok,
VIT-00943,10-16-2025,Salvador,BA,C317,roupaa,produto_114,111.02,38.19,carrinhu,1325,boleto,desktop,organico,sim,nao,tamanho,1,5.0,8,8,nao,ok,
VIT-00944,2025-09-14,Salvador,ba,C102,roupaa,produto_193,390.07,50.64,pagamento,1923,,mobile,ads,nao,nao,,4,3.7,8,2,nao,ok,
VIT-00945,08-11-2025,Uberlândia,mg,C359,roupaa,produto_45,615.78,37.0,carrinhu,1862,pix,desktop,email,nao,nao,cor,22,2.4,8,14,nao,ok,
VIT-00946,2025-05-06,Curitiba,PR,C218,roupaa,produto_28,338.42,77.07,carrinhu,455,boleto,mobile,organico,nao,nao,tamanho,28,1.1,7,54,nao,ok,
VIT-00947,2025-04-11,São Paulo,SP,C175,roupaa,produto_179,258.85,6.87,carrinhu,1725,boleto,mobile,ads,nao,nao,,20,2.2,8,78,nao,ok,
VIT-00948,2025-03-29,São Paulo,SP,C455,lifestyle,produto_139,"751,51",42.2,carrinhu,209,pix,desktop,organico,sim,nao,tamanho,2,3.0,2,106,nao,procesado,
VIT-00949,2025-06-11,Salvador,BA,C438,roupaa,produto_16,158.63,69.85,carrinhu,891,pix,mobile,organico,sim,sim,cor,19,3.1,4,55,nao,ok,
VIT-00950,2025-10-24,Curitiba,PR,C273,roupaa,produto_130,560.49,12.35,carrinhu,1383,pix,desktop,email,sim,nao,,28,3.0,5,82,nao,procesado,
VIT-00951,2025-10-21,Salvador,ba,C326,calcado,produto_174,756.23,19.23,compra,1343,,desktop,ads,sim,nao,tamanho,17,2.2,4,114,nao,,
VIT-00952,2025-03-22,Curitiba,PR,C350,roupaa,produto_63,385.3,44.66,visualizou,1702,,mobile,ads,nao,nao,,8,3.8,1,98,sim,,
VIT-00953,19/01/2025,São Paulo,sp,C428,calcado,produto_14,245.12,16.2,carrinho,240,boleto,mobile,ads,sim,nao,tamanho,24,3.6,9,65,nao,,
VIT-00954,2025-05-05,Curitiba,PR,C302,acessorio,produto_82,232.59,57.13,carrinhu,1234,boleto,mobile,email,sim,nao,qualidade,4,2.4,1,107,sim,,
VIT-00955,2025-08-20,Uberlândia,mg,C240,lifestyle,produto_67,332.58,11.4,compra,1666,pix,desktop,organico,sim,nao,cor,1,1.9,10,57,nao,ok,
VIT-00956,01-29-2025,Uberlândia,MG,C483,roupaa,produto_62,"149,52",78.76,carrinho,324,,mobile,email,nao,nao,,27,1.1,1,17,nao,ok,
VIT-00957,03-13-2025,Salvador,ba,C390,acessorio,produto_173,699.68,31.68,carrinhu,1947,,desktop,organico,sim,nao,tamanho,15,4.4,4,49,nao,,
VIT-00958,11/06/2025,Uberlândia,mg,C422,acessorio,produto_73,"580,52",53.43,pagamento,608,pix,desktop,ads,nao,nao,tamanho,26,1.8,6,109,sim,ok,
VIT-00959,06-28-2025,Salvador,ba,C87,calcado,produto_141,488.76,34.21,carrinho,1546,boleto,desktop,organico,sim,nao,cor,5,1.7,3,64,sim,ok,
VIT-00960,2025-04-20,Curitiba,PR,C125,calcado,produto_3,668.53,41.51,carrinho,489,,desktop,ads,nao,nao,cor,9,4.0,5,110,nao,procesado,
VIT-00961,2025-06-11,São Paulo,sp,C268,roupaa,produto_68,796.35,24.92,carrinhu,1512,boleto,mobile,email,sim,nao,,8,4.3,1,65,sim,,
VIT-00962,07-23-2025,Curitiba,pr,C456,roupaa,produto_107,220.89,13.23,carrinhu,664,cartao,desktop,ads,sim,nao,cor,29,3.1,3,71,sim,,
VIT-00963,2025-04-22,Curitiba,pr,C401,calcado,produto_197,526.33,36.35,compra,1730,boleto,desktop,email,sim,nao,,27,2.4,3,22,sim,ok,
VIT-00964,2025-03-27,Uberlândia,MG,C127,roupa,produto_35,331.87,36.0,carrinhu,533,pix,desktop,email,sim,nao,qualidade,21,4.0,10,114,nao,,
VIT-00965,2025-04-22,Curitiba,PR,C58,roupa,produto_147,542.06,38.53,compra,1303,boleto,desktop,organico,sim,nao,tamanho,3,1.3,8,98,nao,procesado,
VIT-00966,2025-03-12,Curitiba,PR,C372,roupaa,produto_191,"146,41",48.79,visualizou,1039,,mobile,email,nao,nao,,23,2.8,2,86,nao,,
VIT-00967,2025-07-27,Uberlândia,MG,C176,calcado,produto_47,511.99,35.12,visualizou,830,pix,desktop,organico,nao,nao,cor,7,4.9,7,55,sim,procesado,
VIT-00968,2025-08-02,Curitiba,pr,C172,roupaa,produto_158,573.53,49.1,carrinhu,13,boleto,mobile,organico,sim,nao,qualidade,8,3.1,2,10,sim,ok,
VIT-00969,2025-06-27,Uberlândia,MG,C368,roupa,produto_58,86.12,2.73,carrinhu,330,,desktop,ads,sim,nao,tamanho,13,2.9,5,101,sim,ok,
VIT-00970,10-20-2025,Uberlândia,MG,C184,roupaa,produto_51,"748,7",6.42,carrinhu,1276,pix,desktop,organico,sim,sim,qualidade,8,1.4,1,45,sim,procesado,
VIT-00971,03-09-2025,Salvador,BA,C270,roupaa,produto_86,636.33,27.6,visualizou,395,cartao,desktop,organico,sim,nao,tamanho,29,2.6,7,53,nao,,
VIT-00972,2025-03-04,Salvador,BA,C211,calcado,produto_116,129.44,46.13,pagamento,1111,cartao,mobile,organico,nao,nao,,18,2.0,7,106,sim,procesado,
VIT-00973,2025-07-13,Uberlândia,MG,C150,roupaa,produto_71,151.53,17.6,visualizou,53,cartao,mobile,ads,nao,nao,tamanho,6,2.1,3,102,nao,,
VIT-00974,2025-06-07,Curitiba,PR,C437,roupaa,produto_31,573.36,15.16,pagamento,829,,mobile,organico,sim,sim,,21,1.8,10,111,nao,,
VIT-00975,2025-06-10,Salvador,ba,C116,roupa,produto_153,702.17,43.88,carrinhu,232,cartao,mobile,ads,sim,nao,cor,27,1.1,4,79,sim,procesado,
VIT-00976,2025-09-11,Uberlândia,mg,C168,roupaa,produto_56,711.26,27.81,carrinhu,1808,boleto,mobile,email,sim,nao,cor,12,3.3,7,86,nao,,
VIT-00977,2025-09-18,Salvador,BA,C345,acessorio,produto_145,322.75,32.57,carrinhu,1527,pix,mobile,ads,sim,nao,tamanho,5,2.1,4,87,nao,ok,
VIT-00978,01-04-2025,São Paulo,SP,C70,acessorio,produto_144,186.75,61.8,carrinhu,1762,,desktop,ads,nao,nao,,5,2.2,4,105,nao,,
VIT-00979,01-20-2025,São Paulo,sp,C378,acessorio,produto_31,708.42,10.4,pagamento,986,pix,mobile,organico,sim,nao,,8,2.1,0,62,sim,ok,
VIT-00980,01-12-2025,Curitiba,PR,C463,roupaa,produto_168,"150,3",67.09,carrinhu,727,pix,mobile,organico,nao,nao,,4,3.2,0,14,nao,,
VIT-00981,2025-04-08,Salvador,BA,C285,acessorio,produto_56,546.49,67.38,pagamento,1857,,mobile,ads,nao,nao,,11,2.2,10,7,sim,,
VIT-00982,10-10-2025,Uberlândia,MG,C122,calcado,produto_40,71.59,34.41,carrinhu,1351,boleto,desktop,ads,nao,nao,qualidade,7,2.4,3,77,sim,procesado,
VIT-00983,09-13-2025,São Paulo,sp,C15,roupa,produto_43,"582,3",37.95,pagamento,72,boleto,mobile,organico,sim,nao,qualidade,9,2.1,8,114,sim,,
VIT-00984,2025-02-16,Curitiba,pr,C187,roupaa,produto_164,"277,09",60.07,carrinho,1162,,desktop,organico,sim,sim,qualidade,7,3.4,5,61,nao,ok,
VIT-00985,2025-07-23,Uberlândia,MG,C364,roupaa,produto_141,159.13,13.31,carrinhu,1399,pix,desktop,organico,nao,nao,tamanho,13,4.3,4,50,sim,,
VIT-00986,2025-02-17,São Paulo,SP,C438,roupaa,produto_82,320.78,57.3,carrinho,1399,,desktop,ads,sim,nao,,14,1.9,7,76,sim,,
VIT-00987,2025-09-09,Uberlândia,mg,C318,acessorio,produto_141,715.92,66.24,pagamento,902,cartao,desktop,organico,nao,nao,,14,1.3,4,53,nao,,
VIT-00988,2025-07-28,Curitiba,PR,C476,roupaa,produto_48,630.43,25.05,carrinhu,1421,pix,desktop,ads,sim,nao,qualidade,15,2.4,6,39,nao,,
VIT-00989,2025-02-25,Curitiba,PR,C80,roupaa,produto_127,684.27,5.83,carrinhu,1422,,mobile,organico,sim,nao,cor,15,1.9,9,43,sim,,
VIT-00990,2025-04-27,Salvador,ba,C446,calcado,produto_136,280.5,39.42,carrinhu,1321,cartao,desktop,ads,sim,nao,tamanho,6,1.8,7,104,nao,ok,
VIT-00991,2025-05-01,Salvador,ba,C477,roupaa,produto_25,"481,1",0.6,carrinhu,201,cartao,desktop,ads,nao,nao,,10,2.7,9,119,sim,ok,
VIT-00992,18/06/2025,Uberlândia,MG,C447,roupa,produto_178,326.9,34.36,carrinhu,656,cartao,mobile,email,nao,nao,,10,3.2,10,46,nao,ok,
VIT-00993,2025-02-21,São Paulo,sp,C101,roupa,produto_164,"442,05",60.74,pagamento,1341,pix,mobile,organico,nao,nao,,17,2.3,4,77,sim,ok,
VIT-00994,2025-06-06,Uberlândia,mg,C84,roupa,produto_200,"103,14",17.59,carrinho,673,,mobile,ads,nao,nao,cor,24,4.2,4,46,sim,ok,
VIT-00995,2025-06-29,Salvador,ba,C189,roupaa,produto_29,189.9,33.26,pagamento,1080,boleto,desktop,email,nao,nao,,11,3.9,0,109,sim,,
VIT-00996,2025-09-13,São Paulo,sp,C116,roupa,produto_59,360.07,10.48,carrinhu,1744,boleto,desktop,email,nao,nao,,2,2.0,9,80,sim,procesado,
VIT-00997,2025-08-30,Salvador,ba,C294,roupaa,produto_39,181.82,76.26,visualizou,1988,boleto,mobile,ads,nao,nao,tamanho,21,2.3,2,47,nao,procesado,
VIT-00998,2025-03-15,Salvador,ba,C210,roupaa,produto_67,692.95,34.64,pagamento,5,pix,mobile,email,nao,nao,tamanho,15,4.5,5,42,sim,ok,
VIT-00999,2025-08-31,São Paulo,SP,C258,roupaa,produto_77,528.22,41.09,carrinhu,514,pix,mobile,email,sim,nao,,15,4.1,4,11,sim,procesado,
VIT-00000,2025-09-07,Salvador,ba,C9,calcado,produto_68,200.5,40.45,pagamento,965,pix,mobile,organico,nao,nao,,20,4.3,6,24,nao,procesado,
VIT-00001,2025-02-10,Curitiba,PR,C128,roupa,produto_1,"66,23",77.68,carrinhu,760,,desktop,ads,sim,nao,qualidade,13,3.8,7,63,sim,procesado,
VIT-00002,2025-10-28,São Paulo,sp,C156,roupaa,produto_92,501.45,41.41,visualizou,1573,,mobile,organico,nao,nao,cor,30,2.6,5,61,sim,,
VIT-00003,2025-09-14,Curitiba,pr,C438,roupaa,produto_14,62.46,29.6,carrinhu,407,boleto,desktop,ads,sim,sim,tamanho,9,3.1,7,114,nao,ok,
VIT-00004,16/06/2025,Uberlândia,mg,C344,roupaa,produto_139,593.08,51.75,carrinho,1396,pix,desktop,organico,sim,sim,qualidade,26,4.4,3,104,sim,ok,
VIT-00005,2025-06-01,São Paulo,SP,C354,calcado,produto_41,169.33,28.2,carrinhu,623,pix,desktop,ads,sim,sim,tamanho,7,2.9,10,84,nao,,
VIT-00006,04-02-2025,Salvador,BA,C415,roupaa,produto_168,91.55,59.62,carrinhu,961,boleto,mobile,email,sim,nao,,14,1.1,10,65,sim,procesado,
VIT-00007,2025-02-23,Salvador,BA,C414,calcado,produto_184,395.61,46.27,carrinhu,1899,,mobile,email,nao,nao,qualidade,4,3.2,2,14,nao,procesado,
VIT-00008,2025-09-19,Curitiba,pr,C361,calcado,produto_77,418.58,44.52,carrinhu,551,,mobile,organico,sim,nao,,28,2.8,3,68,nao,ok,
VIT-00009,2025-10-07,São Paulo,SP,C473,acessorio,produto_171,495.26,37.47,compra,1391,boleto,mobile,email,sim,sim,tamanho,10,1.2,8,93,nao,procesado,
VIT-00010,2025-07-01,Curitiba,pr,C32,roupaa,produto_132,526.1,10.07,carrinhu,1507,boleto,desktop,email,sim,nao,qualidade,22,3.8,1,91,nao,,
VIT-00011,data_invalida,Uberlândia,MG,C200,acessorio,produto_55,196.66,13.59,carrinhu,906,cartao,desktop,organico,sim,nao,cor,26,4.7,10,87,nao,ok,
VIT-00012,2025-02-28,Salvador,BA,C239,roupaa,produto_55,221.95,41.45,carrinhu,114,boleto,desktop,organico,sim,sim,tamanho,8,4.2,1,100,sim,procesado,
VIT-00013,2025-06-30,Salvador,BA,C399,roupaa,produto_7,"99,26",37.18,carrinho,1334,pix,desktop,ads,sim,nao,qualidade,10,3.7,10,7,nao,ok,
VIT-00014,2025-03-02,Salvador,BA,C224,roupaa,produto_189,399.84,32.19,compra,1826,cartao,mobile,email,sim,sim,tamanho,29,2.3,5,14,nao,procesado,
VIT-00015,2025-09-03,Salvador,ba,C37,roupaa,produto_131,661.67,78.18,carrinho,1003,cartao,desktop,email,nao,nao,cor,9,3.6,8,32,nao,,
VIT-00016,2025-10-21,Curitiba,pr,C164,acessorio,produto_149,570.21,33.66,carrinhu,1788,pix,mobile,email,sim,nao,cor,10,1.2,0,44,nao,,
VIT-00017,2025-03-26,Uberlândia,mg,C260,roupaa,produto_125,116.36,54.6,carrinho,496,cartao,desktop,email,sim,nao,,20,3.5,6,74,sim,ok,
VIT-00018,17/01/2025,Salvador,BA,C19,roupaa,produto_89,649.57,48.55,carrinhu,998,,mobile,email,sim,sim,cor,29,3.2,5,48,nao,,
VIT-00019,04-09-2025,Salvador,ba,C13,roupa,produto_131,154.95,28.88,carrinho,108,boleto,desktop,organico,nao,nao,,26,3.4,5,56,sim,,
