registro_id,data_lead,cidade,uf,idade_cliente,renda_cliente,sexo,segmento_empresa,porte_empresa,origem_lead,servico_interesse,valor_proposta,status_proposta,taxa_abandono_formulario_pct,tempo_decisao_dias,score_ux,feedback_cliente,proposta_enviada,proposta_aceita,cliente_perdido,motivo_perda,tempo_no_site_seg,cliques_formulario,status_registro,observacao
NC-00000,09-02-2025,Uberlândia,MG,33,"9577,13",Outro,industria,media,site,app_mobile,8294.46,em_analise,12.74,17,9.0,nao_entendeu_proposta,sim,nao,nao,NA,258,15,validado,
NC-00001,2025-10-05,Uberaba,MG,63,10732.25,M,servicos,MEI,site,sistema_web,13955.99,em analise,57.42,23,8.4,nao_entendeu_proposta,sim,sim,nao,concorrencia,318,6,,
NC-00002,2025-10-15,Campinas,SP,47,"3127,41",,servicos,pequena,instagram,consultoria_digital,8820.77,aceita,41.41,29,"7,1",NA,nao,sim,nao,,224,11,,
NC-00003,2025-03-01,Curitiba,PR,27,4145.54,Outro,saude,MEI,instagram,automacao_processos,7503.7,aceita,"37,04",0,"8,5",,sim,sim,nao,falta_contato,299,6,procesado,
NC-00004,2025-04-15,Campinas,SP,18,5219.52,M,servicos,MEI,site,app_mobile,8977.7,em_analise,29.75,1,4.5,preco_alto,nao,nao,nao,NA,409,10,,
NC-00005,2025-09-21,Salvador,BA,59,1200,Outro,servicos,media,instagram,app_mobile,7925.72,recusada,28.22,8,6.1,NA,sim,nao,sim,falta_contato,5,0,pendente,
NC-00006,2025-05-07,Uberaba,MG,65,3961.05,Outro,varejo,MEI,google_ads,app_mobile,"12666,08",abandonada,44.66,20,6.0,NA,sim,nao,sim,concorrencia,288,11,,
NC-00007,data_invalida,Uberaba,MG,,4599.07,,saude,pequena,site,app_mobile,7058.37,aceita,19.2,8,6.4,preco_alto,nao,sim,nao,concorrencia,399,6,validado,
NC-00008,2025-07-04,Salvador,BA,26,4671.53,F,varejo,pequena,instagram,sistema_web,7449.29,aceita,61.41,14,8.5,NA,sim,sim,nao,prazo,230,9,pendente,
NC-00009,data_invalida,uberlândia,MG,37,"5089,47",F,varejo,grande,site,automacao_processos,3126.32,em_analise,58.05,15,9.1,preco_alto,sim,nao,nao,NA,250,3,pendente,
NC-00010,2025-06-22,Uberaba,mg,55,"1442,71",Outro,industria,grande,site,sistema_web,500000.00,aceita,0,21,7.7,demora_retorno,sim,sim,nao,preco,252,5,validado,OUTLIER valor de proposta muito alto
NC-00011,2025-04-08,Curitiba,PR,34,"3900,29",,varejo,pequena,instagram,automacao_processos,12592.19,recusada,87.88,0,"7,1",nao_entendeu_proposta,sim,nao,sim,concorrencia,249,2,procesado,
NC-00012,2025-03-15,Campinas,SP,34,9793.66,,saude,media,google_ads,app_mobile,500,aceita,72.0,15,5.2,concorrente,sim,sim,nao,concorrencia,5,8,pendente,
NC-00013,2025-08-02,uberlândia,mg,54,7170.03,M,industria,pequena,instagram,sistema_web,"3714,03",em_analise,58.18,21,5.2,nao_entendeu_proposta,sim,nao,nao,falta_contato,62,14,,
NC-00014,2025-09-02,Goiânia,GO,36,9612.09,Outro,saude,pequena,google_ads,consultoria_digital,11029.88,aceita,58.11,9,4.6,concorrente,sim,sim,nao,preco,343,10,validado,
NC-00015,2025-04-15,Goiânia,GO,47,1959.27,,saude,MEI,indicacao,consultoria_digital,6842.05,recusada,6.09,12,10,demora_retorno,sim,nao,sim,NA,397,4,validado,
NC-00016,01/09/2025,Salvador,BA,44,"7566,06",M,servicos,pequena,site,app_mobile,9847.23,em_analise,38.68,13,6.2,nao_entendeu_proposta,sim,nao,nao,,240,8,validado,
NC-00017,2025-04-02,Salvador,BA,67,1200,,varejo,pequena,google_ads,automacao_processos,6549.64,em_analise,52.38,33,"5,5",concorrente,sim,nao,nao,NA,63,8,,
NC-00018,2025-07-10,Curitiba,PR,39,"6256,91",,servicos,pequena,google_ads,sistema_web,8142.84,aceita,50.72,10,"4,9",NA,sim,sim,nao,prazo,249,10,procesado,
NC-00019,2025-09-16,Uberaba,MG,28,11505.46,,industria,pequena,evento,consultoria_digital,5028.55,em_analise,"6,63",13,5.7,nao_entendeu_proposta,nao,nao,nao,falta_contato,295,9,validado,
NC-00020,2025-06-12,Uberlândia,mg,51,6069.99,,saude,MEI,site,sistema_web,2915.79,aceita,15.7,13,7.2,,nao,sim,nao,NA,164,10,procesado,
NC-00021,2025-06-21,Goiânia,GO,44,7555.47,F,educacao,MEI,google_ads,automacao_processos,4784.91,aceita,45.91,12,7.0,,sim,sim,nao,falta_contato,100,0,pendente,
NC-00022,2025-07-28,Salvador,BA,40,3875.16,Outro,saude,MEI,site,app_mobile,11304.83,recusada,0,18,8.2,NA,sim,nao,sim,concorrencia,351,9,pendente,
NC-00023,2025-07-21,Uberlândia,MG,58,9375.2,Outro,servicos,MEI,instagram,automacao_processos,"17855,88",abandonada,36.65,6,"7,3",nao_entendeu_proposta,sim,nao,sim,concorrencia,5,8,procesado,
NC-00024,2025-08-09,Curitiba,PR,59,4957.8,,varejo,grande,site,sistema_web,500,abandonada,22.28,25,5.4,preco_alto,sim,nao,sim,concorrencia,367,12,validado,
NC-00025,25/07/2025,Uberaba,MG,32,4472.34,Outro,servicos,pequena,instagram,consultoria_digital,8220.37,em_analise,150,12,6.6,nao_entendeu_proposta,sim,nao,nao,preco,254,5,pendente,VALOR INVALIDO taxa acima de 100
NC-00026,2025-10-01,Goiânia,GO,52,6315.82,Outro,varejo,MEI,site,consultoria_digital,6888.67,em_analise,42.68,4,6.9,demora_retorno,sim,nao,nao,prazo,254,9,validado,
NC-00027,data_invalida,Campinas,SP,31,"9384,53",Outro,industria,pequena,instagram,app_mobile,3817.73,recusada,54.89,12,8.8,preco_alto,sim,nao,sim,concorrencia,142,7,validado,
NC-00028,18/01/2025,Uberlândia,MG,56,2322.76,F,educacao,pequena,instagram,sistema_web,6096.89,recusada,35.54,18,5.8,NA,sim,nao,sim,preco,81,13,procesado,
NC-00029,06-19-2025,Uberaba,MG,53,"4082,62",F,servicos,pequena,site,sistema_web,12320.93,em_analise,28.66,6,9.6,NA,sim,nao,nao,concorrencia,102,11,,
NC-00030,2025-02-12,são paulo,SP,69,"10181,08",Outro,industria,MEI,indicacao,sistema_web,"7941,19",aceita,"23,64",15,8.2,nao_entendeu_proposta,sim,sim,nao,preco,156,2,procesado,
NC-00031,2025-02-07,Uberaba,MG,31,14613.98,Outro,servicos,media,site,consultoria_digital,9539.47,em_analise,24.01,25,6.1,,sim,nao,nao,NA,287,20,procesado,
NC-00032,2025-04-01,Uberlândia,MG,64,9774.09,M,servicos,pequena,site,sistema_web,9973.72,abandonada,32.51,15,7.1,demora_retorno,sim,nao,sim,prazo,194,2,procesado,
NC-00033,2025-10-22,Campinas,SP,25,7310.01,,educacao,MEI,evento,consultoria_digital,6350.58,recusada,68.6,31,8.5,demora_retorno,sim,nao,sim,falta_contato,72,3,validado,
NC-00034,05/05/2025,Uberlândia,MG,25,4402.46,F,servicos,media,indicacao,automacao_processos,"13826,24",aceita,37.0,5,10,demora_retorno,sim,sim,nao,prazo,324,8,pendente,
NC-00035,2025-07-12,São Paulo,SP,62,2785.12,M,servicos,grande,site,app_mobile,9143.3,em_analise,43.91,17,5.5,,sim,nao,nao,preco,175,10,procesado,
NC-00036,data_invalida,Goiânia,GO,47,7993.61,M,educacao,media,site,automacao_processos,12912.87,em analise,47.6,13,5.2,preco_alto,sim,nao,nao,prazo,5,6,,
NC-00037,2025-02-01,Uberlândia,MG,56,2560.44,,varejo,media,google_ads,sistema_web,"555,2",em_analise,45.96,6,3.6,concorrente,sim,nao,nao,falta_contato,318,4,,
NC-00038,2025-06-03,Uberaba,MG,65,"4193,55",,varejo,MEI,google_ads,app_mobile,5777.34,em_analise,20.33,0,5.4,nao_entendeu_proposta,sim,nao,nao,NA,261,13,procesado,
NC-00039,2025-01-15,Uberlândia,MG,64,7959.48,F,saude,MEI,indicacao,sistema_web,14426.78,aceita,35.26,20,4.4,nao_entendeu_proposta,sim,sim,nao,prazo,5,0,,
NC-00040,2025-01-31,Uberaba,MG,44,3765.98,Outro,saude,media,instagram,sistema_web,4770.7,recusada,26.59,365,6.2,,sim,nao,sim,NA,5,15,,OUTLIER tempo de decisao muito longo
NC-00041,06/10/2025,Curitiba,PR,60,4767.74,F,servicos,media,site,sistema_web,3544.41,em analise,46.85,3,"8,0",nao_entendeu_proposta,sim,sim,nao,prazo,80,13,validado,
NC-00042,2025-01-19,São Paulo,SP,55,7826.03,,educacao,pequena,instagram,app_mobile,10925.59,abandonada,52.93,9,5.4,NA,sim,nao,sim,preco,266,0,validado,
NC-00043,2025-10-26,Campinas,SP,27,3977.37,F,educacao,media,site,automacao_processos,2655.33,abandonada,17.6,30,"2,0",NA,sim,nao,sim,falta_contato,347,15,pendente,
NC-00044,2025-10-02,Uberlândia,MG,55,"3814,3",M,varejo,MEI,site,app_mobile,18114.06,em_analise,"43,6",18,7.1,preco_alto,sim,nao,nao,prazo,73,5,validado,
NC-00045,2025-08-30,Uberlândia,MG,41,12448.77,Outro,servicos,pequena,google_ads,sistema_web,7037.99,aceita,44.12,17,8.0,NA,sim,sim,nao,,147,4,,
NC-00046,2025-01-07,Uberlândia,MG,37,9035.82,Outro,servicos,pequena,evento,app_mobile,12672.67,recusada,56.98,18,9.1,,sim,nao,sim,concorrencia,154,12,validado,
NC-00047,2025-08-21,Curitiba,pr,39,5418.68,Outro,servicos,grande,indicacao,app_mobile,12995.46,recusada,23.22,15,"6,8",concorrente,sim,nao,sim,preco,5,7,validado,
NC-00048,2025-03-07,Goiânia,GO,33,4763.67,M,varejo,MEI,site,app_mobile,"13182,62",recusada,51.29,15,"5,8",preco_alto,sim,nao,sim,prazo,95,0,,
NC-00049,10/04/2025,Uberaba,MG,42,1342.83,M,varejo,pequena,site,sistema_web,11632.5,em_analise,"21,6",16,5.3,,nao,nao,nao,preco,124,9,validado,
NC-00050,2025-02-13,São Paulo,sp,55,8117.94,Outro,varejo,MEI,indicacao,app_mobile,"11984,8",recusada,6.38,5,7.8,nao_entendeu_proposta,sim,nao,sim,concorrencia,67,7,validado,
NC-00051,2025-08-07,São Paulo,sp,62,"6362,46",,varejo,MEI,site,app_mobile,11845.26,em_analise,34.95,12,10,demora_retorno,sim,nao,nao,prazo,151,8,pendente,
NC-00052,2025-06-09,São Paulo,SP,52,4020.76,,industria,pequena,instagram,sistema_web,"5837,75",recusada,27.4,25,9.8,preco_alto,sim,nao,sim,concorrencia,81,0,procesado,
NC-00053,2025-06-07,Campinas,SP,62,11529.49,Outro,varejo,media,google_ads,automacao_processos,14072.01,aceita,"51,07",22,8.1,demora_retorno,sim,sim,nao,falta_contato,296,14,validado,
NC-00054,2025-01-19,são paulo,SP,26,14684.5,,servicos,MEI,instagram,app_mobile,1673.85,em_analise,32.67,22,7.6,concorrente,sim,nao,nao,NA,6,0,validado,
NC-00055,2025-05-25,Campinas,sp,,6577.86,F,varejo,MEI,instagram,sistema_web,3734.5,aceita,56.84,15,15,preco_alto,sim,sim,nao,preco,74,5,validado,VALOR INVALIDO score UX fora da escala
NC-00056,2025-03-26,Uberlândia,MG,32,3267.52,,educacao,MEI,site,app_mobile,3935.49,recusada,23.44,9,8.7,NA,sim,nao,sim,,166,3,pendente,
NC-00057,2025-03-05,São Paulo,SP,37,1200,M,varejo,pequena,site,sistema_web,8672.82,em analise,55.3,20,7.8,demora_retorno,sim,nao,nao,,282,13,,
NC-00058,2025-01-17,São Paulo,SP,51,2918.97,,saude,media,indicacao,automacao_processos,2023.11,abandonada,37.71,13,"4,5",nao_entendeu_proposta,sim,nao,sim,,356,1,,
NC-00059,21/01/2025,Salvador,BA,47,10510.16,M,educacao,MEI,site,consultoria_digital,17824.59,recusada,"10,25",9,"7,0",nao_entendeu_proposta,nao,nao,sim,,200,6,procesado,
NC-00060,2025-04-19,goiânia,GO,53,8354.93,F,servicos,pequena,site,sistema_web,"9526,81",aceita,10.76,3,6.4,demora_retorno,sim,sim,nao,,285,5,,
NC-00061,data_invalida,Campinas,SP,19,8605.07,M,varejo,MEI,site,app_mobile,15047.58,em_analise,32.06,8,7.7,NA,sim,nao,nao,,140,0,procesado,
NC-00062,2025-03-21,São Paulo,SP,27,6292.84,Outro,servicos,pequena,site,sistema_web,8283.89,em_analise,33.35,13,6.0,nao_entendeu_proposta,sim,nao,nao,concorrencia,201,7,procesado,
NC-00063,2025-07-27,são paulo,SP,55,6045.13,Outro,varejo,pequena,site,sistema_web,3169.07,recusada,15.67,1,4.0,nao_entendeu_proposta,sim,nao,sim,falta_contato,414,4,,
NC-00064,2025-10-27,Salvador,BA,51,6325.51,F,educacao,pequena,site,consultoria_digital,6599.32,abandonada,32.55,20,4.6,concorrente,sim,nao,sim,falta_contato,24,12,pendente,
NC-00065,2025-08-02,Uberaba,MG,52,"6752,05",M,varejo,pequena,indicacao,sistema_web,6891.44,aceita,30.06,10,8.4,,sim,sim,nao,prazo,272,5,pendente,
NC-00066,2025-10-25,Uberlândia,MG,50,5653.19,M,saude,media,indicacao,automacao_processos,"9690,83",em_analise,53.46,19,"8,4",nao_entendeu_proposta,sim,nao,nao,preco,5,15,pendente,
NC-00067,2025-07-20,Salvador,ba,31,5307.32,M,saude,pequena,instagram,app_mobile,15318.31,aceita,54.45,9,"4,5",concorrente,sim,sim,nao,,465,1,procesado,
NC-00068,2025-06-07,Goiânia,GO,38,8071.12,,varejo,pequena,instagram,automacao_processos,7357.61,aceita,27.45,4,"6,6",demora_retorno,sim,sim,nao,falta_contato,235,7,,
NC-00069,2025-09-11,Campinas,SP,43,"9791,02",Outro,varejo,pequena,indicacao,app_mobile,6508.21,recusada,77.11,23,8.0,,sim,nao,sim,falta_contato,29,0,validado,
NC-00070,2025-04-06,Campinas,SP,5,7094.78,M,varejo,pequena,instagram,sistema_web,10739.37,recusada,30.29,13,9.1,,sim,nao,sim,concorrencia,229,0,validado,VALOR INVALIDO idade
NC-00071,2025-04-12,São Paulo,SP,,5611.67,M,servicos,grande,site,app_mobile,4362.24,abandonada,43.09,27,5.0,concorrente,sim,nao,sim,,26,8,procesado,
NC-00072,2025-07-28,Uberaba,MG,49,3718.8,M,industria,media,instagram,automacao_processos,739.79,abandonada,51.5,26,9.8,nao_entendeu_proposta,sim,nao,sim,,237,12,procesado,
NC-00073,2025-01-20,Curitiba,PR,28,7248.46,M,varejo,MEI,indicacao,automacao_processos,10564.2,abandonada,78.97,24,5.3,demora_retorno,sim,nao,sim,NA,138,14,procesado,
NC-00074,2025-07-24,Salvador,BA,67,7754.79,M,servicos,MEI,indicacao,automacao_processos,"8972,03",em_analise,38.71,21,8.8,NA,sim,nao,nao,,343,16,procesado,
NC-00075,2025-09-13,Salvador,BA,30,1709.34,M,servicos,pequena,site,sistema_web,"11682,61",abandonada,"41,2",28,"8,5",nao_entendeu_proposta,sim,nao,sim,,426,1,validado,
NC-00076,2025-03-18,Uberaba,MG,42,7689.61,F,saude,media,instagram,sistema_web,7741.53,recusada,36.51,0,6.3,nao_entendeu_proposta,sim,nao,sim,,416,8,procesado,
NC-00077,05-17-2025,Goiânia,GO,55,9427.94,,varejo,MEI,site,app_mobile,6991.62,em_analise,53.99,3,7.7,,sim,nao,nao,prazo,18,6,,
NC-00078,02-06-2025,Salvador,BA,35,9951.62,Outro,varejo,MEI,google_ads,sistema_web,11632.02,em_analise,0,7,"5,6",,sim,nao,nao,concorrencia,233,15,pendente,
NC-00079,2025-09-09,Campinas,SP,50,"7113,97",M,industria,pequena,site,app_mobile,10063.12,abandonada,39.6,10,6.6,nao_entendeu_proposta,sim,nao,sim,,430,17,pendente,
NC-00080,2025-07-30,Uberaba,MG,33,4968.83,,industria,MEI,instagram,app_mobile,8816.81,em_analise,51.04,7,8.6,preco_alto,nao,nao,nao,,407,18,pendente,
NC-00081,2025-09-21,Uberlândia,MG,55,4807.65,F,varejo,grande,site,app_mobile,13760.89,em_analise,42.91,7,10,preco_alto,sim,nao,nao,falta_contato,5,5,validado,
NC-00082,2025-08-25,Salvador,BA,45,9484.82,,varejo,pequena,site,automacao_processos,"9300,72",em analise,41.25,13,6.7,nao_entendeu_proposta,sim,nao,nao,falta_contato,275,6,procesado,
NC-00083,2025-10-10,Goiânia,GO,21,"6249,69",Outro,varejo,MEI,site,consultoria_digital,13994.55,aceita,"63,36",17,7.2,concorrente,sim,sim,nao,concorrencia,340,7,pendente,
NC-00084,2025-02-03,Uberlândia,MG,31,6735.0,,industria,media,indicacao,consultoria_digital,8178.93,aceita,43.12,19,6.3,,sim,sim,nao,,253,7,,
NC-00085,2025-06-18,São Paulo,SP,39,5242.54,M,saude,pequena,google_ads,automacao_processos,630.85,aceita,52.07,20,9.9,concorrente,sim,sim,nao,falta_contato,20000,3,,OUTLIER tempo no site extremo
NC-00086,2025-04-23,Uberaba,MG,36,7775.22,Outro,saude,MEI,instagram,app_mobile,7958.43,aceita,56.65,27,5.2,concorrente,sim,sim,nao,,201,4,pendente,
NC-00087,2025-03-08,São Paulo,SP,20,4952.49,M,saude,pequena,google_ads,automacao_processos,7850.71,recusada,30.33,25,9.5,,sim,nao,sim,falta_contato,57,16,pendente,
NC-00088,data_invalida,Salvador,BA,40,"10978,13",F,varejo,MEI,site,sistema_web,6220.78,recusada,76.45,0,5.8,,sim,nao,sim,,170,5,,
NC-00089,2025-06-05,Goiânia,GO,56,6895.43,F,saude,MEI,instagram,sistema_web,6070.1,recusada,20.51,14,7.0,NA,sim,nao,sim,concorrencia,67,2,procesado,
NC-00090,2025-06-15,Uberlândia,MG,55,5509.53,F,industria,media,indicacao,sistema_web,7381.5,em_analise,59.63,9,4.2,nao_entendeu_proposta,sim,nao,nao,concorrencia,221,11,validado,
NC-00091,04-26-2025,Goiânia,GO,53,1498.4,F,varejo,MEI,instagram,app_mobile,18682.79,recusada,62.09,0,5.1,preco_alto,sim,nao,sim,falta_contato,213,5,pendente,
NC-00092,2025-10-17,salvador,BA,,12185.61,,servicos,media,instagram,automacao_processos,8326.28,recusada,20.97,6,7.5,nao_entendeu_proposta,sim,nao,sim,prazo,155,13,procesado,
NC-00093,2025-01-12,Goiânia,GO,35,1200,Outro,saude,pequena,instagram,sistema_web,11957.42,recusada,61.51,13,8.3,NA,sim,nao,sim,NA,104,2,procesado,
NC-00094,data_invalida,São Paulo,SP,24,6739.12,F,industria,pequena,indicacao,automacao_processos,7549.23,aceita,"63,29",18,4.5,nao_entendeu_proposta,sim,sim,nao,,128,2,procesado,
NC-00095,2025-08-18,uberlândia,MG,51,6143.69,M,industria,pequena,site,consultoria_digital,11532.93,abandonada,"36,18",27,5.8,demora_retorno,sim,nao,sim,falta_contato,194,6,,
NC-00096,data_invalida,São Paulo,SP,56,"7590,64",M,saude,pequena,site,consultoria_digital,"14976,66",recusada,"41,25",11,4.5,nao_entendeu_proposta,nao,nao,sim,preco,245,3,,
NC-00097,2025-09-18,campinas,SP,46,5894.21,F,servicos,pequena,site,app_mobile,9526.18,recusada,0,17,8.4,demora_retorno,sim,nao,sim,NA,118,17,validado,
NC-00098,2025-07-28,Curitiba,PR,46,5213.38,Outro,servicos,pequena,instagram,sistema_web,5579.89,aceita,45.89,18,"6,5",concorrente,sim,sim,nao,prazo,322,7,pendente,
NC-00099,2025-09-15,Uberaba,MG,60,10837.08,,varejo,MEI,evento,sistema_web,4551.8,aceita,46.15,0,10,demora_retorno,sim,sim,nao,NA,202,5,procesado,
NC-00100,14/04/2025,Salvador,BA,43,999999.99,M,industria,pequena,indicacao,app_mobile,6658.75,abandonada,19.85,13,"8,2",preco_alto,sim,nao,sim,prazo,5,5,,OUTLIER renda muito alta
NC-00101,2025-06-13,São Paulo,sp,41,7898.83,Outro,varejo,MEI,google_ads,app_mobile,10812.23,em_analise,35.73,10,6.3,NA,sim,nao,nao,,187,10,procesado,
NC-00102,2025-01-22,São Paulo,SP,54,"3287,76",Outro,saude,pequena,google_ads,automacao_processos,9727.25,aceita,32.57,27,5.4,,sim,sim,nao,prazo,270,5,procesado,
NC-00103,2025-06-19,uberaba,MG,69,6594.56,M,saude,pequena,site,automacao_processos,5573.98,em_analise,19.51,24,4.8,preco_alto,sim,nao,nao,prazo,53,7,procesado,
NC-00104,06-27-2025,Uberaba,MG,61,13036.01,,educacao,pequena,instagram,automacao_processos,"5652,9",recusada,0,9,7.3,nao_entendeu_proposta,sim,nao,sim,preco,95,7,pendente,
NC-00105,2025-09-07,Uberaba,MG,46,10835.94,Outro,industria,media,site,consultoria_digital,"7285,12",abandonada,69.07,11,5.7,NA,sim,nao,sim,falta_contato,151,8,validado,
NC-00106,2025-04-01,Salvador,BA,24,2046.11,M,educacao,media,indicacao,sistema_web,13547.87,em_analise,20.16,20,8.0,concorrente,sim,nao,nao,prazo,67,3,procesado,
NC-00107,02-20-2025,Uberlândia,MG,61,4562.15,,servicos,MEI,google_ads,app_mobile,3994.12,aceita,53.67,7,7.8,nao_entendeu_proposta,sim,sim,nao,preco,287,7,,
NC-00108,2025-04-07,Uberlândia,MG,67,6802.35,Outro,educacao,MEI,site,sistema_web,6068.62,em_analise,42.31,14,7.5,NA,sim,nao,nao,,166,1,,
NC-00109,2025-08-16,Salvador,BA,23,1200,M,servicos,pequena,site,automacao_processos,3146.91,abandonada,6.84,9,9.3,concorrente,sim,nao,sim,concorrencia,36,4,procesado,
NC-00110,2025-07-31,São Paulo,SP,70,2794.54,M,industria,pequena,indicacao,sistema_web,5138.31,recusada,37.51,0,2.0,preco_alto,sim,nao,sim,preco,153,0,pendente,
NC-00111,14/07/2025,Curitiba,PR,29,7169.54,F,varejo,pequena,site,automacao_processos,5961.99,abandonada,57.94,0,7.0,,sim,nao,sim,,100,0,pendente,
NC-00112,2025-07-03,Uberlândia,MG,27,"8277,88",F,industria,MEI,evento,app_mobile,10825.9,aceita,27.84,13,10,preco_alto,sim,sim,nao,concorrencia,204,7,pendente,
NC-00113,2025-09-23,Curitiba,PR,46,10087.84,,servicos,media,site,sistema_web,10474.45,abandonada,"61,22",8,5.6,demora_retorno,sim,nao,sim,preco,387,12,procesado,
NC-00114,07-10-2025,Curitiba,PR,42,1594.33,F,industria,pequena,evento,sistema_web,8403.28,em_analise,51.17,23,8.3,NA,sim,nao,nao,NA,94,2,pendente,
NC-00115,2025-04-01,Salvador,BA,43,"10163,89",F,industria,grande,google_ads,consultoria_digital,"10775,23",recusada,55.46,14,6.5,nao_entendeu_proposta,sim,nao,sim,prazo,275,7,pendente,
NC-00116,2025-02-05,campinas,SP,55,8269.29,,educacao,pequena,site,automacao_processos,4534.01,em_analise,"47,51",14,6.3,NA,sim,nao,nao,prazo,188,2,,
NC-00117,2025-08-04,Uberlândia,MG,55,2347.19,M,servicos,pequena,site,sistema_web,"4469,65",em_analise,"90,95",0,"5,8",preco_alto,sim,nao,nao,prazo,104,8,procesado,
NC-00118,data_invalida,Uberaba,MG,,"1638,53",,industria,MEI,site,sistema_web,13761.28,em_analise,18.01,0,7.5,,sim,nao,nao,preco,421,2,procesado,
NC-00119,2025-01-02,São Paulo,SP,23,2256.91,F,saude,MEI,site,sistema_web,7139.46,aceita,42.09,1,7.2,demora_retorno,sim,sim,nao,concorrencia,328,10,pendente,
NC-00120,data_invalida,salvador,BA,67,6159.22,,industria,pequena,google_ads,sistema_web,11877.72,em_analise,13.57,1,"4,4",NA,sim,nao,nao,,266,1,validado,
NC-00121,2025-06-15,Curitiba,PR,24,6582.81,M,servicos,media,evento,app_mobile,1974.07,recusada,50.14,0,"9,0",,sim,nao,sim,preco,90,8,,
NC-00122,2025-07-06,Uberlândia,MG,51,7963.48,,varejo,MEI,site,sistema_web,9530.68,recusada,49.36,0,3.4,NA,sim,nao,sim,prazo,121,0,procesado,
NC-00123,17/10/2025,Curitiba,PR,31,10995.95,Outro,industria,MEI,evento,app_mobile,10923.12,em_analise,48.44,20,8.0,NA,sim,nao,nao,falta_contato,245,12,,
NC-00124,2025-06-11,Campinas,SP,62,3137.21,,varejo,pequena,instagram,sistema_web,3869.25,recusada,61.53,9,5.5,NA,sim,nao,sim,NA,118,5,validado,
NC-00125,2025-05-22,Curitiba,PR,31,1412.21,F,varejo,MEI,evento,app_mobile,"9720,65",abandonada,23.52,17,5.7,nao_entendeu_proposta,sim,nao,sim,preco,250,12,procesado,
NC-00126,2025-04-23,Salvador,BA,61,6861.37,Outro,varejo,MEI,site,sistema_web,2450.02,recusada,12.18,21,7.7,nao_entendeu_proposta,sim,nao,sim,preco,175,7,procesado,
NC-00127,2025-06-19,Goiânia,GO,44,10465.52,M,varejo,pequena,site,app_mobile,11030.4,abandonada,60.03,7,"7,5",demora_retorno,sim,nao,sim,NA,5,5,validado,
NC-00128,2025-04-11,Goiânia,GO,57,4617.12,M,varejo,MEI,site,sistema_web,"13653,71",recusada,72.25,17,4.5,concorrente,sim,nao,sim,falta_contato,324,11,validado,
NC-00129,2025-03-03,Salvador,BA,48,8359.35,M,varejo,MEI,site,sistema_web,4920.84,em_analise,39.66,9,5.3,NA,sim,nao,nao,concorrencia,233,0,pendente,
NC-00130,05-03-2025,Uberaba,mg,19,11628.77,F,varejo,pequena,site,app_mobile,10694.59,aceita,"43,49",0,6.1,demora_retorno,sim,sim,nao,NA,219,6,procesado,
NC-00131,2025-06-05,Uberaba,MG,30,9859.75,F,varejo,grande,indicacao,app_mobile,6718.25,aceita,20.28,0,7.2,demora_retorno,sim,sim,nao,prazo,218,21,pendente,
NC-00132,2025-07-31,Salvador,BA,48,4068.75,M,industria,media,instagram,sistema_web,9494.57,aceita,32.81,2,8.8,NA,sim,sim,nao,prazo,301,5,,
NC-00133,06-17-2025,Uberaba,mg,31,2994.57,M,servicos,MEI,site,app_mobile,15999.41,abandonada,29.63,29,6.3,preco_alto,sim,nao,sim,,151,12,,
NC-00134,2025-08-24,Goiânia,GO,43,"5318,61",,industria,pequena,google_ads,consultoria_digital,13023.47,recusada,36.37,15,7.1,demora_retorno,sim,nao,sim,NA,240,18,procesado,
NC-00135,data_invalida,Uberlândia,MG,28,4231.36,,saude,pequena,site,sistema_web,3852.22,abandonada,24.87,0,6.3,preco_alto,sim,nao,sim,falta_contato,398,11,,
NC-00136,09/08/2025,Uberaba,MG,47,3073.86,M,saude,MEI,google_ads,app_mobile,2912.77,em_analise,22.87,14,5.9,concorrente,sim,nao,nao,,226,4,pendente,
NC-00137,2025-08-21,Uberaba,MG,44,9599.54,Outro,industria,pequena,site,consultoria_digital,8264.84,em_analise,20.57,1,10,NA,sim,nao,nao,,52,9,validado,
NC-00138,03/02/2025,Campinas,SP,27,3387.44,Outro,servicos,MEI,google_ads,app_mobile,15241.77,abandonada,28.13,5,"7,4",nao_entendeu_proposta,sim,nao,sim,NA,79,6,validado,
NC-00139,04-13-2025,São Paulo,SP,23,5713.69,F,servicos,MEI,indicacao,sistema_web,15382.63,abandonada,"22,69",25,"8,6",NA,sim,nao,sim,NA,128,4,procesado,
NC-00140,2025-03-19,São Paulo,sp,41,9745.15,Outro,varejo,pequena,google_ads,sistema_web,8262.03,aceita,34.96,3,8.6,,sim,sim,nao,prazo,214,0,validado,
NC-00141,2025-08-23,Curitiba,PR,24,7880.33,M,saude,media,site,automacao_processos,"8304,36",recusada,"0,33",8,7.3,demora_retorno,sim,nao,sim,falta_contato,230,5,,
NC-00142,19/07/2025,Uberlândia,MG,,6431.95,Outro,educacao,MEI,evento,app_mobile,6294.38,em analise,79.74,0,8.1,,sim,nao,nao,concorrencia,159,6,procesado,
NC-00143,03-15-2025,Uberlândia,MG,28,9976.96,F,varejo,media,google_ads,consultoria_digital,7490.0,em_analise,21.32,33,6.8,demora_retorno,sim,nao,nao,,14,8,validado,
NC-00144,2025-02-05,São Paulo,SP,69,6716.55,,varejo,media,indicacao,automacao_processos,9829.7,recusada,"52,69",1,8.9,concorrente,sim,nao,sim,NA,166,11,procesado,
NC-00145,2025-03-25,Salvador,BA,65,"5081,15",M,servicos,media,evento,sistema_web,8895.7,em_analise,37.76,10,"5,3",NA,sim,nao,nao,preco,218,13,procesado,
NC-00146,04-20-2025,Uberlândia,MG,64,10299.42,M,servicos,media,site,app_mobile,"12535,05",recusada,45.02,0,7.4,NA,sim,nao,sim,prazo,403,7,validado,
NC-00147,2025-10-06,São Paulo,SP,36,"4874,23",,varejo,pequena,google_ads,sistema_web,5614.84,abandonada,"14,59",8,7.2,concorrente,sim,nao,sim,falta_contato,61,12,validado,
NC-00148,data_invalida,Goiânia,go,63,6090.73,M,saude,MEI,indicacao,automacao_processos,500,aceita,50.73,0,"6,6",NA,sim,sim,nao,falta_contato,373,7,validado,
NC-00149,2025-02-13,Goiânia,GO,46,"5235,72",F,industria,media,google_ads,app_mobile,7388.36,abandonada,24.03,5,8.0,,sim,nao,sim,,72,4,procesado,
NC-00150,2025-10-06,Salvador,ba,31,8828.18,F,educacao,MEI,instagram,sistema_web,8150.9,em_analise,68.45,25,"7,5",NA,sim,nao,nao,preco,145,11,pendente,
NC-00151,2025-01-11,Salvador,BA,65,11793.77,,industria,MEI,site,consultoria_digital,18338.66,em_analise,33.85,20,7.9,concorrente,sim,nao,nao,,310,0,validado,
NC-00152,2025-02-15,Uberlândia,MG,70,8520.41,F,saude,grande,instagram,app_mobile,9664.95,aceita,43.54,0,5.1,demora_retorno,sim,sim,nao,NA,413,21,pendente,
NC-00153,2025-04-07,Goiânia,GO,29,4981.16,,varejo,pequena,evento,consultoria_digital,10403.82,aceita,"65,98",19,5.6,preco_alto,sim,sim,nao,concorrencia,267,9,,
NC-00154,2025-03-02,Uberaba,MG,40,"9293,88",F,saude,grande,instagram,sistema_web,2429.03,aceita,4.71,3,5.8,preco_alto,sim,sim,nao,prazo,165,3,procesado,
NC-00155,2025-07-06,Uberaba,MG,43,9588.04,,educacao,pequena,instagram,automacao_processos,10723.02,em_analise,0,23,6.3,demora_retorno,nao,nao,nao,NA,121,7,pendente,
NC-00156,2025-04-03,São Paulo,SP,35,5203.85,,varejo,pequena,indicacao,app_mobile,"4423,49",abandonada,36.2,21,10,demora_retorno,sim,nao,sim,,29,4,pendente,
NC-00157,2025-03-23,Goiânia,GO,24,2601.77,M,varejo,MEI,site,sistema_web,"5331,23",em_analise,"38,27",6,4.0,,sim,nao,nao,concorrencia,285,11,,
NC-00158,09/02/2025,Campinas,SP,29,2787.53,F,varejo,MEI,site,consultoria_digital,2651.91,recusada,"12,25",17,6.9,demora_retorno,sim,nao,sim,NA,169,14,procesado,
NC-00159,29/04/2025,Salvador,BA,32,4285.17,F,servicos,MEI,indicacao,sistema_web,"6616,62",aceita,15.35,15,9.8,,sim,sim,nao,prazo,403,3,pendente,
NC-00160,2025-05-04,Goiânia,GO,69,"2357,26",F,varejo,MEI,site,app_mobile,5352.49,recusada,37.93,8,6.6,preco_alto,nao,nao,sim,,244,2,pendente,
NC-00161,2025-01-04,São Paulo,SP,19,6410.26,F,servicos,MEI,site,automacao_processos,14573.96,recusada,7.91,17,"7,7",nao_entendeu_proposta,sim,nao,sim,concorrencia,237,0,pendente,
NC-00162,2025-09-25,uberlândia,MG,67,5533.06,Outro,industria,pequena,indicacao,sistema_web,13008.87,aceita,10.5,21,6.4,,sim,sim,nao,falta_contato,66,4,pendente,
NC-00163,2025-07-09,São Paulo,SP,,14788.66,Outro,varejo,pequena,indicacao,app_mobile,"11798,28",aceita,"49,02",27,"5,8",NA,sim,sim,nao,concorrencia,304,2,pendente,
NC-00164,2025-07-16,Campinas,SP,23,3127.92,Outro,varejo,media,evento,app_mobile,10722.72,aceita,"20,23",0,9.5,demora_retorno,sim,sim,nao,falta_contato,248,4,procesado,
NC-00165,2025-07-11,Goiânia,go,22,8979.36,F,varejo,MEI,site,app_mobile,500,em_analise,50.11,21,10,concorrente,sim,nao,nao,NA,211,21,,
NC-00166,data_invalida,Campinas,SP,21,8192.74,Outro,varejo,MEI,instagram,app_mobile,10993.98,recusada,33.38,8,8.3,NA,nao,nao,sim,prazo,134,17,pendente,
NC-00167,04-22-2025,Salvador,BA,37,12156.49,,industria,MEI,google_ads,consultoria_digital,"12448,77",aceitaa,50.22,19,6.7,preco_alto,sim,nao,nao,preco,268,2,validado,
NC-00168,2025-10-19,campinas,SP,23,11112.84,M,educacao,pequena,instagram,sistema_web,"4681,64",em_analise,"59,41",1,8.0,NA,sim,nao,nao,,74,10,pendente,
NC-00169,2025-08-28,Campinas,SP,34,12669.45,Outro,varejo,media,site,sistema_web,9310.28,recusada,39.3,14,"5,8",NA,sim,nao,sim,,348,7,procesado,
NC-00170,29/04/2025,São Paulo,SP,23,5289.69,Outro,industria,pequena,indicacao,sistema_web,500,em_analise,35.95,9,6.6,,sim,nao,nao,concorrencia,192,12,procesado,
NC-00171,2025-06-14,Uberaba,MG,65,1200,M,servicos,media,indicacao,sistema_web,6862.15,em_analise,72.89,12,"6,6",NA,sim,nao,nao,,291,11,,
NC-00172,2025-06-17,Goiânia,GO,60,7143.84,M,varejo,pequena,site,sistema_web,"4848,26",em_analise,59.76,16,7.8,concorrente,sim,nao,nao,NA,296,9,,
NC-00173,2025-05-26,são paulo,SP,24,8809.07,,varejo,MEI,instagram,automacao_processos,500,em_analise,34.84,22,8.1,preco_alto,sim,nao,nao,concorrencia,251,0,,
NC-00174,2025-08-12,Uberaba,MG,64,7350.4,M,saude,grande,instagram,sistema_web,12781.31,recusada,32.95,0,10,nao_entendeu_proposta,sim,nao,sim,preco,390,10,procesado,
NC-00175,2025-02-23,Campinas,SP,34,9836.79,M,servicos,pequena,site,app_mobile,12004.42,aceita,43.42,16,10,nao_entendeu_proposta,sim,sim,nao,falta_contato,256,8,pendente,
NC-00176,2025-05-04,Goiânia,GO,41,5049.72,F,saude,pequena,indicacao,automacao_processos,8577.68,abandonada,"10,92",24,2.8,demora_retorno,sim,nao,sim,preco,139,4,validado,
NC-00177,2025-10-25,São Paulo,SP,31,8562.43,Outro,varejo,pequena,instagram,automacao_processos,7626.86,recusada,17.16,28,"3,7",preco_alto,sim,nao,sim,,225,11,pendente,
NC-00178,03-26-2025,Uberaba,MG,68,6549.64,F,servicos,media,site,sistema_web,4585.43,recusada,0,0,7.6,preco_alto,sim,nao,sim,preco,230,6,,
NC-00179,2025-01-11,Uberlândia,mg,43,6003.81,M,industria,grande,instagram,automacao_processos,7587.23,recusada,80.43,15,5.8,preco_alto,sim,nao,sim,,148,8,validado,
NC-00180,08-17-2025,uberlândia,MG,47,14868.53,F,servicos,MEI,site,automacao_processos,11431.13,recusada,53.77,12,5.5,nao_entendeu_proposta,sim,nao,sim,prazo,175,15,,
NC-00181,data_invalida,Campinas,SP,29,10737.0,M,industria,pequena,indicacao,app_mobile,10069.87,aceita,21.64,21,8.7,nao_entendeu_proposta,sim,sim,nao,falta_contato,203,15,pendente,
NC-00182,06-10-2025,são paulo,SP,67,8388.09,,industria,pequena,google_ads,sistema_web,13768.53,aceita,58.2,18,8.3,NA,sim,sim,nao,falta_contato,152,6,pendente,
NC-00183,2025-07-19,Goiânia,go,39,6478.46,M,servicos,media,site,automacao_processos,11903.63,recusada,"54,25",0,"7,1",,sim,nao,sim,NA,150,0,procesado,
NC-00184,2025-03-19,Uberaba,MG,56,"12490,0",F,varejo,media,indicacao,app_mobile,2530.99,recusada,47.27,9,5.2,concorrente,sim,nao,sim,preco,190,12,,
NC-00185,2025-07-08,Uberaba,MG,46,3695.05,,varejo,pequena,site,automacao_processos,14378.46,em_analise,18.2,0,6.3,demora_retorno,sim,nao,nao,,395,6,pendente,
NC-00186,2025-01-30,São Paulo,SP,24,7013.34,Outro,varejo,pequena,instagram,consultoria_digital,21170.16,em_analise,58.28,2,5.6,preco_alto,sim,nao,nao,preco,138,1,pendente,
NC-00187,07-26-2025,Uberlândia,mg,40,9130.8,M,servicos,MEI,google_ads,sistema_web,2180.26,recusada,1.15,12,5.0,,nao,nao,sim,prazo,58,11,validado,
NC-00188,2025-10-17,Uberaba,MG,44,3531.14,Outro,educacao,media,indicacao,app_mobile,1174.07,aceita,"53,65",3,6.7,concorrente,sim,sim,nao,preco,132,13,validado,
NC-00189,2025-04-17,Campinas,SP,23,"4499,08",F,servicos,pequena,site,app_mobile,8855.24,abandonada,0,26,6.8,NA,sim,nao,sim,concorrencia,204,7,pendente,
NC-00190,2025-03-06,São Paulo,SP,26,4045.94,F,varejo,pequena,google_ads,sistema_web,12376.19,em_analise,48.8,12,6.5,nao_entendeu_proposta,sim,nao,nao,falta_contato,296,12,pendente,
NC-00191,2025-04-11,Uberaba,MG,35,9927.26,M,servicos,MEI,instagram,app_mobile,4277.28,recusada,35.01,0,8.6,demora_retorno,sim,nao,sim,,30,11,validado,
NC-00192,24/03/2025,Goiânia,GO,43,"7469,81",,saude,MEI,site,automacao_processos,7003.15,abandonada,57.23,0,6.1,preco_alto,nao,nao,sim,,82,12,procesado,
NC-00193,2025-09-02,curitiba,pr,30,1411.99,M,varejo,pequena,site,app_mobile,500,em_analise,59.04,19,0,preco_alto,sim,nao,nao,preco,159,9,validado,
NC-00194,2025-04-17,São Paulo,SP,31,"7733,27",F,saude,MEI,site,app_mobile,500,recusada,12.65,14,3.8,nao_entendeu_proposta,nao,nao,sim,,58,12,pendente,
NC-00195,22/06/2025,Uberlândia,MG,36,4883.77,Outro,saude,MEI,google_ads,sistema_web,7833.49,abandonada,"36,02",14,5.5,,sim,nao,sim,NA,164,0,pendente,
NC-00196,02-18-2025,São Paulo,SP,31,11005.76,F,industria,pequena,google_ads,sistema_web,5064.1,abandonada,30.66,0,"9,3",NA,sim,nao,sim,concorrencia,92,12,,
NC-00197,2025-05-02,Curitiba,PR,59,3672.32,F,saude,media,indicacao,sistema_web,9902.02,em_analise,62.37,21,8.3,preco_alto,sim,nao,nao,NA,139,6,validado,
NC-00198,2025-02-14,Curitiba,PR,28,5438.04,F,varejo,pequena,site,consultoria_digital,5564.39,abandonada,28.73,19,4.1,NA,sim,nao,sim,falta_contato,252,1,,
NC-00199,2025-07-16,Curitiba,PR,46,"9238,96",,industria,pequena,site,automacao_processos,7736.77,abandonada,64.96,24,7.5,,sim,nao,sim,,95,9,,
NC-00200,05-30-2025,Uberaba,MG,69,5889.98,F,servicos,pequena,site,sistema_web,9143.65,em_analise,32.03,27,10,NA,sim,nao,nao,prazo,120,6,pendente,
NC-00201,2025-02-21,Uberaba,MG,68,3032.33,F,servicos,MEI,instagram,automacao_processos,7381.09,aceita,24.7,25,6.4,preco_alto,sim,sim,nao,concorrencia,5,0,procesado,
NC-00202,09-06-2025,São Paulo,SP,21,5842.18,Outro,saude,pequena,site,automacao_processos,9183.77,em_analise,30.3,14,7.9,concorrente,sim,nao,nao,,5,9,validado,
NC-00203,2025-04-09,Campinas,SP,41,10172.23,M,varejo,grande,instagram,app_mobile,11620.03,recusada,13.6,10,8.6,,sim,nao,sim,concorrencia,166,9,procesado,
NC-00204,data_invalida,Goiânia,GO,66,"2130,24",M,industria,pequena,google_ads,app_mobile,4778.82,recusada,14.7,4,4.8,NA,nao,nao,sim,NA,154,10,procesado,
NC-00205,data_invalida,Salvador,BA,48,9454.81,F,varejo,MEI,site,sistema_web,14366.02,recusada,55.98,33,10,nao_entendeu_proposta,nao,nao,sim,prazo,333,7,,
NC-00206,2025-06-10,Uberlândia,MG,22,4630.18,Outro,varejo,grande,indicacao,sistema_web,"3806,76",abandonada,21.46,16,5.4,,sim,nao,sim,NA,5,10,procesado,
NC-00207,2025-08-14,Uberlândia,MG,52,2467.79,,servicos,pequena,site,sistema_web,11006.98,em_analise,44.4,21,9.0,preco_alto,sim,nao,nao,falta_contato,82,5,validado,
NC-00208,2025-06-11,Goiânia,GO,28,6355.87,Outro,saude,pequena,indicacao,automacao_processos,3444.39,em_analise,0,0,"7,2",demora_retorno,sim,nao,nao,NA,207,1,procesado,
NC-00209,2025-06-04,Curitiba,PR,32,7059.84,M,servicos,pequena,site,consultoria_digital,4128.19,abandonada,19.66,1,7.8,,sim,nao,sim,concorrencia,50,11,validado,
NC-00210,2025-03-19,Uberaba,MG,57,3812.55,Outro,varejo,pequena,site,automacao_processos,5581.79,recusada,17.37,14,5.5,concorrente,sim,nao,sim,preco,5,1,pendente,
NC-00211,2025-01-14,Salvador,BA,30,9063.84,F,industria,pequena,instagram,sistema_web,11048.21,recusada,41.32,19,7.3,NA,sim,nao,sim,falta_contato,247,4,procesado,
NC-00212,2025-02-22,Curitiba,PR,54,1791.89,,servicos,MEI,site,app_mobile,6537.61,abandonada,48.89,4,7.5,,sim,nao,sim,concorrencia,40,2,validado,
NC-00213,2025-02-07,Uberlândia,MG,18,10447.07,,educacao,pequena,instagram,app_mobile,3834.13,em_analise,"66,54",13,8.0,demora_retorno,sim,nao,nao,,100,10,validado,
NC-00214,2025-02-24,São Paulo,SP,41,7500.09,M,educacao,media,indicacao,app_mobile,13808.71,abandonada,16.91,0,4.4,NA,sim,nao,sim,preco,5,7,procesado,
NC-00215,2025-08-25,Salvador,BA,63,4507.75,F,servicos,pequena,instagram,sistema_web,12827.78,em_analise,35.34,23,"7,8",concorrente,sim,nao,nao,falta_contato,181,7,,
NC-00216,2025-05-17,uberlândia,MG,24,5934.85,M,servicos,media,indicacao,automacao_processos,"9838,01",recusada,43.12,0,6.9,NA,sim,nao,sim,concorrencia,236,9,validado,
NC-00217,2025-01-23,salvador,BA,39,5385.24,Outro,servicos,pequena,evento,app_mobile,"3966,24",em_analise,21.37,6,5.5,NA,sim,nao,nao,preco,88,8,procesado,
NC-00218,2025-04-13,Salvador,BA,65,12293.52,M,varejo,grande,site,automacao_processos,4041.49,abandonada,34.05,8,8.5,demora_retorno,sim,nao,sim,prazo,395,14,,
NC-00219,2025-01-20,goiânia,GO,44,2837.34,Outro,servicos,MEI,google_ads,app_mobile,5364.99,recusada,"44,15",15,7.4,preco_alto,sim,nao,sim,falta_contato,175,8,pendente,
NC-00220,2025-04-02,Goiânia,GO,44,6481.03,F,educacao,grande,site,automacao_processos,5321.3,aceita,43.42,11,5.9,,sim,sim,nao,NA,96,10,procesado,
NC-00221,2025-04-13,Goiânia,GO,62,5524.67,F,servicos,MEI,site,app_mobile,10719.33,aceita,15.59,21,6.3,demora_retorno,sim,sim,nao,falta_contato,371,13,procesado,
NC-00222,2025-03-28,Uberlândia,MG,59,4580.51,Outro,servicos,MEI,google_ads,sistema_web,9079.38,aceita,45.47,0,7.5,preco_alto,sim,sim,nao,,122,8,procesado,
NC-00223,2025-09-03,Goiânia,GO,70,5163.56,,varejo,media,indicacao,sistema_web,13199.86,em_analise,"61,86",20,4.9,NA,sim,nao,nao,NA,242,7,validado,
NC-00224,2025-05-21,São Paulo,SP,67,5869.07,,servicos,MEI,indicacao,automacao_processos,1864.13,aceita,23.24,12,4.2,nao_entendeu_proposta,sim,sim,nao,,5,5,procesado,
NC-00225,2025-02-03,Goiânia,GO,24,"6219,12",Outro,industria,MEI,indicacao,app_mobile,8947.18,aceita,0,17,7.8,nao_entendeu_proposta,sim,sim,nao,prazo,147,12,,
NC-00226,data_invalida,Salvador,BA,65,3005.22,Outro,industria,MEI,indicacao,consultoria_digital,"15768,64",abandonada,87.64,16,"7,4",preco_alto,sim,nao,sim,prazo,366,2,pendente,
NC-00227,07-12-2025,Goiânia,GO,34,7375.83,M,varejo,MEI,google_ads,app_mobile,12498.38,em_analise,59.61,7,4.2,concorrente,sim,nao,nao,preco,123,17,pendente,
NC-00228,2025-06-07,Salvador,BA,36,2226.86,M,saude,MEI,site,app_mobile,8832.81,recusada,1.66,8,9.0,nao_entendeu_proposta,sim,nao,sim,concorrencia,266,8,validado,
NC-00229,2025-05-18,Curitiba,PR,22,2945.54,,educacao,grande,site,automacao_processos,7509.21,em_analise,43.94,21,"6,9",nao_entendeu_proposta,sim,nao,nao,prazo,153,16,,
NC-00230,2025-09-08,Goiânia,GO,18,4244.74,,varejo,MEI,google_ads,sistema_web,1230.06,em_analise,18.97,0,7.4,,sim,nao,nao,,365,11,,
NC-00231,2025-07-31,São Paulo,SP,21,4866.97,M,varejo,pequena,site,sistema_web,6844.17,abandonada,0.45,6,7.3,NA,sim,nao,sim,concorrencia,264,16,,
NC-00232,2025-09-17,Salvador,BA,43,6146.32,,educacao,MEI,site,app_mobile,4383.94,recusada,51.47,15,"6,7",NA,sim,nao,sim,NA,5,7,validado,
NC-00233,2025-10-26,São Paulo,SP,26,1224.17,F,servicos,MEI,site,sistema_web,14374.03,recusada,38.24,14,5.3,NA,sim,nao,sim,concorrencia,59,9,pendente,
NC-00234,2025-05-04,Campinas,SP,69,10057.47,,educacao,MEI,site,consultoria_digital,8693.69,recusada,14.65,7,5.4,nao_entendeu_proposta,sim,nao,sim,NA,314,17,validado,
NC-00235,2025-03-31,Salvador,BA,19,"6938,93",Outro,industria,media,site,sistema_web,3033.38,recusada,10.62,15,5.1,demora_retorno,sim,nao,sim,NA,5,14,validado,
NC-00236,2025-05-14,Goiânia,GO,37,8553.36,F,saude,MEI,google_ads,app_mobile,7203.18,abandonada,15.21,9,6.9,NA,sim,nao,sim,concorrencia,407,1,pendente,
NC-00237,09/03/2025,Curitiba,PR,26,8332.15,,servicos,media,indicacao,sistema_web,5832.07,abandonada,62.6,10,4.7,NA,sim,nao,sim,NA,116,3,validado,
NC-00238,17/03/2025,Salvador,BA,65,4003.11,Outro,varejo,MEI,site,sistema_web,2301.83,recusada,23.85,14,6.8,preco_alto,sim,nao,sim,preco,166,9,procesado,
NC-00239,2025-07-07,São Paulo,SP,,2684.37,,servicos,MEI,instagram,consultoria_digital,12135.45,recusada,33.96,21,10,NA,sim,nao,sim,concorrencia,196,5,validado,
NC-00240,2025-07-18,Uberlândia,MG,25,1200,F,saude,MEI,site,automacao_processos,3196.6,abandonada,28.75,14,4.9,nao_entendeu_proposta,sim,nao,sim,concorrencia,158,4,validado,
NC-00241,2025-09-27,Uberlândia,MG,64,"8417,76",M,educacao,pequena,instagram,app_mobile,6753.96,em_analise,33.64,25,6.1,,sim,nao,nao,,49,1,validado,
NC-00242,2025-06-14,Campinas,SP,47,6769.59,M,saude,MEI,google_ads,app_mobile,14426.08,abandonada,8.26,23,"3,4",NA,sim,nao,sim,NA,275,6,pendente,
NC-00243,2025-06-09,São Paulo,SP,42,4306.22,Outro,servicos,pequena,evento,app_mobile,"5415,89",recusada,"85,09",8,8.8,,sim,nao,sim,concorrencia,233,1,procesado,
NC-00244,2025-06-16,Uberlândia,MG,63,3400.85,F,educacao,media,google_ads,sistema_web,13922.7,aceita,50.04,6,4.5,,sim,sim,nao,NA,233,8,pendente,
NC-00245,2025-02-26,Uberaba,MG,55,9440.93,F,servicos,media,site,consultoria_digital,4268.37,recuzada,31.58,18,7.1,demora_retorno,nao,nao,nao,preco,161,9,,
NC-00246,10-04-2025,Uberaba,MG,52,8190.34,Outro,industria,pequena,indicacao,automacao_processos,6707.84,abandonada,"51,7",12,4.9,,sim,nao,sim,NA,177,5,pendente,
NC-00247,22/10/2025,Goiânia,GO,59,10357.06,Outro,industria,media,instagram,automacao_processos,13953.39,aceita,38.14,14,4.8,nao_entendeu_proposta,sim,sim,nao,preco,101,10,validado,
NC-00248,2025-09-25,São Paulo,SP,26,8903.96,Outro,servicos,pequena,site,app_mobile,8872.2,abandonada,"24,86",7,5.7,NA,sim,nao,sim,prazo,171,17,validado,
NC-00249,2025-06-27,Salvador,BA,44,"10509,32",M,educacao,media,site,sistema_web,13528.87,em_analise,63.85,14,5.5,,sim,nao,nao,preco,61,6,procesado,
NC-00250,04-21-2025,São Paulo,SP,49,10212.62,,saude,pequena,site,automacao_processos,6713.95,em_analise,24.22,17,9.3,nao_entendeu_proposta,sim,nao,nao,NA,307,11,validado,
NC-00251,06-23-2025,Uberlândia,MG,20,3415.35,M,saude,MEI,instagram,app_mobile,3537.91,em_analise,0,27,5.9,preco_alto,sim,nao,nao,concorrencia,294,14,procesado,
NC-00252,2025-05-01,Salvador,BA,19,11970.78,M,varejo,pequena,indicacao,app_mobile,8137.92,recusada,30.27,9,"4,6",preco_alto,sim,nao,sim,concorrencia,65,19,,
NC-00253,2025-10-28,Campinas,SP,33,10499.17,,servicos,media,google_ads,automacao_processos,11604.14,recusada,8.68,12,8.8,preco_alto,sim,nao,sim,,192,11,validado,
NC-00254,2025-02-22,Goiânia,GO,51,9674.44,M,saude,pequena,instagram,sistema_web,500,abandonada,13.85,6,6.0,NA,sim,nao,sim,NA,263,4,procesado,
NC-00255,data_invalida,Salvador,BA,62,3274.2,M,industria,pequena,evento,consultoria_digital,"12653,04",em_analise,0,20,"8,2",concorrente,sim,nao,nao,NA,274,14,,
NC-00256,2025-01-16,Uberlândia,MG,38,1422.5,F,educacao,pequena,google_ads,sistema_web,5186.08,abandonada,"0,78",1,"6,9",,sim,nao,sim,NA,402,15,validado,
NC-00257,01-21-2025,Salvador,BA,36,1200,F,varejo,MEI,site,sistema_web,2413.61,recusada,22.33,13,5.8,preco_alto,sim,nao,sim,falta_contato,467,12,validado,
NC-00258,2025-03-29,Campinas,SP,58,5700.55,,educacao,pequena,google_ads,automacao_processos,10929.9,abandonada,21.45,0,3.3,,sim,nao,sim,preco,47,10,,
NC-00259,2025-06-26,Campinas,SP,65,4639.97,M,varejo,grande,instagram,sistema_web,8459.27,abandonada,0,14,3.8,NA,sim,nao,sim,prazo,72,14,validado,
NC-00260,2025-06-28,Curitiba,PR,32,4178.48,M,servicos,media,google_ads,app_mobile,7736.19,em_analise,48.82,27,5.8,,sim,nao,nao,prazo,5,12,validado,
NC-00261,2025-10-24,São Paulo,SP,67,8860.45,M,varejo,media,instagram,sistema_web,5035.68,recusada,52.71,17,3.6,nao_entendeu_proposta,sim,nao,sim,,125,12,procesado,
NC-00262,2025-05-17,Salvador,BA,27,6175.2,M,saude,MEI,site,sistema_web,7039.12,recusada,27.94,3,8.3,,sim,nao,sim,NA,519,6,validado,
NC-00263,2025-04-19,Salvador,BA,31,12738.39,,educacao,grande,evento,app_mobile,7902.67,em_analise,70.49,17,5.1,concorrente,sim,nao,nao,preco,215,6,procesado,
NC-00264,2025-05-16,Curitiba,PR,65,4046.39,M,servicos,pequena,instagram,app_mobile,9782.4,em_analise,0,24,5.1,demora_retorno,sim,nao,nao,falta_contato,429,10,,
NC-00265,2025-08-23,Campinas,SP,58,"8629,19",M,industria,MEI,site,sistema_web,4979.54,em analise,0,8,7.2,concorrente,sim,nao,sim,NA,337,13,validado,
NC-00266,2025-05-07,Campinas,SP,61,1200,M,industria,MEI,indicacao,automacao_processos,8940.61,em_analise,36.87,18,7.8,concorrente,sim,nao,nao,NA,90,1,,
NC-00267,2025-05-18,Uberlândia,MG,61,8281.77,Outro,varejo,MEI,google_ads,app_mobile,10744.62,recusada,63.37,23,8.7,concorrente,sim,nao,sim,falta_contato,308,4,pendente,
NC-00268,2025-07-03,São Paulo,SP,45,1200,M,industria,pequena,site,consultoria_digital,"8942,26",em_analise,51.31,13,7.1,preco_alto,sim,nao,nao,prazo,214,3,validado,
NC-00269,2025-01-13,Salvador,ba,60,5838.21,M,servicos,pequena,instagram,consultoria_digital,2843.17,recusada,57.33,28,"5,5",preco_alto,sim,nao,sim,preco,5,13,pendente,
NC-00270,2025-01-09,Uberaba,MG,,10619.52,Outro,educacao,pequena,site,app_mobile,"14491,73",aceita,65.7,17,"5,2",preco_alto,sim,sim,nao,prazo,264,13,procesado,
NC-00271,2025-10-15,Goiânia,GO,45,"3778,83",F,servicos,MEI,instagram,app_mobile,11806.72,em_analise,5.88,7,10,NA,sim,nao,nao,concorrencia,248,0,procesado,
NC-00272,04/08/2025,Uberlândia,MG,47,"7225,04",,servicos,pequena,instagram,app_mobile,11534.88,aceita,"46,78",12,5.2,NA,sim,sim,nao,NA,156,10,validado,
NC-00273,2025-01-28,São Paulo,SP,57,"11013,59",Outro,industria,media,site,automacao_processos,"8364,35",recusada,0,22,4.0,concorrente,sim,nao,sim,NA,444,1,procesado,
NC-00274,2025-02-22,Curitiba,PR,70,7355.19,,industria,pequena,indicacao,app_mobile,8592.19,recusada,4.06,10,3.5,preco_alto,sim,nao,sim,concorrencia,39,8,procesado,
NC-00275,data_invalida,Uberlândia,MG,68,12235.2,Outro,varejo,MEI,google_ads,automacao_processos,500,em analise,34.62,15,7.8,preco_alto,sim,nao,sim,preco,278,11,,
NC-00276,2025-01-31,São Paulo,sp,52,2779.39,M,varejo,pequena,instagram,consultoria_digital,"9898,99",em_analise,62.0,0,4.9,concorrente,sim,nao,nao,concorrencia,220,8,pendente,
NC-00277,2025-05-06,Curitiba,pr,31,4439.04,,servicos,MEI,instagram,sistema_web,6936.87,aceita,15.26,16,7.8,nao_entendeu_proposta,sim,sim,nao,preco,149,3,procesado,
NC-00278,2025-09-24,Goiânia,GO,18,"4637,67",M,saude,pequena,indicacao,automacao_processos,"10813,42",em_analise,38.1,28,"5,1",preco_alto,sim,nao,nao,prazo,315,14,validado,
NC-00279,2025-03-29,Uberlândia,MG,50,9958.16,F,saude,MEI,google_ads,consultoria_digital,6250.9,abandonada,77.66,11,6.0,demora_retorno,nao,nao,sim,NA,5,11,,
NC-00280,2025-09-03,Uberaba,MG,51,"5225,93",,industria,MEI,indicacao,automacao_processos,7675.48,aceita,"26,51",1,5.0,preco_alto,sim,sim,nao,preco,5,9,procesado,
NC-00281,2025-09-25,Uberlândia,MG,49,1267.0,F,servicos,MEI,instagram,sistema_web,10518.79,recusada,40.88,18,"7,8",,sim,nao,sim,NA,194,20,procesado,
NC-00282,2025-03-18,Uberaba,MG,62,6308.82,,educacao,grande,site,sistema_web,6182.61,aceita,14.11,18,7.6,nao_entendeu_proposta,sim,sim,nao,NA,322,8,pendente,
NC-00283,2025-09-27,Goiânia,GO,39,5709.93,,servicos,pequena,instagram,automacao_processos,14190.79,abandonada,28.13,31,8.4,,sim,nao,sim,falta_contato,165,2,,
NC-00284,data_invalida,São Paulo,SP,42,13732.44,,servicos,pequena,indicacao,sistema_web,7407.96,aceitaa,59.06,27,6.3,preco_alto,sim,nao,sim,falta_contato,306,10,validado,
NC-00285,01-14-2025,São Paulo,SP,57,"2877,23",M,servicos,MEI,instagram,consultoria_digital,7585.42,abandonada,19.66,29,"4,7",demora_retorno,sim,nao,sim,preco,175,7,validado,
NC-00286,2025-03-23,Goiânia,GO,40,4666.71,Outro,saude,pequena,site,automacao_processos,6144.18,abandonada,48.18,20,"7,4",nao_entendeu_proposta,sim,nao,sim,NA,247,11,validado,
NC-00287,03-17-2025,São Paulo,SP,45,5031.7,Outro,servicos,MEI,instagram,sistema_web,9004.57,recusada,27.1,5,8.0,NA,sim,nao,sim,prazo,210,10,procesado,
NC-00288,2025-09-18,Salvador,BA,39,"7372,78",Outro,industria,pequena,indicacao,app_mobile,6703.92,abandonada,48.67,16,"7,7",nao_entendeu_proposta,sim,nao,sim,NA,267,12,pendente,
NC-00289,2025-05-29,Curitiba,PR,52,9691.84,,educacao,pequena,site,automacao_processos,16358.55,em_analise,0.93,0,6.0,demora_retorno,sim,nao,nao,prazo,393,0,validado,
NC-00290,2025-09-13,Campinas,SP,,7155.31,Outro,varejo,pequena,site,sistema_web,6498.44,em_analise,63.78,4,5.4,,sim,nao,nao,concorrencia,33,16,pendente,
NC-00291,2025-10-06,Goiânia,GO,37,5633.71,F,servicos,media,indicacao,app_mobile,9884.52,abandonada,"59,24",5,3.3,concorrente,sim,nao,sim,prazo,287,8,pendente,
NC-00292,2025-08-09,Campinas,sp,52,9397.81,Outro,industria,media,evento,consultoria_digital,8603.41,recusada,28.35,19,6.7,concorrente,sim,nao,sim,,221,5,,
NC-00293,2025-06-11,Campinas,SP,42,9534.34,M,servicos,grande,instagram,app_mobile,2135.84,aceita,49.47,0,7.8,concorrente,sim,sim,nao,NA,31,20,validado,
NC-00294,2025-05-29,São Paulo,SP,44,3883.61,,servicos,MEI,instagram,sistema_web,"8274,67",recuzada,20.29,30,8.3,nao_entendeu_proposta,sim,nao,sim,preco,60,15,validado,
NC-00295,2025-09-12,Uberaba,MG,,6889.59,Outro,servicos,MEI,indicacao,app_mobile,3992.51,recusada,81.02,9,"6,7",demora_retorno,sim,nao,sim,falta_contato,72,7,,
NC-00296,03-02-2025,Salvador,BA,41,8846.12,Outro,educacao,pequena,site,automacao_processos,6371.39,em_analise,24.09,5,7.7,,sim,nao,nao,falta_contato,197,4,,
NC-00297,03/07/2025,São Paulo,SP,40,4890.49,F,servicos,media,evento,app_mobile,"14439,06",aceita,37.5,16,10,nao_entendeu_proposta,sim,sim,nao,concorrencia,235,4,validado,
NC-00298,2025-03-06,Salvador,BA,38,5911.63,Outro,varejo,grande,site,app_mobile,12641.34,aceita,1.47,7,9.5,concorrente,sim,sim,nao,falta_contato,189,0,validado,
NC-00299,21/01/2025,Uberaba,MG,21,6350.19,Outro,varejo,pequena,instagram,app_mobile,5061.93,em_analise,5.36,19,8.3,NA,sim,nao,nao,,274,9,,
NC-00300,05-18-2025,Uberlândia,MG,45,"5661,96",M,varejo,media,instagram,automacao_processos,6730.65,em_analise,18.26,21,7.4,preco_alto,sim,nao,nao,falta_contato,414,5,validado,
NC-00301,2025-03-04,salvador,BA,61,3265.92,,varejo,pequena,site,consultoria_digital,5689.81,recusada,26.24,11,9.2,preco_alto,sim,nao,sim,NA,105,0,procesado,
NC-00302,2025-04-25,Uberaba,MG,32,5112.86,,servicos,MEI,google_ads,automacao_processos,"11746,69",recusada,0,4,9.9,concorrente,nao,nao,sim,prazo,381,9,validado,
NC-00303,2025-03-21,São Paulo,SP,18,8555.23,,educacao,MEI,site,app_mobile,9603.19,abandonada,"22,28",17,6.9,preco_alto,sim,nao,sim,preco,344,0,procesado,
NC-00304,2025-03-14,Goiânia,GO,64,4976.73,F,varejo,media,site,app_mobile,1946.91,aceita,0,7,9.8,NA,sim,sim,nao,concorrencia,80,9,pendente,
NC-00305,2025-03-02,uberlândia,MG,38,9215.32,F,varejo,MEI,site,sistema_web,13489.89,em_analise,46.74,21,6.5,nao_entendeu_proposta,sim,nao,nao,,282,6,,
NC-00306,2025-08-03,São Paulo,SP,63,6075.5,F,varejo,pequena,site,sistema_web,"9908,6",aceita,12.18,13,5.8,preco_alto,sim,sim,nao,NA,271,1,,
NC-00307,09-02-2025,Goiânia,GO,59,4939.62,Outro,servicos,media,site,app_mobile,10162.32,em_analise,35.29,16,7.3,,sim,nao,nao,NA,78,11,pendente,
NC-00308,08-15-2025,campinas,SP,18,4363.79,F,educacao,grande,site,consultoria_digital,10972.81,recusada,34.78,11,8.8,demora_retorno,sim,nao,sim,concorrencia,269,12,validado,
NC-00309,2025-09-08,Uberaba,MG,23,3243.37,M,servicos,MEI,site,sistema_web,10063.87,em_analise,58.52,9,8.9,concorrente,sim,nao,nao,preco,294,7,,
NC-00310,2025-06-18,Goiânia,GO,64,"2391,93",Outro,varejo,pequena,site,sistema_web,3765.55,aceita,32.73,9,6.3,NA,sim,sim,nao,prazo,61,4,,
NC-00311,2025-03-08,Goiânia,go,28,4476.04,M,servicos,MEI,site,sistema_web,10800.81,aceita,30.2,4,8.7,demora_retorno,sim,sim,nao,prazo,302,5,,
NC-00312,2025-06-13,Goiânia,GO,65,7701.16,F,varejo,MEI,instagram,app_mobile,11649.5,recusada,0,7,5.6,demora_retorno,sim,nao,sim,concorrencia,112,12,procesado,
NC-00313,05-16-2025,Uberlândia,MG,52,7393.45,F,varejo,MEI,google_ads,app_mobile,7279.57,abandonada,44.91,14,4.6,preco_alto,sim,nao,sim,preco,156,4,pendente,
NC-00314,2025-09-06,Uberlândia,MG,56,3419.9,Outro,educacao,pequena,site,sistema_web,6358.56,recuzada,"37,06",13,7.2,,sim,nao,sim,,206,12,procesado,
NC-00315,01-25-2025,Uberaba,MG,56,2499.92,,varejo,grande,site,sistema_web,3083.95,recusada,53.68,17,8.8,NA,sim,nao,sim,,115,8,procesado,
NC-00316,2025-09-11,São Paulo,sp,52,3137.17,,educacao,MEI,instagram,consultoria_digital,"8708,34",recusada,0,3,"6,2",NA,sim,nao,sim,preco,51,12,validado,
NC-00317,14/01/2025,Uberaba,MG,28,14009.27,F,saude,pequena,indicacao,sistema_web,4588.92,aceitaa,42.83,12,6.2,NA,sim,nao,sim,NA,54,0,pendente,
NC-00318,2025-09-01,Salvador,BA,36,5793.13,F,industria,pequena,indicacao,consultoria_digital,500,recusada,41.01,11,6.8,nao_entendeu_proposta,sim,nao,sim,,174,8,validado,
NC-00319,21/06/2025,Campinas,sp,,5153.61,F,varejo,media,site,sistema_web,20672.11,abandonada,22.19,0,5.7,,sim,nao,sim,preco,347,10,,
NC-00320,2025-01-15,Salvador,BA,43,"3319,35",F,saude,pequena,indicacao,sistema_web,3384.75,abandonada,37.99,7,"5,0",preco_alto,sim,nao,sim,preco,143,3,,
NC-00321,2025-07-09,Curitiba,PR,57,7184.34,M,varejo,grande,indicacao,consultoria_digital,4168.08,em_analise,24.92,25,"6,3",concorrente,sim,nao,nao,concorrencia,134,12,,
NC-00322,2025-01-04,Salvador,ba,43,3351.24,Outro,varejo,pequena,site,automacao_processos,10843.26,aceita,43.28,10,4.8,,sim,sim,nao,prazo,227,4,validado,
NC-00323,30/06/2025,Curitiba,PR,63,8664.93,M,servicos,MEI,site,sistema_web,8879.77,recusada,19.51,10,8.9,nao_entendeu_proposta,sim,nao,sim,prazo,171,13,pendente,
NC-00324,2025-04-20,Goiânia,GO,67,9011.93,,varejo,MEI,google_ads,consultoria_digital,5126.75,abandonada,19.63,19,7.3,,sim,nao,sim,concorrencia,32,0,pendente,
NC-00325,20/06/2025,Uberaba,MG,28,4301.2,,varejo,media,instagram,sistema_web,6919.47,abandonada,45.02,20,"7,7",preco_alto,sim,nao,sim,falta_contato,146,5,procesado,
NC-00326,2025-02-10,Uberlândia,MG,31,5306.23,Outro,varejo,media,instagram,app_mobile,13192.33,recusada,36.58,3,6.8,nao_entendeu_proposta,sim,nao,sim,preco,191,7,procesado,
NC-00327,2025-01-27,Salvador,BA,35,11382.29,M,varejo,MEI,instagram,automacao_processos,6867.81,em_analise,39.08,13,4.8,demora_retorno,sim,nao,nao,NA,212,5,pendente,
NC-00328,2025-01-20,salvador,BA,67,"5402,43",M,varejo,MEI,site,automacao_processos,10231.74,abandonada,17.43,21,6.6,,sim,nao,sim,NA,163,1,,
NC-00329,09-12-2025,Campinas,SP,64,"2736,28",,varejo,pequena,site,app_mobile,4278.72,em_analise,27.97,10,5.3,nao_entendeu_proposta,sim,nao,nao,,180,9,,
NC-00330,16/01/2025,São Paulo,SP,51,3898.74,F,industria,pequena,indicacao,app_mobile,17665.94,abandonada,24.62,1,6.1,demora_retorno,sim,nao,sim,preco,36,9,validado,
NC-00331,2025-09-29,Campinas,SP,57,7305.7,,servicos,grande,site,sistema_web,"8770,23",em_analise,35.02,8,7.8,concorrente,sim,nao,nao,concorrencia,137,14,pendente,
NC-00332,2025-10-04,Uberlândia,MG,59,8341.92,F,servicos,MEI,evento,automacao_processos,5037.27,em_analise,35.02,14,"7,5",NA,sim,nao,nao,NA,5,8,validado,
NC-00333,2025-08-10,Curitiba,PR,63,10432.58,,servicos,pequena,instagram,automacao_processos,6709.38,aceita,40.7,12,9.8,,sim,sim,nao,falta_contato,43,6,,
NC-00334,2025-06-06,Salvador,BA,46,"11019,0",,educacao,pequena,site,automacao_processos,6888.23,aceita,0,20,4.1,nao_entendeu_proposta,sim,sim,nao,preco,108,14,pendente,
NC-00335,2025-01-07,Goiânia,GO,37,5826.86,Outro,varejo,MEI,site,sistema_web,8124.46,em_analise,15.51,15,9.7,demora_retorno,sim,nao,nao,falta_contato,138,0,pendente,
NC-00336,2025-08-17,Uberlândia,MG,54,11187.63,F,servicos,pequena,site,sistema_web,10540.44,recusada,11.65,27,"7,0",demora_retorno,sim,nao,sim,NA,5,5,validado,
NC-00337,2025-04-04,Curitiba,PR,39,7688.15,,industria,media,site,sistema_web,15464.8,aceitaa,"10,23",11,4.3,nao_entendeu_proposta,sim,sim,nao,prazo,135,3,,
NC-00338,2025-07-17,Goiânia,GO,60,2093.59,M,educacao,pequena,instagram,app_mobile,14767.42,recusada,16.16,30,5.3,concorrente,sim,nao,sim,NA,265,6,,
NC-00339,08-20-2025,Goiânia,GO,20,3189.74,,industria,media,google_ads,automacao_processos,500,recusada,1.23,33,9.3,nao_entendeu_proposta,sim,nao,sim,prazo,190,9,validado,
NC-00340,05/08/2025,Uberaba,MG,34,"7265,77",M,industria,media,instagram,automacao_processos,"1095,88",abandonada,37.85,23,4.4,demora_retorno,sim,nao,sim,,24,13,validado,
NC-00341,2025-03-09,Campinas,SP,18,6499.76,F,varejo,media,site,automacao_processos,13511.34,aceita,18.91,14,7.7,nao_entendeu_proposta,sim,sim,nao,prazo,253,1,,
NC-00342,2025-02-02,Salvador,ba,23,6605.56,M,educacao,pequena,instagram,automacao_processos,"6392,42",recusada,"13,94",5,8.8,preco_alto,sim,nao,sim,,133,3,procesado,
NC-00343,08-16-2025,São Paulo,SP,23,"5455,29",M,industria,pequena,google_ads,sistema_web,500,aceita,9.26,0,7.4,NA,sim,sim,nao,preco,368,10,,
NC-00344,06/01/2025,São Paulo,SP,49,"4255,01",M,industria,pequena,indicacao,sistema_web,5933.86,aceita,36.81,10,6.0,concorrente,sim,sim,nao,NA,5,12,,
NC-00345,01-22-2025,São Paulo,SP,68,5530.19,F,industria,pequena,site,sistema_web,8505.16,em_analise,3.47,29,10,nao_entendeu_proposta,nao,nao,nao,falta_contato,222,13,pendente,
NC-00346,2025-05-22,Campinas,SP,69,"8083,32",F,saude,MEI,instagram,sistema_web,2921.39,abandonada,51.11,12,5.5,preco_alto,sim,nao,sim,NA,189,4,,
NC-00347,10/09/2025,uberaba,MG,46,3476.41,M,educacao,MEI,site,app_mobile,8828.45,abandonada,"41,82",20,6.8,NA,sim,nao,sim,concorrencia,132,2,validado,
NC-00348,2025-01-23,Uberlândia,MG,19,1812.92,M,educacao,MEI,indicacao,sistema_web,2945.14,abandonada,28.28,0,6.6,concorrente,sim,nao,sim,NA,212,9,,
NC-00349,2025-10-17,Uberlândia,MG,20,9541.08,M,industria,pequena,indicacao,sistema_web,11098.68,recusada,29.8,12,7.1,,sim,nao,sim,NA,157,3,validado,
NC-00350,2025-08-04,Goiânia,GO,69,4784.31,M,varejo,MEI,site,automacao_processos,500,em_analise,37.46,17,5.4,demora_retorno,sim,nao,nao,prazo,249,19,validado,
NC-00351,2025-09-15,Uberlândia,mg,24,6682.9,M,educacao,media,site,sistema_web,500,em_analise,2.04,22,10,demora_retorno,sim,nao,nao,preco,219,17,validado,
NC-00352,2025-01-20,Uberlândia,MG,27,11715.39,F,saude,pequena,indicacao,automacao_processos,9118.54,recusada,58.65,27,7.2,NA,sim,nao,sim,,111,9,validado,
NC-00353,2025-04-12,São Paulo,SP,52,1200,Outro,varejo,media,site,app_mobile,7156.34,recusada,37.48,7,5.1,demora_retorno,sim,nao,sim,falta_contato,410,5,,
NC-00354,2025-02-11,Goiânia,GO,19,6717.83,F,educacao,grande,site,automacao_processos,11019.7,abandonada,0,11,"6,0",NA,sim,nao,sim,NA,229,11,validado,
NC-00355,01-17-2025,Uberlândia,MG,65,"8889,41",M,varejo,pequena,instagram,sistema_web,"2178,35",recusada,22.4,13,"5,5",nao_entendeu_proposta,sim,nao,sim,preco,175,1,,
NC-00356,2025-10-28,Uberaba,MG,67,"5580,58",Outro,varejo,grande,site,app_mobile,"5975,73",em_analise,25.73,17,4.0,,nao,nao,nao,NA,190,7,validado,
NC-00357,2025-02-26,Curitiba,PR,30,11226.39,F,industria,MEI,instagram,sistema_web,1252.66,em_analise,0,16,5.8,preco_alto,sim,nao,nao,NA,5,10,procesado,
NC-00358,2025-04-03,Curitiba,PR,27,"2820,64",F,servicos,pequena,site,consultoria_digital,3880.42,em_analise,5.98,6,4.0,preco_alto,nao,nao,nao,NA,220,6,,
NC-00359,2025-05-15,Goiânia,GO,30,8431.43,Outro,servicos,MEI,google_ads,sistema_web,"11292,7",em_analise,36.23,31,8.4,,sim,nao,nao,falta_contato,211,1,validado,
NC-00360,06-15-2025,Salvador,BA,29,5513.31,,industria,MEI,google_ads,automacao_processos,6652.11,recusada,35.85,5,7.0,demora_retorno,sim,nao,sim,preco,187,8,procesado,
NC-00361,03-18-2025,Uberaba,MG,56,5025.25,Outro,saude,MEI,google_ads,automacao_processos,20436.08,recusada,39.28,25,8.8,concorrente,nao,nao,sim,NA,302,0,pendente,
NC-00362,2025-04-05,Uberaba,mg,49,9657.89,,servicos,pequena,instagram,consultoria_digital,6869.54,recusada,77.82,10,6.4,preco_alto,sim,nao,sim,concorrencia,154,2,procesado,
NC-00363,20/09/2025,Curitiba,pr,35,6544.65,F,varejo,MEI,indicacao,app_mobile,7830.37,em_analise,57.15,10,2.7,preco_alto,sim,nao,nao,NA,161,23,procesado,
NC-00364,12/09/2025,Salvador,BA,69,5405.79,F,industria,pequena,instagram,sistema_web,6414.58,em_analise,"35,82",13,6.4,demora_retorno,sim,nao,nao,NA,419,10,validado,
NC-00365,2025-08-10,goiânia,GO,23,5168.74,M,varejo,media,site,automacao_processos,15819.17,abandonada,"0,9",18,3.2,NA,sim,nao,sim,,37,12,,
NC-00366,2025-06-14,Campinas,SP,25,4700.88,,servicos,media,site,app_mobile,7212.33,recusada,38.28,23,9.9,demora_retorno,sim,nao,sim,falta_contato,114,7,procesado,
NC-00367,2025-04-25,Salvador,BA,46,7060.65,Outro,servicos,pequena,instagram,sistema_web,12518.93,recuzada,"28,81",27,"7,1",NA,sim,nao,sim,falta_contato,160,8,pendente,
NC-00368,2025-05-21,Campinas,SP,46,"2121,14",,educacao,MEI,evento,sistema_web,12693.54,em_analise,18.58,41,6.5,nao_entendeu_proposta,sim,nao,nao,concorrencia,5,7,validado,
NC-00369,2025-01-21,Salvador,BA,36,4040.83,,varejo,pequena,site,app_mobile,12562.14,abandonada,13.43,41,10,NA,sim,nao,sim,concorrencia,213,1,validado,
NC-00370,2025-07-25,Curitiba,PR,35,"5932,79",F,educacao,MEI,indicacao,sistema_web,6351.44,aceita,72.84,4,7.4,nao_entendeu_proposta,sim,sim,nao,,177,4,validado,
NC-00371,2025-08-03,Goiânia,GO,23,11266.4,,industria,grande,instagram,app_mobile,500,abandonada,66.13,7,7.1,concorrente,sim,nao,sim,preco,208,10,validado,
NC-00372,2025-01-19,Salvador,BA,58,3529.59,Outro,servicos,pequena,indicacao,sistema_web,6387.3,aceitaa,30.52,12,6.6,,sim,nao,sim,,373,9,,
NC-00373,2025-09-27,Salvador,BA,61,5483.09,F,servicos,media,site,sistema_web,8342.51,recusada,39.62,0,"8,5",concorrente,sim,nao,sim,concorrencia,5,16,pendente,
NC-00374,23/09/2025,Curitiba,PR,,9119.56,F,servicos,grande,google_ads,sistema_web,10400.28,em_analise,8.2,0,7.1,concorrente,sim,nao,nao,falta_contato,174,6,,
NC-00375,28/01/2025,Goiânia,GO,39,11680.23,M,educacao,MEI,indicacao,consultoria_digital,3348.47,recusada,39.19,17,7.8,concorrente,sim,nao,sim,falta_contato,139,10,validado,
NC-00376,2025-03-28,São Paulo,SP,49,7802.65,M,servicos,media,google_ads,sistema_web,"15569,46",em_analise,68.08,16,9.7,preco_alto,sim,nao,nao,prazo,5,6,,
NC-00377,2025-04-10,Salvador,BA,33,8362.01,F,educacao,MEI,indicacao,sistema_web,6564.11,aceita,14.65,33,"8,5",demora_retorno,sim,sim,nao,preco,37,14,procesado,
NC-00378,16/02/2025,Goiânia,GO,23,7319.68,F,varejo,MEI,google_ads,automacao_processos,"14317,58",recusada,54.69,8,6.3,,sim,nao,sim,prazo,147,0,validado,
NC-00379,2025-02-09,Curitiba,PR,31,"8480,34",,saude,MEI,indicacao,sistema_web,1422.77,aceita,39.59,17,6.6,NA,sim,sim,nao,preco,137,7,procesado,
NC-00380,2025-10-08,Campinas,SP,52,"8844,9",Outro,varejo,MEI,instagram,sistema_web,580.06,aceita,11.87,15,6.9,nao_entendeu_proposta,sim,sim,nao,NA,175,15,procesado,
NC-00381,21/02/2025,Salvador,BA,25,2632.47,M,servicos,pequena,instagram,consultoria_digital,"12451,78",em_analise,4.12,13,5.1,NA,sim,nao,nao,NA,124,0,,
NC-00382,04-02-2025,Curitiba,PR,38,14372.74,M,servicos,pequena,site,sistema_web,14059.17,em_analise,23.79,29,6.5,,sim,nao,nao,NA,81,11,validado,
NC-00383,data_invalida,Salvador,BA,63,"6986,91",,varejo,grande,evento,app_mobile,7473.21,recusada,10.38,17,5.8,nao_entendeu_proposta,sim,nao,sim,preco,169,2,pendente,
NC-00384,2025-03-31,Campinas,SP,56,2701.71,Outro,varejo,MEI,site,sistema_web,"10189,6",aceita,9.41,0,8.3,NA,sim,sim,nao,preco,353,7,procesado,
NC-00385,data_invalida,Uberlândia,MG,46,5546.41,,varejo,grande,indicacao,sistema_web,"10898,34",em_analise,79.92,12,8.2,NA,sim,nao,nao,preco,245,12,pendente,
NC-00386,2025-08-30,São Paulo,SP,24,2860.89,F,varejo,media,instagram,automacao_processos,13324.79,em_analise,"50,78",28,7.4,,nao,nao,nao,falta_contato,271,13,,
NC-00387,2025-03-23,Curitiba,PR,60,7231.58,Outro,varejo,MEI,site,app_mobile,5788.35,em_analise,28.76,14,"6,7",preco_alto,sim,nao,nao,,89,13,validado,
NC-00388,27/10/2025,Salvador,BA,19,9036.28,M,servicos,pequena,site,sistema_web,5723.0,em_analise,50.77,25,7.6,concorrente,sim,nao,nao,concorrencia,64,4,pendente,
NC-00389,01/06/2025,São Paulo,SP,58,7365.81,,servicos,media,instagram,app_mobile,10438.23,abandonada,"43,14",26,5.8,preco_alto,sim,nao,sim,NA,202,0,pendente,
NC-00390,2025-10-23,Salvador,ba,33,8939.37,Outro,educacao,pequena,site,automacao_processos,"8243,6",abandonada,33.46,21,7.5,preco_alto,sim,nao,sim,falta_contato,282,2,validado,
NC-00391,2025-06-28,Uberaba,MG,57,"12652,01",,varejo,pequena,indicacao,automacao_processos,8738.8,recusada,"65,66",0,3.7,NA,sim,nao,sim,NA,230,9,pendente,
NC-00392,2025-09-04,São Paulo,SP,43,1988.28,Outro,servicos,media,google_ads,sistema_web,12653.03,em_analise,27.66,10,4.6,NA,nao,nao,nao,preco,355,10,,
NC-00393,2025-07-15,Uberaba,MG,22,"3716,48",,educacao,pequena,site,app_mobile,1813.05,abandonada,3.38,23,6.0,,sim,nao,sim,preco,47,11,procesado,
NC-00394,2025-06-04,Campinas,SP,65,1200,M,servicos,pequena,site,automacao_processos,9573.17,recusada,54.7,33,3.8,preco_alto,sim,nao,sim,NA,39,6,validado,
NC-00395,2025-03-26,Curitiba,PR,63,"3254,65",Outro,saude,media,site,app_mobile,759.89,em_analise,23.14,9,"5,5",nao_entendeu_proposta,sim,nao,nao,,127,9,procesado,
NC-00396,2025-06-05,Campinas,SP,62,"7946,56",M,servicos,pequena,google_ads,sistema_web,10684.09,aceita,0,34,5.2,concorrente,sim,sim,nao,,149,15,procesado,
NC-00397,data_invalida,Campinas,SP,48,5335.1,M,varejo,media,indicacao,sistema_web,11518.28,em_analise,43.02,10,5.4,nao_entendeu_proposta,sim,nao,nao,NA,89,5,procesado,
NC-00398,2025-05-28,Curitiba,pr,37,9082.64,Outro,servicos,media,site,consultoria_digital,5517.24,aceita,6.99,20,9.2,preco_alto,sim,sim,nao,concorrencia,166,7,,
NC-00399,2025-03-30,São Paulo,SP,,5964.66,F,servicos,MEI,site,sistema_web,"6614,53",recusada,0,6,9.8,concorrente,sim,nao,sim,NA,166,6,validado,
NC-00400,data_invalida,campinas,SP,56,"12676,14",,servicos,pequena,instagram,automacao_processos,15308.92,aceita,29.66,0,3.4,demora_retorno,sim,sim,nao,concorrencia,5,7,procesado,
NC-00401,2025-07-01,Goiânia,go,,"10768,67",Outro,saude,pequena,indicacao,sistema_web,500,em_analise,57.73,5,"7,1",NA,nao,nao,nao,concorrencia,182,6,procesado,
NC-00402,2025-08-29,são paulo,SP,42,7937.57,,saude,MEI,google_ads,app_mobile,7812.88,em_analise,17.45,27,6.2,,sim,nao,nao,NA,93,15,validado,
NC-00403,05-27-2025,São Paulo,SP,31,5994.86,M,educacao,MEI,google_ads,automacao_processos,12455.86,em_analise,21.07,21,7.3,concorrente,sim,nao,nao,,78,5,pendente,
NC-00404,2025-06-19,Uberaba,mg,50,5530.75,,servicos,MEI,site,sistema_web,500,aceita,26.01,24,"5,1",nao_entendeu_proposta,sim,sim,nao,preco,227,6,procesado,
NC-00405,2025-01-10,Salvador,BA,59,2103.47,Outro,varejo,MEI,google_ads,sistema_web,"9642,62",recusada,38.07,0,8.0,demora_retorno,sim,nao,sim,concorrencia,450,12,,
NC-00406,2025-02-11,Uberaba,MG,49,3267.65,M,servicos,pequena,indicacao,consultoria_digital,2294.17,recusada,6.2,22,"5,8",concorrente,sim,nao,sim,,185,11,validado,
NC-00407,data_invalida,São Paulo,SP,26,13469.85,M,varejo,MEI,site,sistema_web,16269.96,em_analise,"49,39",18,6.5,demora_retorno,sim,nao,nao,prazo,154,5,pendente,
NC-00408,2025-01-05,Curitiba,PR,66,7086.76,Outro,industria,MEI,site,consultoria_digital,2530.54,aceita,51.93,5,7.2,demora_retorno,sim,sim,nao,NA,5,0,,
NC-00409,2025-03-18,Uberlândia,MG,52,1200,M,servicos,pequena,google_ads,app_mobile,9546.59,abandonada,52.25,20,7.0,,sim,nao,sim,prazo,5,10,pendente,
NC-00410,2025-10-20,São Paulo,SP,26,6074.67,M,servicos,MEI,site,automacao_processos,9683.31,abandonada,26.21,45,8.0,demora_retorno,sim,nao,sim,prazo,200,7,validado,
NC-00411,23/03/2025,Uberaba,MG,60,9067.42,F,servicos,MEI,indicacao,sistema_web,7135.64,aceitaa,19.44,1,7.9,preco_alto,sim,nao,sim,concorrencia,167,7,,
NC-00412,07/02/2025,Salvador,BA,26,11863.38,Outro,educacao,pequena,site,app_mobile,8226.34,abandonada,0,13,6.5,,sim,nao,sim,NA,5,9,,
NC-00413,2025-10-10,Curitiba,PR,50,"8427,71",Outro,varejo,grande,indicacao,sistema_web,3803.66,abandonada,58.26,26,5.8,demora_retorno,sim,nao,sim,concorrencia,273,8,pendente,
NC-00414,2025-08-19,Curitiba,PR,20,5916.21,,saude,grande,site,app_mobile,9375.39,em_analise,15.73,9,5.6,demora_retorno,sim,nao,nao,prazo,216,2,validado,
NC-00415,2025-06-19,São Paulo,SP,60,4559.32,Outro,servicos,MEI,site,app_mobile,"12266,11",recusada,47.71,23,9.2,NA,sim,nao,sim,falta_contato,69,15,validado,
NC-00416,24/05/2025,Campinas,SP,22,"1626,03",Outro,servicos,MEI,site,consultoria_digital,8067.21,abandonada,26.51,28,6.7,NA,sim,nao,sim,falta_contato,71,10,procesado,
NC-00417,2025-07-16,Uberlândia,MG,38,6560.45,,saude,grande,site,sistema_web,3176.12,aceita,79.41,27,5.2,concorrente,nao,sim,nao,falta_contato,262,9,pendente,
NC-00418,2025-03-15,Uberaba,MG,29,3850.3,F,industria,media,site,app_mobile,7733.46,recusada,29.91,8,8.3,nao_entendeu_proposta,sim,nao,sim,,181,5,procesado,
NC-00419,data_invalida,Campinas,SP,70,7179.99,Outro,servicos,MEI,instagram,app_mobile,2587.18,abandonada,19.62,18,"6,2",,sim,nao,sim,concorrencia,32,12,procesado,
NC-00420,2025-09-25,Salvador,BA,54,1200,F,varejo,pequena,google_ads,automacao_processos,1041.03,em_analise,"14,69",0,8.2,nao_entendeu_proposta,sim,nao,nao,prazo,199,6,,
NC-00421,10-12-2025,São Paulo,SP,66,6927.02,M,varejo,media,site,consultoria_digital,11036.53,aceita,61.41,13,7.0,NA,sim,sim,nao,falta_contato,193,8,pendente,
NC-00422,2025-10-05,São Paulo,SP,56,8638.36,M,educacao,grande,indicacao,sistema_web,5482.87,recusada,54.86,1,8.2,preco_alto,sim,nao,sim,falta_contato,101,17,validado,
NC-00423,2025-08-15,Uberaba,MG,45,5313.67,Outro,servicos,MEI,instagram,sistema_web,11267.4,em_analise,35.08,30,8.3,NA,sim,nao,nao,prazo,382,6,,
NC-00424,10-24-2025,Curitiba,PR,42,7450.21,Outro,industria,media,google_ads,app_mobile,6841.91,em_analise,66.99,33,9.3,nao_entendeu_proposta,sim,nao,nao,NA,24,4,pendente,
NC-00425,2025-04-29,Campinas,SP,46,12200.76,Outro,varejo,MEI,site,automacao_processos,9420.34,em_analise,58.28,7,5.8,preco_alto,sim,nao,nao,prazo,24,15,,
NC-00426,03-06-2025,Salvador,BA,20,1200,M,saude,pequena,site,app_mobile,6420.36,abandonada,29.17,6,7.2,demora_retorno,nao,nao,sim,prazo,5,5,pendente,
NC-00427,2025-05-08,Uberaba,MG,70,6597.57,F,servicos,pequena,site,automacao_processos,8201.62,aceita,33.17,8,10,NA,sim,sim,nao,prazo,106,6,validado,
NC-00428,2025-08-15,Salvador,BA,23,6575.86,M,servicos,pequena,site,automacao_processos,"4998,57",aceita,"40,71",20,8.5,concorrente,sim,sim,nao,falta_contato,226,13,,
NC-00429,2025-08-07,Curitiba,PR,65,3456.74,,industria,grande,indicacao,sistema_web,"4224,11",em_analise,0,20,6.3,concorrente,sim,nao,nao,NA,254,12,,
NC-00430,2025-04-10,Salvador,BA,41,8674.96,F,varejo,pequena,indicacao,consultoria_digital,8325.3,em_analise,59.7,13,7.2,nao_entendeu_proposta,sim,nao,nao,concorrencia,365,4,,
NC-00431,2025-03-07,Campinas,SP,60,13378.53,,servicos,media,site,consultoria_digital,13534.08,recusada,36.67,14,6.1,preco_alto,sim,nao,sim,preco,5,6,procesado,
NC-00432,2025-03-19,Uberlândia,MG,24,1293.45,F,servicos,media,instagram,sistema_web,11494.87,aceita,5.23,18,7.6,nao_entendeu_proposta,sim,sim,nao,NA,189,14,,
NC-00433,2025-04-03,Salvador,BA,60,1200,,varejo,MEI,indicacao,sistema_web,1460.26,em analise,"32,02",21,9.0,,sim,nao,nao,NA,374,8,procesado,
NC-00434,2025-07-27,são paulo,SP,53,5196.15,,servicos,grande,site,automacao_processos,7679.97,em_analise,32.37,23,10,concorrente,sim,nao,nao,prazo,232,2,,
NC-00435,2025-05-21,São Paulo,SP,19,4965.31,,servicos,grande,indicacao,sistema_web,"3346,78",abandonada,43.71,0,8.3,demora_retorno,sim,nao,sim,prazo,156,14,procesado,
NC-00436,2025-01-29,Uberaba,MG,44,7655.63,F,servicos,media,instagram,automacao_processos,5922.17,recusada,7.85,5,6.3,,sim,nao,sim,falta_contato,154,8,,
NC-00437,2025-10-23,Uberaba,MG,42,2854.17,Outro,saude,MEI,instagram,sistema_web,13441.12,abandonada,"23,0",1,4.9,preco_alto,sim,nao,sim,falta_contato,96,6,validado,
NC-00438,2025-01-29,uberlândia,MG,43,4661.15,M,servicos,MEI,indicacao,sistema_web,10705.53,recusada,13.74,6,6.5,preco_alto,sim,nao,sim,prazo,5,9,procesado,
NC-00439,2025-10-12,Curitiba,PR,24,6221.32,M,varejo,MEI,site,sistema_web,10474.85,aceita,51.46,14,10,preco_alto,sim,sim,nao,preco,151,11,pendente,
NC-00440,04/02/2025,São Paulo,SP,63,5983.84,Outro,industria,pequena,instagram,sistema_web,500,abandonada,51.64,19,6.7,NA,sim,nao,sim,NA,431,6,procesado,
NC-00441,2025-06-13,Uberlândia,MG,66,11853.83,F,industria,media,instagram,automacao_processos,14635.11,em_analise,40.14,25,8.1,concorrente,sim,nao,nao,NA,127,8,pendente,
NC-00442,10-17-2025,Curitiba,PR,28,2541.23,F,servicos,pequena,instagram,sistema_web,9222.39,recusada,15.76,29,7.6,demora_retorno,sim,nao,sim,prazo,379,0,pendente,
NC-00443,2025-04-10,salvador,BA,60,6081.64,,saude,media,google_ads,app_mobile,12548.46,aceita,50.5,5,7.4,nao_entendeu_proposta,sim,sim,nao,prazo,234,3,,
NC-00444,2025-01-13,Salvador,BA,,9565.35,,servicos,MEI,indicacao,sistema_web,"11037,17",recusada,33.35,13,"9,7",NA,nao,nao,sim,falta_contato,147,2,,
NC-00445,data_invalida,Uberlândia,MG,67,10742.4,,servicos,media,site,sistema_web,13201.18,recuzada,12.82,14,4.0,NA,sim,sim,nao,preco,202,14,procesado,
NC-00446,2025-07-01,Campinas,SP,34,10520.74,,industria,MEI,instagram,automacao_processos,3027.2,em_analise,60.2,3,7.9,NA,sim,nao,nao,,84,13,,
NC-00447,2025-05-07,Campinas,SP,48,"8341,86",M,educacao,media,instagram,sistema_web,12042.25,recusada,"12,3",18,9.7,,sim,nao,sim,falta_contato,264,8,pendente,
NC-00448,2025-07-30,Goiânia,GO,68,"1236,2",,varejo,pequena,site,automacao_processos,4161.62,abandonada,19.32,12,8.3,nao_entendeu_proposta,sim,nao,sim,NA,237,3,,
NC-00449,2025-07-08,Curitiba,PR,42,6750.39,,varejo,MEI,indicacao,app_mobile,15990.94,recusada,55.52,11,4.8,preco_alto,sim,nao,sim,concorrencia,211,9,validado,
NC-00450,2025-03-01,Campinas,SP,34,4326.07,Outro,servicos,pequena,indicacao,sistema_web,14455.08,aceita,38.79,0,"4,7",nao_entendeu_proposta,sim,sim,nao,,367,4,procesado,
NC-00451,2025-02-18,Campinas,SP,62,1200,Outro,varejo,MEI,google_ads,sistema_web,14935.84,recusada,53.2,15,6.9,nao_entendeu_proposta,sim,nao,sim,preco,32,4,,
NC-00452,2025-05-30,Campinas,SP,34,3534.1,F,educacao,MEI,indicacao,sistema_web,4171.68,recuzada,37.52,17,8.1,demora_retorno,sim,nao,nao,falta_contato,96,7,procesado,
NC-00453,2025-08-20,Curitiba,PR,28,5270.21,F,servicos,MEI,indicacao,consultoria_digital,"15811,71",recusada,33.58,22,"5,6",NA,sim,nao,sim,preco,178,1,procesado,
NC-00454,07-29-2025,São Paulo,SP,31,7829.94,,saude,MEI,instagram,consultoria_digital,500,aceitaa,20.98,14,5.7,,sim,nao,nao,preco,58,4,validado,
NC-00455,2025-10-28,Uberaba,mg,44,4828.01,F,varejo,grande,indicacao,consultoria_digital,4688.46,em_analise,20.86,0,5.3,preco_alto,sim,nao,nao,concorrencia,419,9,,
NC-00456,2025-05-04,São Paulo,SP,64,7642.16,Outro,educacao,pequena,site,sistema_web,13977.48,em_analise,52.64,9,6.9,demora_retorno,sim,nao,nao,NA,59,7,validado,
NC-00457,01-16-2025,Salvador,BA,64,9123.0,M,saude,pequena,site,app_mobile,4516.74,aceita,"48,82",19,4.2,demora_retorno,sim,sim,nao,prazo,356,2,procesado,
NC-00458,2025-09-11,Campinas,SP,35,4075.89,F,servicos,pequena,instagram,sistema_web,11451.0,aceita,"94,14",0,8.3,,sim,sim,nao,concorrencia,303,7,pendente,
NC-00459,22/06/2025,Goiânia,GO,18,5783.56,,servicos,MEI,site,automacao_processos,9955.93,em_analise,52.17,16,"5,8",,sim,nao,nao,preco,202,4,,
NC-00460,2025-10-03,Curitiba,PR,43,"7772,76",M,educacao,MEI,instagram,app_mobile,6313.66,recusada,0,5,7.5,,sim,nao,sim,concorrencia,363,11,,
NC-00461,data_invalida,Campinas,SP,59,11585.38,F,servicos,media,indicacao,app_mobile,3737.72,aceita,0,3,8.0,demora_retorno,sim,sim,nao,concorrencia,124,20,,
NC-00462,2025-02-22,Uberlândia,MG,19,2612.34,,saude,pequena,site,sistema_web,4524.26,em_analise,17.84,25,6.6,demora_retorno,sim,nao,nao,preco,274,12,pendente,
NC-00463,2025-10-27,Campinas,SP,67,"6614,96",,servicos,pequena,indicacao,app_mobile,"3397,57",abandonada,30.59,21,8.1,,sim,nao,sim,prazo,286,14,procesado,
NC-00464,2025-07-13,Salvador,BA,69,1200,Outro,saude,pequena,instagram,sistema_web,5852.06,recusada,84.75,0,9.3,concorrente,sim,nao,sim,concorrencia,153,7,pendente,
NC-00465,2025-10-03,campinas,SP,54,6329.04,Outro,industria,media,site,automacao_processos,1921.94,aceita,0,38,"6,8",nao_entendeu_proposta,sim,sim,nao,falta_contato,5,2,,
NC-00466,2025-02-25,Uberaba,MG,36,9653.06,M,industria,media,site,sistema_web,8330.44,aceita,14.26,30,7.4,,sim,sim,nao,concorrencia,71,6,pendente,
NC-00467,2025-05-31,Goiânia,GO,45,7630.69,M,servicos,media,instagram,automacao_processos,"6471,69",aceita,"63,08",0,8.5,NA,sim,sim,nao,NA,153,6,procesado,
NC-00468,2025-04-20,Campinas,SP,48,2174.95,Outro,servicos,MEI,indicacao,automacao_processos,4560.75,recusada,21.0,12,6.0,NA,sim,nao,sim,concorrencia,405,15,pendente,
NC-00469,2025-10-22,Uberlândia,MG,32,5661.25,Outro,saude,grande,instagram,sistema_web,4300.72,em_analise,48.17,8,5.5,,sim,nao,nao,prazo,158,1,pendente,
NC-00470,2025-03-19,Salvador,BA,32,2072.34,M,saude,MEI,site,sistema_web,"8327,17",em_analise,45.9,12,9.2,,sim,nao,nao,concorrencia,156,16,pendente,
NC-00471,2025-07-03,São Paulo,SP,29,11106.41,M,servicos,media,indicacao,consultoria_digital,7247.84,em_analise,19.17,15,8.3,NA,sim,nao,nao,preco,80,0,validado,
NC-00472,2025-09-07,Campinas,SP,27,5468.15,Outro,industria,MEI,evento,sistema_web,5435.81,abandonada,34.69,20,8.7,preco_alto,sim,nao,sim,preco,246,3,validado,
NC-00473,2025-03-13,uberlândia,MG,65,"6293,75",M,industria,media,instagram,sistema_web,4701.0,aceita,"16,97",10,7.4,preco_alto,nao,sim,nao,prazo,113,13,pendente,
NC-00474,2025-05-22,são paulo,SP,64,7176.73,Outro,saude,pequena,site,consultoria_digital,4897.22,recusada,21.76,9,3.4,preco_alto,sim,nao,sim,falta_contato,128,17,procesado,
NC-00475,2025-03-04,Uberaba,MG,40,7776.94,F,servicos,grande,site,app_mobile,12546.41,recusada,22.88,20,7.3,concorrente,sim,nao,sim,prazo,243,9,pendente,
NC-00476,2025-02-04,Uberlândia,MG,39,10737.48,M,industria,pequena,instagram,app_mobile,8335.92,em_analise,51.48,1,7.0,concorrente,sim,nao,nao,,116,4,,
NC-00477,2025-06-27,São Paulo,SP,68,8840.92,,servicos,media,site,consultoria_digital,5937.95,recusada,44.51,8,5.3,NA,sim,nao,sim,,338,15,,
NC-00478,2025-08-17,Uberlândia,MG,53,8416.67,F,educacao,media,site,automacao_processos,15053.84,em_analise,27.19,7,6.2,NA,sim,nao,nao,preco,74,12,validado,
NC-00479,08-09-2025,uberaba,MG,38,"7031,73",M,varejo,MEI,indicacao,app_mobile,6371.91,aceita,43.07,18,"6,6",,sim,sim,nao,,209,9,,
NC-00480,2025-01-08,Salvador,BA,66,"6666,02",F,saude,pequena,site,sistema_web,6466.89,aceita,0,19,4.6,concorrente,sim,sim,nao,NA,372,8,procesado,
NC-00481,2025-02-07,Salvador,BA,57,5244.08,Outro,educacao,pequena,evento,automacao_processos,6245.74,abandonada,"13,31",28,8.0,NA,sim,nao,sim,prazo,403,11,procesado,
NC-00482,2025-01-21,Uberlândia,mg,65,1200,,varejo,pequena,instagram,automacao_processos,"10814,72",aceita,24.36,14,4.2,nao_entendeu_proposta,sim,sim,nao,concorrencia,93,0,pendente,
NC-00483,2025-07-14,Curitiba,PR,27,8252.2,Outro,industria,pequena,site,automacao_processos,11208.83,recusada,37.21,20,7.6,concorrente,sim,nao,sim,NA,281,7,,
NC-00484,data_invalida,Salvador,BA,40,15755.92,Outro,saude,grande,instagram,sistema_web,"7593,59",aceita,35.92,16,7.5,demora_retorno,sim,sim,nao,concorrencia,311,8,procesado,
NC-00485,03-08-2025,goiânia,GO,21,7732.23,F,servicos,pequena,instagram,consultoria_digital,5849.27,abandonada,0,7,8.9,concorrente,sim,nao,sim,preco,101,8,procesado,
NC-00486,data_invalida,Uberaba,MG,54,3924.36,M,varejo,media,site,automacao_processos,"9583,7",recusada,52.5,12,6.7,,sim,nao,sim,prazo,132,2,validado,
NC-00487,data_invalida,São Paulo,SP,40,4871.68,M,varejo,MEI,indicacao,sistema_web,"11456,43",em_analise,"24,97",11,10,demora_retorno,sim,nao,nao,prazo,133,16,pendente,
NC-00488,2025-04-10,Curitiba,PR,67,1200,F,educacao,MEI,instagram,consultoria_digital,14183.35,recusada,46.41,20,8.2,NA,sim,nao,sim,,68,14,pendente,
NC-00489,2025-02-17,Curitiba,PR,59,2807.63,M,servicos,pequena,indicacao,sistema_web,"13181,12",abandonada,56.76,18,5.3,nao_entendeu_proposta,sim,nao,sim,preco,143,2,validado,
NC-00490,2025-02-03,Salvador,BA,25,5465.38,Outro,varejo,pequena,indicacao,app_mobile,10733.86,recusada,29.94,10,5.8,demora_retorno,sim,nao,sim,NA,42,8,procesado,
NC-00491,2025-03-24,Uberlândia,MG,48,9001.93,M,saude,MEI,google_ads,sistema_web,13255.49,recusada,21.87,17,9.6,NA,sim,nao,sim,,5,5,pendente,
NC-00492,data_invalida,Uberlândia,MG,41,"1535,68",F,varejo,MEI,instagram,app_mobile,6474.94,abandonada,64.1,13,7.9,nao_entendeu_proposta,sim,nao,sim,concorrencia,5,7,validado,
NC-00493,2025-07-01,Uberlândia,MG,18,10376.69,,varejo,pequena,google_ads,sistema_web,13516.66,em_analise,53.28,31,4.7,NA,nao,nao,nao,falta_contato,293,13,pendente,
NC-00494,2025-03-18,Curitiba,PR,59,"8887,03",,servicos,MEI,site,automacao_processos,"8002,0",aceita,58.04,16,"9,0",nao_entendeu_proposta,sim,sim,nao,NA,5,4,,
NC-00495,2025-10-22,Uberlândia,MG,47,3557.91,F,educacao,MEI,site,automacao_processos,10621.11,recusada,0,27,"8,7",concorrente,sim,nao,sim,NA,269,12,,
NC-00496,2025-10-13,São Paulo,SP,51,5630.33,M,servicos,pequena,site,sistema_web,7460.86,em_analise,4.21,5,7.9,demora_retorno,sim,nao,nao,prazo,5,9,pendente,
NC-00497,2025-07-11,Salvador,BA,44,"6502,89",,varejo,media,indicacao,app_mobile,"7781,97",abandonada,49.73,15,9.3,nao_entendeu_proposta,sim,nao,sim,preco,280,15,pendente,
NC-00498,2025-03-11,Campinas,SP,50,6368.38,Outro,servicos,media,instagram,app_mobile,13309.07,abandonada,2.35,11,6.5,NA,sim,nao,sim,prazo,266,1,pendente,
NC-00499,06-28-2025,Campinas,sp,31,1200,Outro,educacao,MEI,site,sistema_web,2170.62,em_analise,42.35,35,9.4,concorrente,sim,nao,nao,preco,426,4,validado,
NC-00500,2025-04-15,Goiânia,GO,25,4554.94,F,saude,pequena,site,automacao_processos,7542.76,aceita,13.99,9,8.5,preco_alto,sim,sim,nao,,154,10,,
NC-00501,2025-06-13,Uberlândia,MG,37,2171.95,F,saude,pequena,site,automacao_processos,11290.18,recusada,"28,41",31,6.9,nao_entendeu_proposta,sim,nao,sim,concorrencia,241,12,pendente,
NC-00502,22/04/2025,campinas,SP,33,9268.18,Outro,servicos,MEI,google_ads,sistema_web,11640.97,em_analise,44.82,21,3.5,preco_alto,sim,nao,nao,concorrencia,232,11,pendente,
NC-00503,2025-04-16,Uberaba,mg,22,7151.09,,varejo,grande,site,sistema_web,17749.54,em_analise,52.01,9,10,nao_entendeu_proposta,sim,nao,nao,concorrencia,188,7,,
NC-00504,2025-01-25,Salvador,BA,28,"7364,5",,servicos,grande,indicacao,sistema_web,10204.74,em analise,"69,45",8,4.5,,sim,nao,sim,falta_contato,106,5,validado,
NC-00505,2025-06-15,Uberaba,MG,63,4049.89,,educacao,pequena,instagram,sistema_web,"11315,22",abandonada,9.47,20,6.9,NA,sim,nao,sim,falta_contato,354,12,,
NC-00506,2025-07-21,São Paulo,SP,61,6538.53,,servicos,media,site,consultoria_digital,6319.51,abandonada,23.78,17,8.2,demora_retorno,sim,nao,sim,prazo,116,12,procesado,
NC-00507,2025-04-23,São Paulo,SP,22,6865.0,M,servicos,pequena,site,sistema_web,12901.97,recusada,60.76,14,4.2,,sim,nao,sim,preco,158,10,validado,
NC-00508,2025-10-03,campinas,SP,51,2529.06,F,industria,MEI,site,app_mobile,"8743,59",recusada,14.53,16,3.9,demora_retorno,sim,nao,sim,prazo,158,13,validado,
NC-00509,21/02/2025,uberlândia,MG,30,3508.85,Outro,industria,media,instagram,consultoria_digital,"6410,77",aceita,"24,58",13,3.5,,sim,sim,nao,prazo,179,15,validado,
NC-00510,2025-02-13,São Paulo,SP,29,"9248,42",Outro,varejo,media,site,app_mobile,9415.49,aceita,53.42,0,7.0,demora_retorno,sim,sim,nao,prazo,132,6,validado,
NC-00511,2025-05-03,Campinas,SP,52,6680.87,,educacao,MEI,indicacao,app_mobile,"8990,98",recusada,41.8,0,8.1,NA,sim,nao,sim,concorrencia,395,12,pendente,
NC-00512,2025-06-20,Uberaba,MG,41,4827.01,Outro,industria,pequena,google_ads,automacao_processos,12874.59,recusada,22.12,21,"2,9",demora_retorno,sim,nao,sim,concorrencia,98,10,,
NC-00513,2025-06-18,Salvador,BA,33,"9871,25",F,varejo,MEI,google_ads,sistema_web,"10003,59",aceitaa,46.47,1,9.1,demora_retorno,sim,nao,sim,NA,5,0,procesado,
NC-00514,2025-06-28,São Paulo,SP,56,7660.18,F,industria,MEI,indicacao,sistema_web,3268.78,em_analise,26.65,22,8.7,preco_alto,nao,nao,nao,,136,6,validado,
NC-00515,2025-10-13,Curitiba,PR,39,2025.51,Outro,saude,MEI,site,automacao_processos,8822.7,recusada,44.85,6,"2,8",NA,sim,nao,sim,preco,5,0,procesado,
NC-00516,2025-06-24,Salvador,BA,52,"5272,08",,servicos,media,site,app_mobile,6344.42,aceita,27.82,14,6.3,demora_retorno,sim,sim,nao,concorrencia,133,13,,
NC-00517,2025-05-31,Goiânia,GO,19,8310.41,Outro,educacao,grande,indicacao,sistema_web,7247.28,recusada,55.65,9,9.2,preco_alto,sim,nao,sim,concorrencia,75,6,,
NC-00518,2025-07-11,Goiânia,GO,69,5803.44,M,varejo,MEI,evento,automacao_processos,19826.55,em_analise,39.38,12,3.7,demora_retorno,sim,nao,nao,,5,4,validado,
NC-00519,2025-07-21,Salvador,BA,38,7986.08,Outro,educacao,media,instagram,automacao_processos,"10078,35",aceita,39.01,19,"3,9",,sim,sim,nao,prazo,521,11,,
NC-00520,2025-10-27,São Paulo,SP,33,3896.21,,industria,pequena,site,app_mobile,3424.6,recusada,"17,32",0,3.9,preco_alto,sim,nao,sim,,5,6,,
NC-00521,26/05/2025,São Paulo,SP,24,5790.24,,servicos,grande,google_ads,sistema_web,7346.26,aceita,33.49,20,9.5,,sim,sim,nao,prazo,214,12,,
NC-00522,2025-01-22,Salvador,ba,32,8648.97,M,educacao,MEI,indicacao,consultoria_digital,2127.44,recusada,29.09,10,6.8,nao_entendeu_proposta,nao,nao,sim,falta_contato,88,3,pendente,
NC-00523,2025-01-17,Salvador,BA,49,13271.92,M,industria,pequena,site,sistema_web,14935.93,em_analise,31.03,11,8.4,preco_alto,sim,nao,nao,preco,390,4,,
NC-00524,2025-09-28,Uberlândia,MG,22,2971.37,F,varejo,grande,indicacao,automacao_processos,9779.23,aceita,25.72,7,4.5,concorrente,sim,sim,nao,preco,99,5,procesado,
NC-00525,01-24-2025,Uberlândia,mg,44,2027.36,Outro,servicos,pequena,indicacao,app_mobile,"4449,41",em_analise,33.9,8,8.8,NA,sim,nao,nao,prazo,50,12,pendente,
NC-00526,2025-06-03,curitiba,PR,43,5076.34,Outro,varejo,pequena,google_ads,app_mobile,6366.46,abandonada,15.18,9,7.2,nao_entendeu_proposta,sim,nao,sim,NA,251,13,pendente,
NC-00527,2025-07-07,São Paulo,SP,21,7737.55,,servicos,pequena,site,consultoria_digital,12981.06,recusada,12.11,7,4.5,nao_entendeu_proposta,sim,nao,sim,concorrencia,431,9,procesado,
NC-00528,2025-08-03,São Paulo,SP,54,8663.2,Outro,industria,grande,indicacao,automacao_processos,"2314,22",aceita,0,20,6.9,nao_entendeu_proposta,sim,sim,nao,prazo,269,9,pendente,
NC-00529,08/07/2025,Salvador,BA,22,"6598,85",M,educacao,grande,evento,sistema_web,3168.53,em_analise,10.56,0,5.4,nao_entendeu_proposta,sim,nao,nao,preco,74,8,,
NC-00530,2025-01-03,Campinas,SP,40,5567.63,M,servicos,pequena,evento,app_mobile,7364.52,em_analise,29.97,10,8.3,NA,sim,nao,nao,preco,306,13,,
NC-00531,2025-03-25,Curitiba,PR,59,5579.34,Outro,servicos,MEI,site,automacao_processos,8051.15,aceita,25.14,15,6.5,concorrente,sim,sim,nao,falta_contato,331,8,pendente,
NC-00532,data_invalida,São Paulo,SP,24,2294.13,Outro,varejo,MEI,indicacao,app_mobile,11838.33,aceita,31.07,10,3.8,concorrente,sim,sim,nao,falta_contato,307,0,procesado,
NC-00533,2025-02-18,São Paulo,sp,49,4926.61,,varejo,MEI,site,sistema_web,11768.61,recusada,"26,86",0,9.6,nao_entendeu_proposta,sim,nao,sim,preco,181,6,pendente,
NC-00534,02-04-2025,Campinas,SP,23,3144.58,Outro,varejo,pequena,site,automacao_processos,15635.34,aceita,27.52,25,6.9,,sim,sim,nao,concorrencia,248,4,,
NC-00535,data_invalida,Goiânia,GO,70,"5407,23",,servicos,media,instagram,automacao_processos,2702.49,em_analise,"38,63",3,9.5,preco_alto,sim,nao,nao,,32,8,validado,
NC-00536,2025-08-08,Salvador,BA,53,1200,M,educacao,media,site,sistema_web,10325.56,recusada,0.78,25,8.4,,sim,nao,sim,falta_contato,126,14,procesado,
NC-00537,2025-03-27,Salvador,BA,50,13379.37,F,educacao,media,instagram,sistema_web,764.97,recusada,32.96,25,7.4,concorrente,sim,nao,sim,falta_contato,111,0,procesado,
NC-00538,2025-03-31,Uberaba,MG,37,"1935,92",Outro,varejo,MEI,site,sistema_web,5166.51,em_analise,43.81,6,6.4,,sim,nao,nao,NA,329,0,pendente,
NC-00539,2025-03-03,Uberlândia,MG,68,7743.47,M,varejo,media,site,sistema_web,14750.99,recusada,33.25,4,7.2,concorrente,sim,nao,sim,concorrencia,183,11,,
NC-00540,2025-05-21,Campinas,SP,,5134.95,M,servicos,grande,instagram,automacao_processos,14019.36,recusada,16.07,17,7.5,preco_alto,sim,nao,sim,prazo,108,3,,
NC-00541,2025-07-02,Goiânia,GO,59,3268.42,M,educacao,MEI,site,app_mobile,7995.11,aceita,12.17,12,5.4,,sim,sim,nao,concorrencia,75,0,pendente,
NC-00542,2025-05-25,Salvador,BA,22,10148.31,,saude,MEI,instagram,app_mobile,"9036,03",recusada,"36,08",0,"3,5",concorrente,sim,nao,sim,NA,5,11,pendente,
NC-00543,2025-06-22,Campinas,SP,31,7440.21,M,varejo,MEI,site,app_mobile,4580.74,aceita,36.91,18,7.4,,sim,sim,nao,NA,302,9,,
NC-00544,06/01/2025,Goiânia,GO,66,"1593,38",M,varejo,MEI,instagram,consultoria_digital,8730.77,recusada,24.55,4,5.3,demora_retorno,sim,nao,sim,falta_contato,169,4,,
NC-00545,24/05/2025,Uberaba,MG,46,8800.46,M,varejo,pequena,site,consultoria_digital,12899.36,recusada,69.55,13,7.1,NA,sim,nao,sim,NA,150,15,procesado,
NC-00546,2025-01-23,Salvador,BA,18,8419.6,F,industria,MEI,instagram,consultoria_digital,2774.33,recusada,49.44,33,8.3,demora_retorno,sim,nao,sim,falta_contato,131,2,procesado,
NC-00547,2025-08-24,Salvador,BA,64,1200,Outro,servicos,media,site,consultoria_digital,500,recusada,10.07,9,6.5,concorrente,sim,nao,sim,falta_contato,11,10,procesado,
NC-00548,2025-02-13,Goiânia,GO,26,1200,M,varejo,pequena,site,consultoria_digital,11537.63,abandonada,39.86,19,8.6,NA,sim,nao,sim,,397,5,procesado,
NC-00549,2025-09-15,Campinas,SP,35,"3639,49",F,servicos,MEI,evento,consultoria_digital,5455.96,em_analise,24.72,19,9.4,preco_alto,sim,nao,nao,preco,298,4,procesado,
NC-00550,2025-07-03,Goiânia,GO,59,9147.46,,industria,MEI,site,automacao_processos,5782.44,em_analise,45.76,18,8.5,,sim,nao,nao,preco,41,6,,
NC-00551,2025-01-13,Uberlândia,MG,24,6924.02,F,varejo,pequena,indicacao,consultoria_digital,"7863,27",aceita,40.34,2,4.6,NA,sim,sim,nao,,156,17,validado,
NC-00552,2025-10-17,Campinas,SP,64,"4923,28",,saude,MEI,site,automacao_processos,9689.18,em_analise,18.39,21,6.3,NA,sim,nao,nao,,168,8,pendente,
NC-00553,2025-03-03,Salvador,BA,63,"7331,97",M,educacao,MEI,evento,app_mobile,9979.89,aceita,47.4,15,5.4,demora_retorno,sim,sim,nao,concorrencia,164,5,validado,
NC-00554,2025-01-18,salvador,BA,36,9711.82,Outro,varejo,MEI,google_ads,app_mobile,5813.39,em_analise,29.03,6,7.2,preco_alto,sim,nao,nao,falta_contato,320,10,pendente,
NC-00555,2025-03-03,Uberaba,MG,42,7079.58,,servicos,pequena,site,sistema_web,"12580,24",recusada,"41,36",0,"7,5",demora_retorno,sim,nao,sim,NA,5,10,,
NC-00556,2025-02-12,Uberlândia,MG,63,4300.12,Outro,varejo,MEI,site,sistema_web,6413.75,aceitaa,47.94,27,9.5,concorrente,sim,nao,sim,,238,4,procesado,
NC-00557,2025-02-25,São Paulo,sp,58,10408.61,,servicos,media,instagram,automacao_processos,2368.85,recusada,40.56,8,7.5,preco_alto,sim,nao,sim,preco,5,5,pendente,
NC-00558,2025-02-11,São Paulo,SP,35,4930.71,M,educacao,MEI,instagram,automacao_processos,"13203,58",recusada,2.53,31,"4,4",preco_alto,sim,nao,sim,,113,16,pendente,
NC-00559,2025-05-06,Campinas,SP,67,"6839,81",Outro,servicos,pequena,indicacao,consultoria_digital,"6677,8",recusada,5.71,14,8.6,nao_entendeu_proposta,sim,nao,sim,prazo,95,4,validado,
NC-00560,2025-05-21,São Paulo,SP,53,2784.21,,servicos,MEI,site,sistema_web,12577.9,em_analise,"46,56",11,9.9,nao_entendeu_proposta,sim,nao,nao,concorrencia,263,16,procesado,
NC-00561,data_invalida,Uberaba,MG,61,3332.43,Outro,varejo,pequena,site,sistema_web,10939.77,aceita,11.19,12,5.8,concorrente,sim,sim,nao,NA,287,8,validado,
NC-00562,2025-06-23,Curitiba,PR,66,"7401,21",Outro,servicos,MEI,instagram,sistema_web,1291.11,aceita,61.92,9,8.6,NA,sim,sim,nao,prazo,234,12,validado,
NC-00563,data_invalida,Campinas,SP,19,7787.17,Outro,servicos,MEI,google_ads,sistema_web,11160.75,em_analise,"57,86",30,7.2,demora_retorno,sim,nao,nao,preco,237,6,procesado,
NC-00564,2025-06-10,Uberaba,MG,31,7072.08,M,servicos,media,instagram,app_mobile,5778.3,em_analise,36.35,20,5.7,concorrente,sim,nao,nao,,67,12,validado,
NC-00565,2025-09-12,Uberaba,MG,29,8925.45,M,industria,media,google_ads,app_mobile,12792.05,recuzada,49.75,1,6.0,demora_retorno,sim,nao,nao,falta_contato,326,12,procesado,
NC-00566,data_invalida,campinas,sp,64,"3936,35",M,industria,MEI,site,consultoria_digital,4542.64,aceita,66.73,10,7.1,concorrente,sim,sim,nao,falta_contato,266,9,,
NC-00567,2025-05-06,salvador,BA,20,9776.17,,saude,MEI,site,sistema_web,6902.48,em_analise,13.72,17,8.2,preco_alto,sim,nao,nao,NA,476,13,validado,
NC-00568,2025-06-07,Salvador,ba,61,"9356,03",Outro,educacao,media,evento,sistema_web,10841.83,aceita,56.15,0,7.7,demora_retorno,sim,sim,nao,concorrencia,24,2,validado,
NC-00569,2025-02-07,Goiânia,GO,54,6707.3,Outro,servicos,pequena,google_ads,sistema_web,10587.39,aceita,38.17,7,6.1,demora_retorno,sim,sim,nao,,240,15,pendente,
NC-00570,2025-05-18,Curitiba,PR,70,5952.48,,educacao,pequena,google_ads,sistema_web,"11382,63",recusada,31.03,10,4.0,preco_alto,sim,nao,sim,falta_contato,219,16,pendente,
NC-00571,05-04-2025,Campinas,SP,64,12113.33,M,servicos,MEI,google_ads,app_mobile,"938,79",recusada,47.68,22,5.5,NA,sim,nao,sim,preco,345,14,pendente,
NC-00572,10-07-2025,Campinas,sp,33,"6113,12",F,servicos,media,indicacao,automacao_processos,13573.2,aceita,39.36,25,8.0,NA,sim,sim,nao,prazo,416,11,pendente,
NC-00573,02-20-2025,Curitiba,pr,57,7574.64,,varejo,media,google_ads,consultoria_digital,14273.85,em_analise,"32,19",0,"7,3",preco_alto,sim,nao,nao,NA,49,1,validado,
NC-00574,2025-10-14,Curitiba,PR,41,6781.42,F,educacao,pequena,site,automacao_processos,"9401,47",aceita,53.16,7,5.1,,sim,sim,nao,concorrencia,169,2,,
NC-00575,2025-09-17,Salvador,BA,44,10944.12,M,servicos,MEI,indicacao,automacao_processos,7373.74,recusada,48.01,2,"6,0",,sim,nao,sim,prazo,268,5,validado,
NC-00576,2025-05-14,Curitiba,pr,49,8784.43,,industria,media,site,consultoria_digital,5385.22,recusada,66.66,29,6.3,nao_entendeu_proposta,sim,nao,sim,,5,9,validado,
NC-00577,2025-06-01,Curitiba,PR,50,11706.42,,servicos,pequena,site,automacao_processos,2074.67,em_analise,2.61,18,5.7,,sim,nao,nao,preco,61,0,pendente,
NC-00578,2025-03-06,campinas,SP,,4352.94,,industria,media,google_ads,sistema_web,500,recusada,66.49,26,5.9,demora_retorno,sim,nao,sim,falta_contato,138,10,,
NC-00579,2025-06-05,Campinas,SP,29,3858.74,M,varejo,MEI,indicacao,sistema_web,8837.24,recusada,14.6,18,7.8,nao_entendeu_proposta,nao,nao,sim,preco,83,5,validado,
NC-00580,2025-05-13,Salvador,BA,61,8982.36,M,educacao,pequena,site,sistema_web,7172.77,abandonada,40.56,10,6.7,demora_retorno,nao,nao,sim,,147,4,pendente,
NC-00581,2025-09-21,Goiânia,GO,50,2317.48,,varejo,MEI,site,sistema_web,3327.14,abandonada,2.76,10,5.6,nao_entendeu_proposta,sim,nao,sim,,90,3,procesado,
NC-00582,2025-10-28,Salvador,BA,54,10525.83,M,varejo,media,instagram,app_mobile,12204.44,abandonada,20.97,24,7.6,concorrente,sim,nao,sim,prazo,131,6,pendente,
NC-00583,2025-08-27,Salvador,BA,39,9156.16,M,saude,media,site,app_mobile,10902.38,abandonada,64.93,1,6.6,demora_retorno,sim,nao,sim,concorrencia,126,11,procesado,
NC-00584,04-29-2025,Salvador,BA,50,6565.29,,industria,pequena,evento,automacao_processos,5622.02,aceita,37.76,32,7.3,,nao,sim,nao,,418,5,,
NC-00585,04-28-2025,Uberlândia,MG,18,"5517,89",M,servicos,MEI,indicacao,app_mobile,"3334,03",recusada,"94,71",44,5.3,concorrente,sim,nao,sim,falta_contato,338,11,pendente,
NC-00586,2025-03-09,São Paulo,SP,,7944.72,,saude,pequena,indicacao,automacao_processos,"2855,88",recusada,"30,88",17,7.2,NA,sim,nao,sim,falta_contato,20,13,procesado,
NC-00587,2025-01-03,Campinas,SP,69,"7406,82",F,servicos,grande,site,automacao_processos,"13840,85",recusada,46.46,7,"5,7",demora_retorno,nao,nao,sim,prazo,5,11,procesado,
NC-00588,2025-05-03,Goiânia,GO,68,5928.83,F,industria,MEI,google_ads,consultoria_digital,8953.82,aceita,50.44,8,"2,8",NA,sim,sim,nao,,264,7,pendente,
NC-00589,2025-03-05,Goiânia,go,60,8023.16,Outro,industria,MEI,instagram,automacao_processos,6850.53,em_analise,63.03,23,8.8,NA,sim,nao,nao,,269,3,,
NC-00590,2025-03-01,Salvador,BA,40,3287.05,M,varejo,pequena,instagram,app_mobile,5254.78,em_analise,65.83,8,7.1,concorrente,sim,nao,nao,prazo,297,0,procesado,
NC-00591,10-08-2025,Goiânia,GO,55,1200,F,varejo,pequena,indicacao,consultoria_digital,5797.44,em_analise,"24,22",20,4.8,nao_entendeu_proposta,sim,nao,nao,prazo,42,9,procesado,
NC-00592,2025-02-23,Salvador,BA,56,10900.98,Outro,educacao,MEI,evento,automacao_processos,8600.74,abandonada,0,6,7.6,,sim,nao,sim,prazo,158,14,validado,
NC-00593,2025-10-27,Uberaba,MG,32,"11216,57",,saude,pequena,site,sistema_web,"19699,87",aceita,68.26,18,10,demora_retorno,sim,sim,nao,concorrencia,190,5,pendente,
NC-00594,2025-07-12,São Paulo,SP,25,5846.42,F,educacao,MEI,evento,app_mobile,5333.42,abandonada,42.66,28,7.7,nao_entendeu_proposta,sim,nao,sim,NA,157,8,validado,
NC-00595,2025-01-09,Goiânia,GO,64,1200,,saude,media,indicacao,automacao_processos,9071.53,aceita,54.06,17,3.8,,sim,sim,nao,,256,10,pendente,
NC-00596,2025-02-24,Curitiba,PR,64,6552.99,M,servicos,pequena,instagram,sistema_web,9669.13,abandonada,24.09,9,5.8,preco_alto,sim,nao,sim,preco,5,13,validado,
NC-00597,2025-10-22,Curitiba,PR,41,9308.16,M,servicos,media,instagram,consultoria_digital,13159.58,aceita,24.38,0,4.1,nao_entendeu_proposta,sim,sim,nao,NA,43,10,procesado,
NC-00598,2025-10-07,Uberlândia,mg,32,8396.35,,educacao,MEI,site,sistema_web,11675.47,em_analise,53.5,0,6.9,preco_alto,sim,nao,nao,concorrencia,184,5,validado,
NC-00599,2025-10-03,Uberlândia,MG,25,6098.77,Outro,educacao,pequena,indicacao,automacao_processos,7337.05,aceitaa,35.84,9,7.2,nao_entendeu_proposta,sim,nao,sim,preco,5,5,procesado,
NC-00600,2025-05-13,Goiânia,GO,,12106.89,,industria,pequena,google_ads,sistema_web,11122.92,recuzada,31.03,4,8.4,,sim,nao,nao,prazo,72,4,procesado,
NC-00601,2025-10-26,Campinas,SP,49,"7752,38",,varejo,media,google_ads,app_mobile,6474.63,aceita,65.82,9,7.0,nao_entendeu_proposta,sim,sim,nao,concorrencia,243,8,procesado,
NC-00602,2025-07-26,Uberaba,MG,55,"8028,43",Outro,servicos,media,instagram,app_mobile,7244.57,em_analise,32.61,20,3.1,NA,sim,nao,nao,NA,5,13,,
NC-00603,2025-05-10,Campinas,SP,39,12066.04,F,saude,MEI,site,automacao_processos,4954.4,recusada,30.57,31,9.9,demora_retorno,sim,nao,sim,prazo,164,1,pendente,
NC-00604,2025-07-30,Uberaba,MG,49,6342.02,F,servicos,grande,site,automacao_processos,9375.94,aceita,34.82,22,7.0,demora_retorno,sim,sim,nao,preco,120,5,validado,
NC-00605,2025-01-25,Campinas,SP,42,7071.05,,servicos,pequena,site,app_mobile,500,aceita,36.05,12,5.0,,sim,sim,nao,NA,5,8,,
NC-00606,2025-04-07,Salvador,BA,32,2185.98,M,industria,MEI,site,app_mobile,8842.21,abandonada,53.71,29,7.1,demora_retorno,sim,nao,sim,NA,82,0,,
NC-00607,2025-06-24,São Paulo,SP,58,8405.4,F,servicos,pequena,site,automacao_processos,14296.41,em_analise,65.76,30,10,demora_retorno,sim,nao,nao,prazo,168,8,validado,
NC-00608,2025-05-14,Campinas,SP,57,9561.68,Outro,varejo,pequena,instagram,sistema_web,"9200,18",abandonada,9.36,19,3.9,NA,sim,nao,sim,NA,127,12,,
NC-00609,2025-03-21,Salvador,ba,45,3295.79,F,industria,MEI,indicacao,sistema_web,15617.63,aceita,42.08,8,"8,4",preco_alto,sim,sim,nao,preco,204,0,procesado,
NC-00610,01/07/2025,São Paulo,SP,65,6684.3,M,varejo,pequena,site,app_mobile,8763.1,recusada,29.17,10,8.7,demora_retorno,sim,nao,sim,concorrencia,359,8,validado,
NC-00611,2025-03-21,Uberaba,MG,50,3714.64,Outro,educacao,pequena,google_ads,automacao_processos,23246.23,recusada,65.99,15,8.6,concorrente,sim,nao,sim,prazo,142,10,procesado,
NC-00612,09-18-2025,Uberlândia,MG,20,7689.79,Outro,educacao,pequena,site,sistema_web,8282.67,aceita,17.55,35,"6,5",demora_retorno,sim,sim,nao,prazo,199,1,procesado,
NC-00613,03-19-2025,São Paulo,SP,35,"5822,47",,varejo,MEI,google_ads,app_mobile,10186.45,recusada,12.55,4,"7,3",preco_alto,sim,nao,sim,preco,362,8,pendente,
NC-00614,2025-04-28,Campinas,SP,63,7604.16,M,industria,MEI,site,sistema_web,15820.81,recusada,70.43,0,5.2,,sim,nao,sim,NA,296,2,validado,
NC-00615,2025-07-10,Uberlândia,MG,24,10993.25,M,saude,pequena,instagram,automacao_processos,"5638,73",aceita,0,15,"7,0",nao_entendeu_proposta,sim,sim,nao,preco,235,6,procesado,
NC-00616,2025-06-18,Goiânia,GO,45,9226.59,,industria,media,google_ads,automacao_processos,10823.94,recusada,0,20,1.9,NA,sim,nao,sim,prazo,283,12,validado,
NC-00617,2025-04-16,Curitiba,PR,65,5798.58,Outro,servicos,MEI,site,consultoria_digital,5836.92,aceita,28.52,14,7.9,,sim,sim,nao,preco,136,10,pendente,
NC-00618,2025-05-18,Uberlândia,MG,24,1200,M,industria,MEI,google_ads,app_mobile,6971.22,em_analise,35.86,19,6.3,concorrente,sim,nao,nao,concorrencia,203,8,procesado,
NC-00619,data_invalida,Uberlândia,MG,,3420.44,F,varejo,grande,instagram,automacao_processos,500,aceitaa,59.09,0,3.6,demora_retorno,sim,sim,nao,concorrencia,5,9,validado,
NC-00620,2025-07-20,Salvador,ba,50,"2610,84",F,industria,MEI,site,automacao_processos,1281.5,em_analise,72.04,0,6.0,,sim,nao,nao,concorrencia,393,10,validado,
NC-00621,2025-01-27,Uberaba,MG,23,11382.98,F,saude,grande,instagram,app_mobile,"5882,46",em_analise,2.51,0,5.4,NA,sim,nao,nao,preco,129,9,validado,
NC-00622,2025-05-18,Uberaba,MG,33,9864.86,,saude,pequena,site,sistema_web,13159.94,em analise,29.85,11,3.3,concorrente,sim,sim,nao,prazo,244,10,,
NC-00623,2025-09-21,Salvador,BA,30,4180.04,Outro,saude,pequena,site,sistema_web,8053.21,aceita,47.27,0,"6,5",NA,sim,sim,nao,preco,175,7,procesado,
NC-00624,2025-10-10,Uberlândia,MG,63,7586.88,Outro,servicos,MEI,google_ads,automacao_processos,8209.65,aceita,28.02,8,3.6,demora_retorno,sim,sim,nao,preco,376,10,validado,
NC-00625,2025-01-18,Salvador,BA,45,9865.78,M,varejo,media,site,automacao_processos,17500.59,aceita,41.79,21,"7,8",demora_retorno,sim,sim,nao,concorrencia,170,10,procesado,
NC-00626,2025-09-19,Curitiba,PR,24,4232.45,M,industria,media,google_ads,sistema_web,13677.05,aceitaa,31.7,11,4.7,concorrente,sim,nao,sim,,8,7,procesado,
NC-00627,10-25-2025,São Paulo,SP,61,8308.06,Outro,servicos,pequena,instagram,app_mobile,8735.24,recusada,45.61,3,5.8,,sim,nao,sim,concorrencia,157,15,validado,
NC-00628,2025-08-18,Uberaba,MG,47,4541.12,,servicos,MEI,indicacao,app_mobile,8489.42,em_analise,12.36,15,"8,8",demora_retorno,sim,nao,nao,prazo,5,16,pendente,
NC-00629,2025-07-10,São Paulo,SP,53,"8920,73",Outro,varejo,media,site,sistema_web,"11591,93",em_analise,"66,09",17,8.4,demora_retorno,sim,nao,nao,concorrencia,194,16,,
NC-00630,2025-08-02,São Paulo,SP,,3242.9,M,industria,MEI,instagram,automacao_processos,8981.92,em_analise,50.34,15,3.4,concorrente,sim,nao,nao,preco,44,11,,
NC-00631,data_invalida,Goiânia,GO,60,2109.63,,varejo,MEI,site,sistema_web,9835.69,recusada,61.03,19,6.3,,sim,nao,sim,preco,367,11,,
NC-00632,2025-07-19,Uberaba,MG,64,5014.67,,saude,pequena,site,automacao_processos,13404.81,em_analise,66.49,21,7.7,demora_retorno,sim,nao,nao,prazo,138,11,pendente,
NC-00633,2025-01-04,Goiânia,GO,61,5875.1,,varejo,media,site,sistema_web,8965.57,abandonada,6.64,19,8.0,,nao,nao,sim,prazo,85,0,procesado,
NC-00634,data_invalida,curitiba,PR,65,7306.58,Outro,industria,MEI,indicacao,sistema_web,"12694,25",abandonada,48.7,5,6.5,concorrente,sim,nao,sim,concorrencia,258,10,procesado,
NC-00635,03/08/2025,Uberlândia,MG,48,"5724,81",,educacao,media,site,sistema_web,10530.41,aceita,14.81,14,4.7,demora_retorno,sim,sim,nao,NA,262,5,pendente,
NC-00636,2025-04-06,Uberlândia,mg,18,3507.68,Outro,servicos,grande,google_ads,app_mobile,"14203,72",recusada,"22,9",28,"9,1",nao_entendeu_proposta,sim,nao,sim,NA,169,11,validado,
NC-00637,data_invalida,Goiânia,GO,59,"6180,24",Outro,educacao,MEI,site,app_mobile,3276.92,abandonada,"11,95",12,4.4,nao_entendeu_proposta,sim,nao,sim,preco,311,12,validado,
NC-00638,09-29-2025,Uberaba,MG,53,"6249,25",Outro,servicos,MEI,site,automacao_processos,"9975,09",em_analise,"48,84",14,"8,6",demora_retorno,sim,nao,nao,falta_contato,131,5,validado,
NC-00639,19/03/2025,São Paulo,SP,25,6225.74,,industria,media,google_ads,sistema_web,2525.87,em_analise,17.8,24,4.7,nao_entendeu_proposta,sim,nao,nao,preco,228,2,,
NC-00640,2025-06-26,Uberaba,MG,24,2042.83,Outro,saude,media,indicacao,sistema_web,3936.73,aceita,"62,32",21,9.5,demora_retorno,sim,sim,nao,falta_contato,25,11,pendente,
NC-00641,2025-09-08,Salvador,BA,59,9417.47,M,varejo,media,site,app_mobile,9234.6,abandonada,48.56,9,6.1,NA,sim,nao,sim,falta_contato,221,0,procesado,
NC-00642,2025-10-18,Salvador,BA,47,"3578,61",Outro,industria,MEI,instagram,app_mobile,12611.19,em_analise,58.04,24,"7,4",,sim,nao,nao,falta_contato,372,6,procesado,
NC-00643,2025-10-07,Uberlândia,MG,,8037.2,Outro,industria,pequena,site,automacao_processos,6191.35,aceita,64.17,13,5.6,NA,sim,sim,nao,NA,120,3,,
NC-00644,2025-04-17,Uberlândia,MG,69,8271.27,F,varejo,pequena,instagram,automacao_processos,12455.58,recusada,"13,54",0,8.2,concorrente,sim,nao,sim,prazo,5,6,,
NC-00645,2025-06-19,Goiânia,GO,44,8560.78,,saude,MEI,site,sistema_web,3383.71,em_analise,31.15,21,6.6,preco_alto,sim,nao,nao,prazo,188,16,pendente,
NC-00646,2025-09-05,Campinas,SP,42,"3977,89",Outro,servicos,MEI,indicacao,app_mobile,10702.01,recusada,73.02,35,7.1,concorrente,sim,nao,sim,NA,106,7,,
NC-00647,2025-04-18,Goiânia,GO,49,"9360,79",,saude,MEI,site,sistema_web,500,recusada,51.56,30,10,demora_retorno,sim,nao,sim,prazo,5,12,procesado,
NC-00648,2025-08-07,São Paulo,SP,,6496.45,M,saude,grande,instagram,sistema_web,8901.33,aceitaa,"65,34",7,4.6,,sim,nao,nao,concorrencia,289,14,,
NC-00649,22/06/2025,Curitiba,PR,,2832.95,M,saude,media,site,automacao_processos,"7330,06",abandonada,74.83,2,5.6,demora_retorno,sim,nao,sim,prazo,52,6,validado,
NC-00650,2025-08-06,Curitiba,PR,70,5757.15,F,varejo,grande,site,app_mobile,12128.13,em_analise,25.92,15,6.8,preco_alto,sim,nao,nao,,212,3,validado,
NC-00651,2025-08-11,Uberaba,MG,,7844.37,,saude,MEI,site,app_mobile,"4724,02",recusada,49.08,8,8.3,concorrente,sim,nao,sim,preco,313,0,,
NC-00652,2025-03-18,Campinas,SP,30,6702.15,F,varejo,MEI,instagram,app_mobile,8615.77,em_analise,0,9,8.5,nao_entendeu_proposta,sim,nao,nao,prazo,245,6,validado,
NC-00653,2025-03-27,Goiânia,GO,52,5886.02,Outro,servicos,pequena,site,app_mobile,9273.85,recusada,35.08,0,5.8,,sim,nao,sim,concorrencia,296,5,validado,
NC-00654,2025-02-25,Uberlândia,MG,53,"4947,49",M,industria,MEI,indicacao,sistema_web,16078.05,em_analise,43.66,26,9.8,nao_entendeu_proposta,sim,nao,nao,falta_contato,191,7,,
NC-00655,data_invalida,Uberaba,MG,27,"6819,25",F,saude,pequena,evento,sistema_web,2642.1,em analise,17.54,28,"6,1",preco_alto,sim,nao,nao,concorrencia,180,11,pendente,
NC-00656,2025-02-05,Campinas,SP,45,6206.35,M,servicos,MEI,google_ads,automacao_processos,5504.98,em_analise,"25,18",15,6.3,,sim,nao,nao,concorrencia,120,11,procesado,
NC-00657,2025-02-16,Salvador,BA,44,7122.96,,educacao,grande,indicacao,sistema_web,8412.8,recusada,21.27,6,"9,1",demora_retorno,sim,nao,sim,concorrencia,149,7,validado,
NC-00658,2025-06-25,Salvador,BA,46,11143.91,F,servicos,media,instagram,consultoria_digital,12063.54,em_analise,26.5,15,10,concorrente,sim,nao,nao,,5,11,,
NC-00659,2025-05-26,Uberlândia,MG,53,10868.38,Outro,industria,media,indicacao,app_mobile,"12786,24",recuzada,52.93,8,2.8,,sim,nao,sim,,264,8,,
NC-00660,2025-03-08,Goiânia,GO,51,6635.09,Outro,industria,pequena,evento,consultoria_digital,13050.42,em_analise,48.95,20,7.7,concorrente,sim,nao,nao,concorrencia,101,9,,
NC-00661,2025-06-16,São Paulo,sp,54,8855.19,F,industria,pequena,instagram,sistema_web,2508.69,em analise,27.2,10,6.0,nao_entendeu_proposta,sim,sim,nao,preco,226,13,,
NC-00662,2025-04-11,Uberaba,MG,38,7141.47,Outro,educacao,media,instagram,app_mobile,"13824,87",em_analise,42.24,12,10,NA,sim,nao,nao,concorrencia,127,11,,
NC-00663,2025-01-16,Uberaba,MG,50,1200,F,varejo,media,evento,sistema_web,8164.75,recusada,19.25,16,3.5,preco_alto,nao,nao,sim,falta_contato,248,3,validado,
NC-00664,2025-04-13,Goiânia,go,36,"8575,43",F,industria,MEI,instagram,consultoria_digital,"7441,38",aceita,56.35,8,5.5,nao_entendeu_proposta,sim,sim,nao,concorrencia,173,3,procesado,
NC-00665,2025-08-03,Goiânia,GO,41,"5930,82",Outro,servicos,MEI,instagram,app_mobile,500,abandonada,30.51,7,10,concorrente,nao,nao,sim,preco,38,16,procesado,
NC-00666,2025-04-11,São Paulo,SP,57,7865.52,Outro,servicos,MEI,google_ads,automacao_processos,500,aceita,40.08,22,"7,8",preco_alto,sim,sim,nao,NA,53,7,procesado,
NC-00667,08-19-2025,Goiânia,GO,37,6115.44,F,servicos,pequena,site,consultoria_digital,5064.0,em_analise,"23,81",9,7.6,nao_entendeu_proposta,sim,nao,nao,concorrencia,162,5,validado,
NC-00668,2025-05-30,salvador,BA,43,8482.47,,educacao,grande,site,consultoria_digital,4321.22,em_analise,"39,7",4,6.7,concorrente,sim,nao,nao,falta_contato,169,0,pendente,
NC-00669,2025-02-21,São Paulo,SP,34,2636.16,F,educacao,MEI,site,consultoria_digital,10978.18,recusada,54.51,14,"6,7",nao_entendeu_proposta,nao,nao,sim,prazo,163,7,,
NC-00670,2025-03-19,curitiba,PR,45,"6042,1",F,varejo,pequena,google_ads,automacao_processos,6405.76,em_analise,"49,77",3,"9,0",preco_alto,nao,nao,nao,concorrencia,160,0,procesado,
NC-00671,2025-05-28,Uberaba,mg,69,1200,,servicos,MEI,evento,sistema_web,6189.51,recusada,67.03,30,4.2,NA,sim,nao,sim,falta_contato,167,2,pendente,
NC-00672,2025-03-24,Salvador,BA,48,1200,Outro,servicos,media,site,sistema_web,500,abandonada,51.34,8,6.9,concorrente,sim,nao,sim,,50,6,procesado,
NC-00673,2025-08-17,Uberlândia,MG,27,4392.39,Outro,industria,MEI,instagram,consultoria_digital,"6567,94",em_analise,25.02,23,2.9,nao_entendeu_proposta,sim,nao,nao,preco,190,0,,
NC-00674,2025-04-16,Curitiba,PR,39,3578.3,M,varejo,pequena,indicacao,sistema_web,5785.63,em_analise,11.89,13,7.9,concorrente,sim,nao,nao,concorrencia,412,0,validado,
NC-00675,2025-09-08,Uberaba,MG,67,9655.31,Outro,educacao,grande,indicacao,app_mobile,4319.7,recusada,44.47,5,8.6,,sim,nao,sim,NA,98,14,pendente,
NC-00676,2025-06-03,Curitiba,PR,48,6808.74,Outro,saude,MEI,site,app_mobile,6522.33,aceita,36.54,22,3.5,nao_entendeu_proposta,sim,sim,nao,concorrencia,87,8,validado,
NC-00677,2025-03-14,curitiba,PR,59,6578.31,,educacao,MEI,instagram,consultoria_digital,10242.21,em_analise,42.6,5,5.3,NA,sim,nao,nao,,165,5,,
NC-00678,06/10/2025,Goiânia,GO,54,3608.66,M,saude,MEI,site,automacao_processos,"16558,0",abandonada,40.49,4,8.6,demora_retorno,sim,nao,sim,preco,229,2,,
NC-00679,03/03/2025,curitiba,PR,63,"4275,56",M,varejo,media,indicacao,sistema_web,"17343,03",abandonada,42.51,19,6.1,preco_alto,nao,nao,sim,,254,5,validado,
NC-00680,2025-05-30,Salvador,BA,24,10759.75,M,industria,media,instagram,sistema_web,12274.94,em_analise,68.81,3,8.5,,sim,nao,nao,NA,5,9,procesado,
NC-00681,2025-05-23,Uberaba,MG,27,6506.71,Outro,industria,pequena,indicacao,app_mobile,10552.64,em_analise,"37,79",0,8.7,preco_alto,sim,nao,nao,prazo,105,2,pendente,
NC-00682,24/06/2025,Salvador,BA,20,3116.22,F,varejo,pequena,evento,automacao_processos,18433.25,em_analise,"74,33",14,6.0,preco_alto,sim,nao,nao,,64,5,procesado,
NC-00683,2025-04-04,Campinas,SP,36,7830.49,F,servicos,MEI,site,app_mobile,3462.01,aceita,64.32,9,10,preco_alto,sim,sim,nao,NA,29,4,,
NC-00684,2025-02-14,Uberaba,MG,63,8222.58,,educacao,MEI,google_ads,consultoria_digital,5633.03,aceita,0,0,3.8,,sim,sim,nao,concorrencia,262,5,procesado,
NC-00685,09-14-2025,Curitiba,PR,70,3029.79,M,servicos,pequena,site,app_mobile,"14391,69",em_analise,30.94,14,6.9,demora_retorno,sim,nao,nao,prazo,138,19,procesado,
NC-00686,2025-06-14,Campinas,SP,54,"4505,75",Outro,industria,media,site,consultoria_digital,13403.64,em_analise,54.66,17,8.2,preco_alto,sim,nao,nao,falta_contato,181,8,procesado,
NC-00687,2025-08-10,Goiânia,GO,54,2963.89,M,servicos,media,instagram,sistema_web,6860.89,em analise,54.79,16,"6,4",,sim,nao,nao,preco,140,8,procesado,
NC-00688,2025-03-08,Campinas,SP,24,4950.06,,varejo,MEI,instagram,sistema_web,6522.61,aceita,42.78,19,6.9,,sim,sim,nao,preco,193,10,,
NC-00689,2025-10-22,Uberlândia,MG,46,7081.5,M,educacao,MEI,site,sistema_web,15101.08,abandonada,26.46,19,5.1,NA,sim,nao,sim,,19,0,validado,
NC-00690,2025-01-03,Uberlândia,MG,29,"14138,02",,varejo,pequena,site,automacao_processos,2427.75,abandonada,36.29,22,6.6,concorrente,sim,nao,sim,NA,206,16,procesado,
NC-00691,07-07-2025,São Paulo,sp,33,4704.35,Outro,varejo,pequena,site,sistema_web,9435.6,abandonada,1.4,6,6.7,demora_retorno,sim,nao,sim,,190,7,procesado,
NC-00692,2025-09-05,Uberlândia,MG,66,"1748,15",M,varejo,grande,indicacao,app_mobile,15658.63,recusada,4.73,0,5.4,preco_alto,sim,nao,sim,preco,59,0,pendente,
NC-00693,24/02/2025,goiânia,GO,22,5973.85,F,industria,pequena,google_ads,consultoria_digital,13467.02,recuzada,18.67,0,"9,0",nao_entendeu_proposta,sim,nao,sim,preco,74,12,,
NC-00694,2025-03-30,Campinas,SP,58,8008.93,Outro,educacao,grande,indicacao,consultoria_digital,16835.83,recusada,33.89,27,8.8,demora_retorno,sim,nao,sim,prazo,16,6,,
NC-00695,2025-06-01,São Paulo,SP,41,7764.27,Outro,educacao,pequena,site,app_mobile,4873.12,recusada,38.38,0,5.2,,sim,nao,sim,prazo,124,0,pendente,
NC-00696,2025-01-30,Campinas,SP,23,10500.76,Outro,servicos,MEI,instagram,sistema_web,"4569,91",recusada,4.35,23,10,NA,sim,nao,sim,prazo,5,3,,
NC-00697,2025-02-20,curitiba,PR,55,"6052,5",Outro,servicos,pequena,instagram,automacao_processos,13893.55,abandonada,20.48,10,8.6,concorrente,sim,nao,sim,prazo,276,3,pendente,
NC-00698,data_invalida,São Paulo,SP,26,"5850,39",F,servicos,MEI,site,automacao_processos,2529.41,recusada,48.65,28,8.9,nao_entendeu_proposta,sim,nao,sim,NA,232,5,pendente,
NC-00699,2025-07-07,Goiânia,GO,31,6528.49,,varejo,MEI,indicacao,sistema_web,500,abandonada,29.26,33,"3,8",concorrente,sim,nao,sim,,102,12,,
NC-00700,2025-10-15,Campinas,SP,22,"7286,28",Outro,varejo,pequena,indicacao,app_mobile,3576.55,em_analise,28.06,17,5.8,concorrente,sim,nao,nao,,344,8,pendente,
NC-00701,01-23-2025,Salvador,BA,66,"8590,06",M,varejo,pequena,indicacao,sistema_web,8046.57,em_analise,"52,77",9,3.8,,sim,nao,nao,preco,138,11,pendente,
NC-00702,23/08/2025,Campinas,SP,40,7337.85,M,varejo,MEI,instagram,app_mobile,557.59,aceita,13.86,23,7.3,NA,sim,sim,nao,falta_contato,27,6,,
NC-00703,2025-03-01,São Paulo,SP,67,8984.43,F,servicos,grande,site,automacao_processos,10322.9,em_analise,93.16,20,5.6,NA,sim,nao,nao,falta_contato,235,6,,
NC-00704,data_invalida,Goiânia,GO,59,4637.06,Outro,servicos,media,site,sistema_web,12936.07,em analise,58.01,20,3.6,demora_retorno,sim,nao,sim,,264,1,validado,
NC-00705,2025-10-05,São Paulo,SP,32,9295.71,Outro,servicos,media,site,consultoria_digital,500,recusada,67.35,6,"5,4",demora_retorno,sim,nao,sim,,175,10,validado,
NC-00706,2025-01-30,Uberaba,MG,62,12713.04,Outro,industria,media,indicacao,automacao_processos,5532.11,recusada,31.34,13,9.5,nao_entendeu_proposta,sim,nao,sim,NA,157,14,validado,
NC-00707,2025-01-31,Goiânia,GO,19,6839.86,,industria,pequena,instagram,automacao_processos,13480.15,recusada,"34,93",5,9.7,NA,sim,nao,sim,prazo,274,15,validado,
NC-00708,2025-07-08,São Paulo,SP,20,10198.2,F,industria,pequena,site,sistema_web,"4099,01",recusada,17.27,16,8.2,concorrente,sim,nao,sim,NA,445,16,,
NC-00709,10-27-2025,goiânia,GO,64,5781.9,F,servicos,pequena,evento,sistema_web,7795.03,recusada,19.13,17,7.9,demora_retorno,sim,nao,sim,,79,2,,
NC-00710,04-04-2025,São Paulo,SP,50,"7209,12",F,servicos,grande,indicacao,app_mobile,12348.7,aceita,34.25,26,6.5,nao_entendeu_proposta,sim,sim,nao,preco,260,4,pendente,
NC-00711,01-20-2025,são paulo,SP,28,6008.95,F,varejo,MEI,google_ads,automacao_processos,"11082,99",aceita,27.33,18,7.5,nao_entendeu_proposta,nao,sim,nao,,204,9,,
NC-00712,2025-07-13,São Paulo,SP,33,6976.58,F,varejo,grande,instagram,consultoria_digital,"8816,06",recusada,39.15,13,7.5,,sim,nao,sim,prazo,414,10,validado,
NC-00713,2025-02-12,Campinas,SP,68,"5507,0",Outro,industria,pequena,site,automacao_processos,6654.74,aceitaa,41.59,21,6.0,NA,sim,nao,sim,preco,221,12,pendente,
NC-00714,2025-01-09,Curitiba,PR,58,1200,Outro,educacao,pequena,site,app_mobile,14554.96,recusada,27.12,20,"9,1",nao_entendeu_proposta,sim,nao,sim,NA,272,11,pendente,
NC-00715,09-07-2025,Salvador,BA,61,"3017,12",,servicos,grande,indicacao,sistema_web,8517.04,recusada,"28,27",17,"8,6",nao_entendeu_proposta,sim,nao,sim,NA,44,3,validado,
NC-00716,2025-06-02,Goiânia,GO,27,4051.99,F,servicos,media,indicacao,app_mobile,14358.51,recusada,37.18,12,7.6,demora_retorno,sim,nao,sim,,122,17,validado,
NC-00717,2025-03-06,Curitiba,PR,,12719.12,Outro,industria,pequena,evento,consultoria_digital,6087.18,em_analise,"87,9",19,6.2,,sim,nao,nao,,80,3,validado,
NC-00718,2025-01-12,São Paulo,SP,20,6699.82,Outro,industria,pequena,site,automacao_processos,3658.74,em_analise,41.54,24,4.6,,sim,nao,nao,NA,264,9,validado,
NC-00719,2025-03-13,Uberaba,MG,27,"10282,14",Outro,servicos,MEI,site,app_mobile,10814.63,abandonada,66.94,30,5.5,preco_alto,sim,nao,sim,prazo,141,6,pendente,
NC-00720,2025-06-12,Uberaba,MG,24,2926.89,,varejo,MEI,instagram,sistema_web,1783.69,aceita,29.0,11,5.5,demora_retorno,sim,sim,nao,NA,360,8,,
NC-00721,2025-08-09,Salvador,BA,23,"7746,13",M,educacao,pequena,instagram,automacao_processos,5778.88,aceitaa,46.38,34,7.3,NA,sim,nao,sim,falta_contato,198,6,,
NC-00722,2025-01-12,Curitiba,PR,65,10640.71,M,varejo,MEI,indicacao,app_mobile,11816.82,recusada,57.89,12,"4,6",preco_alto,sim,nao,sim,concorrencia,110,4,,
NC-00723,2025-02-07,Curitiba,PR,54,3721.63,Outro,varejo,pequena,google_ads,automacao_processos,9304.14,em_analise,31.91,4,2.9,preco_alto,sim,nao,nao,preco,5,3,pendente,
NC-00724,2025-04-20,curitiba,PR,41,"9335,19",Outro,industria,pequena,evento,consultoria_digital,5789.95,aceita,21.47,9,6.0,nao_entendeu_proposta,sim,sim,nao,NA,126,2,validado,
NC-00725,2025-04-07,Goiânia,GO,40,6850.97,F,saude,MEI,site,consultoria_digital,7017.87,recusada,4.86,19,6.8,concorrente,sim,nao,sim,NA,77,12,procesado,
NC-00726,2025-10-19,Uberlândia,mg,37,9252.94,,varejo,MEI,site,app_mobile,10436.25,aceita,88.37,9,"9,5",concorrente,sim,sim,nao,falta_contato,254,9,validado,
NC-00727,2025-09-13,Curitiba,pr,52,9429.84,F,saude,pequena,site,automacao_processos,1527.45,em_analise,26.17,17,6.9,NA,sim,nao,nao,,378,1,validado,
NC-00728,2025-06-11,Salvador,BA,25,2178.64,F,industria,MEI,site,sistema_web,"1537,36",em_analise,"69,44",24,4.4,,sim,nao,nao,,163,5,pendente,
NC-00729,01-29-2025,Uberlândia,MG,,3306.69,,educacao,MEI,site,automacao_processos,11466.61,em analise,"48,18",26,7.1,nao_entendeu_proposta,sim,nao,sim,preco,5,9,pendente,
NC-00730,08-09-2025,Uberlândia,MG,45,6166.26,,servicos,pequena,site,automacao_processos,6245.33,aceita,29.04,42,10,nao_entendeu_proposta,sim,sim,nao,falta_contato,287,2,,
NC-00731,2025-08-06,Goiânia,go,51,10008.67,F,varejo,pequena,site,sistema_web,3104.22,aceita,"54,15",0,7.6,concorrente,sim,sim,nao,falta_contato,379,11,validado,
NC-00732,data_invalida,Goiânia,GO,51,6850.84,F,varejo,pequena,indicacao,app_mobile,11299.75,em_analise,87.18,32,5.9,,sim,nao,nao,,203,8,pendente,
NC-00733,2025-06-12,Goiânia,GO,59,6392.7,M,saude,pequena,google_ads,automacao_processos,500,recusada,50.0,26,6.8,,sim,nao,sim,NA,31,11,,
NC-00734,2025-06-03,São Paulo,SP,54,1200,M,educacao,MEI,site,sistema_web,7388.05,aceita,42.6,9,4.9,demora_retorno,sim,sim,nao,preco,138,6,validado,
NC-00735,2025-08-22,Campinas,SP,40,10713.79,F,industria,pequena,evento,automacao_processos,4110.18,em_analise,54.95,2,5.2,concorrente,nao,nao,nao,preco,41,18,pendente,
NC-00736,2025-10-18,Uberaba,mg,54,4422.11,Outro,educacao,media,site,app_mobile,13401.82,recusada,92.26,24,6.4,nao_entendeu_proposta,nao,nao,sim,NA,178,8,,
NC-00737,2025-09-20,Uberlândia,mg,37,3403.79,F,servicos,MEI,instagram,app_mobile,10887.21,aceita,0,8,6.1,,sim,sim,nao,NA,161,0,,
NC-00738,2025-10-12,Salvador,BA,20,5748.66,F,educacao,pequena,instagram,sistema_web,8779.0,aceita,15.83,31,4.6,,sim,sim,nao,falta_contato,180,10,pendente,
NC-00739,04-27-2025,São Paulo,SP,,"10183,64",M,servicos,media,site,sistema_web,1251.46,em_analise,61.53,7,8.5,nao_entendeu_proposta,sim,nao,nao,,182,5,pendente,
NC-00740,06-10-2025,Salvador,BA,69,4473.1,M,industria,pequena,indicacao,sistema_web,6174.97,recuzada,14.52,26,3.8,concorrente,sim,sim,nao,preco,463,17,pendente,
NC-00741,2025-03-25,Uberlândia,mg,26,9454.07,Outro,servicos,MEI,evento,app_mobile,12977.07,abandonada,0,6,"7,0",concorrente,sim,nao,sim,preco,64,5,procesado,
NC-00742,2025-04-14,Salvador,BA,66,6211.51,Outro,varejo,MEI,indicacao,app_mobile,"10742,43",em_analise,28.32,20,"6,3",demora_retorno,sim,nao,nao,NA,144,7,procesado,
NC-00743,2025-07-09,São Paulo,SP,55,2265.51,F,servicos,pequena,google_ads,automacao_processos,14686.79,em_analise,6.11,15,10,,sim,nao,nao,NA,56,4,pendente,
NC-00744,2025-04-04,salvador,BA,55,"5802,27",M,servicos,MEI,site,automacao_processos,17159.11,recusada,0,14,8.7,preco_alto,sim,nao,sim,prazo,88,8,validado,
NC-00745,2025-03-15,Salvador,BA,43,8033.05,M,industria,MEI,indicacao,sistema_web,12558.37,recusada,46.74,14,9.9,,sim,nao,sim,NA,5,3,pendente,
NC-00746,2025-08-02,Campinas,SP,69,7960.6,,industria,media,indicacao,sistema_web,14247.68,aceita,"20,76",8,8.1,demora_retorno,sim,sim,nao,NA,107,4,pendente,
NC-00747,2025-08-12,Goiânia,GO,47,6936.0,Outro,saude,grande,evento,sistema_web,18147.48,recuzada,44.13,11,6.2,preco_alto,sim,nao,sim,NA,308,9,procesado,
NC-00748,2025-07-11,Campinas,SP,42,3032.97,Outro,educacao,pequena,google_ads,sistema_web,8125.24,recusada,18.35,22,"9,0",nao_entendeu_proposta,sim,nao,sim,,173,0,pendente,
NC-00749,2025-01-19,Salvador,BA,38,2096.26,F,educacao,MEI,google_ads,app_mobile,500,em_analise,58.1,5,4.2,,sim,nao,nao,falta_contato,60,14,validado,
NC-00750,2025-06-08,Uberlândia,mg,,6939.36,F,industria,MEI,indicacao,sistema_web,2818.27,aceita,64.49,7,4.4,,sim,sim,nao,preco,408,5,validado,
NC-00751,data_invalida,Goiânia,GO,39,11504.44,M,servicos,pequena,site,sistema_web,13831.82,recusada,"21,78",27,8.3,demora_retorno,sim,nao,sim,concorrencia,41,1,procesado,
NC-00752,2025-02-12,Salvador,ba,19,3650.25,F,educacao,pequena,site,sistema_web,3437.26,abandonada,43.84,0,7.3,concorrente,sim,nao,sim,preco,5,14,procesado,
NC-00753,2025-10-11,Salvador,BA,41,7470.38,Outro,servicos,pequena,indicacao,sistema_web,11611.81,em_analise,8.2,24,8.2,nao_entendeu_proposta,sim,nao,nao,preco,113,12,,
NC-00754,2025-04-12,Salvador,BA,69,"10095,3",F,varejo,pequena,instagram,app_mobile,13347.05,recusada,65.65,24,8.0,demora_retorno,sim,nao,sim,concorrencia,256,8,procesado,
NC-00755,2025-08-17,Curitiba,PR,63,9664.67,M,servicos,MEI,site,consultoria_digital,12463.74,abandonada,29.39,24,"7,9",NA,sim,nao,sim,falta_contato,180,7,,
NC-00756,2025-07-24,Goiânia,GO,35,6376.75,Outro,servicos,MEI,site,sistema_web,5374.27,em_analise,39.32,14,"5,9",NA,nao,nao,nao,concorrencia,211,9,validado,
NC-00757,2025-05-28,Salvador,BA,41,"6369,64",Outro,varejo,MEI,site,app_mobile,8663.89,aceita,28.25,23,5.9,NA,sim,sim,nao,falta_contato,143,6,,
NC-00758,04/01/2025,Curitiba,PR,61,5468.33,Outro,industria,grande,site,sistema_web,13112.42,recusada,41.23,0,10,NA,sim,nao,sim,falta_contato,272,0,pendente,
NC-00759,2025-06-12,Curitiba,PR,57,4884.2,F,servicos,grande,site,automacao_processos,9292.51,aceita,30.82,20,5.5,NA,sim,sim,nao,prazo,148,10,pendente,
NC-00760,2025-09-08,Uberlândia,MG,54,5418.85,M,servicos,media,google_ads,sistema_web,"10494,81",em analise,57.23,17,9.8,,sim,nao,sim,NA,157,10,validado,
NC-00761,2025-02-20,Uberlândia,MG,61,8928.33,Outro,servicos,MEI,instagram,automacao_processos,"6555,19",abandonada,11.66,9,4.5,,sim,nao,sim,falta_contato,421,11,procesado,
NC-00762,2025-01-03,Salvador,BA,26,7326.08,Outro,educacao,media,google_ads,automacao_processos,10029.43,abandonada,59.48,23,7.0,demora_retorno,sim,nao,sim,,172,8,procesado,
NC-00763,2025-07-02,Goiânia,GO,55,9810.58,F,servicos,MEI,instagram,app_mobile,"1977,33",em_analise,"21,08",17,7.0,demora_retorno,sim,nao,nao,falta_contato,249,6,validado,
NC-00764,2025-03-31,Goiânia,GO,69,8341.67,,servicos,grande,indicacao,app_mobile,4694.56,recusada,12.96,28,4.1,concorrente,sim,nao,sim,,220,10,,
NC-00765,2025-05-14,Uberaba,MG,38,"6473,27",M,servicos,pequena,instagram,sistema_web,"10472,12",aceita,54.6,8,6.5,concorrente,sim,sim,nao,concorrencia,155,0,pendente,
NC-00766,2025-05-26,Salvador,BA,28,7975.5,F,varejo,MEI,site,sistema_web,"15359,29",em_analise,33.16,10,9.2,concorrente,sim,nao,nao,prazo,127,7,pendente,
NC-00767,2025-07-24,Campinas,SP,59,5054.55,,saude,MEI,instagram,sistema_web,"16290,03",recusada,"27,2",17,5.1,preco_alto,sim,nao,sim,NA,339,5,procesado,
NC-00768,2025-10-19,Salvador,BA,21,1200,,servicos,media,site,automacao_processos,8475.2,aceita,"25,8",29,6.1,preco_alto,sim,sim,nao,concorrencia,223,1,,
NC-00769,28/10/2025,Campinas,SP,,13052.02,,industria,grande,instagram,app_mobile,5410.65,aceita,45.52,26,7.1,concorrente,sim,sim,nao,preco,121,7,validado,
NC-00770,17/05/2025,São Paulo,SP,65,6375.3,F,educacao,MEI,indicacao,automacao_processos,2814.18,em_analise,"33,98",20,4.9,nao_entendeu_proposta,sim,nao,nao,concorrencia,35,3,,
NC-00771,2025-06-29,São Paulo,SP,62,8770.6,Outro,servicos,grande,instagram,automacao_processos,"10783,98",abandonada,61.77,14,5.7,preco_alto,sim,nao,sim,,79,6,validado,
NC-00772,03/10/2025,Uberlândia,MG,23,7188.25,Outro,varejo,MEI,site,automacao_processos,6862.47,recusada,0,12,9.3,nao_entendeu_proposta,sim,nao,sim,NA,126,7,procesado,
NC-00773,06-13-2025,Uberlândia,MG,45,9258.13,,varejo,grande,google_ads,sistema_web,19763.34,aceita,50.34,12,8.5,concorrente,sim,sim,nao,concorrencia,143,5,validado,
NC-00774,2025-04-20,São Paulo,SP,28,12589.67,M,saude,MEI,indicacao,automacao_processos,"6144,46",abandonada,"59,6",24,7.7,NA,nao,nao,sim,prazo,233,8,validado,
NC-00775,2025-02-26,São Paulo,SP,49,10962.61,F,servicos,MEI,indicacao,automacao_processos,11497.67,recusada,54.26,8,7.3,,sim,nao,sim,falta_contato,176,2,validado,
NC-00776,2025-03-03,Goiânia,GO,35,1200,Outro,servicos,pequena,site,app_mobile,7516.18,abandonada,23.96,24,10,nao_entendeu_proposta,sim,nao,sim,,298,2,validado,
NC-00777,2025-01-21,Uberaba,MG,61,8941.13,Outro,varejo,grande,google_ads,automacao_processos,15035.23,em_analise,55.71,9,8.7,nao_entendeu_proposta,sim,nao,nao,NA,161,17,pendente,
NC-00778,2025-01-17,Goiânia,GO,63,6540.43,M,industria,MEI,site,automacao_processos,4947.0,em_analise,24.44,21,10,nao_entendeu_proposta,nao,nao,nao,,56,8,procesado,
NC-00779,2025-09-04,Goiânia,GO,55,9916.65,M,servicos,pequena,instagram,automacao_processos,9021.45,em_analise,47.45,6,7.8,NA,sim,nao,nao,,117,8,validado,
NC-00780,2025-01-15,Uberaba,MG,46,1731.85,M,varejo,MEI,site,app_mobile,4647.29,aceita,40.68,27,7.6,demora_retorno,sim,sim,nao,,93,9,validado,
NC-00781,2025-04-11,São Paulo,SP,39,10096.63,Outro,industria,media,instagram,sistema_web,6018.32,abandonada,"26,81",18,4.4,,sim,nao,sim,prazo,196,9,procesado,
NC-00782,02-05-2025,Salvador,ba,27,9167.44,,varejo,MEI,instagram,automacao_processos,11366.07,em_analise,56.32,15,7.0,demora_retorno,sim,nao,nao,falta_contato,258,7,validado,
NC-00783,2025-09-28,Curitiba,PR,55,3807.9,,servicos,pequena,site,consultoria_digital,7254.67,abandonada,24.19,14,8.2,concorrente,sim,nao,sim,falta_contato,49,20,procesado,
NC-00784,2025-06-01,Uberlândia,MG,43,6350.96,F,educacao,MEI,indicacao,app_mobile,4028.25,em_analise,49.57,20,7.1,concorrente,nao,nao,nao,falta_contato,109,10,pendente,
NC-00785,2025-08-06,São Paulo,SP,59,5495.91,M,servicos,pequena,google_ads,sistema_web,500,abandonada,"43,81",8,5.9,preco_alto,sim,nao,sim,concorrencia,213,15,pendente,
NC-00786,2025-03-12,Campinas,SP,45,6169.76,F,servicos,MEI,indicacao,automacao_processos,4046.63,aceita,5.15,10,6.5,preco_alto,sim,sim,nao,falta_contato,30,7,,
NC-00787,2025-08-29,Campinas,SP,28,7271.97,Outro,saude,MEI,site,automacao_processos,"9784,09",em_analise,34.77,28,9.2,concorrente,sim,nao,nao,,477,14,validado,
NC-00788,2025-07-09,curitiba,PR,62,9717.35,F,varejo,pequena,indicacao,sistema_web,6577.42,em_analise,44.12,1,9.1,preco_alto,sim,nao,nao,,238,9,,
NC-00789,2025-08-07,Salvador,BA,22,7896.55,F,varejo,pequena,instagram,app_mobile,7180.39,recusada,66.95,11,5.0,concorrente,sim,nao,sim,,20,8,,
NC-00790,2025-02-01,Salvador,BA,22,7817.84,,varejo,media,site,consultoria_digital,7507.96,aceita,"7,48",11,6.3,,sim,sim,nao,falta_contato,76,0,validado,
NC-00791,2025-09-06,Curitiba,PR,31,4372.83,M,saude,grande,indicacao,app_mobile,17859.39,em_analise,8.44,13,3.3,,sim,nao,nao,,134,9,procesado,
NC-00792,2025-08-13,Campinas,SP,47,"3679,36",,varejo,media,site,app_mobile,"10396,18",abandonada,"18,41",11,6.7,nao_entendeu_proposta,sim,nao,sim,falta_contato,243,6,validado,
NC-00793,2025-08-30,Campinas,SP,69,2345.74,Outro,servicos,MEI,google_ads,consultoria_digital,7897.2,aceita,18.73,6,"7,0",nao_entendeu_proposta,sim,sim,nao,preco,98,10,validado,
NC-00794,09/08/2025,são paulo,SP,49,4789.37,Outro,varejo,media,instagram,sistema_web,10162.46,em analise,79.9,21,5.6,demora_retorno,nao,nao,nao,NA,19,12,,
NC-00795,2025-04-03,São Paulo,SP,41,6341.29,F,varejo,grande,instagram,sistema_web,5260.1,em analise,46.63,0,"3,1",preco_alto,sim,nao,sim,NA,394,5,,
NC-00796,2025-07-02,Campinas,SP,45,6589.12,Outro,saude,media,instagram,app_mobile,11174.34,aceita,44.58,0,4.9,,sim,sim,nao,NA,181,10,procesado,
NC-00797,2025-10-15,uberaba,MG,58,"6662,97",M,varejo,pequena,instagram,sistema_web,5998.66,em analise,"42,19",7,4.7,,sim,nao,nao,NA,79,7,pendente,
NC-00798,2025-06-22,Curitiba,PR,20,4349.45,,industria,pequena,site,app_mobile,"6691,08",recusada,"57,49",8,9.5,,sim,nao,sim,concorrencia,139,4,,
NC-00799,2025-05-09,Uberaba,MG,18,8136.77,Outro,varejo,MEI,google_ads,automacao_processos,13629.14,recusada,31.58,2,"10,0",concorrente,sim,nao,sim,preco,390,2,pendente,
NC-00800,2025-01-25,Curitiba,PR,30,4600.15,,industria,pequena,instagram,sistema_web,6799.84,em_analise,33.44,23,5.5,demora_retorno,nao,nao,nao,falta_contato,207,4,pendente,
NC-00801,2025-09-19,São Paulo,SP,25,9315.75,F,educacao,MEI,google_ads,sistema_web,13525.15,recuzada,3.77,47,7.4,preco_alto,sim,nao,sim,falta_contato,165,11,validado,
NC-00802,2025-02-02,Uberlândia,MG,,7588.8,Outro,varejo,pequena,instagram,app_mobile,"20643,62",em_analise,0,23,10,demora_retorno,sim,nao,nao,prazo,16,12,,
NC-00803,03-31-2025,Uberaba,MG,55,1457.55,Outro,educacao,media,site,automacao_processos,5719.65,recusada,44.83,22,9.6,NA,sim,nao,sim,falta_contato,208,5,procesado,
NC-00804,2025-04-21,uberaba,mg,70,3656.94,M,varejo,media,instagram,sistema_web,9559.78,recusada,25.17,16,6.1,demora_retorno,sim,nao,sim,concorrencia,144,9,validado,
NC-00805,20/10/2025,Uberlândia,MG,42,5650.29,M,varejo,pequena,instagram,sistema_web,8187.6,recusada,28.33,5,10,demora_retorno,sim,nao,sim,concorrencia,411,2,,
NC-00806,2025-01-23,Salvador,ba,57,7007.86,Outro,saude,MEI,indicacao,sistema_web,5828.59,recuzada,"49,71",17,7.4,concorrente,sim,sim,nao,prazo,5,9,,
NC-00807,23/10/2025,Campinas,SP,25,1200,,industria,pequena,google_ads,app_mobile,"6199,8",recusada,70.45,20,7.3,preco_alto,sim,nao,sim,,356,15,,
NC-00808,2025-07-23,Campinas,SP,42,6030.96,M,saude,media,indicacao,app_mobile,12661.83,recusada,73.85,16,9.1,nao_entendeu_proposta,sim,nao,sim,NA,49,10,procesado,
NC-00809,2025-08-14,Uberaba,MG,29,6683.93,F,varejo,grande,indicacao,automacao_processos,11023.74,recuzada,3.83,10,4.8,NA,sim,nao,nao,,175,3,procesado,
NC-00810,2025-10-02,Uberlândia,mg,42,8290.57,F,varejo,pequena,instagram,app_mobile,3796.97,recusada,22.55,8,"5,9",preco_alto,sim,nao,sim,preco,5,9,pendente,
NC-00811,19/04/2025,Uberaba,MG,24,3083.08,F,servicos,pequena,indicacao,consultoria_digital,"7084,95",aceita,20.13,26,7.3,preco_alto,sim,sim,nao,preco,28,0,,
NC-00812,2025-05-18,Uberaba,mg,35,9301.88,Outro,saude,MEI,google_ads,automacao_processos,6054.32,abandonada,"59,17",24,6.8,nao_entendeu_proposta,sim,nao,sim,NA,413,8,procesado,
NC-00813,2025-04-08,salvador,BA,31,2274.59,M,servicos,pequena,indicacao,app_mobile,"9596,79",aceita,76.85,8,"8,6",demora_retorno,sim,sim,nao,NA,105,6,,
NC-00814,2025-02-23,Curitiba,PR,29,5677.9,M,varejo,media,site,app_mobile,15792.49,em analise,53.93,18,"6,0",NA,sim,nao,nao,preco,145,5,procesado,
NC-00815,08/03/2025,Uberlândia,MG,42,1200,Outro,servicos,MEI,instagram,sistema_web,8043.83,em_analise,35.37,20,5.7,demora_retorno,sim,nao,nao,,290,15,validado,
NC-00816,2025-07-24,Curitiba,PR,69,8418.78,Outro,servicos,MEI,google_ads,sistema_web,13022.24,em_analise,14.32,13,"6,9",NA,sim,nao,nao,prazo,301,0,validado,
NC-00817,2025-01-11,Uberaba,MG,20,5362.82,,varejo,MEI,site,automacao_processos,11022.38,aceita,2.94,17,6.6,demora_retorno,sim,sim,nao,prazo,266,12,pendente,
NC-00818,2025-06-14,Salvador,BA,23,5761.99,M,varejo,grande,indicacao,app_mobile,12763.16,em_analise,"59,55",10,8.9,concorrente,sim,nao,nao,falta_contato,124,12,,
NC-00819,2025-09-02,Goiânia,GO,55,8432.96,M,varejo,MEI,site,sistema_web,8267.98,aceita,20.35,14,3.6,concorrente,sim,sim,nao,preco,500,6,validado,
NC-00820,2025-07-08,Curitiba,PR,42,4277.35,F,servicos,media,google_ads,app_mobile,10144.59,abandonada,43.33,18,8.5,,sim,nao,sim,,35,9,validado,
NC-00821,2025-08-14,Curitiba,PR,18,4367.02,,industria,MEI,indicacao,automacao_processos,"5323,0",em_analise,"70,35",14,"7,7",concorrente,sim,nao,nao,prazo,193,12,validado,
NC-00822,2025-08-26,Campinas,SP,23,1200,,servicos,pequena,instagram,automacao_processos,"6744,59",em_analise,43.0,15,7.8,preco_alto,sim,nao,nao,preco,144,0,validado,
NC-00823,04-29-2025,Campinas,SP,40,7098.17,Outro,varejo,MEI,site,sistema_web,7709.3,recusada,61.95,1,"6,1",concorrente,sim,nao,sim,NA,341,7,pendente,
NC-00824,2025-07-03,Salvador,BA,53,"9040,74",F,servicos,MEI,instagram,app_mobile,"9665,88",aceita,57.73,13,10,,sim,sim,nao,prazo,373,3,pendente,
NC-00825,2025-06-15,Uberaba,MG,57,"9969,0",F,servicos,pequena,instagram,app_mobile,"13478,04",aceita,18.03,5,4.9,preco_alto,sim,sim,nao,falta_contato,223,4,procesado,
NC-00826,data_invalida,Curitiba,PR,,7652.65,,industria,pequena,indicacao,sistema_web,2816.19,aceitaa,14.11,23,8.2,demora_retorno,sim,nao,sim,prazo,179,1,validado,
NC-00827,2025-10-19,São Paulo,SP,19,"9347,79",M,educacao,pequena,site,app_mobile,4945.4,em_analise,25.42,19,10,concorrente,sim,nao,nao,concorrencia,334,13,,
NC-00828,26/09/2025,Uberaba,mg,33,12529.3,M,varejo,pequena,instagram,sistema_web,11098.94,em_analise,39.04,17,4.2,NA,sim,nao,nao,concorrencia,90,4,,
NC-00829,data_invalida,São Paulo,SP,58,"7169,47",,varejo,MEI,instagram,app_mobile,"11913,61",em_analise,22.51,22,"8,3",nao_entendeu_proposta,sim,nao,nao,NA,61,5,validado,
NC-00830,data_invalida,São Paulo,SP,18,"10254,43",Outro,educacao,MEI,site,automacao_processos,"1242,93",recusada,31.05,17,10,concorrente,sim,nao,sim,concorrencia,207,6,validado,
NC-00831,2025-01-07,Curitiba,PR,28,6002.51,,industria,MEI,evento,app_mobile,"8146,8",em_analise,23.35,36,6.9,NA,nao,nao,nao,falta_contato,207,9,pendente,
NC-00832,2025-10-18,Uberaba,MG,64,"4990,85",F,industria,pequena,indicacao,sistema_web,12385.84,abandonada,55.19,11,6.9,nao_entendeu_proposta,sim,nao,sim,NA,268,13,,
NC-00833,2025-01-31,Uberaba,MG,49,2918.99,M,servicos,grande,evento,app_mobile,7803.6,aceita,45.72,0,7.4,concorrente,sim,sim,nao,preco,272,11,pendente,
NC-00834,2025-01-28,Uberlândia,MG,29,4883.63,,varejo,MEI,site,automacao_processos,7272.48,abandonada,12.17,17,7.0,NA,sim,nao,sim,concorrencia,275,9,pendente,
NC-00835,2025-02-24,Uberlândia,mg,66,12124.62,,servicos,pequena,site,sistema_web,9339.88,abandonada,10.58,19,5.4,concorrente,sim,nao,sim,prazo,17,7,validado,
NC-00836,2025-09-18,São Paulo,SP,51,7088.42,F,industria,pequena,evento,sistema_web,"1787,12",abandonada,12.75,8,9.7,,sim,nao,sim,concorrencia,5,15,procesado,
NC-00837,2025-09-06,Uberlândia,MG,68,4654.73,F,industria,pequena,indicacao,automacao_processos,13221.26,aceita,59.6,15,7.0,concorrente,sim,sim,nao,preco,246,7,pendente,
NC-00838,2025-06-06,Goiânia,go,,3615.49,F,varejo,media,instagram,app_mobile,"7429,6",recusada,62.06,20,9.1,concorrente,sim,nao,sim,,137,8,validado,
NC-00839,2025-09-05,Salvador,BA,42,"2059,44",,varejo,MEI,indicacao,automacao_processos,9956.26,em_analise,"39,19",14,9.3,preco_alto,sim,nao,nao,NA,154,0,,
NC-00840,2025-03-31,Goiânia,GO,43,2759.52,M,saude,media,indicacao,app_mobile,12449.96,recusada,"47,0",21,6.7,,sim,nao,sim,prazo,150,9,pendente,
NC-00841,2025-09-03,São Paulo,SP,24,8728.28,Outro,servicos,pequena,google_ads,automacao_processos,15162.87,em_analise,32.72,13,7.1,nao_entendeu_proposta,sim,nao,nao,NA,193,6,validado,
NC-00842,2025-08-29,Curitiba,PR,47,3523.6,,varejo,pequena,instagram,sistema_web,10805.31,aceita,19.55,6,5.1,concorrente,sim,sim,nao,falta_contato,279,2,pendente,
NC-00843,2025-03-19,São Paulo,SP,27,7230.0,Outro,industria,pequena,instagram,app_mobile,12727.04,recusada,"8,38",12,10,concorrente,sim,nao,sim,,168,0,pendente,
NC-00844,05-31-2025,Curitiba,PR,66,10231.34,,industria,MEI,site,sistema_web,"8107,31",em_analise,"34,0",25,5.1,,sim,nao,nao,,144,4,,
NC-00845,15/02/2025,salvador,BA,49,4278.5,Outro,industria,media,site,app_mobile,"5116,67",em analise,3.62,0,10,demora_retorno,sim,sim,nao,,126,6,procesado,
NC-00846,2025-06-16,Campinas,SP,32,3634.87,F,servicos,pequena,google_ads,app_mobile,4865.18,em_analise,15.13,18,7.1,NA,sim,nao,nao,NA,206,3,validado,
NC-00847,15/06/2025,Goiânia,GO,37,"10728,11",,saude,pequena,site,app_mobile,8993.03,abandonada,28.27,13,2.3,preco_alto,sim,nao,sim,falta_contato,168,4,procesado,
NC-00848,2025-02-15,Uberlândia,MG,20,"8015,81",F,servicos,MEI,site,app_mobile,"16675,51",recusada,"61,63",15,"6,4",preco_alto,sim,nao,sim,,197,12,procesado,
NC-00849,2025-03-17,São Paulo,SP,21,6097.32,F,industria,media,site,automacao_processos,"11517,53",recusada,31.86,3,3.7,concorrente,sim,nao,sim,prazo,54,6,,
NC-00850,2025-01-29,Salvador,BA,36,6710.88,M,servicos,pequena,site,app_mobile,10687.24,aceita,"26,78",1,6.7,preco_alto,nao,sim,nao,prazo,293,0,pendente,
NC-00851,24/07/2025,uberaba,MG,24,8974.75,F,saude,media,site,automacao_processos,14260.92,aceita,26.6,14,3.8,NA,sim,sim,nao,prazo,96,8,procesado,
NC-00852,2025-04-27,salvador,BA,22,4943.27,F,varejo,media,instagram,automacao_processos,13731.09,abandonada,40.89,8,5.7,concorrente,sim,nao,sim,NA,435,16,,
NC-00853,2025-09-17,Campinas,SP,67,7575.66,F,industria,MEI,site,automacao_processos,9163.62,abandonada,42.71,25,6.8,concorrente,sim,nao,sim,concorrencia,95,6,,
NC-00854,data_invalida,Campinas,SP,34,1200,,industria,MEI,site,sistema_web,13185.44,recusada,61.74,20,5.2,demora_retorno,sim,nao,sim,,243,0,,
NC-00855,2025-06-15,São Paulo,SP,36,"8071,58",,educacao,pequena,indicacao,sistema_web,5830.04,aceita,55.72,22,8.8,demora_retorno,sim,sim,nao,prazo,43,11,validado,
NC-00856,2025-08-23,Salvador,BA,41,3252.22,M,servicos,MEI,site,app_mobile,"1885,81",em_analise,33.7,26,10,,sim,nao,nao,NA,215,12,validado,
NC-00857,2025-10-10,Salvador,BA,36,4739.25,,servicos,media,instagram,app_mobile,16919.45,em_analise,28.72,27,6.7,preco_alto,sim,nao,nao,concorrencia,353,12,,
NC-00858,2025-06-27,Uberlândia,MG,31,6745.13,Outro,educacao,media,site,automacao_processos,9571.86,aceita,11.05,12,7.5,nao_entendeu_proposta,sim,sim,nao,prazo,5,8,validado,
NC-00859,05-08-2025,São Paulo,SP,51,7922.4,Outro,servicos,pequena,instagram,consultoria_digital,3555.68,em_analise,15.14,29,7.1,concorrente,sim,nao,nao,prazo,104,0,validado,
NC-00860,2025-03-23,Goiânia,GO,29,8853.36,F,varejo,pequena,instagram,automacao_processos,500,recusada,57.84,0,6.9,preco_alto,sim,nao,sim,NA,443,1,validado,
NC-00861,27/08/2025,Campinas,SP,34,9834.45,M,educacao,MEI,site,app_mobile,15803.77,abandonada,"49,04",12,3.3,concorrente,sim,nao,sim,prazo,108,0,,
NC-00862,2025-05-29,Salvador,BA,32,3402.87,Outro,servicos,media,instagram,automacao_processos,506.67,em_analise,66.2,0,8.2,concorrente,sim,nao,nao,falta_contato,184,4,,
NC-00863,2025-01-03,uberlândia,MG,58,5480.99,F,industria,media,site,automacao_processos,11446.16,aceita,26.22,38,9.4,,sim,sim,nao,prazo,306,14,validado,
NC-00864,2025-07-07,Campinas,SP,59,8592.05,F,varejo,pequena,site,consultoria_digital,"5876,05",aceita,56.4,21,7.3,demora_retorno,sim,sim,nao,preco,5,13,,
NC-00865,30/08/2025,São Paulo,SP,56,10208.61,F,saude,media,site,app_mobile,12010.85,recuzada,8.7,19,6.9,nao_entendeu_proposta,sim,nao,sim,,419,7,,
NC-00866,24/08/2025,Salvador,BA,23,5966.19,,varejo,MEI,google_ads,consultoria_digital,11008.92,recusada,51.31,0,7.8,,nao,nao,sim,NA,231,6,,
NC-00867,2025-04-04,Salvador,BA,23,1200,,industria,MEI,site,sistema_web,12586.37,recusada,23.65,3,5.4,preco_alto,sim,nao,sim,prazo,107,8,,
NC-00868,2025-10-12,Curitiba,PR,29,5841.85,M,educacao,media,google_ads,app_mobile,6089.77,aceita,26.19,4,9.0,NA,sim,sim,nao,,169,11,pendente,
NC-00869,2025-09-30,Curitiba,pr,44,10412.52,,saude,pequena,google_ads,app_mobile,7581.44,aceita,"25,62",24,6.4,NA,sim,sim,nao,,201,6,,
NC-00870,2025-06-16,Uberlândia,MG,54,6797.43,Outro,saude,pequena,indicacao,app_mobile,3917.59,em_analise,29.2,8,9.8,preco_alto,sim,nao,nao,NA,70,7,pendente,
NC-00871,2025-08-25,São Paulo,SP,41,5926.09,Outro,servicos,pequena,site,sistema_web,10421.58,aceita,13.88,5,7.1,NA,sim,sim,nao,,216,5,validado,
NC-00872,2025-10-28,Curitiba,PR,70,4731.59,Outro,servicos,media,google_ads,sistema_web,1221.16,recusada,40.46,19,7.8,preco_alto,sim,nao,sim,NA,331,2,,
NC-00873,2025-04-18,Salvador,ba,36,2257.68,,industria,pequena,google_ads,sistema_web,7429.52,recusada,38.74,0,9.2,NA,sim,nao,sim,concorrencia,85,4,validado,
NC-00874,2025-07-08,Goiânia,GO,64,"6083,41",F,varejo,pequena,instagram,sistema_web,4606.18,em_analise,3.2,10,6.3,preco_alto,sim,nao,nao,prazo,5,6,pendente,
NC-00875,2025-05-21,goiânia,GO,30,11195.64,Outro,varejo,pequena,site,sistema_web,17057.64,recusada,49.71,22,9.5,nao_entendeu_proposta,sim,nao,sim,NA,170,8,procesado,
NC-00876,data_invalida,São Paulo,SP,66,7153.14,Outro,servicos,pequena,evento,sistema_web,5495.31,abandonada,42.24,27,5.0,NA,sim,nao,sim,falta_contato,286,13,,
NC-00877,2025-08-15,Uberaba,MG,55,"9312,0",M,educacao,grande,site,consultoria_digital,861.6,em_analise,42.16,10,"3,6",NA,sim,nao,nao,,6,7,validado,
NC-00878,data_invalida,Goiânia,go,64,6208.5,,servicos,media,google_ads,automacao_processos,"13018,91",em_analise,12.37,10,9.3,preco_alto,sim,nao,nao,prazo,147,5,,
NC-00879,2025-01-03,São Paulo,SP,34,1200,,servicos,pequena,instagram,sistema_web,7100.02,aceita,29.04,22,8.5,preco_alto,sim,sim,nao,preco,213,3,pendente,
NC-00880,2025-06-02,Uberlândia,MG,50,"7218,42",M,saude,pequena,indicacao,sistema_web,10924.93,recusada,64.49,0,7.7,NA,sim,nao,sim,preco,118,3,pendente,
NC-00881,2025-06-15,goiânia,go,61,7242.25,Outro,varejo,MEI,indicacao,automacao_processos,9151.46,aceita,"42,78",16,6.2,,sim,sim,nao,preco,5,3,validado,
NC-00882,2025-05-27,Uberlândia,MG,,"4229,69",F,educacao,pequena,instagram,automacao_processos,"13037,3",recusada,"27,63",20,6.6,,sim,nao,sim,falta_contato,5,12,procesado,
NC-00883,data_invalida,Uberaba,MG,59,1886.36,M,educacao,MEI,site,automacao_processos,7873.14,abandonada,58.09,14,6.1,,sim,nao,sim,,315,14,validado,
NC-00884,2025-02-26,Curitiba,PR,23,3729.79,Outro,varejo,pequena,indicacao,sistema_web,8637.37,recusada,21.16,6,7.3,demora_retorno,sim,nao,sim,falta_contato,148,6,validado,
NC-00885,2025-04-09,Curitiba,PR,44,12915.73,Outro,servicos,pequena,indicacao,sistema_web,3503.64,recusada,71.58,12,"4,1",,sim,nao,sim,falta_contato,390,17,procesado,
NC-00886,data_invalida,Goiânia,GO,29,8043.94,,saude,MEI,instagram,sistema_web,1239.46,aceita,26.65,23,8.0,demora_retorno,sim,sim,nao,concorrencia,218,1,,
NC-00887,2025-08-25,Uberlândia,MG,45,"3917,3",Outro,saude,MEI,google_ads,sistema_web,17452.86,abandonada,10.42,19,3.2,concorrente,sim,nao,sim,preco,205,12,validado,
NC-00888,02-24-2025,Salvador,BA,28,3074.74,F,educacao,MEI,indicacao,automacao_processos,4775.1,aceita,61.5,40,5.6,preco_alto,sim,sim,nao,prazo,125,13,pendente,
NC-00889,2025-01-05,Uberaba,MG,40,3810.6,M,servicos,pequena,instagram,sistema_web,7155.31,aceita,50.88,36,6.9,preco_alto,nao,sim,nao,NA,160,1,procesado,
NC-00890,07-23-2025,Goiânia,GO,18,"8022,11",M,servicos,MEI,site,sistema_web,8596.17,abandonada,10.29,19,10,demora_retorno,sim,nao,sim,concorrencia,348,12,,
NC-00891,2025-04-15,Salvador,BA,45,3506.46,M,educacao,media,instagram,app_mobile,9562.94,aceita,42.32,0,10,preco_alto,sim,sim,nao,NA,394,7,validado,
NC-00892,2025-07-13,Goiânia,GO,67,9764.54,M,industria,media,google_ads,sistema_web,7518.14,abandonada,38.15,22,5.9,nao_entendeu_proposta,sim,nao,sim,,141,15,pendente,
NC-00893,2025-10-24,Uberaba,MG,61,8513.67,Outro,servicos,MEI,site,automacao_processos,6155.14,recusada,53.9,19,9.4,,sim,nao,sim,falta_contato,5,7,,
NC-00894,2025-09-29,Campinas,SP,25,3055.24,Outro,educacao,MEI,indicacao,consultoria_digital,7546.34,recusada,"19,64",0,"7,8",concorrente,sim,nao,sim,falta_contato,27,9,procesado,
NC-00895,08/04/2025,goiânia,GO,50,4584.76,,varejo,pequena,instagram,consultoria_digital,"5337,95",aceita,11.3,22,6.3,,sim,sim,nao,concorrencia,137,7,procesado,
NC-00896,2025-05-19,Curitiba,PR,25,"13061,7",M,servicos,media,instagram,consultoria_digital,12467.52,recusada,46.64,13,4.2,nao_entendeu_proposta,sim,nao,sim,prazo,5,9,,
NC-00897,2025-06-10,Goiânia,GO,23,5515.52,F,servicos,MEI,site,sistema_web,12936.43,recuzada,27.79,4,6.3,concorrente,sim,nao,sim,preco,91,10,procesado,
NC-00898,09-11-2025,Campinas,SP,41,"6330,85",Outro,servicos,MEI,site,sistema_web,12253.59,em_analise,60.48,8,8.2,concorrente,nao,nao,nao,preco,317,4,validado,
NC-00899,2025-08-20,Curitiba,pr,23,1200,,servicos,pequena,indicacao,automacao_processos,"10611,82",em_analise,56.13,5,10,nao_entendeu_proposta,sim,nao,nao,prazo,339,13,pendente,
NC-00900,2025-05-16,Uberaba,MG,40,8244.45,F,servicos,MEI,evento,sistema_web,"4709,05",recusada,75.3,4,7.3,preco_alto,sim,nao,sim,preco,142,4,validado,
NC-00901,2025-09-16,Goiânia,GO,31,10417.24,Outro,servicos,media,site,app_mobile,13919.15,aceita,56.66,18,4.3,NA,sim,sim,nao,preco,175,4,,
NC-00902,2025-05-09,São Paulo,SP,30,1470.17,,servicos,pequena,instagram,app_mobile,12182.25,recusada,66.24,17,4.6,NA,sim,nao,sim,concorrencia,415,10,pendente,
NC-00903,data_invalida,Campinas,SP,32,8022.02,,saude,pequena,instagram,app_mobile,1418.27,em_analise,"20,63",20,3.3,concorrente,sim,nao,nao,,387,6,procesado,
NC-00904,data_invalida,Campinas,SP,21,8763.89,Outro,industria,pequena,site,automacao_processos,500,abandonada,5.41,5,5.8,preco_alto,nao,nao,sim,,270,7,,
NC-00905,2025-09-21,Salvador,BA,50,3462.43,,servicos,pequena,site,consultoria_digital,7972.7,aceita,37.94,0,6.9,nao_entendeu_proposta,sim,sim,nao,concorrencia,292,0,pendente,
NC-00906,2025-03-20,Salvador,BA,40,5808.25,F,varejo,MEI,indicacao,automacao_processos,"3280,86",aceita,58.2,19,"9,4",NA,sim,sim,nao,,148,0,,
NC-00907,2025-01-04,Curitiba,PR,27,6478.15,M,servicos,MEI,site,sistema_web,16862.33,em analise,"18,75",10,7.9,preco_alto,sim,nao,sim,falta_contato,290,9,validado,
NC-00908,2025-06-20,Uberaba,MG,28,7712.35,F,varejo,pequena,instagram,app_mobile,8670.1,aceita,21.83,23,7.1,demora_retorno,nao,sim,nao,preco,184,6,pendente,
NC-00909,2025-04-22,São Paulo,SP,49,1200,Outro,educacao,MEI,site,automacao_processos,2816.47,recusada,25.93,14,8.4,nao_entendeu_proposta,nao,nao,sim,falta_contato,158,8,,
NC-00910,03-24-2025,São Paulo,SP,22,"12854,22",,varejo,MEI,instagram,sistema_web,6833.42,aceitaa,"12,27",6,9.5,nao_entendeu_proposta,nao,sim,nao,concorrencia,37,15,procesado,
NC-00911,2025-02-04,São Paulo,SP,58,7504.86,,varejo,MEI,site,sistema_web,13768.29,em_analise,48.91,5,10,concorrente,sim,nao,nao,preco,59,8,,
NC-00912,2025-03-05,São Paulo,SP,60,4465.09,M,varejo,MEI,instagram,sistema_web,9293.35,em_analise,"69,62",20,8.1,,sim,nao,nao,concorrencia,197,14,validado,
NC-00913,2025-05-01,Uberaba,MG,56,5842.92,F,industria,MEI,site,consultoria_digital,"4528,57",recusada,60.7,9,5.8,,sim,nao,sim,falta_contato,5,6,pendente,
NC-00914,2025-05-25,São Paulo,SP,20,"2836,64",F,varejo,media,site,app_mobile,6194.17,em_analise,37.91,26,6.9,concorrente,sim,nao,nao,NA,413,8,validado,
NC-00915,2025-05-09,Uberaba,MG,27,2963.07,F,servicos,MEI,google_ads,sistema_web,4384.73,abandonada,"14,61",0,7.8,concorrente,sim,nao,sim,concorrencia,114,11,validado,
NC-00916,2025-09-10,Campinas,SP,58,3796.0,M,servicos,MEI,indicacao,sistema_web,10329.62,em_analise,4.66,23,7.2,concorrente,sim,nao,nao,,217,9,,
NC-00917,data_invalida,Campinas,SP,43,7919.43,F,industria,pequena,site,automacao_processos,9398.87,recusada,"36,22",6,8.3,demora_retorno,sim,nao,sim,,236,18,validado,
NC-00918,2025-07-24,Goiânia,GO,35,7523.75,,servicos,grande,instagram,sistema_web,10731.95,recusada,0,15,4.2,demora_retorno,sim,nao,sim,preco,123,10,pendente,
NC-00919,2025-05-11,Campinas,SP,35,10339.21,,servicos,media,indicacao,automacao_processos,9405.0,aceita,"32,63",15,7.1,,sim,sim,nao,,263,8,procesado,
NC-00920,2025-07-07,Salvador,BA,51,7321.92,Outro,educacao,grande,evento,sistema_web,14261.03,em_analise,73.32,7,7.6,nao_entendeu_proposta,sim,nao,nao,prazo,163,11,pendente,
NC-00921,2025-05-16,Goiânia,GO,28,11798.4,Outro,varejo,MEI,instagram,consultoria_digital,5852.05,recusada,8.48,22,3.7,,sim,nao,sim,,234,7,pendente,
NC-00922,2025-06-18,Campinas,SP,18,"10611,27",Outro,industria,media,site,automacao_processos,8591.55,aceita,13.24,18,"7,6",concorrente,nao,sim,nao,concorrencia,313,12,pendente,
NC-00923,2025-07-10,Uberaba,MG,29,"5564,09",M,industria,grande,instagram,automacao_processos,7826.42,abandonada,0,14,7.3,concorrente,sim,nao,sim,preco,247,11,procesado,
NC-00924,2025-07-16,Curitiba,PR,68,3567.24,Outro,servicos,pequena,site,automacao_processos,"818,98",em_analise,"18,75",15,"4,8",NA,sim,nao,nao,NA,47,0,validado,
NC-00925,2025-02-03,Salvador,BA,38,5983.14,M,servicos,pequena,instagram,automacao_processos,4641.23,em_analise,53.17,8,7.7,,sim,nao,nao,concorrencia,107,6,pendente,
NC-00926,2025-01-12,Salvador,BA,52,"4726,46",F,servicos,MEI,site,sistema_web,15829.53,aceita,"58,98",9,7.1,preco_alto,sim,sim,nao,preco,155,8,pendente,
NC-00927,2025-09-01,São Paulo,SP,62,1200,M,servicos,media,site,consultoria_digital,11363.0,recusada,52.2,22,5.7,demora_retorno,sim,nao,sim,concorrencia,165,12,procesado,
NC-00928,09/06/2025,Uberlândia,MG,68,9604.87,F,servicos,pequena,site,consultoria_digital,10064.32,em_analise,57.91,22,9.8,concorrente,sim,nao,nao,concorrencia,170,8,,
NC-00929,2025-08-11,Salvador,BA,44,5092.69,F,educacao,MEI,site,app_mobile,8630.44,abandonada,0,6,5.5,preco_alto,nao,nao,sim,preco,196,16,,
NC-00930,data_invalida,Uberlândia,MG,36,"8582,24",,saude,media,site,app_mobile,6859.21,aceita,"4,36",23,7.9,,sim,sim,nao,,284,10,,
NC-00931,2025-04-01,Uberaba,MG,46,11987.1,,varejo,media,site,app_mobile,12697.28,recusada,35.87,16,"9,3",NA,sim,nao,sim,preco,293,14,procesado,
NC-00932,2025-10-20,Goiânia,GO,62,6707.74,,saude,pequena,instagram,app_mobile,4986.58,abandonada,15.98,14,9.9,,sim,nao,sim,NA,61,14,procesado,
NC-00933,2025-02-22,Salvador,BA,36,5689.75,M,servicos,MEI,site,app_mobile,"11054,47",recusada,30.22,8,5.6,preco_alto,nao,nao,sim,preco,153,4,procesado,
NC-00934,data_invalida,São Paulo,SP,66,8139.43,Outro,industria,pequena,indicacao,app_mobile,9406.18,aceita,24.41,16,"5,7",preco_alto,nao,sim,nao,preco,145,7,validado,
NC-00935,2025-06-09,São Paulo,SP,58,9786.75,M,servicos,grande,site,sistema_web,4941.17,aceita,34.74,14,7.1,concorrente,sim,sim,nao,preco,357,12,pendente,
NC-00936,2025-01-24,Campinas,SP,50,7424.78,Outro,saude,MEI,site,sistema_web,3956.36,recusada,47.46,17,"3,5",preco_alto,sim,nao,sim,prazo,344,8,pendente,
NC-00937,data_invalida,Goiânia,GO,32,8518.08,Outro,industria,MEI,instagram,sistema_web,3752.71,abandonada,48.71,20,5.9,NA,sim,nao,sim,falta_contato,283,0,procesado,
NC-00938,10-06-2025,Salvador,BA,65,9918.64,,varejo,media,instagram,app_mobile,"13530,3",em_analise,6.89,29,8.7,demora_retorno,sim,nao,nao,prazo,227,2,,
NC-00939,2025-05-01,Goiânia,GO,32,3311.16,F,varejo,pequena,google_ads,automacao_processos,3249.04,aceita,33.92,18,5.4,,sim,sim,nao,NA,271,6,pendente,
NC-00940,2025-06-17,Curitiba,PR,70,7722.28,M,varejo,pequena,instagram,sistema_web,9184.45,recusada,61.94,18,6.9,demora_retorno,sim,nao,sim,prazo,62,6,,
NC-00941,17/04/2025,Campinas,SP,44,3909.87,F,industria,MEI,site,sistema_web,9553.96,recusada,48.72,19,4.6,concorrente,sim,nao,sim,NA,5,11,pendente,
NC-00942,11/03/2025,Uberlândia,MG,41,4343.93,M,industria,grande,site,automacao_processos,14563.94,aceita,6.1,0,7.5,concorrente,sim,sim,nao,concorrencia,63,7,,
NC-00943,2025-04-29,Uberaba,MG,43,8353.74,,varejo,pequena,instagram,sistema_web,9827.03,abandonada,38.86,15,5.9,demora_retorno,sim,nao,sim,falta_contato,253,10,procesado,
NC-00944,2025-07-30,Curitiba,pr,23,1200,M,varejo,MEI,evento,sistema_web,6527.33,em_analise,"61,26",19,10,,sim,nao,nao,falta_contato,199,8,,
NC-00945,2025-10-10,Salvador,BA,,3721.87,M,varejo,media,site,app_mobile,9409.39,abandonada,"19,62",19,6.2,preco_alto,sim,nao,sim,falta_contato,262,11,procesado,
NC-00946,06-24-2025,Curitiba,PR,24,5750.25,F,saude,MEI,site,automacao_processos,2141.94,aceita,"22,7",13,10,preco_alto,sim,sim,nao,falta_contato,228,4,validado,
NC-00947,09/10/2025,Campinas,SP,61,1200,,educacao,pequena,google_ads,sistema_web,9158.27,aceita,10.11,15,8.0,concorrente,nao,sim,nao,prazo,228,0,,
NC-00948,2025-02-13,São Paulo,SP,56,6464.7,Outro,educacao,pequena,indicacao,consultoria_digital,15030.58,aceita,2.28,18,"5,3",nao_entendeu_proposta,sim,sim,nao,falta_contato,265,19,pendente,
NC-00949,05-01-2025,Curitiba,PR,23,3472.0,Outro,educacao,MEI,site,app_mobile,"8094,62",recusada,51.9,35,10,,sim,nao,sim,concorrencia,276,12,validado,
NC-00950,2025-05-18,Curitiba,PR,31,6335.81,M,varejo,MEI,site,sistema_web,9831.51,recuzada,36.57,27,4.8,demora_retorno,sim,nao,nao,preco,177,7,,
NC-00951,2025-02-16,Uberlândia,MG,26,7197.84,M,industria,MEI,evento,consultoria_digital,"12933,91",recusada,67.47,17,"8,0",preco_alto,sim,nao,sim,NA,240,5,validado,
NC-00952,2025-05-18,Salvador,BA,26,5306.36,Outro,varejo,pequena,site,consultoria_digital,"10686,6",aceitaa,53.25,19,9.1,concorrente,sim,nao,sim,falta_contato,281,10,validado,
NC-00953,2025-08-16,Salvador,BA,65,"7631,36",F,industria,MEI,google_ads,automacao_processos,13841.44,recusada,17.39,1,5.9,NA,nao,nao,sim,NA,150,0,,
NC-00954,22/10/2025,Uberaba,MG,53,11417.91,,industria,media,site,app_mobile,13559.57,aceitaa,6.98,0,5.8,concorrente,sim,nao,sim,,214,12,pendente,
NC-00955,2025-04-05,Curitiba,PR,51,3685.89,,varejo,media,site,consultoria_digital,17369.81,em_analise,13.06,0,9.1,demora_retorno,sim,nao,nao,,341,12,,
NC-00956,2025-10-28,curitiba,PR,50,"8984,68",M,educacao,MEI,site,sistema_web,5223.61,em_analise,8.87,12,9.3,demora_retorno,sim,nao,nao,NA,139,6,procesado,
NC-00957,05/06/2025,Salvador,BA,,"2491,44",F,servicos,MEI,site,app_mobile,4205.89,recusada,37.04,11,5.3,NA,sim,nao,sim,falta_contato,56,5,,
NC-00958,2025-07-05,Campinas,sp,28,3489.49,,servicos,pequena,evento,app_mobile,9941.41,em_analise,28.57,0,4.9,,sim,nao,nao,concorrencia,5,9,,
NC-00959,2025-04-27,Curitiba,PR,42,2032.52,Outro,servicos,pequena,site,sistema_web,11339.68,em analise,12.03,2,6.8,demora_retorno,sim,nao,sim,,279,0,,
NC-00960,2025-09-29,Goiânia,GO,68,7380.64,M,educacao,MEI,indicacao,sistema_web,8361.39,recusada,13.5,9,8.4,demora_retorno,sim,nao,sim,preco,207,11,,
NC-00961,2025-06-02,campinas,SP,38,10771.41,F,varejo,MEI,indicacao,sistema_web,11812.04,aceita,0,19,3.8,demora_retorno,sim,sim,nao,,170,0,,
NC-00962,2025-03-05,Salvador,BA,33,9948.99,Outro,servicos,MEI,site,automacao_processos,7249.44,em_analise,31.81,3,7.2,preco_alto,sim,nao,nao,concorrencia,85,13,procesado,
NC-00963,2025-06-05,goiânia,GO,52,2726.75,Outro,servicos,grande,instagram,automacao_processos,"5696,69",abandonada,0.17,0,6.5,concorrente,sim,nao,sim,prazo,81,6,,
NC-00964,2025-03-30,São Paulo,sp,29,9848.92,Outro,educacao,pequena,site,automacao_processos,13828.18,em_analise,22.71,6,4.1,,sim,nao,nao,preco,121,12,procesado,
NC-00965,06-27-2025,Uberaba,MG,70,5012.46,Outro,varejo,MEI,instagram,app_mobile,"6808,29",abandonada,"33,58",12,"8,4",NA,sim,nao,sim,prazo,5,14,pendente,
NC-00966,2025-09-02,Curitiba,PR,47,3477.81,F,industria,media,site,app_mobile,981.04,em_analise,44.59,16,4.7,nao_entendeu_proposta,sim,nao,nao,prazo,307,10,procesado,
NC-00967,2025-09-03,São Paulo,SP,,9634.05,M,varejo,media,site,sistema_web,9982.98,em_analise,11.4,23,"3,3",demora_retorno,sim,nao,nao,falta_contato,372,7,validado,
NC-00968,2025-10-16,Goiânia,GO,28,5175.27,F,servicos,media,site,sistema_web,6085.69,abandonada,"19,95",13,4.3,demora_retorno,sim,nao,sim,NA,77,13,pendente,
NC-00969,07/08/2025,Goiânia,go,29,9012.44,Outro,industria,media,google_ads,sistema_web,1161.9,recusada,29.8,52,"3,4",NA,nao,nao,sim,concorrencia,144,8,pendente,
NC-00970,2025-03-24,Campinas,SP,45,5742.58,F,varejo,pequena,site,automacao_processos,8037.9,recusada,37.57,0,6.9,NA,nao,nao,sim,prazo,171,13,validado,
NC-00971,2025-04-20,Campinas,SP,33,4434.21,F,varejo,pequena,instagram,consultoria_digital,6541.03,recusada,44.27,12,"6,3",preco_alto,nao,nao,sim,,184,7,validado,
NC-00972,2025-10-12,Uberaba,MG,47,"7702,39",,varejo,MEI,indicacao,app_mobile,5960.88,em_analise,45.13,10,10,,sim,nao,nao,falta_contato,178,8,,
NC-00973,2025-03-31,Salvador,BA,38,10026.06,,servicos,media,evento,sistema_web,"5392,46",recusada,20.53,17,5.1,demora_retorno,sim,nao,sim,NA,89,5,procesado,
NC-00974,2025-06-19,Uberlândia,MG,62,12044.89,,educacao,media,google_ads,sistema_web,13813.54,recusada,21.04,9,4.3,NA,sim,nao,sim,,398,7,validado,
NC-00975,2025-07-09,Goiânia,GO,61,4211.38,,varejo,pequena,google_ads,sistema_web,6174.93,recusada,48.97,24,6.2,NA,sim,nao,sim,prazo,5,0,,
NC-00976,2025-08-27,Uberlândia,MG,60,3355.1,Outro,servicos,MEI,instagram,sistema_web,11672.78,abandonada,36.26,6,7.8,NA,sim,nao,sim,NA,111,6,validado,
NC-00977,09/08/2025,Goiânia,GO,24,8735.42,F,servicos,grande,site,automacao_processos,500,em_analise,0.31,12,9.3,demora_retorno,sim,nao,nao,NA,17,11,procesado,
NC-00978,2025-07-17,Campinas,SP,46,12061.26,Outro,varejo,MEI,site,sistema_web,8489.96,abandonada,78.12,13,4.0,nao_entendeu_proposta,sim,nao,sim,NA,98,13,pendente,
NC-00979,27/06/2025,Salvador,BA,55,4872.06,Outro,industria,grande,google_ads,consultoria_digital,15728.14,abandonada,47.05,21,8.5,NA,sim,nao,sim,concorrencia,294,13,pendente,
NC-00980,2025-07-13,Curitiba,PR,23,5258.13,,servicos,MEI,instagram,sistema_web,4522.49,recusada,27.92,12,7.2,NA,sim,nao,sim,prazo,345,8,validado,
NC-00981,2025-01-15,Goiânia,GO,57,8493.56,Outro,educacao,MEI,evento,sistema_web,8985.14,recusada,2.02,37,5.6,nao_entendeu_proposta,sim,nao,sim,falta_contato,159,0,validado,
NC-00982,2025-07-05,Uberaba,MG,,"8174,2",Outro,servicos,MEI,indicacao,consultoria_digital,12049.72,aceita,"39,98",29,8.6,preco_alto,sim,sim,nao,,312,7,procesado,
NC-00983,2025-01-29,curitiba,PR,48,"6242,22",,servicos,pequena,site,automacao_processos,4371.52,em_analise,0,5,5.1,preco_alto,sim,nao,nao,falta_contato,245,0,procesado,
NC-00984,2025-09-09,São Paulo,SP,69,1200,Outro,industria,MEI,site,app_mobile,6651.89,recusada,38.83,17,5.6,,sim,nao,sim,preco,46,2,procesado,
NC-00985,2025-06-24,Salvador,BA,25,7840.96,,varejo,MEI,google_ads,sistema_web,10636.35,recusada,69.09,15,"8,9",NA,sim,nao,sim,,44,8,validado,
NC-00986,2025-08-11,Curitiba,PR,33,2791.74,Outro,educacao,media,instagram,sistema_web,15246.35,aceita,33.19,19,5.6,demora_retorno,sim,sim,nao,concorrencia,148,12,,
NC-00987,2025-01-14,Salvador,BA,30,1200,,varejo,MEI,instagram,sistema_web,"8605,65",aceita,"75,32",22,9.4,concorrente,sim,sim,nao,preco,39,7,validado,
NC-00988,2025-03-06,Uberlândia,MG,47,"13445,19",Outro,servicos,pequena,site,sistema_web,6150.3,aceita,69.91,12,8.6,,sim,sim,nao,preco,223,1,,
NC-00989,01/03/2025,Uberaba,MG,32,10853.04,,varejo,MEI,site,automacao_processos,5136.78,aceita,39.0,7,8.4,NA,sim,sim,nao,NA,282,11,pendente,
NC-00990,2025-03-04,São Paulo,SP,37,6785.41,Outro,varejo,grande,site,sistema_web,13207.5,abandonada,"16,55",7,8.2,,sim,nao,sim,preco,158,11,validado,
NC-00991,2025-02-03,São Paulo,SP,27,10781.96,F,saude,MEI,indicacao,app_mobile,10137.79,recusada,22.86,0,5.9,preco_alto,sim,nao,sim,prazo,76,8,pendente,
NC-00992,2025-03-30,São Paulo,SP,57,10158.03,,industria,pequena,site,sistema_web,16571.78,em analise,0.68,19,"8,9",,sim,nao,sim,preco,378,2,pendente,
NC-00993,2025-08-07,Goiânia,GO,68,"8887,15",,saude,grande,instagram,automacao_processos,1321.47,abandonada,0,25,8.5,NA,sim,nao,sim,prazo,5,11,pendente,
NC-00994,2025-09-25,Uberlândia,MG,27,"11626,21",M,servicos,pequena,site,app_mobile,9601.18,recusada,21.54,10,6.4,,sim,nao,sim,NA,271,3,pendente,
NC-00995,2025-06-01,Goiânia,GO,69,10501.65,M,varejo,grande,site,sistema_web,13878.78,recusada,"14,56",0,5.8,demora_retorno,sim,nao,sim,preco,127,11,pendente,
NC-00996,09-27-2025,Goiânia,GO,32,5568.98,,servicos,media,site,consultoria_digital,11813.74,em_analise,100,5,5.4,demora_retorno,nao,nao,nao,falta_contato,23,11,pendente,
NC-00997,2025-10-13,Curitiba,PR,29,12075.6,,varejo,pequena,indicacao,sistema_web,8960.23,em_analise,39.41,19,4.4,demora_retorno,sim,nao,nao,,189,2,pendente,
NC-00998,2025-08-29,Goiânia,GO,30,"10939,11",Outro,varejo,media,site,sistema_web,15626.31,abandonada,23.43,7,7.6,concorrente,sim,nao,sim,falta_contato,295,3,pendente,
NC-00999,2025-10-22,São Paulo,SP,21,"7385,1",,industria,media,instagram,app_mobile,"3257,3",em_analise,26.69,20,8.4,NA,sim,nao,nao,concorrencia,198,15,,
NC-00000,09-02-2025,Uberlândia,MG,33,"9577,13",Outro,industria,media,site,app_mobile,8294.46,em_analise,12.74,17,9.0,nao_entendeu_proposta,sim,nao,nao,NA,258,15,validado,
NC-00001,2025-10-05,Uberaba,MG,63,10732.25,M,servicos,MEI,site,sistema_web,13955.99,em analise,57.42,23,8.4,nao_entendeu_proposta,sim,sim,nao,concorrencia,318,6,,
NC-00002,2025-10-15,Campinas,SP,47,"3127,41",,servicos,pequena,instagram,consultoria_digital,8820.77,aceita,41.41,29,"7,1",NA,nao,sim,nao,,224,11,,
NC-00003,2025-03-01,Curitiba,PR,27,4145.54,Outro,saude,MEI,instagram,automacao_processos,7503.7,aceita,"37,04",0,"8,5",,sim,sim,nao,falta_contato,299,6,procesado,
NC-00004,2025-04-15,Campinas,SP,18,5219.52,M,servicos,MEI,site,app_mobile,8977.7,em_analise,29.75,1,4.5,preco_alto,nao,nao,nao,NA,409,10,,
NC-00005,2025-09-21,Salvador,BA,59,1200,Outro,servicos,media,instagram,app_mobile,7925.72,recusada,28.22,8,6.1,NA,sim,nao,sim,falta_contato,5,0,pendente,
NC-00006,2025-05-07,Uberaba,MG,65,3961.05,Outro,varejo,MEI,google_ads,app_mobile,"12666,08",abandonada,44.66,20,6.0,NA,sim,nao,sim,concorrencia,288,11,,
NC-00007,data_invalida,Uberaba,MG,,4599.07,,saude,pequena,site,app_mobile,7058.37,aceita,19.2,8,6.4,preco_alto,nao,sim,nao,concorrencia,399,6,validado,
NC-00008,2025-07-04,Salvador,BA,26,4671.53,F,varejo,pequena,instagram,sistema_web,7449.29,aceita,61.41,14,8.5,NA,sim,sim,nao,prazo,230,9,pendente,
NC-00009,data_invalida,uberlândia,MG,37,"5089,47",F,varejo,grande,site,automacao_processos,3126.32,em_analise,58.05,15,9.1,preco_alto,sim,nao,nao,NA,250,3,pendente,
NC-00010,2025-06-22,Uberaba,mg,55,"1442,71",Outro,industria,grande,site,sistema_web,"3843,59",aceita,0,21,7.7,demora_retorno,sim,sim,nao,preco,252,5,validado,
NC-00011,2025-04-08,Curitiba,PR,34,"3900,29",,varejo,pequena,instagram,automacao_processos,12592.19,recusada,87.88,0,"7,1",nao_entendeu_proposta,sim,nao,sim,concorrencia,249,2,procesado,
NC-00012,2025-03-15,Campinas,SP,34,9793.66,,saude,media,google_ads,app_mobile,500,aceita,72.0,15,5.2,concorrente,sim,sim,nao,concorrencia,5,8,pendente,
NC-00013,2025-08-02,uberlândia,mg,54,7170.03,M,industria,pequena,instagram,sistema_web,"3714,03",em_analise,58.18,21,5.2,nao_entendeu_proposta,sim,nao,nao,falta_contato,62,14,,
NC-00014,2025-09-02,Goiânia,GO,36,9612.09,Outro,saude,pequena,google_ads,consultoria_digital,11029.88,aceita,58.11,9,4.6,concorrente,sim,sim,nao,preco,343,10,validado,
NC-00015,2025-04-15,Goiânia,GO,47,1959.27,,saude,MEI,indicacao,consultoria_digital,6842.05,recusada,6.09,12,10,demora_retorno,sim,nao,sim,NA,397,4,validado,
NC-00016,01/09/2025,Salvador,BA,44,"7566,06",M,servicos,pequena,site,app_mobile,9847.23,em_analise,38.68,13,6.2,nao_entendeu_proposta,sim,nao,nao,,240,8,validado,
NC-00017,2025-04-02,Salvador,BA,67,1200,,varejo,pequena,google_ads,automacao_processos,6549.64,em_analise,52.38,33,"5,5",concorrente,sim,nao,nao,NA,63,8,,
NC-00018,2025-07-10,Curitiba,PR,39,"6256,91",,servicos,pequena,google_ads,sistema_web,8142.84,aceita,50.72,10,"4,9",NA,sim,sim,nao,prazo,249,10,procesado,
NC-00019,2025-09-16,Uberaba,MG,28,11505.46,,industria,pequena,evento,consultoria_digital,5028.55,em_analise,"6,63",13,5.7,nao_entendeu_proposta,nao,nao,nao,falta_contato,295,9,validado,
NC-00020,2025-06-12,Uberlândia,mg,51,6069.99,,saude,MEI,site,sistema_web,2915.79,aceita,15.7,13,7.2,,nao,sim,nao,NA,164,10,procesado,
NC-00021,2025-06-21,Goiânia,GO,44,7555.47,F,educacao,MEI,google_ads,automacao_processos,4784.91,aceita,45.91,12,7.0,,sim,sim,nao,falta_contato,100,0,pendente,
NC-00022,2025-07-28,Salvador,BA,40,3875.16,Outro,saude,MEI,site,app_mobile,11304.83,recusada,0,18,8.2,NA,sim,nao,sim,concorrencia,351,9,pendente,
NC-00023,2025-07-21,Uberlândia,MG,58,9375.2,Outro,servicos,MEI,instagram,automacao_processos,"17855,88",abandonada,36.65,6,"7,3",nao_entendeu_proposta,sim,nao,sim,concorrencia,5,8,procesado,
NC-00024,2025-08-09,Curitiba,PR,59,4957.8,,varejo,grande,site,sistema_web,500,abandonada,22.28,25,5.4,preco_alto,sim,nao,sim,concorrencia,367,12,validado,
