registro_id,data_atendimento,cidade,uf,especie,raca,idade_anos,peso_kg,sintomas_texto,prioridade_ia,tempo_espera_min,tempo_atendimento_min,temperatura_corporal_c,frequencia_cardiaca,exames_solicitados,diagnostico_previo,avaliacao_tutor,retorno_7d,historico_microchip,status_atendimento,observacao
FPC-00000,2025-05-30,Uberlândia,MG,cachorro,,7,14.48,letargia,critico,81,17,38.46,149,hemograma,suspeita_infeccao,3.82,sim,sim,finalizado,
FPC-00001,02-23-2025,Curitiba,PR,cachorro,,8,,ferimento na pata,monitorar,32,40,37.84,113,hemograma,alergia,5,NA,SIM,cancelado,
FPC-00002,31/03/2025,Salvador,BA,gato,Siamês,3,6.73,letargia,urgente,9,28,37.13,113,hemograma,NA,3.86,NA,sim,em_atendimento,
FPC-00003,2025-04-20,Salvador,BA,gato,Poodle,8,5.98,NA,monitorar,73,25,38.99,130,hemograma,suspeita_infeccao,3.22,nao,sim,cancelado,
FPC-00004,2025-06-09,Porto Alegre,rs,cachorro,Poodle,5,,dificuldade respiratória,urgente,18,38,39.0,129,raio_x,alergia,2.88,,SIM,em_atendimento,
FPC-00005,2025-10-13,Salvador,BA,cachorro,Poodle,4,5.02,febre alta,monitorar,13,18,"37,33",160,ultrassom,trauma,3.25,,,cancelado,
FPC-00006,data_invalida,Curitiba,PR,cachorro,Labrador,,3.84,NA,monitorar,10,32,38.25,172,NA,trauma,5,nao,sim,cancelado,
FPC-00007,09/04/2025,curitiba,PR,gato,Siamês,2,"16,83",letargia,monitorar,43,17,37.53,131,hemograma,suspeita_infeccao,4.97,nao,,procesado,
FPC-00008,2025-10-22,Salvador,ba,cachorro,Siamês,7,8.77,dificuldade respiratória,critico,0,23,37.85,139,hemograma,NA,5,nao,,em_atendimento,
FPC-00009,16/07/2025,Porto Alegre,RS,cachorro,Labrador,2,6.36,coceira intensa,monitorar,34,22,39.27,164,NA,NA,5,NA,,procesado,
FPC-00010,2025-01-14,São Paulo,sp,cachorro,Poodle,1,9.97,ferimento na pata,monitorar,600,19,36.37,125,nenhum,trauma,1.0,sim,SIM,finalizado,OUTLIER espera extrema
FPC-00011,2025-03-20,campinas,SP,gato,Labrador,5,4.08,coceira intensa,monitorar,63,18,"39,4",60,raio_x,NA,5,NA,SIM,finalizado,
FPC-00012,2025-07-18,Goiânia,go,cachorro,SRD,5,13.99,coceira intensa,urgente,51,11,39.62,146,ultrassom,trauma,4.76,,nao,procesado,
FPC-00013,16/03/2025,Uberlândia,MG,gato,Siamês,5,25.13,dificuldade respiratória,critico,63,32,"39,09",101,hemograma,trauma,5,NA,,procesado,
FPC-00014,2025-10-28,Campinas,SP,gato,,6,1.5,NA,monitorar,54,22,39.68,126,ultrassom,NA,3.51,sim,sim,finalizado,
FPC-00015,2025-04-04,Uberlândia,MG,gato,Labrador,4,7.68,vômito e apatia,monitorar,42,23,38.43,146,NA,trauma,2.36,nao,sim,procesado,
FPC-00016,2025-04-19,Uberlândia,mg,cachorro,,6,"22,89",letargia,urgente,0,13,"37,12",147,ultrassom,alergia,4.24,,SIM,em_atendimento,
FPC-00017,2025-08-31,Curitiba,PR,gato,Labrador,,20.52,dificuldade respiratória,monitorar,28,35,38.09,115,hemograma,suspeita_infeccao,4.32,sim,sim,finalizado,
FPC-00018,2025-07-22,São Paulo,SP,cachorro,,3,"15,03",coceira intensa,monitorar,17,21,37.44,60,hemograma,trauma,2.12,sim,,em_atendimento,
FPC-00019,2025-08-15,Porto Alegre,RS,gato,,8,10.35,,urgente,58,14,38.29,126,nenhum,,5,NA,SIM,finalizado,
FPC-00020,2025-05-02,goiânia,GO,cachorro,Labrador,3,7.14,letargia,monitorar,25,36,36.99,105,NA,trauma,3.21,nao,,cancelado,
FPC-00021,2025-06-28,Porto Alegre,RS,gato,Poodle,9,19.66,coceira intensa,monitorar,62,24,37.65,116,raio_x,,5,sim,SIM,em_atendimento,
FPC-00022,2025-07-30,Uberaba,mg,cachorro,,2,16.37,febre alta,critico,43,32,36.98,113,ultrassom,trauma,4.79,NA,nao,cancelado,
FPC-00023,2025-06-18,Porto Alegre,rs,gato,SRD,9,5.67,febre alta,monitorar,47,25,40.07,70,NA,,4.26,sim,,procesado,
FPC-00024,2025-06-24,Salvador,BA,gato,Poodle,8,12.88,NA,monitorar,21,31,36.95,109,raio_x,NA,2.91,sim,SIM,cancelado,
FPC-00025,09-19-2025,Porto Alegre,RS,cachorro,Bulldog,5,5.33,vômito e apatia,monitorar,62,26,45.5,126,nenhum,suspeita_infeccao,3.62,nao,SIM,finalizado,OUTLIER temperatura muito alta
FPC-00026,2025-04-13,Goiânia,GO,cachorro,SRD,5,27.42,ferimento na pata,urgente,47,34,37.64,101,raio_x,alergia,3.95,nao,,procesado,
FPC-00027,2025-10-17,Goiânia,GO,cachorro,Bulldog,2,20.28,letargia,monitorar,57,25,39.53,136,NA,trauma,3.78,sim,sim,procesado,
FPC-00028,2025-06-15,Porto Alegre,RS,cachorro,Siamês,12,18.05,,critico,77,35,37.48,110,ultrassom,NA,4.46,,sim,finalizado,
FPC-00029,2025-06-07,Porto Alegre,RS,gato,,3,3.18,febre alta,urgente,87,22,38.53,74,raio_x,trauma,3.54,sim,,finalizado,
FPC-00030,2025-08-16,Porto Alegre,RS,gato,Siamês,3,"6,55",coceira intensa,monitorar,72,7,39.09,134,nenhum,,3.8,NA,nao,finalizado,
FPC-00031,data_invalida,Uberaba,MG,cachorro,Labrador,9,19.53,coceira intensa,urgente,48,28,39.05,85,hemograma,trauma,5,NA,SIM,em_atendimento,
FPC-00032,2025-02-05,Salvador,BA,cachorro,Labrador,6,19.93,letargia,urgente,27,22,37.28,139,raio_x,,5,NA,nao,finalizado,
FPC-00033,2025-05-27,Campinas,SP,cachorro,Labrador,0,4.77,letargia,urgente,18,18,38.8,80,ultrassom,trauma,4.46,,SIM,em_atendimento,
FPC-00034,2025-04-15,São Paulo,SP,gato,SRD,0,0.5,coceira intensa,monitorar,70,31,36.37,121,hemograma,NA,3.03,nao,nao,cancelado,
FPC-00035,2025-09-05,Uberaba,MG,cachorro,Labrador,6,2.79,ferimento na pata,monitorar,65,22,39.38,130,nenhum,alergia,3.17,,nao,cancelado,
FPC-00036,2025-01-24,Goiânia,GO,gato,Siamês,9,4.74,,monitorar,47,37,38.82,122,hemograma,alergia,5,NA,nao,procesado,
FPC-00037,04-24-2025,Goiânia,GO,cachorro,Labrador,3,"26,43",,monitorar,81,8,40.38,133,nenhum,alergia,4.71,nao,nao,em_atendimento,
FPC-00038,2025-02-22,Goiânia,GO,cachorro,SRD,5,19.03,coceira intensa,monitorar,0,38,37.82,147,ultrassom,trauma,3.87,sim,sim,procesado,
FPC-00039,2025-10-23,Curitiba,PR,cachorro,Siamês,7,13.88,coceira intensa,monitorar,31,41,35.4,162,NA,NA,4.43,,,cancelado,
FPC-00040,2025-09-20,São Paulo,SP,gato,Bulldog,9,21.67,ferimento na pata,monitorar,28,18,38.47,30,nenhum,NA,4.25,,,em_atendimento,OUTLIER FC muito baixa
FPC-00041,2025-07-25,Campinas,SP,gato,Bulldog,4,"16,4",dificuldade respiratória,urgente,33,16,42.85,113,raio_x,trauma,2.65,NA,sim,procesado,
FPC-00042,2025-10-10,São Paulo,SP,cachorro,SRD,6,10.25,vômito e apatia,urgente,31,17,39.63,129,ultrassom,suspeita_infeccao,3.63,sim,SIM,em_atendimento,
FPC-00043,2025-03-10,Salvador,BA,gato,Siamês,2,"12,27",vômito e apatia,monitorar,44,21,39.12,109,hemograma,alergia,3.25,nao,nao,cancelado,
FPC-00044,2025-07-12,Goiânia,go,gato,Bulldog,4,"9,97",vômito e apatia,monitorar,23,26,37.86,173,ultrassom,trauma,4.53,,SIM,finalizado,
FPC-00045,2025-09-05,Uberlândia,MG,cachorro,Labrador,8,19.51,dificuldade respiratória,monitorar,18,24,39.18,143,NA,suspeita_infeccao,4.66,,sim,procesado,
FPC-00046,2025-04-27,Campinas,SP,gato,Bulldog,5,"10,2",NA,monitorar,3,12,37.91,128,NA,alergia,5,NA,sim,em_atendimento,
FPC-00047,2025-05-05,Porto Alegre,RS,cachorro,SRD,,"31,13",ferimento na pata,monitorar,50,18,39.7,76,raio_x,trauma,4.45,nao,SIM,cancelado,
FPC-00048,05-07-2025,Uberaba,MG,gato,SRD,3,"5,75",NA,monitorar,43,13,39.79,163,nenhum,trauma,4.48,,sim,em_atendimento,
FPC-00049,2025-05-19,Uberlândia,MG,gato,Labrador,12,8.56,vômito e apatia,monitorar,31,23,36.21,98,hemograma,suspeita_infeccao,4.76,,nao,cancelado,
FPC-00050,07-09-2025,porto alegre,RS,cachorro,SRD,0,16.24,coceira intensa,monitorar,21,36,39.29,154,nenhum,alergia,4.13,nao,sim,finalizado,
FPC-00051,2025-02-12,Porto Alegre,RS,cachorro,,4,"11,83",ferimento na pata,critico,31,18,39.14,98,raio_x,NA,3.06,NA,,em_atendimento,
FPC-00052,2025-03-25,São Paulo,SP,gato,Poodle,7,,NA,monitorar,93,11,37.36,115,hemograma,NA,4.22,NA,sim,procesado,
FPC-00053,2025-08-01,Campinas,SP,cachorro,,5,23.56,dificuldade respiratória,monitorar,2,25,37.98,131,ultrassom,trauma,5,,,procesado,
FPC-00054,2025-02-28,Uberaba,MG,cachorro,Siamês,8,"6,23",febre alta,monitorar,57,5,38.86,118,raio_x,suspeita_infeccao,1.47,NA,,procesado,
FPC-00055,2025-03-06,Curitiba,PR,gato,Labrador,2,0.5,dificuldade respiratória,urgente,71,1,38.11,137,raio_x,suspeita_infeccao,3.28,NA,,cancelado,OUTLIER atendimento muito curto
FPC-00056,2025-05-07,Uberlândia,MG,cachorro,SRD,5,"2,65",coceira intensa,monitorar,51,43,40.18,132,hemograma,,5,sim,nao,procesado,
FPC-00057,2025-03-20,Campinas,SP,cachorro,Bulldog,4,2.43,coceira intensa,monitorar,27,16,38.27,125,NA,,3.15,nao,sim,finalizado,
FPC-00058,data_invalida,Campinas,SP,gato,Poodle,11,"1,6",coceira intensa,monitorar,28,39,37.55,117,NA,NA,4.02,NA,sim,em_atendimento,
FPC-00059,15/05/2025,campinas,SP,cachorro,Bulldog,6,9.6,ferimento na pata,urgente,66,15,40.08,140,ultrassom,NA,3.33,nao,nao,cancelado,
FPC-00060,2025-03-10,São Paulo,SP,cachorro,Poodle,8,9.59,coceira intensa,monitorar,17,31,39.47,111,raio_x,trauma,2.92,nao,sim,finalizado,
FPC-00061,2025-08-31,Porto Alegre,RS,gato,Siamês,3,20.6,dificuldade respiratória,urgente,16,18,37.7,125,nenhum,trauma,5,sim,sim,finalizado,
FPC-00062,2025-05-05,Campinas,SP,cachorro,,5,11.7,febre alta,urgente,21,25,35.36,151,NA,NA,4.18,,SIM,finalizado,
FPC-00063,2025-07-27,goiânia,GO,cachorro,,4,14.49,ferimento na pata,monitorar,37,48,37.74,129,ultrassom,trauma,2.21,nao,nao,em_atendimento,
FPC-00064,2025-02-14,São Paulo,SP,gato,Bulldog,0,"10,51",febre alta,monitorar,49,32,"38,54",89,NA,trauma,4.54,sim,,finalizado,
FPC-00065,2025-09-07,Porto Alegre,rs,gato,Poodle,0,8.04,vômito e apatia,monitorar,2,15,37.87,116,ultrassom,alergia,4.1,sim,SIM,em_atendimento,
FPC-00066,2025-07-01,Campinas,SP,gato,SRD,5,9.84,febre alta,monitorar,88,25,37.76,146,nenhum,alergia,4.07,,sim,em_atendimento,
FPC-00067,2025-07-23,Porto Alegre,rs,gato,,6,14.22,NA,critico,22,23,"38,7",144,nenhum,suspeita_infeccao,4.89,sim,SIM,cancelado,
FPC-00068,2025-07-23,Porto Alegre,RS,gato,SRD,5,16.39,ferimento na pata,monitorar,17,15,38.39,60,ultrassom,alergia,5,sim,,procesado,
FPC-00069,2025-06-06,Salvador,BA,cachorro,Poodle,4,,ferimento na pata,urgente,10,27,40.8,154,raio_x,NA,5,nao,nao,em_atendimento,
FPC-00070,06-21-2025,Goiânia,GO,cachorro,SRD,6,16.15,coceira intensa,monitorar,300,27,38.8,134,NA,alergia,5.0,sim,nao,procesado,OUTLIER avaliação alta com espera longa
FPC-00071,2025-07-23,Campinas,SP,cachorro,Bulldog,3,11.54,letargia,monitorar,54,20,38.73,114,ultrassom,suspeita_infeccao,4.55,sim,sim,em_atendimento,
FPC-00072,2025-10-15,Uberaba,MG,gato,,6,8.96,NA,monitorar,47,17,39.01,138,hemograma,alergia,4.63,NA,,em_atendimento,
FPC-00073,2025-04-05,Porto Alegre,RS,gato,Siamês,4,"17,87",vômito e apatia,monitorar,24,17,39.45,104,ultrassom,trauma,4.92,NA,nao,procesado,
FPC-00074,2025-09-25,curitiba,PR,gato,SRD,3,6.13,NA,critico,41,24,37.15,80,NA,alergia,5,nao,nao,procesado,
FPC-00075,27/02/2025,São Paulo,sp,cachorro,Bulldog,9,16.42,,monitorar,38,9,39.36,184,nenhum,,5,NA,sim,cancelado,
FPC-00076,2025-04-06,Campinas,SP,gato,,5,"8,22",NA,monitorar,16,26,38.07,94,nenhum,alergia,4.69,sim,sim,cancelado,
FPC-00077,2025-05-06,São Paulo,sp,cachorro,Labrador,0,10.75,coceira intensa,urgente,56,21,39.74,120,hemograma,,4.87,NA,SIM,finalizado,
FPC-00078,03-27-2025,campinas,sp,cachorro,Labrador,3,24.73,febre alta,urgente,0,24,39.15,141,hemograma,,3.48,nao,,finalizado,
FPC-00079,2025-01-18,Goiânia,GO,gato,,5,"5,26",dificuldade respiratória,urgente,80,20,39.25,100,raio_x,suspeita_infeccao,2.85,,sim,em_atendimento,
FPC-00080,data_invalida,Campinas,SP,gato,,6,9.62,dificuldade respiratória,monitorar,45,35,37.89,144,ultrassom,,4.0,NA,,em_atendimento,
FPC-00081,06/03/2025,Salvador,BA,cachorro,Labrador,4,4.5,dificuldade respiratória,monitorar,13,34,36.5,102,raio_x,NA,4.11,nao,,finalizado,
FPC-00082,2025-10-09,Salvador,BA,gato,Siamês,1,12.05,,urgente,58,10,38.21,109,NA,alergia,2.91,NA,,cancelado,
FPC-00083,2025-05-20,Uberlândia,MG,gato,Labrador,5,0.5,NA,monitorar,47,21,"37,31",114,NA,alergia,4.05,NA,,procesado,
FPC-00084,2025-03-11,Goiânia,GO,gato,,3,3.71,coceira intensa,urgente,10,28,37.74,126,nenhum,alergia,5,NA,nao,em_atendimento,
FPC-00085,2025-08-25,Curitiba,PR,gato,Labrador,6,7.57,coceira intensa,urgente,58,34,39.07,77,raio_x,NA,4.76,sim,nao,finalizado,
FPC-00086,2025-03-09,São Paulo,SP,gato,Labrador,5,26.52,vômito e apatia,monitorar,19,22,36.08,121,nenhum,NA,5,,nao,finalizado,
FPC-00087,2025-07-31,Salvador,ba,cachorro,Siamês,3,11.0,,monitorar,20,34,38.27,87,hemograma,suspeita_infeccao,2.76,NA,SIM,em_atendimento,
FPC-00088,2025-05-31,Porto Alegre,RS,gato,Labrador,7,24.72,ferimento na pata,critico,33,13,37.43,90,ultrassom,trauma,3.71,sim,sim,em_atendimento,
FPC-00089,2025-09-21,uberlândia,MG,cachorro,,,9.41,letargia,monitorar,0,24,40.12,125,hemograma,alergia,3.35,nao,,finalizado,
FPC-00090,2025-03-02,Uberaba,MG,cachorro,Poodle,9,"6,26",ferimento na pata,monitorar,57,13,39.35,122,raio_x,,4.68,NA,SIM,cancelado,
FPC-00091,2025-09-12,Campinas,SP,cachorro,,1,9.23,ferimento na pata,monitorar,54,25,37.99,154,NA,NA,3.98,NA,SIM,em_atendimento,
FPC-00092,data_invalida,Campinas,SP,cachorro,Poodle,1,19.31,ferimento na pata,urgente,11,26,37.72,113,nenhum,NA,5,nao,,em_atendimento,
FPC-00093,2025-07-05,uberlândia,mg,cachorro,,3,11.27,NA,monitorar,12,40,40.61,85,hemograma,trauma,3.54,NA,SIM,procesado,
FPC-00094,2025-03-18,Goiânia,go,cachorro,,6,13.12,ferimento na pata,monitorar,52,31,"37,76",93,hemograma,suspeita_infeccao,3.11,,nao,em_atendimento,
FPC-00095,2025-09-29,Uberlândia,mg,gato,Siamês,4,6.7,,critico,0,43,37.95,69,nenhum,suspeita_infeccao,3.54,,nao,finalizado,
FPC-00096,2025-04-26,Uberaba,MG,cachorro,Poodle,,0.5,coceira intensa,monitorar,0,5,"36,87",122,NA,trauma,2.63,,,finalizado,
FPC-00097,2025-09-11,Uberlândia,MG,cachorro,Siamês,2,6.48,febre alta,monitorar,0,9,37.94,149,raio_x,alergia,4.16,nao,SIM,procesado,
FPC-00098,2025-04-04,São Paulo,SP,cachorro,Bulldog,5,4.98,coceira intensa,monitorar,57,20,40.07,127,NA,,4.19,sim,nao,em_atendimento,
FPC-00099,05-03-2025,Goiânia,GO,gato,Siamês,6,22.29,ferimento na pata,monitorar,42,23,38.74,114,NA,suspeita_infeccao,5,sim,nao,em_atendimento,
FPC-00100,2025-09-01,Salvador,BA,cachorro,Bulldog,8,20.42,dificuldade respiratória,urgente,69,5,38.62,111,hemograma,,4.21,,nao,procesado,
FPC-00101,10-26-2025,São Paulo,SP,cachorro,SRD,1,,,monitorar,27,35,39.42,123,raio_x,,4.91,NA,nao,em_atendimento,
FPC-00102,2025-01-18,Salvador,BA,cachorro,,7,5.56,NA,urgente,89,14,36.67,99,hemograma,trauma,2.19,sim,nao,cancelado,
FPC-00103,data_invalida,Goiânia,GO,cachorro,Bulldog,8,11.72,,critico,71,27,38.15,133,hemograma,,4.02,NA,nao,em_atendimento,
FPC-00104,04-11-2025,São Paulo,SP,cachorro,Poodle,4,11.71,vômito e apatia,monitorar,1,5,37.61,136,hemograma,suspeita_infeccao,5,NA,SIM,cancelado,
FPC-00105,2025-08-06,uberaba,MG,gato,Poodle,5,15.32,ferimento na pata,monitorar,22,26,38.46,64,hemograma,alergia,3.17,NA,,em_atendimento,
FPC-00106,2025-08-02,Campinas,SP,cachorro,SRD,2,"14,55",febre alta,critico,39,31,"37,44",113,ultrassom,trauma,2.98,sim,SIM,em_atendimento,
FPC-00107,09-05-2025,Goiânia,GO,cachorro,SRD,,21.83,coceira intensa,monitorar,50,27,40.21,109,nenhum,trauma,4.53,sim,nao,procesado,
FPC-00108,2025-05-04,Uberlândia,MG,cachorro,Labrador,0,9.03,letargia,monitorar,34,21,39.14,92,NA,alergia,3.67,NA,nao,procesado,
FPC-00109,2025-02-10,Uberaba,MG,cachorro,,5,"13,95",coceira intensa,monitorar,13,33,"34,83",158,hemograma,alergia,4.23,sim,nao,finalizado,
FPC-00110,2025-09-10,Salvador,BA,gato,SRD,4,"13,95",letargia,monitorar,27,22,37.75,152,hemograma,,2.43,nao,nao,finalizado,
FPC-00111,2025-07-03,Curitiba,PR,cachorro,Siamês,7,"2,26",ferimento na pata,monitorar,26,28,36.14,132,NA,,2.57,nao,nao,procesado,
FPC-00112,2025-07-11,porto alegre,RS,cachorro,SRD,0,0.95,,urgente,43,37,39.26,159,ultrassom,NA,4.65,nao,,cancelado,
FPC-00113,2025-08-24,Curitiba,PR,gato,Siamês,2,15.19,NA,monitorar,77,31,37.35,101,hemograma,suspeita_infeccao,4.1,nao,sim,em_atendimento,
FPC-00114,2025-05-17,Goiânia,GO,cachorro,Labrador,1,"19,44",febre alta,monitorar,28,32,39.41,112,NA,alergia,4.79,sim,SIM,finalizado,
FPC-00115,2025-06-04,Uberaba,MG,gato,,2,32.27,vômito e apatia,monitorar,43,40,"37,32",121,ultrassom,,5,sim,,em_atendimento,
FPC-00116,2025-10-01,Uberlândia,MG,gato,Labrador,6,13.03,coceira intensa,monitorar,27,35,39.12,109,ultrassom,trauma,2.46,NA,sim,cancelado,
FPC-00117,15/07/2025,São Paulo,SP,cachorro,Siamês,6,"5,11",ferimento na pata,urgente,38,18,37.12,112,NA,suspeita_infeccao,3.3,,SIM,procesado,
FPC-00118,2025-10-16,Porto Alegre,rs,gato,SRD,3,24.66,,monitorar,74,34,39.27,128,NA,NA,4.02,,sim,procesado,
FPC-00119,2025-03-08,Goiânia,GO,cachorro,Poodle,3,13.8,letargia,urgente,48,28,"40,52",122,raio_x,trauma,5,sim,SIM,finalizado,
FPC-00120,2025-04-26,Salvador,BA,gato,Bulldog,5,"2,91",,urgente,63,19,"34,62",105,NA,suspeita_infeccao,3.88,NA,nao,finalizado,
FPC-00121,2025-07-10,São Paulo,SP,gato,,5,"16,88",letargia,monitorar,20,48,38.41,99,nenhum,alergia,5,,nao,em_atendimento,
FPC-00122,20/07/2025,campinas,SP,cachorro,Bulldog,7,8.67,coceira intensa,monitorar,8,22,36.69,111,hemograma,alergia,4.32,sim,,cancelado,
FPC-00123,2025-07-27,Salvador,BA,cachorro,Siamês,4,14.89,vômito e apatia,monitorar,50,45,38.94,77,nenhum,alergia,3.06,NA,nao,procesado,
FPC-00124,2025-08-22,São Paulo,SP,cachorro,Labrador,0,3.49,ferimento na pata,monitorar,47,21,37.25,98,NA,trauma,4.92,sim,,procesado,
FPC-00125,2025-03-16,Campinas,SP,gato,Poodle,7,6.88,vômito e apatia,monitorar,34,29,37.24,129,nenhum,alergia,5,nao,SIM,cancelado,
FPC-00126,2025-06-14,Salvador,BA,gato,Bulldog,3,12.33,coceira intensa,urgente,46,32,38.12,93,NA,suspeita_infeccao,3.28,sim,,finalizado,
FPC-00127,2025-03-21,Campinas,SP,cachorro,Siamês,6,9.48,ferimento na pata,monitorar,51,41,38.87,129,NA,NA,4.13,NA,nao,procesado,
FPC-00128,2025-10-21,Uberlândia,mg,cachorro,SRD,4,"14,23",febre alta,monitorar,55,39,40.08,163,raio_x,trauma,4.66,NA,,finalizado,
FPC-00129,2025-05-07,Salvador,ba,cachorro,Siamês,3,29.7,coceira intensa,urgente,44,45,40.4,83,NA,NA,3.06,nao,SIM,procesado,
FPC-00130,2025-04-24,uberaba,MG,cachorro,Bulldog,9,2.93,ferimento na pata,urgente,70,27,39.0,137,NA,suspeita_infeccao,3.43,,sim,procesado,
FPC-00131,2025-07-28,São Paulo,SP,gato,,8,0.5,vômito e apatia,monitorar,41,43,"38,83",95,NA,NA,4.16,,nao,em_atendimento,
FPC-00132,21/01/2025,uberaba,MG,cachorro,Bulldog,6,19.08,coceira intensa,monitorar,38,17,38.51,131,nenhum,suspeita_infeccao,4.55,NA,SIM,finalizado,
FPC-00133,2025-09-07,Uberaba,MG,cachorro,Labrador,3,14.02,ferimento na pata,monitorar,29,5,37.97,174,hemograma,,3.21,NA,,finalizado,
FPC-00134,2025-03-13,Porto Alegre,rs,cachorro,Siamês,0,17.55,letargia,monitorar,0,27,37.35,104,nenhum,suspeita_infeccao,3.04,sim,,finalizado,
FPC-00135,2025-08-07,Campinas,SP,gato,Bulldog,3,2.11,dificuldade respiratória,monitorar,70,22,36.37,70,raio_x,trauma,5,sim,,procesado,
FPC-00136,2025-01-18,Porto Alegre,RS,cachorro,Siamês,9,18.04,letargia,monitorar,18,30,38.46,180,raio_x,alergia,2.74,sim,SIM,finalizado,
FPC-00137,2025-10-13,São Paulo,SP,cachorro,,1,,coceira intensa,urgente,83,18,"38,01",126,hemograma,,4.62,NA,SIM,finalizado,
FPC-00138,2025-03-22,Uberaba,MG,gato,Poodle,6,17.22,letargia,monitorar,57,23,"39,99",132,NA,NA,3.05,,sim,procesado,
FPC-00139,data_invalida,Porto Alegre,RS,gato,Bulldog,4,7.55,,urgente,31,38,38.57,154,NA,trauma,4.01,NA,SIM,cancelado,
FPC-00140,2025-09-29,São Paulo,SP,cachorro,Siamês,4,11.62,coceira intensa,monitorar,65,29,40.35,101,hemograma,suspeita_infeccao,1.97,,,em_atendimento,
FPC-00141,07-19-2025,Uberaba,MG,cachorro,Siamês,6,"21,92",dificuldade respiratória,monitorar,55,32,40.25,82,nenhum,,3.43,sim,,finalizado,
FPC-00142,2025-03-05,Porto Alegre,RS,cachorro,,5,"3,25",coceira intensa,monitorar,43,26,37.45,87,NA,suspeita_infeccao,4.34,nao,,cancelado,
FPC-00143,09-01-2025,Goiânia,GO,cachorro,,3,23.12,,urgente,0,14,38.91,135,ultrassom,trauma,3.42,nao,,cancelado,
FPC-00144,data_invalida,são paulo,sp,cachorro,Poodle,7,15.44,coceira intensa,urgente,34,12,39.91,149,nenhum,,4.47,sim,nao,cancelado,
FPC-00145,2025-01-19,Salvador,BA,cachorro,SRD,0,20.66,,critico,11,23,38.76,136,ultrassom,alergia,4.47,sim,nao,finalizado,
FPC-00146,2025-03-30,São Paulo,SP,cachorro,SRD,0,12.23,vômito e apatia,monitorar,37,16,40.64,163,ultrassom,,4.48,sim,SIM,em_atendimento,
FPC-00147,10-27-2025,Salvador,BA,gato,Bulldog,3,5.92,,monitorar,40,38,36.68,62,hemograma,alergia,1.98,,sim,procesado,
FPC-00148,2025-06-07,Salvador,BA,gato,Bulldog,2,"13,19",NA,monitorar,36,8,37.64,82,raio_x,NA,4.19,nao,nao,finalizado,
FPC-00149,2025-09-18,Uberlândia,MG,cachorro,Siamês,7,11.84,dificuldade respiratória,monitorar,78,34,36.29,145,raio_x,alergia,4.55,nao,nao,procesado,
FPC-00150,2025-02-01,Uberlândia,MG,cachorro,,3,11.82,vômito e apatia,monitorar,0,42,38.99,81,NA,alergia,2.48,,nao,procesado,
FPC-00151,01/01/2025,Campinas,sp,cachorro,Siamês,5,0.5,ferimento na pata,monitorar,35,28,39.58,121,raio_x,trauma,3.82,NA,sim,cancelado,
FPC-00152,2025-01-08,Salvador,BA,gato,Labrador,7,10.96,dificuldade respiratória,urgente,49,24,"36,43",141,NA,,5,,sim,finalizado,
FPC-00153,2025-04-11,São Paulo,SP,cachorro,Poodle,2,0.5,ferimento na pata,monitorar,11,35,38.48,154,NA,suspeita_infeccao,5,sim,SIM,finalizado,
FPC-00154,2025-08-24,curitiba,PR,gato,Labrador,7,"0,5",dificuldade respiratória,urgente,71,6,"38,74",147,raio_x,,3.37,sim,nao,em_atendimento,
FPC-00155,2025-01-29,Goiânia,GO,cachorro,SRD,2,11.79,vômito e apatia,monitorar,17,26,36.94,76,nenhum,suspeita_infeccao,5,NA,sim,finalizado,
FPC-00156,2025-05-01,curitiba,pr,gato,SRD,4,17.38,vômito e apatia,urgente,2,26,37.61,118,ultrassom,NA,5,NA,SIM,cancelado,
FPC-00157,2025-08-20,uberlândia,MG,gato,Labrador,4,4.04,NA,urgente,38,22,37.48,168,nenhum,NA,3.69,nao,,finalizado,
FPC-00158,02-03-2025,São Paulo,SP,gato,Poodle,6,"11,49",NA,monitorar,77,44,39.11,85,raio_x,alergia,3.23,,sim,finalizado,
FPC-00159,2025-05-17,Salvador,BA,gato,SRD,3,0.5,dificuldade respiratória,critico,28,37,39.05,123,nenhum,NA,4.01,NA,SIM,finalizado,
FPC-00160,2025-08-05,Campinas,SP,cachorro,Labrador,7,15.45,febre alta,urgente,83,37,37.9,126,hemograma,suspeita_infeccao,3.73,sim,sim,cancelado,
FPC-00161,2025-05-01,Porto Alegre,RS,cachorro,Bulldog,1,7.79,ferimento na pata,urgente,34,12,38.1,126,ultrassom,,3.07,nao,,em_atendimento,
FPC-00162,2025-05-27,Campinas,SP,gato,SRD,6,"13,02",dificuldade respiratória,monitorar,53,42,"39,08",201,hemograma,trauma,2.8,sim,sim,em_atendimento,
FPC-00163,2025-04-01,Porto Alegre,RS,gato,Bulldog,4,0.5,vômito e apatia,monitorar,32,41,38.72,60,raio_x,alergia,5,,,finalizado,
FPC-00164,2025-01-09,São Paulo,SP,cachorro,Siamês,1,22.26,NA,monitorar,28,19,39.57,85,NA,,3.67,NA,SIM,cancelado,
FPC-00165,2025-09-07,Campinas,SP,gato,Labrador,1,"7,14",,monitorar,52,37,38.45,149,NA,alergia,5,NA,nao,finalizado,
FPC-00166,2025-03-17,Uberaba,MG,cachorro,Siamês,1,12.8,ferimento na pata,monitorar,77,31,"37,44",180,hemograma,alergia,5,sim,SIM,cancelado,
FPC-00167,2025-10-15,Goiânia,GO,gato,,6,13.33,letargia,monitorar,54,33,"36,53",105,ultrassom,alergia,4.15,NA,SIM,em_atendimento,
FPC-00168,2025-01-15,São Paulo,SP,cachorro,Bulldog,5,17.72,letargia,monitorar,9,27,38.25,132,ultrassom,NA,4.31,nao,SIM,finalizado,
FPC-00169,2025-05-18,porto alegre,RS,gato,Poodle,6,"7,12",ferimento na pata,monitorar,23,39,"37,21",112,NA,,3.41,nao,SIM,finalizado,
FPC-00170,03-15-2025,Porto Alegre,RS,gato,Poodle,6,22.5,coceira intensa,monitorar,13,23,37.84,74,nenhum,trauma,3.55,sim,nao,cancelado,
FPC-00171,2025-04-27,Goiânia,GO,cachorro,Poodle,5,,ferimento na pata,monitorar,46,43,"40,25",139,NA,alergia,2.8,,SIM,procesado,
FPC-00172,08/01/2025,Salvador,BA,cachorro,Siamês,5,12.57,coceira intensa,monitorar,100,27,39.54,76,NA,alergia,3.76,nao,,finalizado,
FPC-00173,23/02/2025,Salvador,BA,gato,Poodle,10,16.8,ferimento na pata,monitorar,0,33,38.45,60,hemograma,alergia,3.58,,nao,em_atendimento,
FPC-00174,2025-05-04,Uberaba,MG,cachorro,Bulldog,5,3.87,vômito e apatia,monitorar,70,7,38.0,119,nenhum,,3.85,sim,nao,finalizado,
FPC-00175,2025-03-06,Porto Alegre,RS,cachorro,Siamês,2,19.07,,monitorar,70,25,39.45,125,ultrassom,,3.11,,,em_atendimento,
FPC-00176,2025-10-03,Salvador,BA,gato,Labrador,0,14.03,letargia,monitorar,36,5,40.28,161,nenhum,trauma,4.39,sim,sim,procesado,
FPC-00177,2025-06-23,Salvador,BA,cachorro,Bulldog,3,12.73,coceira intensa,monitorar,69,40,"36,95",148,hemograma,suspeita_infeccao,5,nao,sim,cancelado,
FPC-00178,2025-08-20,Campinas,SP,gato,Bulldog,8,"2,49",coceira intensa,monitorar,17,47,40.03,101,nenhum,NA,4.02,,nao,em_atendimento,
FPC-00179,2025-02-28,campinas,SP,cachorro,Labrador,1,29.91,dificuldade respiratória,critico,68,34,39.54,177,NA,,3.21,sim,SIM,em_atendimento,
FPC-00180,2025-07-11,Campinas,SP,cachorro,Bulldog,6,18.55,dificuldade respiratória,monitorar,32,26,38.22,124,ultrassom,NA,5,sim,sim,procesado,
FPC-00181,2025-04-30,São Paulo,SP,gato,Poodle,1,"0,5",coceira intensa,monitorar,71,19,39.05,95,NA,suspeita_infeccao,4.23,NA,sim,finalizado,
FPC-00182,2025-10-15,Salvador,BA,gato,SRD,6,9.93,NA,urgente,46,28,39.05,145,ultrassom,NA,5,NA,SIM,procesado,
FPC-00183,2025-03-13,Curitiba,pr,cachorro,,3,"10,98",febre alta,monitorar,18,22,36.05,185,raio_x,alergia,3.64,sim,SIM,cancelado,
FPC-00184,2025-06-19,Curitiba,PR,cachorro,SRD,6,13.68,dificuldade respiratória,monitorar,49,24,36.24,118,raio_x,alergia,4.81,NA,nao,cancelado,
FPC-00185,2025-08-31,São Paulo,SP,cachorro,,9,"9,31",letargia,monitorar,60,20,"38,71",142,NA,NA,4.51,,,procesado,
FPC-00186,2025-06-20,Porto Alegre,RS,gato,SRD,5,"16,41",,monitorar,39,37,40.23,62,raio_x,alergia,3.79,sim,SIM,em_atendimento,
FPC-00187,2025-10-02,Goiânia,GO,gato,,,10.1,NA,monitorar,4,23,37.91,74,ultrassom,,4.02,NA,SIM,em_atendimento,
FPC-00188,2025-09-07,Salvador,BA,gato,Labrador,8,"18,6",ferimento na pata,monitorar,24,9,38.14,60,nenhum,trauma,4.63,NA,sim,procesado,
FPC-00189,28/09/2025,Salvador,BA,cachorro,Bulldog,5,"17,64",NA,monitorar,28,17,38.02,132,hemograma,NA,4.3,NA,sim,finalizado,
FPC-00190,2025-02-05,Curitiba,PR,gato,Bulldog,8,12.74,vômito e apatia,monitorar,19,19,41.62,91,hemograma,suspeita_infeccao,2.85,,SIM,finalizado,
FPC-00191,2025-04-05,Uberlândia,MG,cachorro,Labrador,4,14.16,letargia,monitorar,0,44,38.04,116,nenhum,trauma,4.82,sim,,cancelado,
FPC-00192,2025-05-04,goiânia,GO,cachorro,Bulldog,1,7.84,vômito e apatia,monitorar,28,26,38.94,141,hemograma,NA,4.36,sim,nao,em_atendimento,
FPC-00193,2025-06-15,Uberlândia,MG,gato,Bulldog,6,0.5,dificuldade respiratória,monitorar,61,27,38.28,91,raio_x,suspeita_infeccao,4.02,,nao,procesado,
FPC-00194,2025-07-10,Uberaba,MG,cachorro,Poodle,8,9.24,NA,urgente,56,5,35.85,149,nenhum,suspeita_infeccao,4.12,NA,nao,em_atendimento,
FPC-00195,data_invalida,São Paulo,SP,gato,SRD,9,"10,04",ferimento na pata,monitorar,55,26,38.74,123,hemograma,,2.98,sim,nao,cancelado,
FPC-00196,2025-06-17,Goiânia,GO,cachorro,Bulldog,6,13.25,coceira intensa,urgente,55,21,38.11,102,ultrassom,NA,3.74,NA,SIM,cancelado,
FPC-00197,09-01-2025,Goiânia,GO,cachorro,Labrador,7,32.86,ferimento na pata,monitorar,59,30,38.27,126,hemograma,suspeita_infeccao,2.93,NA,nao,finalizado,
FPC-00198,2025-09-09,curitiba,PR,cachorro,Poodle,,"20,4",febre alta,monitorar,31,13,37.66,139,nenhum,,4.54,NA,nao,procesado,
FPC-00199,2025-08-18,Goiânia,go,gato,Bulldog,,12.17,NA,monitorar,14,27,39.91,124,hemograma,NA,3.16,nao,sim,em_atendimento,
FPC-00200,2025-05-15,Uberaba,MG,gato,Bulldog,5,11.07,letargia,monitorar,61,41,38.89,103,ultrassom,alergia,5,NA,,finalizado,
FPC-00201,2025-03-26,Uberlândia,MG,cachorro,Poodle,4,9.16,coceira intensa,monitorar,32,28,38.87,136,NA,suspeita_infeccao,4.64,NA,nao,em_atendimento,
FPC-00202,2025-01-21,Uberlândia,MG,cachorro,Labrador,6,11.87,coceira intensa,monitorar,61,32,38.17,129,ultrassom,suspeita_infeccao,3.13,nao,SIM,finalizado,
FPC-00203,2025-03-31,Goiânia,GO,cachorro,,,10.71,dificuldade respiratória,monitorar,32,18,38.88,138,nenhum,trauma,5,nao,,cancelado,
FPC-00204,2025-05-18,Campinas,SP,gato,,2,0.5,coceira intensa,monitorar,87,21,36.89,85,hemograma,,2.97,,SIM,em_atendimento,
FPC-00205,2025-04-01,São Paulo,SP,cachorro,Bulldog,0,"10,04",letargia,monitorar,12,33,"37,87",170,hemograma,alergia,2.98,nao,sim,em_atendimento,
FPC-00206,2025-10-14,Goiânia,go,cachorro,,1,"23,91",vômito e apatia,monitorar,53,19,38.68,101,nenhum,,4.07,,nao,procesado,
FPC-00207,2025-09-20,São Paulo,SP,gato,Labrador,8,17.55,NA,monitorar,9,37,38.88,115,raio_x,,2.48,NA,sim,em_atendimento,
FPC-00208,2025-04-12,Porto Alegre,RS,cachorro,Siamês,3,"7,21",dificuldade respiratória,monitorar,20,24,39.84,143,raio_x,suspeita_infeccao,2.3,sim,sim,procesado,
FPC-00209,2025-02-23,Salvador,BA,cachorro,Bulldog,6,26.22,dificuldade respiratória,monitorar,55,32,36.69,67,raio_x,NA,0.7,nao,SIM,finalizado,
FPC-00210,2025-03-16,Salvador,BA,gato,Poodle,4,"4,87",coceira intensa,monitorar,49,21,38.43,124,hemograma,,4.42,nao,,cancelado,
FPC-00211,17/07/2025,Uberaba,MG,cachorro,Poodle,8,17.83,NA,monitorar,19,22,38.22,119,NA,trauma,5,sim,sim,procesado,
FPC-00212,2025-04-02,São Paulo,SP,cachorro,Siamês,7,11.4,dificuldade respiratória,critico,51,17,36.62,122,raio_x,alergia,3.6,,nao,procesado,
FPC-00213,02/03/2025,Goiânia,GO,cachorro,Poodle,2,0.65,,monitorar,0,10,39.9,112,NA,alergia,3.27,,nao,cancelado,
FPC-00214,2025-09-02,São Paulo,SP,cachorro,SRD,13,"13,6",vômito e apatia,monitorar,102,38,38.07,123,nenhum,,3.76,,sim,finalizado,
FPC-00215,2025-07-13,São Paulo,SP,cachorro,SRD,3,0.91,letargia,monitorar,74,5,39.23,142,hemograma,NA,3.01,nao,,cancelado,
FPC-00216,2025-09-24,Campinas,SP,gato,,8,13.81,febre alta,monitorar,50,43,38.87,61,NA,NA,1.63,nao,SIM,finalizado,
FPC-00217,2025-10-23,Goiânia,GO,gato,Poodle,,0.5,febre alta,urgente,34,33,"37,94",90,nenhum,alergia,5,,sim,finalizado,
FPC-00218,18/08/2025,Uberlândia,MG,gato,,5,3.24,ferimento na pata,monitorar,11,10,37.87,152,raio_x,trauma,4.2,nao,sim,em_atendimento,
FPC-00219,data_invalida,Uberlândia,mg,cachorro,Labrador,6,"6,13",vômito e apatia,monitorar,43,14,38.16,75,hemograma,alergia,5,sim,SIM,finalizado,
FPC-00220,2025-02-23,Salvador,ba,cachorro,SRD,5,16.91,NA,critico,20,40,"36,58",99,ultrassom,alergia,5,NA,sim,procesado,
FPC-00221,2025-09-21,Campinas,SP,cachorro,Siamês,2,16.42,vômito e apatia,monitorar,29,25,38.05,110,ultrassom,suspeita_infeccao,3.66,,sim,cancelado,
FPC-00222,2025-01-10,São Paulo,SP,gato,Bulldog,6,15.1,dificuldade respiratória,monitorar,43,27,39.29,128,ultrassom,suspeita_infeccao,3.7,NA,sim,em_atendimento,
FPC-00223,2025-02-10,Goiânia,GO,cachorro,Poodle,2,27.39,vômito e apatia,urgente,39,18,37.82,60,hemograma,,3.66,nao,SIM,procesado,
FPC-00224,09-17-2025,São Paulo,SP,gato,Poodle,8,0.5,ferimento na pata,monitorar,54,13,37.66,168,raio_x,alergia,3.76,nao,nao,finalizado,
FPC-00225,2025-01-22,Salvador,BA,gato,Labrador,7,20.58,febre alta,monitorar,40,7,40.88,95,ultrassom,alergia,3.12,sim,SIM,em_atendimento,
FPC-00226,2025-06-30,Salvador,BA,gato,Labrador,5,16.72,vômito e apatia,monitorar,72,23,40.27,87,nenhum,,3.23,,,procesado,
FPC-00227,10/10/2025,Porto Alegre,rs,cachorro,SRD,6,10.55,dificuldade respiratória,monitorar,21,36,37.92,67,ultrassom,alergia,3.52,,nao,procesado,
FPC-00228,28/03/2025,Uberlândia,MG,cachorro,,4,18.61,vômito e apatia,monitorar,47,15,40.6,107,nenhum,alergia,4.72,NA,SIM,cancelado,
FPC-00229,2025-05-25,Goiânia,GO,gato,,8,12.41,NA,critico,29,29,"40,86",101,nenhum,,4.7,nao,nao,em_atendimento,
FPC-00230,07-12-2025,goiânia,GO,gato,,7,"8,75",letargia,monitorar,0,38,"37,05",129,hemograma,alergia,3.79,sim,nao,finalizado,
FPC-00231,2025-09-19,Uberaba,MG,cachorro,Labrador,4,"4,95",NA,monitorar,69,5,"37,42",126,NA,NA,2.94,NA,sim,procesado,
FPC-00232,2025-03-16,Uberlândia,MG,cachorro,SRD,,16.57,coceira intensa,urgente,46,28,38.61,60,raio_x,,3.53,,nao,finalizado,
FPC-00233,data_invalida,Campinas,SP,cachorro,Siamês,,24.44,coceira intensa,monitorar,64,21,37.76,76,ultrassom,NA,3.99,NA,,cancelado,
FPC-00234,2025-04-05,São Paulo,SP,gato,SRD,7,"12,78",coceira intensa,monitorar,16,20,37.06,125,hemograma,alergia,3.96,,nao,em_atendimento,
FPC-00235,29/04/2025,Uberaba,MG,cachorro,,3,,vômito e apatia,monitorar,26,22,39.36,112,raio_x,trauma,4.49,nao,nao,cancelado,
FPC-00236,03/04/2025,Goiânia,GO,cachorro,Siamês,10,"4,15",febre alta,urgente,25,16,37.99,140,ultrassom,NA,4.7,,sim,cancelado,
FPC-00237,data_invalida,Goiânia,GO,gato,,6,13.75,dificuldade respiratória,critico,24,19,"40,25",165,raio_x,suspeita_infeccao,4.11,NA,sim,finalizado,
FPC-00238,14/10/2025,Uberlândia,MG,cachorro,Labrador,5,5.79,,monitorar,63,20,38.12,112,nenhum,alergia,4.69,NA,,cancelado,
FPC-00239,2025-04-30,Salvador,BA,cachorro,,2,"23,6",NA,monitorar,63,38,38.04,80,NA,suspeita_infeccao,3.33,NA,nao,procesado,
FPC-00240,2025-08-16,Campinas,SP,cachorro,Labrador,1,0.5,NA,monitorar,42,31,37.18,111,nenhum,NA,4.07,nao,SIM,em_atendimento,
FPC-00241,2025-04-20,Uberlândia,MG,cachorro,Poodle,5,16.69,vômito e apatia,critico,86,29,38.86,118,nenhum,suspeita_infeccao,4.39,sim,SIM,em_atendimento,
FPC-00242,2025-04-11,curitiba,PR,cachorro,,1,17.07,dificuldade respiratória,monitorar,6,33,38.95,112,NA,NA,5,nao,SIM,em_atendimento,
FPC-00243,2025-03-01,Uberlândia,mg,gato,,2,6.82,dificuldade respiratória,urgente,41,9,38.56,80,ultrassom,suspeita_infeccao,4.53,NA,nao,procesado,
FPC-00244,2025-08-08,Uberlândia,MG,cachorro,SRD,5,"11,77",ferimento na pata,monitorar,33,27,37.37,149,NA,trauma,3.9,,nao,procesado,
FPC-00245,2025-02-04,Uberlândia,mg,gato,Siamês,2,11.36,febre alta,monitorar,28,23,38.17,99,ultrassom,,3.4,sim,sim,cancelado,
FPC-00246,2025-04-11,Uberlândia,MG,cachorro,Bulldog,3,3.6,ferimento na pata,urgente,46,30,39.6,124,ultrassom,alergia,3.36,sim,SIM,procesado,
FPC-00247,2025-09-02,Uberlândia,MG,cachorro,Poodle,4,,coceira intensa,monitorar,38,45,37.89,105,raio_x,trauma,4.47,NA,SIM,procesado,
FPC-00248,2025-03-16,Curitiba,PR,cachorro,Bulldog,4,"21,0",,critico,26,9,38.92,165,nenhum,,5,sim,nao,cancelado,
FPC-00249,2025-06-27,Salvador,BA,cachorro,Bulldog,8,8.04,febre alta,monitorar,52,35,38.93,117,nenhum,alergia,3.63,NA,SIM,cancelado,
FPC-00250,data_invalida,curitiba,PR,gato,Siamês,6,17.42,febre alta,urgente,71,9,"37,59",182,raio_x,,3.52,sim,,em_atendimento,
FPC-00251,2025-04-06,Uberaba,MG,gato,SRD,5,12.57,dificuldade respiratória,monitorar,67,11,39.6,84,NA,trauma,2.95,NA,SIM,cancelado,
FPC-00252,2025-06-27,Porto Alegre,RS,cachorro,,0,14.08,ferimento na pata,monitorar,22,24,36.58,149,ultrassom,alergia,3.68,,,cancelado,
FPC-00253,09-13-2025,São Paulo,SP,gato,Labrador,8,3.77,dificuldade respiratória,monitorar,36,35,36.66,126,hemograma,trauma,3.82,,,finalizado,
FPC-00254,2025-02-28,Uberaba,MG,cachorro,Poodle,4,,ferimento na pata,monitorar,28,28,40.44,98,ultrassom,NA,3.08,sim,nao,procesado,
FPC-00255,2025-02-07,Salvador,BA,cachorro,Bulldog,3,15.21,NA,monitorar,7,19,38.7,143,raio_x,suspeita_infeccao,1.9,,,cancelado,
FPC-00256,06-01-2025,Porto Alegre,RS,gato,Siamês,0,7.66,letargia,monitorar,48,37,38.69,133,NA,NA,3.66,,nao,finalizado,
FPC-00257,02-18-2025,Campinas,SP,gato,Siamês,4,19.24,ferimento na pata,monitorar,28,28,39.48,147,nenhum,alergia,5,,nao,finalizado,
FPC-00258,2025-02-05,Salvador,BA,cachorro,Siamês,0,17.15,coceira intensa,monitorar,0,16,38.04,117,NA,NA,3.69,,,em_atendimento,
FPC-00259,2025-04-20,Uberlândia,MG,cachorro,Bulldog,2,18.47,letargia,urgente,12,26,"37,74",141,nenhum,alergia,4.09,nao,nao,em_atendimento,
FPC-00260,2025-07-14,Uberaba,MG,gato,SRD,8,19.83,coceira intensa,monitorar,5,17,38.48,121,ultrassom,,4.15,,SIM,procesado,
FPC-00261,2025-09-01,Goiânia,GO,cachorro,Labrador,10,14.53,letargia,monitorar,31,29,39.72,101,raio_x,,3.83,nao,SIM,procesado,
FPC-00262,2025-03-10,Curitiba,PR,cachorro,,,12.34,coceira intensa,monitorar,43,20,40.17,154,nenhum,trauma,3.23,nao,,cancelado,
FPC-00263,01-17-2025,Campinas,sp,cachorro,SRD,4,16.1,febre alta,monitorar,0,24,38.91,102,ultrassom,,2.62,nao,nao,procesado,
FPC-00264,27/06/2025,São Paulo,SP,cachorro,Bulldog,1,13.13,coceira intensa,monitorar,75,19,38.05,114,nenhum,alergia,4.68,nao,SIM,em_atendimento,
FPC-00265,2025-02-18,Campinas,SP,gato,Poodle,9,22.4,letargia,monitorar,52,28,36.45,111,ultrassom,suspeita_infeccao,4.39,sim,SIM,cancelado,
FPC-00266,2025-09-11,São Paulo,SP,cachorro,Siamês,2,11.19,coceira intensa,monitorar,10,5,38.03,99,nenhum,,2.83,,SIM,cancelado,
FPC-00267,2025-09-17,Goiânia,GO,cachorro,SRD,2,16.84,dificuldade respiratória,monitorar,74,16,37.87,161,raio_x,alergia,4.33,NA,nao,finalizado,
FPC-00268,07-02-2025,Uberaba,MG,cachorro,,0,0.57,vômito e apatia,urgente,11,14,36.43,118,raio_x,trauma,2.03,NA,SIM,cancelado,
FPC-00269,02/04/2025,porto alegre,RS,cachorro,Poodle,6,28.19,vômito e apatia,monitorar,47,16,"36,57",153,nenhum,suspeita_infeccao,4.31,nao,SIM,em_atendimento,
FPC-00270,2025-09-08,Goiânia,GO,gato,,6,12.36,coceira intensa,monitorar,21,20,38.3,97,ultrassom,,3.97,sim,nao,procesado,
FPC-00271,2025-03-15,Salvador,BA,gato,SRD,8,13.65,NA,monitorar,0,20,"38,92",125,nenhum,suspeita_infeccao,5,nao,,em_atendimento,
FPC-00272,2025-05-29,Campinas,SP,cachorro,Poodle,4,"28,56",febre alta,monitorar,47,34,37.15,143,hemograma,alergia,3.8,nao,sim,em_atendimento,
FPC-00273,2025-09-10,Uberlândia,mg,gato,Siamês,9,9.13,letargia,critico,28,31,38.99,109,ultrassom,NA,5,NA,nao,procesado,
FPC-00274,2025-05-27,Curitiba,PR,cachorro,SRD,4,"11,26",NA,monitorar,43,23,40.9,139,raio_x,trauma,3.38,nao,sim,em_atendimento,
FPC-00275,09-09-2025,Goiânia,go,cachorro,SRD,3,"0,5",,monitorar,29,30,36.69,118,raio_x,trauma,3.3,sim,sim,procesado,
FPC-00276,2025-03-27,Uberaba,MG,gato,Labrador,11,"12,3",ferimento na pata,critico,58,31,35.26,106,nenhum,trauma,2.58,nao,,procesado,
FPC-00277,2025-01-02,Curitiba,PR,cachorro,Labrador,3,7.1,vômito e apatia,monitorar,45,23,38.87,89,hemograma,NA,4.23,nao,nao,cancelado,
FPC-00278,2025-08-27,Salvador,BA,gato,Poodle,0,13.66,febre alta,monitorar,15,27,38.99,139,raio_x,,4.19,sim,nao,finalizado,
FPC-00279,05-14-2025,São Paulo,SP,gato,Labrador,3,17.58,letargia,monitorar,67,37,"39,18",106,raio_x,alergia,5,nao,SIM,cancelado,
FPC-00280,2025-07-24,salvador,BA,cachorro,,1,7.0,letargia,monitorar,62,28,"37,17",67,nenhum,,4.3,nao,,finalizado,
FPC-00281,2025-03-24,Curitiba,PR,cachorro,Labrador,6,0.5,,monitorar,26,30,38.36,116,ultrassom,NA,4.78,sim,,em_atendimento,
FPC-00282,2025-04-23,Curitiba,PR,cachorro,Poodle,8,5.01,vômito e apatia,monitorar,36,31,38.73,72,hemograma,NA,3.78,NA,SIM,procesado,
FPC-00283,2025-07-30,Uberlândia,MG,cachorro,Siamês,7,2.96,vômito e apatia,monitorar,37,11,38.72,113,nenhum,alergia,3.51,,SIM,cancelado,
FPC-00284,data_invalida,Uberaba,MG,cachorro,Labrador,3,20.63,vômito e apatia,monitorar,23,14,41.1,101,nenhum,alergia,3.41,NA,SIM,em_atendimento,
FPC-00285,2025-03-18,Curitiba,PR,gato,,2,17.32,NA,urgente,42,40,40.16,119,nenhum,,3.41,sim,,em_atendimento,
FPC-00286,2025-02-09,Campinas,SP,cachorro,Siamês,0,7.84,NA,critico,57,16,37.7,195,NA,alergia,3.83,sim,,cancelado,
FPC-00287,2025-07-26,Uberaba,MG,cachorro,SRD,8,"8,65",,monitorar,31,9,37.86,147,nenhum,,3.38,,SIM,finalizado,
FPC-00288,2025-04-04,Salvador,BA,cachorro,Bulldog,10,4.31,vômito e apatia,monitorar,37,19,38.38,95,hemograma,suspeita_infeccao,4.99,NA,SIM,cancelado,
FPC-00289,2025-04-15,Uberlândia,MG,gato,Labrador,,9.89,dificuldade respiratória,critico,55,30,37.38,159,raio_x,trauma,4.22,nao,sim,procesado,
FPC-00290,2025-09-18,Salvador,BA,cachorro,Labrador,7,5.87,febre alta,urgente,36,22,37.25,138,nenhum,trauma,4.04,,sim,procesado,
FPC-00291,data_invalida,Porto Alegre,RS,gato,Labrador,1,"12,59",,monitorar,0,21,35.85,86,raio_x,alergia,3.79,NA,,procesado,
FPC-00292,2025-08-12,São Paulo,SP,gato,Siamês,0,14.61,ferimento na pata,monitorar,20,35,35.68,126,NA,NA,4.95,sim,SIM,cancelado,
FPC-00293,01-10-2025,Uberaba,MG,cachorro,Poodle,0,"9,31",letargia,monitorar,73,46,36.25,83,nenhum,NA,3.17,NA,sim,cancelado,
FPC-00294,2025-01-10,Campinas,SP,gato,Bulldog,6,0.5,ferimento na pata,monitorar,0,41,38.55,149,nenhum,NA,5,sim,sim,em_atendimento,
FPC-00295,2025-01-17,Campinas,SP,cachorro,Labrador,6,"14,32",coceira intensa,monitorar,28,39,39.23,107,nenhum,trauma,3.52,,,cancelado,
FPC-00296,03-21-2025,Uberaba,MG,cachorro,Siamês,9,10.66,letargia,monitorar,36,28,38.24,141,raio_x,NA,4.04,,sim,em_atendimento,
FPC-00297,02-09-2025,Curitiba,PR,gato,Siamês,7,0.5,febre alta,monitorar,56,19,"36,95",121,hemograma,suspeita_infeccao,4.31,NA,nao,em_atendimento,
FPC-00298,2025-10-04,uberaba,MG,gato,Labrador,1,8.92,dificuldade respiratória,critico,84,36,39.16,108,NA,suspeita_infeccao,4.91,sim,sim,finalizado,
FPC-00299,2025-05-15,Curitiba,PR,cachorro,,0,28.37,,critico,69,24,38.65,69,NA,NA,3.26,NA,,finalizado,
FPC-00300,2025-10-17,Porto Alegre,RS,cachorro,Siamês,1,12.98,letargia,monitorar,40,16,"38,04",107,ultrassom,,3.91,NA,,em_atendimento,
FPC-00301,2025-09-07,Porto Alegre,RS,cachorro,Siamês,0,0.5,ferimento na pata,monitorar,61,37,37.82,145,hemograma,alergia,3.3,NA,sim,finalizado,
FPC-00302,2025-05-21,Salvador,BA,gato,SRD,,"11,95",coceira intensa,monitorar,13,27,39.37,99,nenhum,alergia,5,nao,nao,cancelado,
FPC-00303,27/07/2025,São Paulo,SP,gato,Poodle,7,,dificuldade respiratória,monitorar,62,25,40.01,120,NA,NA,3.81,sim,,procesado,
FPC-00304,2025-10-10,Curitiba,PR,cachorro,,6,,vômito e apatia,monitorar,55,21,36.93,117,ultrassom,suspeita_infeccao,4.82,sim,sim,procesado,
FPC-00305,2025-05-01,curitiba,PR,cachorro,Poodle,8,23.64,febre alta,monitorar,31,23,"38,4",93,ultrassom,suspeita_infeccao,3.87,,sim,procesado,
FPC-00306,2025-09-11,Uberaba,MG,cachorro,Bulldog,8,14.21,febre alta,urgente,66,18,39.53,103,raio_x,,5,nao,,cancelado,
FPC-00307,2025-03-16,Uberlândia,MG,gato,SRD,6,12.8,,monitorar,30,30,37.72,78,ultrassom,trauma,5,NA,sim,procesado,
FPC-00308,2025-05-28,Salvador,BA,cachorro,Bulldog,2,"24,33",dificuldade respiratória,urgente,69,37,39.42,115,NA,NA,4.07,sim,nao,cancelado,
FPC-00309,2025-01-28,curitiba,PR,gato,,,"10,02",febre alta,monitorar,29,23,"38,44",90,nenhum,NA,4.0,,SIM,procesado,
FPC-00310,08-01-2025,São Paulo,SP,gato,SRD,3,"1,64",NA,monitorar,32,28,37.97,150,NA,,3.78,,SIM,em_atendimento,
FPC-00311,2025-01-15,Campinas,sp,gato,Bulldog,4,3.77,NA,monitorar,4,27,38.72,108,hemograma,trauma,2.68,,sim,em_atendimento,
FPC-00312,2025-03-13,Uberlândia,MG,gato,Bulldog,1,18.59,febre alta,monitorar,54,37,"37,85",80,raio_x,trauma,3.48,,,procesado,
FPC-00313,2025-03-16,Porto Alegre,RS,gato,SRD,6,13.88,febre alta,urgente,57,28,39.8,120,NA,alergia,2.68,sim,SIM,finalizado,
FPC-00314,2025-10-03,São Paulo,SP,cachorro,Labrador,1,"17,46",febre alta,monitorar,2,13,37.85,97,NA,trauma,3.08,sim,nao,finalizado,
FPC-00315,2025-10-25,Goiânia,GO,gato,Poodle,3,"10,84",ferimento na pata,monitorar,57,13,39.99,158,ultrassom,NA,2.14,,nao,cancelado,
FPC-00316,2025-06-21,São Paulo,SP,cachorro,Bulldog,0,7.49,dificuldade respiratória,urgente,57,21,39.3,136,nenhum,trauma,2.41,nao,,em_atendimento,
FPC-00317,07-07-2025,São Paulo,SP,cachorro,Labrador,4,16.31,ferimento na pata,monitorar,50,23,38.51,94,ultrassom,alergia,2.87,NA,SIM,procesado,
FPC-00318,2025-09-17,Goiânia,GO,cachorro,Labrador,4,21.47,ferimento na pata,urgente,67,26,"36,96",129,ultrassom,suspeita_infeccao,4.24,sim,SIM,procesado,
FPC-00319,2025-04-22,São Paulo,SP,gato,Labrador,0,24.79,dificuldade respiratória,monitorar,62,19,38.76,74,ultrassom,,3.27,,sim,cancelado,
FPC-00320,2025-06-17,São Paulo,sp,gato,SRD,10,18.44,dificuldade respiratória,monitorar,21,26,40.17,167,NA,NA,3.03,nao,,procesado,
FPC-00321,2025-10-13,Salvador,BA,cachorro,SRD,5,"13,57",coceira intensa,urgente,55,7,38.78,90,ultrassom,trauma,4.48,sim,SIM,procesado,
FPC-00322,2025-01-22,uberaba,MG,cachorro,Siamês,6,16.29,ferimento na pata,monitorar,76,8,38.39,128,hemograma,NA,3.57,NA,,cancelado,
FPC-00323,2025-02-24,Salvador,BA,cachorro,Bulldog,9,21.4,NA,monitorar,69,31,38.85,135,nenhum,alergia,3.37,,sim,cancelado,
FPC-00324,2025-06-27,Salvador,BA,cachorro,Poodle,5,0.5,NA,critico,59,21,38.75,108,nenhum,trauma,3.5,sim,,cancelado,
FPC-00325,2025-01-04,Campinas,SP,gato,SRD,7,0.5,vômito e apatia,monitorar,72,25,"38,92",144,NA,NA,3.51,nao,,em_atendimento,
FPC-00326,2025-06-18,Curitiba,PR,cachorro,Bulldog,0,18.69,dificuldade respiratória,monitorar,70,31,"39,57",139,ultrassom,suspeita_infeccao,3.67,,SIM,procesado,
FPC-00327,2025-02-20,Salvador,BA,cachorro,Siamês,1,19.83,vômito e apatia,monitorar,32,32,37.7,60,NA,,2.77,nao,sim,cancelado,
FPC-00328,2025-09-12,Uberlândia,MG,cachorro,SRD,8,,coceira intensa,monitorar,0,11,38.18,132,NA,NA,3.77,sim,nao,finalizado,
FPC-00329,2025-09-07,Porto Alegre,RS,cachorro,Bulldog,2,20.48,ferimento na pata,critico,31,24,37.57,80,ultrassom,,3.72,,sim,em_atendimento,
FPC-00330,2025-06-09,Porto Alegre,RS,gato,Siamês,2,"18,26",NA,urgente,78,31,"37,93",145,hemograma,suspeita_infeccao,4.41,,SIM,em_atendimento,
FPC-00331,28/07/2025,Goiânia,GO,cachorro,Siamês,2,"3,44",NA,monitorar,63,33,39.28,96,NA,suspeita_infeccao,1.23,sim,nao,cancelado,
FPC-00332,2025-02-01,Uberaba,MG,gato,Bulldog,7,"0,5",vômito e apatia,monitorar,55,14,38.68,85,raio_x,suspeita_infeccao,2.19,nao,sim,finalizado,
FPC-00333,2025-08-11,Uberaba,MG,gato,,4,12.38,NA,monitorar,23,19,39.73,109,ultrassom,suspeita_infeccao,4.03,NA,sim,em_atendimento,
FPC-00334,01-30-2025,Uberlândia,MG,gato,Poodle,5,13.45,,monitorar,0,25,38.42,130,ultrassom,NA,3.37,NA,nao,em_atendimento,
FPC-00335,2025-09-17,Uberaba,MG,gato,Labrador,3,"17,0",febre alta,monitorar,37,31,38.18,152,ultrassom,alergia,4.84,sim,,em_atendimento,
FPC-00336,17/07/2025,Uberlândia,MG,gato,Poodle,3,15.15,vômito e apatia,monitorar,78,32,38.46,138,nenhum,alergia,3.11,,SIM,cancelado,
FPC-00337,2025-07-20,Porto Alegre,RS,gato,SRD,4,"2,49",dificuldade respiratória,urgente,10,28,36.76,163,ultrassom,trauma,5,,SIM,em_atendimento,
FPC-00338,2025-06-14,Curitiba,pr,cachorro,,5,16.9,dificuldade respiratória,monitorar,28,12,"37,01",148,ultrassom,trauma,3.34,nao,nao,em_atendimento,
FPC-00339,2025-01-29,Campinas,SP,cachorro,SRD,0,26.28,vômito e apatia,monitorar,42,28,37.55,117,nenhum,NA,4.91,sim,,procesado,
FPC-00340,04-03-2025,Porto Alegre,RS,gato,Siamês,0,27.36,dificuldade respiratória,urgente,22,15,"38,13",146,nenhum,suspeita_infeccao,4.64,NA,,em_atendimento,
FPC-00341,20/09/2025,Uberaba,MG,cachorro,,6,26.37,coceira intensa,monitorar,32,39,37.18,145,hemograma,NA,3.83,sim,,procesado,
FPC-00342,2025-03-30,Curitiba,PR,gato,Siamês,4,7.15,letargia,monitorar,8,12,"39,71",100,raio_x,suspeita_infeccao,3.07,sim,nao,procesado,
FPC-00343,2025-05-22,uberlândia,MG,gato,Poodle,5,7.58,,monitorar,3,32,38.4,141,nenhum,NA,3.15,sim,nao,cancelado,
FPC-00344,31/08/2025,Salvador,BA,cachorro,Labrador,4,"13,64",febre alta,monitorar,25,25,"37,77",128,raio_x,,5,NA,sim,em_atendimento,
FPC-00345,2025-09-15,Campinas,SP,cachorro,SRD,0,30.56,NA,urgente,32,29,38.9,111,ultrassom,suspeita_infeccao,4.7,,sim,procesado,
FPC-00346,2025-05-07,Uberlândia,MG,cachorro,Poodle,5,"6,54",letargia,monitorar,3,8,37.05,146,raio_x,suspeita_infeccao,2.54,nao,,procesado,
FPC-00347,2025-04-25,Porto Alegre,RS,gato,Bulldog,5,9.05,ferimento na pata,monitorar,41,21,37.95,102,raio_x,NA,4.24,sim,,em_atendimento,
FPC-00348,2025-05-02,uberlândia,MG,cachorro,Labrador,10,5.95,coceira intensa,monitorar,69,5,"38,07",114,ultrassom,alergia,1.75,nao,sim,procesado,
FPC-00349,2025-07-07,curitiba,PR,cachorro,SRD,5,"5,85",febre alta,monitorar,63,27,"39,88",115,NA,suspeita_infeccao,4.93,nao,nao,finalizado,
FPC-00350,2025-04-05,Uberaba,MG,gato,Labrador,3,"0,5",febre alta,critico,51,30,"36,78",165,raio_x,trauma,4.98,,SIM,cancelado,
FPC-00351,09-17-2025,Porto Alegre,RS,gato,Poodle,2,"19,88",ferimento na pata,monitorar,59,17,37.75,126,raio_x,alergia,4.47,nao,sim,finalizado,
FPC-00352,2025-07-23,Porto Alegre,RS,cachorro,,4,"25,64",,monitorar,42,30,40.3,104,hemograma,suspeita_infeccao,5,nao,nao,finalizado,
FPC-00353,2025-01-14,uberaba,MG,gato,,2,16.86,dificuldade respiratória,urgente,32,11,39.21,60,ultrassom,suspeita_infeccao,4.65,,nao,finalizado,
FPC-00354,04-27-2025,Curitiba,PR,gato,Labrador,9,21.83,ferimento na pata,monitorar,6,24,37.82,83,ultrassom,trauma,4.68,sim,SIM,cancelado,
FPC-00355,2025-07-13,Curitiba,PR,gato,Siamês,7,9.16,ferimento na pata,urgente,42,26,36.93,165,ultrassom,trauma,3.91,NA,,cancelado,
FPC-00356,2025-08-09,Salvador,BA,gato,,,11.33,dificuldade respiratória,monitorar,40,23,41.22,151,nenhum,trauma,3.92,sim,,finalizado,
FPC-00357,2025-10-22,Uberlândia,MG,cachorro,Labrador,6,"6,49",dificuldade respiratória,urgente,23,29,40.42,60,NA,trauma,4.6,NA,sim,procesado,
FPC-00358,2025-04-06,Curitiba,PR,cachorro,Bulldog,6,"7,17",,monitorar,48,28,39.58,114,nenhum,trauma,4.32,,sim,finalizado,
FPC-00359,2025-02-28,Uberlândia,MG,gato,,4,22.61,vômito e apatia,urgente,0,22,39.02,147,ultrassom,NA,4.15,NA,SIM,em_atendimento,
FPC-00360,2025-08-20,Uberlândia,MG,cachorro,,0,24.45,,monitorar,83,40,37.97,109,ultrassom,trauma,5,nao,SIM,procesado,
FPC-00361,04-04-2025,Salvador,BA,cachorro,SRD,6,5.21,febre alta,monitorar,41,6,38.83,159,NA,,4.16,sim,,cancelado,
FPC-00362,13/08/2025,Uberlândia,MG,cachorro,SRD,2,21.67,febre alta,monitorar,47,22,"37,19",89,ultrassom,,4.35,sim,,finalizado,
FPC-00363,06-02-2025,Salvador,BA,cachorro,,9,5.17,letargia,critico,56,11,36.91,126,NA,trauma,4.96,,sim,em_atendimento,
FPC-00364,2025-04-03,São Paulo,SP,gato,SRD,9,27.2,letargia,monitorar,44,36,40.75,157,raio_x,,3.65,NA,,em_atendimento,
FPC-00365,2025-09-02,Porto Alegre,RS,cachorro,SRD,7,18.31,dificuldade respiratória,critico,45,33,39.62,128,ultrassom,,3.89,,,finalizado,
FPC-00366,2025-03-19,Campinas,SP,cachorro,Siamês,4,0.5,dificuldade respiratória,monitorar,41,14,38.98,126,NA,trauma,3.59,nao,,cancelado,
FPC-00367,05/07/2025,Campinas,SP,gato,Poodle,4,6.61,vômito e apatia,monitorar,73,27,39.34,81,nenhum,NA,4.67,NA,SIM,finalizado,
FPC-00368,17/02/2025,campinas,SP,gato,,6,29.75,febre alta,monitorar,38,34,38.12,141,nenhum,trauma,2.53,sim,,em_atendimento,
FPC-00369,2025-01-02,são paulo,sp,cachorro,,5,15.93,coceira intensa,monitorar,50,35,37.33,107,NA,NA,3.16,NA,SIM,cancelado,
FPC-00370,2025-04-01,São Paulo,SP,cachorro,,6,9.56,febre alta,critico,62,27,38.04,142,NA,alergia,5,nao,,procesado,
FPC-00371,2025-10-27,Curitiba,PR,cachorro,Poodle,7,8.72,febre alta,monitorar,71,21,39.72,142,raio_x,,4.23,nao,sim,em_atendimento,
FPC-00372,2025-05-06,Curitiba,PR,gato,Labrador,6,10.86,ferimento na pata,monitorar,65,16,39.68,160,ultrassom,NA,1.33,NA,sim,em_atendimento,
FPC-00373,2025-04-07,curitiba,PR,cachorro,,6,15.19,ferimento na pata,critico,45,17,38.17,101,hemograma,,5,NA,,em_atendimento,
FPC-00374,11/03/2025,Uberaba,MG,gato,Poodle,7,3.53,NA,monitorar,33,14,"39,52",170,nenhum,,3.72,,nao,finalizado,
FPC-00375,2025-07-16,Porto Alegre,RS,cachorro,Labrador,3,14.74,letargia,monitorar,28,35,40.5,185,nenhum,trauma,4.18,NA,SIM,em_atendimento,
FPC-00376,2025-06-04,Goiânia,GO,cachorro,Poodle,7,22.38,,urgente,48,15,37.52,140,raio_x,,5,nao,,cancelado,
FPC-00377,2025-03-16,Uberlândia,MG,cachorro,SRD,4,"5,08",febre alta,monitorar,52,26,36.5,160,hemograma,,3.43,nao,,em_atendimento,
FPC-00378,2025-09-16,Campinas,SP,gato,Poodle,4,6.97,febre alta,monitorar,52,14,37.52,95,ultrassom,suspeita_infeccao,3.0,sim,,finalizado,
FPC-00379,2025-02-09,Salvador,ba,cachorro,,2,,dificuldade respiratória,urgente,0,17,38.78,127,raio_x,NA,4.5,,,em_atendimento,
FPC-00380,2025-08-25,uberlândia,MG,cachorro,,3,,vômito e apatia,monitorar,24,24,36.95,92,hemograma,suspeita_infeccao,3.98,sim,SIM,em_atendimento,
FPC-00381,07/01/2025,Salvador,BA,cachorro,SRD,4,,dificuldade respiratória,monitorar,67,10,37.08,92,ultrassom,,3.9,sim,SIM,em_atendimento,
FPC-00382,05-08-2025,Goiânia,GO,gato,SRD,5,"14,25",letargia,urgente,64,24,39.36,88,raio_x,suspeita_infeccao,4.91,,SIM,finalizado,
FPC-00383,2025-04-21,São Paulo,SP,gato,Poodle,5,11.3,NA,monitorar,38,23,39.13,158,nenhum,NA,3.01,NA,nao,procesado,
FPC-00384,2025-07-24,Salvador,BA,cachorro,Labrador,5,,ferimento na pata,critico,27,31,"38,6",142,ultrassom,NA,4.26,sim,nao,finalizado,
FPC-00385,data_invalida,Uberaba,MG,gato,SRD,3,0.5,letargia,monitorar,27,44,39.15,145,ultrassom,trauma,5,sim,,finalizado,
FPC-00386,2025-07-28,Goiânia,GO,gato,SRD,14,4.37,coceira intensa,monitorar,79,35,37.59,106,raio_x,,4.12,nao,nao,cancelado,
FPC-00387,2025-07-05,Curitiba,PR,cachorro,Bulldog,0,21.25,ferimento na pata,monitorar,33,28,39.06,111,nenhum,NA,2.09,nao,sim,finalizado,
FPC-00388,2025-08-25,Porto Alegre,rs,cachorro,,3,8.41,coceira intensa,urgente,44,24,37.85,97,ultrassom,NA,5,sim,SIM,cancelado,
FPC-00389,2025-09-28,goiânia,GO,gato,,1,2.51,dificuldade respiratória,urgente,78,26,40.01,107,raio_x,alergia,1.9,nao,,em_atendimento,
FPC-00390,16/06/2025,Porto Alegre,RS,gato,SRD,7,"6,42",NA,monitorar,92,25,40.05,126,nenhum,,3.53,nao,,em_atendimento,
FPC-00391,2025-06-14,Porto Alegre,RS,cachorro,Labrador,2,14.3,letargia,monitorar,12,29,37.73,166,ultrassom,NA,5,NA,nao,finalizado,
FPC-00392,2025-02-11,Uberaba,MG,cachorro,,3,"13,57",dificuldade respiratória,urgente,11,44,37.15,60,hemograma,,3.7,sim,sim,procesado,
FPC-00393,04-20-2025,Uberaba,MG,gato,Siamês,0,"13,5",letargia,monitorar,38,24,38.72,95,raio_x,suspeita_infeccao,4.73,nao,sim,procesado,
FPC-00394,2025-08-16,Curitiba,PR,gato,,4,7.71,coceira intensa,monitorar,22,23,38.57,109,raio_x,NA,4.3,NA,sim,cancelado,
FPC-00395,03-26-2025,Campinas,SP,gato,,9,16.91,ferimento na pata,monitorar,54,29,36.23,196,NA,suspeita_infeccao,5,nao,SIM,em_atendimento,
FPC-00396,2025-08-25,Goiânia,GO,gato,Labrador,8,24.35,ferimento na pata,monitorar,11,16,38.85,125,NA,suspeita_infeccao,4.32,sim,SIM,cancelado,
FPC-00397,27/06/2025,Salvador,BA,cachorro,SRD,7,"7,3",vômito e apatia,monitorar,58,34,38.91,170,raio_x,,3.65,,sim,em_atendimento,
FPC-00398,2025-08-24,curitiba,PR,cachorro,,1,17.37,NA,urgente,23,37,"38,14",75,ultrassom,NA,4.14,nao,,cancelado,
FPC-00399,2025-06-14,Goiânia,go,gato,Bulldog,0,"8,02",NA,monitorar,55,12,38.64,64,hemograma,,4.73,sim,sim,em_atendimento,
FPC-00400,2025-04-03,São Paulo,sp,gato,,9,"6,68",dificuldade respiratória,monitorar,68,18,38.38,124,raio_x,NA,2.58,nao,nao,em_atendimento,
FPC-00401,04-13-2025,Uberaba,MG,cachorro,Bulldog,8,14.82,dificuldade respiratória,urgente,30,8,37.25,116,NA,suspeita_infeccao,4.64,sim,SIM,procesado,
FPC-00402,2025-02-19,Uberaba,MG,cachorro,,3,10.76,letargia,monitorar,48,26,37.24,80,raio_x,trauma,5,sim,sim,cancelado,
FPC-00403,2025-03-16,Uberaba,MG,cachorro,SRD,6,13.32,letargia,monitorar,8,15,39.22,117,NA,NA,4.11,,nao,finalizado,
FPC-00404,2025-04-18,Salvador,BA,gato,Siamês,4,13.1,dificuldade respiratória,critico,86,22,40.9,125,nenhum,trauma,4.61,NA,nao,cancelado,
FPC-00405,2025-10-14,Campinas,SP,gato,Poodle,4,,febre alta,monitorar,0,45,39.64,83,nenhum,suspeita_infeccao,3.64,,nao,em_atendimento,
FPC-00406,2025-05-07,Porto Alegre,RS,cachorro,,6,0.75,vômito e apatia,urgente,33,17,36.76,132,nenhum,alergia,3.56,,sim,em_atendimento,
FPC-00407,08-23-2025,Curitiba,PR,gato,SRD,3,11.9,ferimento na pata,monitorar,5,35,38.33,154,raio_x,NA,4.47,,nao,em_atendimento,
FPC-00408,21/01/2025,São Paulo,SP,gato,Bulldog,3,33.38,ferimento na pata,monitorar,48,22,"37,03",117,raio_x,trauma,2.79,nao,nao,procesado,
FPC-00409,2025-01-18,Uberaba,MG,gato,Poodle,5,18.47,febre alta,monitorar,6,15,40.02,181,hemograma,NA,2.64,sim,,procesado,
FPC-00410,02-14-2025,goiânia,GO,cachorro,,6,0.5,ferimento na pata,monitorar,61,23,38.42,118,raio_x,trauma,5,,SIM,procesado,
FPC-00411,2025-01-19,Uberlândia,MG,cachorro,Labrador,6,22.99,letargia,urgente,77,19,"39,49",77,ultrassom,alergia,3.33,nao,nao,em_atendimento,
FPC-00412,2025-09-22,Uberlândia,MG,gato,Poodle,6,23.08,ferimento na pata,urgente,16,31,36.65,141,ultrassom,alergia,4.34,sim,sim,procesado,
FPC-00413,2025-06-10,Salvador,BA,cachorro,Poodle,4,10.0,febre alta,monitorar,50,9,38.08,60,ultrassom,alergia,5,sim,,em_atendimento,
FPC-00414,2025-10-28,são paulo,sp,gato,SRD,2,21.1,NA,monitorar,80,22,39.54,119,NA,NA,2.59,,sim,em_atendimento,
FPC-00415,2025-01-27,Campinas,SP,cachorro,,4,"7,14",febre alta,monitorar,30,44,"40,09",161,hemograma,suspeita_infeccao,3.79,,nao,em_atendimento,
FPC-00416,2025-07-10,Uberaba,mg,cachorro,Labrador,0,"3,79",febre alta,monitorar,42,15,39.88,90,hemograma,,4.22,NA,sim,em_atendimento,
FPC-00417,2025-05-16,Porto Alegre,RS,gato,Poodle,7,21.24,febre alta,critico,24,10,38.31,121,hemograma,NA,4.56,nao,SIM,procesado,
FPC-00418,2025-06-02,Porto Alegre,RS,cachorro,Bulldog,10,"9,57",dificuldade respiratória,critico,42,19,"38,47",92,hemograma,suspeita_infeccao,4.41,,,procesado,
FPC-00419,2025-02-14,Porto Alegre,RS,cachorro,Labrador,8,10.63,ferimento na pata,monitorar,0,29,"39,38",129,NA,suspeita_infeccao,2.84,,sim,finalizado,
FPC-00420,2025-10-10,São Paulo,SP,gato,Labrador,2,12.07,dificuldade respiratória,monitorar,43,48,37.39,156,ultrassom,NA,2.99,nao,SIM,cancelado,
FPC-00421,04-16-2025,Campinas,SP,cachorro,SRD,1,16.38,ferimento na pata,urgente,0,24,39.29,148,raio_x,alergia,3.68,sim,SIM,em_atendimento,
FPC-00422,2025-06-20,Campinas,SP,gato,Poodle,10,3.97,febre alta,monitorar,68,32,36.28,113,nenhum,suspeita_infeccao,2.88,sim,nao,em_atendimento,
FPC-00423,09-18-2025,Uberaba,MG,gato,,,23.2,letargia,monitorar,52,44,41.48,108,hemograma,trauma,3.34,,nao,procesado,
FPC-00424,2025-05-01,Salvador,BA,cachorro,Poodle,4,11.47,NA,monitorar,36,45,37.23,108,nenhum,NA,3.53,,SIM,em_atendimento,
FPC-00425,2025-04-26,Goiânia,GO,cachorro,SRD,9,13.99,letargia,monitorar,69,18,"38,8",126,hemograma,NA,3.01,sim,nao,cancelado,
FPC-00426,2025-05-20,Campinas,SP,cachorro,Labrador,8,14.51,ferimento na pata,monitorar,41,25,37.25,112,ultrassom,,4.55,nao,SIM,procesado,
FPC-00427,2025-09-14,Uberlândia,MG,cachorro,Siamês,8,7.02,coceira intensa,monitorar,80,14,39.27,63,hemograma,trauma,4.46,NA,SIM,cancelado,
FPC-00428,02-17-2025,Uberaba,MG,gato,Bulldog,9,3.03,vômito e apatia,monitorar,34,25,"37,25",67,nenhum,suspeita_infeccao,3.6,,nao,finalizado,
FPC-00429,2025-04-05,campinas,SP,cachorro,Labrador,4,24.65,ferimento na pata,urgente,44,34,37.11,100,ultrassom,alergia,4.18,nao,SIM,procesado,
FPC-00430,14/09/2025,Uberlândia,MG,cachorro,Labrador,3,"16,66",letargia,monitorar,51,29,37.21,82,NA,suspeita_infeccao,3.67,sim,SIM,cancelado,
FPC-00431,data_invalida,Curitiba,PR,cachorro,SRD,0,"0,5",NA,urgente,42,26,37.1,98,raio_x,NA,4.17,nao,,procesado,
FPC-00432,2025-03-21,São Paulo,sp,gato,SRD,8,"16,87",NA,monitorar,63,21,37.75,73,NA,suspeita_infeccao,4.37,nao,nao,cancelado,
FPC-00433,2025-06-11,Uberlândia,mg,cachorro,Labrador,5,"11,99",coceira intensa,monitorar,76,18,38.99,84,nenhum,NA,4.57,sim,sim,finalizado,
FPC-00434,2025-10-12,Uberlândia,MG,cachorro,SRD,1,6.2,coceira intensa,monitorar,37,12,39.38,163,raio_x,,5,,SIM,procesado,
FPC-00435,2025-10-12,Uberaba,MG,gato,Labrador,6,12.82,febre alta,monitorar,12,31,"40,16",129,NA,NA,4.8,sim,sim,em_atendimento,
FPC-00436,2025-03-22,Goiânia,go,cachorro,Poodle,2,"9,53",vômito e apatia,monitorar,45,23,38.27,151,ultrassom,suspeita_infeccao,2.82,nao,,em_atendimento,
FPC-00437,16/05/2025,Campinas,SP,cachorro,Poodle,0,0.5,,monitorar,28,22,36.96,139,NA,,5,,nao,finalizado,
FPC-00438,2025-08-30,Curitiba,pr,gato,Siamês,1,0.5,vômito e apatia,monitorar,101,17,36.91,107,raio_x,,3.97,nao,sim,finalizado,
FPC-00439,2025-04-27,São Paulo,SP,gato,SRD,4,5.78,NA,monitorar,16,33,37.91,117,raio_x,,4.74,nao,nao,em_atendimento,
FPC-00440,2025-01-04,Uberaba,MG,cachorro,,7,16.16,NA,monitorar,32,24,"37,92",95,raio_x,alergia,3.23,nao,,cancelado,
FPC-00441,04-14-2025,Curitiba,pr,gato,,7,31.9,febre alta,monitorar,0,15,36.39,119,raio_x,trauma,5,NA,SIM,cancelado,
FPC-00442,2025-08-29,Porto Alegre,RS,gato,,,19.66,coceira intensa,monitorar,50,9,"38,76",77,ultrassom,NA,4.65,sim,nao,procesado,
FPC-00443,2025-05-10,São Paulo,SP,cachorro,SRD,4,31.46,letargia,monitorar,52,25,38.73,144,raio_x,NA,3.66,nao,,finalizado,
FPC-00444,2025-04-18,Uberaba,MG,cachorro,Siamês,4,16.4,febre alta,monitorar,54,41,36.78,108,ultrassom,suspeita_infeccao,3.88,,nao,cancelado,
FPC-00445,05-23-2025,São Paulo,SP,gato,,6,23.7,letargia,critico,72,39,35.76,119,ultrassom,alergia,2.04,NA,SIM,cancelado,
FPC-00446,2025-04-19,Uberaba,MG,gato,SRD,3,"19,52",dificuldade respiratória,monitorar,21,17,39.2,200,NA,alergia,4.67,sim,SIM,em_atendimento,
FPC-00447,2025-06-17,Salvador,BA,gato,,6,33.71,vômito e apatia,monitorar,64,29,39.97,126,NA,suspeita_infeccao,3.54,,sim,em_atendimento,
FPC-00448,2025-09-29,São Paulo,sp,cachorro,,7,3.44,,urgente,12,32,39.63,102,raio_x,alergia,4.16,nao,SIM,procesado,
FPC-00449,2025-05-18,Uberlândia,MG,cachorro,Poodle,5,21.74,ferimento na pata,monitorar,34,32,38.89,111,hemograma,NA,3.59,nao,sim,em_atendimento,
FPC-00450,2025-04-16,Curitiba,PR,cachorro,Labrador,9,6.77,febre alta,monitorar,44,27,39.3,161,ultrassom,,2.41,nao,,cancelado,
FPC-00451,2025-01-29,Salvador,BA,cachorro,,2,29.98,,monitorar,49,45,38.55,177,NA,trauma,3.7,sim,SIM,em_atendimento,
FPC-00452,18/03/2025,Porto Alegre,RS,gato,Labrador,7,"10,65",letargia,monitorar,12,39,36.86,181,ultrassom,alergia,3.47,NA,SIM,cancelado,
FPC-00453,2025-06-09,Campinas,SP,cachorro,,3,6.91,,urgente,16,15,37.17,60,NA,NA,3.73,NA,nao,em_atendimento,
FPC-00454,2025-04-07,Campinas,SP,gato,SRD,5,"9,96",coceira intensa,monitorar,48,37,36.89,144,nenhum,trauma,4.0,,SIM,em_atendimento,
FPC-00455,2025-09-30,Campinas,SP,cachorro,Siamês,4,6.45,letargia,monitorar,18,22,37.92,113,raio_x,suspeita_infeccao,3.8,sim,sim,finalizado,
FPC-00456,2025-03-03,Porto Alegre,RS,gato,Poodle,,"3,02",,monitorar,52,27,38.15,144,ultrassom,NA,5,sim,SIM,cancelado,
FPC-00457,2025-02-18,Uberlândia,mg,cachorro,Siamês,5,8.35,,monitorar,33,27,37.44,157,raio_x,suspeita_infeccao,5,sim,sim,em_atendimento,
FPC-00458,16/08/2025,São Paulo,SP,cachorro,Poodle,3,5.77,dificuldade respiratória,monitorar,37,35,38.45,163,hemograma,,3.37,NA,,em_atendimento,
FPC-00459,2025-07-24,Campinas,sp,cachorro,Siamês,3,15.55,ferimento na pata,monitorar,27,24,39.93,125,hemograma,alergia,3.16,nao,nao,cancelado,
FPC-00460,2025-06-17,Goiânia,GO,cachorro,,3,5.94,dificuldade respiratória,urgente,45,31,38.35,150,ultrassom,NA,5,sim,sim,finalizado,
FPC-00461,2025-09-30,Curitiba,PR,cachorro,Poodle,5,14.5,dificuldade respiratória,urgente,66,22,39.6,158,NA,trauma,4.79,NA,nao,cancelado,
FPC-00462,data_invalida,São Paulo,SP,cachorro,,0,8.57,NA,monitorar,43,25,39.95,80,raio_x,trauma,2.79,sim,nao,finalizado,
FPC-00463,data_invalida,Porto Alegre,RS,gato,Siamês,3,2.94,,monitorar,34,38,40.35,79,raio_x,,3.69,,sim,procesado,
FPC-00464,2025-01-23,Porto Alegre,RS,cachorro,Labrador,8,20.51,letargia,urgente,58,21,36.87,76,ultrassom,alergia,3.29,NA,nao,procesado,
FPC-00465,2025-02-18,Salvador,BA,gato,Poodle,0,9.34,coceira intensa,critico,86,24,37.04,94,ultrassom,,5,,,em_atendimento,
FPC-00466,2025-08-31,salvador,BA,cachorro,Siamês,8,14.15,ferimento na pata,monitorar,20,21,"39,86",131,NA,trauma,3.95,sim,SIM,procesado,
FPC-00467,2025-08-16,Porto Alegre,rs,gato,Poodle,5,18.32,dificuldade respiratória,monitorar,22,28,38.14,145,raio_x,NA,4.18,,,em_atendimento,
FPC-00468,2025-05-06,Porto Alegre,RS,cachorro,Siamês,4,"2,96",febre alta,urgente,23,12,36.69,145,hemograma,trauma,5,sim,,cancelado,
FPC-00469,2025-05-20,Salvador,BA,cachorro,Poodle,4,5.16,ferimento na pata,monitorar,48,8,38.72,93,ultrassom,trauma,4.75,sim,sim,procesado,
FPC-00470,2025-03-29,Goiânia,GO,cachorro,Poodle,5,14.53,ferimento na pata,monitorar,41,34,38.8,115,hemograma,trauma,3.19,,,em_atendimento,
FPC-00471,2025-06-15,Curitiba,PR,cachorro,Bulldog,4,21.05,coceira intensa,urgente,23,30,"38,82",126,ultrassom,alergia,4.53,,,finalizado,
FPC-00472,2025-03-18,Uberlândia,MG,cachorro,Poodle,3,0.5,NA,monitorar,42,46,37.12,155,NA,suspeita_infeccao,5,nao,,finalizado,
FPC-00473,2025-05-28,são paulo,SP,cachorro,Labrador,0,21.06,,critico,46,28,37.8,150,raio_x,NA,3.75,sim,,cancelado,
FPC-00474,data_invalida,São Paulo,SP,cachorro,Bulldog,8,17.21,NA,monitorar,11,23,35.92,122,NA,NA,3.75,nao,,em_atendimento,
FPC-00475,2025-08-25,Porto Alegre,RS,cachorro,,4,9.3,,monitorar,76,27,37.17,112,ultrassom,NA,3.12,,SIM,cancelado,
FPC-00476,2025-04-27,Goiânia,GO,cachorro,Siamês,0,"19,19",vômito e apatia,monitorar,36,42,39.19,125,nenhum,alergia,3.99,nao,nao,cancelado,
FPC-00477,2025-03-09,Campinas,SP,cachorro,SRD,7,11.4,letargia,monitorar,27,24,"39,03",130,nenhum,,3.21,NA,SIM,procesado,
FPC-00478,21/07/2025,Salvador,BA,gato,Poodle,1,5.67,vômito e apatia,urgente,31,38,38.2,147,ultrassom,,5,nao,,em_atendimento,
FPC-00479,2025-05-27,Curitiba,PR,gato,,4,6.88,vômito e apatia,urgente,64,21,37.32,60,raio_x,alergia,3.55,NA,SIM,procesado,
FPC-00480,20/03/2025,Goiânia,GO,cachorro,,4,31.15,febre alta,monitorar,34,16,37.44,68,ultrassom,alergia,3.89,,sim,finalizado,
FPC-00481,24/06/2025,São Paulo,SP,gato,Poodle,1,14.82,NA,monitorar,26,25,36.43,161,ultrassom,suspeita_infeccao,3.56,,SIM,em_atendimento,
FPC-00482,2025-10-26,Uberaba,MG,cachorro,SRD,7,"0,5",febre alta,monitorar,20,16,40.43,135,hemograma,NA,4.97,nao,nao,procesado,
FPC-00483,04-09-2025,Curitiba,PR,gato,Poodle,4,14.73,letargia,urgente,44,23,"36,46",124,hemograma,suspeita_infeccao,2.16,nao,sim,finalizado,
FPC-00484,2025-01-26,Campinas,SP,cachorro,Poodle,3,"0,5",dificuldade respiratória,monitorar,28,5,37.09,109,ultrassom,alergia,5,NA,,cancelado,
FPC-00485,2025-04-18,porto alegre,RS,cachorro,SRD,4,20.63,letargia,monitorar,72,31,35.93,110,nenhum,alergia,4.57,,nao,finalizado,
FPC-00486,2025-07-25,São Paulo,SP,cachorro,,4,17.78,coceira intensa,urgente,74,12,"39,18",82,hemograma,NA,5,,SIM,cancelado,
FPC-00487,2025-01-03,São Paulo,SP,cachorro,Poodle,4,16.29,febre alta,urgente,15,17,39.23,175,NA,alergia,5,nao,sim,em_atendimento,
FPC-00488,2025-03-21,Uberlândia,MG,cachorro,SRD,6,17.38,dificuldade respiratória,monitorar,49,23,37.8,127,hemograma,,5,,nao,procesado,
FPC-00489,2025-09-08,Curitiba,PR,cachorro,Bulldog,5,"22,23",vômito e apatia,monitorar,57,15,37.44,68,raio_x,,4.23,nao,,cancelado,
FPC-00490,2025-05-14,uberaba,MG,gato,Poodle,1,9.59,ferimento na pata,monitorar,32,45,39.44,126,ultrassom,NA,3.85,NA,nao,em_atendimento,
FPC-00491,04-09-2025,Curitiba,PR,cachorro,Labrador,7,12.72,letargia,monitorar,71,43,"39,37",76,hemograma,trauma,4.37,sim,,finalizado,
FPC-00492,2025-02-04,salvador,BA,gato,Bulldog,1,0.5,dificuldade respiratória,urgente,40,20,39.81,120,raio_x,suspeita_infeccao,0.73,,nao,finalizado,
FPC-00493,26/08/2025,Curitiba,PR,cachorro,SRD,5,"32,14",ferimento na pata,monitorar,52,33,38.65,111,raio_x,suspeita_infeccao,2.79,NA,sim,cancelado,
FPC-00494,2025-01-20,Salvador,BA,gato,,1,16.12,dificuldade respiratória,monitorar,40,34,37.11,129,hemograma,,3.77,,sim,em_atendimento,
FPC-00495,2025-01-05,Campinas,SP,gato,Siamês,1,,ferimento na pata,monitorar,104,16,"37,15",128,ultrassom,trauma,5,,SIM,em_atendimento,
FPC-00496,data_invalida,Goiânia,GO,cachorro,SRD,4,"11,56",dificuldade respiratória,monitorar,34,18,37.93,162,raio_x,alergia,4.79,sim,,finalizado,
FPC-00497,06-10-2025,Uberaba,MG,gato,SRD,9,"19,56",vômito e apatia,urgente,72,33,"39,72",69,hemograma,NA,4.25,NA,sim,cancelado,
FPC-00498,data_invalida,Salvador,BA,gato,Bulldog,4,"5,58",coceira intensa,monitorar,53,35,38.92,128,NA,trauma,4.54,sim,nao,procesado,
FPC-00499,2025-09-27,Uberlândia,MG,cachorro,Poodle,7,14.24,letargia,critico,37,41,37.37,120,hemograma,suspeita_infeccao,4.36,sim,nao,finalizado,
FPC-00500,2025-06-11,Uberlândia,MG,cachorro,Labrador,1,7.88,ferimento na pata,monitorar,21,32,38.72,112,NA,NA,4.76,NA,sim,em_atendimento,
FPC-00501,21/04/2025,Goiânia,GO,gato,Labrador,2,4.85,coceira intensa,monitorar,50,21,39.52,72,raio_x,alergia,3.19,NA,SIM,finalizado,
FPC-00502,2025-04-18,Porto Alegre,RS,gato,Bulldog,6,"13,38",,urgente,47,31,38.37,63,raio_x,,4.42,NA,SIM,procesado,
FPC-00503,10-05-2025,Uberaba,MG,cachorro,Siamês,1,12.13,vômito e apatia,monitorar,9,27,37.84,141,ultrassom,suspeita_infeccao,3.44,nao,SIM,procesado,
FPC-00504,2025-04-29,Porto Alegre,RS,gato,,1,"17,65",letargia,monitorar,58,30,37.28,123,NA,trauma,4.01,NA,,cancelado,
FPC-00505,2025-10-16,Campinas,SP,gato,SRD,0,7.11,letargia,monitorar,10,30,37.41,151,ultrassom,,4.78,NA,,cancelado,
FPC-00506,2025-05-12,Salvador,BA,gato,SRD,5,22.88,ferimento na pata,critico,70,26,39.13,124,NA,,4.52,nao,,cancelado,
FPC-00507,2025-09-22,Uberlândia,MG,cachorro,Labrador,4,19.39,letargia,critico,49,13,38.63,168,NA,,3.88,NA,sim,cancelado,
FPC-00508,05-06-2025,Goiânia,GO,gato,SRD,8,25.34,febre alta,monitorar,1,31,"38,51",121,raio_x,,3.44,nao,SIM,finalizado,
FPC-00509,2025-08-29,goiânia,GO,gato,Labrador,7,9.17,dificuldade respiratória,critico,42,21,39.62,154,NA,alergia,4.22,,SIM,procesado,
FPC-00510,2025-07-24,Uberaba,MG,cachorro,Bulldog,7,6.5,letargia,monitorar,32,28,37.91,170,ultrassom,alergia,4.03,nao,SIM,cancelado,
FPC-00511,2025-02-14,Curitiba,PR,cachorro,Siamês,6,17.0,vômito e apatia,monitorar,87,15,39.04,138,raio_x,alergia,4.57,sim,,procesado,
FPC-00512,06-23-2025,São Paulo,SP,gato,,0,"21,36",febre alta,monitorar,83,32,37.91,83,hemograma,suspeita_infeccao,3.95,nao,nao,em_atendimento,
FPC-00513,2025-06-26,Uberaba,mg,cachorro,Labrador,2,1.56,NA,monitorar,62,42,38.32,162,hemograma,alergia,5,,,procesado,
FPC-00514,2025-01-19,Salvador,ba,gato,,8,21.98,dificuldade respiratória,urgente,59,36,39.06,81,raio_x,trauma,4.58,,nao,finalizado,
FPC-00515,2025-03-29,São Paulo,SP,cachorro,Labrador,3,13.92,NA,urgente,51,13,38.07,121,ultrassom,alergia,3.98,nao,nao,cancelado,
FPC-00516,10/10/2025,Salvador,BA,gato,,,11.23,dificuldade respiratória,urgente,74,20,"37,18",126,nenhum,NA,3.19,,,procesado,
FPC-00517,2025-05-27,Salvador,BA,cachorro,Bulldog,0,9.56,,monitorar,49,20,38.89,80,nenhum,NA,5,nao,sim,em_atendimento,
FPC-00518,2025-07-17,Porto Alegre,rs,cachorro,Labrador,3,"32,53",dificuldade respiratória,monitorar,31,34,"39,36",123,NA,suspeita_infeccao,3.24,sim,,procesado,
FPC-00519,2025-04-18,Goiânia,GO,cachorro,Siamês,,"15,66",letargia,monitorar,29,35,36.46,107,nenhum,,3.08,,,em_atendimento,
FPC-00520,2025-01-27,Salvador,BA,cachorro,Siamês,3,0.5,coceira intensa,monitorar,35,36,37.45,138,ultrassom,alergia,4.65,,SIM,finalizado,
FPC-00521,2025-05-20,São Paulo,SP,cachorro,Bulldog,9,21.13,dificuldade respiratória,monitorar,25,35,38.32,91,ultrassom,alergia,5,NA,sim,cancelado,
FPC-00522,2025-01-02,Uberlândia,MG,cachorro,,4,16.56,letargia,monitorar,37,37,"37,4",107,nenhum,trauma,3.98,,,cancelado,
FPC-00523,2025-02-04,goiânia,GO,gato,Siamês,8,"4,22",febre alta,monitorar,29,18,39.43,62,NA,,5,sim,SIM,finalizado,
FPC-00524,2025-06-12,Goiânia,GO,gato,Labrador,7,11.62,ferimento na pata,monitorar,36,20,37.82,112,raio_x,NA,3.07,NA,sim,finalizado,
FPC-00525,05-14-2025,Curitiba,PR,gato,,10,20.46,febre alta,monitorar,54,28,37.3,69,NA,,3.29,,sim,em_atendimento,
FPC-00526,05-16-2025,São Paulo,SP,gato,Poodle,0,0.5,letargia,monitorar,14,14,"38,68",72,hemograma,alergia,2.46,nao,nao,procesado,
FPC-00527,06-02-2025,Curitiba,PR,cachorro,Poodle,,23.52,,monitorar,11,31,39.71,99,NA,trauma,5,nao,,procesado,
FPC-00528,03-30-2025,Goiânia,GO,cachorro,Bulldog,1,"0,5",ferimento na pata,urgente,90,15,39.17,171,nenhum,alergia,4.23,nao,SIM,finalizado,
FPC-00529,2025-09-11,São Paulo,SP,cachorro,Poodle,3,"21,75",dificuldade respiratória,monitorar,84,30,"39,82",133,raio_x,trauma,2.3,nao,nao,finalizado,
FPC-00530,2025-02-10,São Paulo,SP,cachorro,Bulldog,0,8.82,letargia,urgente,54,33,36.83,60,ultrassom,NA,3.68,sim,,procesado,
FPC-00531,03-06-2025,Goiânia,GO,cachorro,,4,5.2,vômito e apatia,monitorar,62,21,37.35,112,raio_x,trauma,3.12,NA,SIM,finalizado,
FPC-00532,2025-02-10,Curitiba,PR,cachorro,SRD,1,18.53,febre alta,monitorar,34,17,"37,75",105,nenhum,alergia,3.69,nao,sim,em_atendimento,
FPC-00533,2025-08-21,Uberlândia,MG,cachorro,Siamês,,20.46,NA,monitorar,105,19,38.75,65,hemograma,,2.99,nao,,cancelado,
FPC-00534,2025-07-30,Uberaba,MG,cachorro,,4,"12,27",febre alta,monitorar,30,29,36.18,152,NA,NA,4.88,,sim,procesado,
FPC-00535,2025-07-25,Goiânia,go,gato,,2,6.02,ferimento na pata,monitorar,70,17,38.33,112,hemograma,NA,4.16,NA,sim,cancelado,
FPC-00536,2025-02-09,Campinas,SP,cachorro,Siamês,1,20.01,febre alta,monitorar,52,14,39.07,151,hemograma,trauma,3.45,,sim,cancelado,
FPC-00537,07-08-2025,São Paulo,sp,cachorro,Labrador,0,"12,48",febre alta,monitorar,47,19,38.49,138,hemograma,,4.15,sim,,procesado,
FPC-00538,2025-02-27,Salvador,BA,cachorro,Siamês,4,14.5,dificuldade respiratória,monitorar,82,39,38.98,127,nenhum,NA,3.23,nao,,cancelado,
FPC-00539,2025-01-23,Uberaba,MG,cachorro,Siamês,5,9.46,letargia,monitorar,36,32,38.57,148,raio_x,suspeita_infeccao,4.27,NA,,finalizado,
FPC-00540,04-04-2025,São Paulo,sp,cachorro,Siamês,,3.33,vômito e apatia,monitorar,48,36,37.25,114,raio_x,trauma,4.91,sim,sim,em_atendimento,
FPC-00541,2025-03-09,Goiânia,GO,gato,SRD,4,13.52,letargia,monitorar,19,27,39.04,155,raio_x,,4.83,NA,nao,procesado,
FPC-00542,2025-05-10,Campinas,sp,cachorro,Siamês,5,15.43,letargia,monitorar,82,11,38.31,112,raio_x,NA,3.5,NA,SIM,em_atendimento,
FPC-00543,10-27-2025,campinas,SP,gato,Poodle,7,"20,0",dificuldade respiratória,urgente,75,39,39.07,84,hemograma,,4.79,NA,nao,procesado,
FPC-00544,data_invalida,são paulo,SP,cachorro,Labrador,9,17.08,vômito e apatia,monitorar,7,23,37.19,141,ultrassom,trauma,5,NA,sim,cancelado,
FPC-00545,2025-10-04,Uberaba,MG,cachorro,,8,8.67,ferimento na pata,monitorar,20,5,37.04,118,NA,trauma,2.26,,,em_atendimento,
FPC-00546,2025-03-23,Curitiba,PR,cachorro,Siamês,6,11.55,coceira intensa,monitorar,37,32,38.75,165,NA,,4.05,nao,nao,procesado,
FPC-00547,2025-01-07,Campinas,sp,cachorro,SRD,3,3.38,ferimento na pata,monitorar,54,11,"37,65",95,NA,,4.53,NA,nao,cancelado,
FPC-00548,2025-07-25,Curitiba,PR,gato,,0,12.82,,monitorar,8,45,37.54,118,NA,suspeita_infeccao,4.07,sim,nao,finalizado,
FPC-00549,2025-09-12,Curitiba,pr,cachorro,Siamês,6,9.24,febre alta,monitorar,51,20,38.54,106,ultrassom,NA,5,NA,sim,finalizado,
FPC-00550,2025-09-11,Uberlândia,MG,gato,,2,3.74,coceira intensa,monitorar,10,44,37.7,183,nenhum,suspeita_infeccao,5,sim,nao,em_atendimento,
FPC-00551,2025-01-16,Salvador,BA,gato,Siamês,9,"8,14",,monitorar,21,45,38.63,140,ultrassom,alergia,3.74,NA,sim,cancelado,
FPC-00552,2025-05-14,Uberlândia,MG,gato,Labrador,5,11.19,letargia,urgente,24,13,38.48,133,ultrassom,suspeita_infeccao,4.28,NA,SIM,em_atendimento,
FPC-00553,2025-07-07,Porto Alegre,RS,gato,Labrador,5,0.55,febre alta,urgente,45,26,36.39,155,NA,NA,4.65,nao,nao,em_atendimento,
FPC-00554,2025-02-23,uberaba,MG,cachorro,Poodle,3,18.79,coceira intensa,monitorar,68,15,35.55,128,raio_x,suspeita_infeccao,2.4,nao,,finalizado,
FPC-00555,2025-05-15,Campinas,SP,gato,Poodle,12,17.62,,monitorar,23,20,38.36,140,raio_x,,5,,,em_atendimento,
FPC-00556,2025-01-01,Curitiba,PR,gato,Siamês,5,17.1,NA,monitorar,62,16,39.77,91,ultrassom,trauma,3.29,NA,SIM,procesado,
FPC-00557,2025-01-18,curitiba,PR,gato,SRD,8,4.71,NA,monitorar,16,31,"39,84",93,hemograma,suspeita_infeccao,5,sim,sim,cancelado,
FPC-00558,14/07/2025,São Paulo,SP,cachorro,,5,9.59,dificuldade respiratória,monitorar,36,19,"39,27",115,raio_x,trauma,3.17,,SIM,finalizado,
FPC-00559,2025-05-19,Campinas,SP,cachorro,Bulldog,4,0.5,ferimento na pata,critico,64,27,35.98,133,hemograma,trauma,4.01,NA,nao,cancelado,
FPC-00560,10/01/2025,Uberaba,MG,cachorro,Bulldog,9,"14,68",ferimento na pata,monitorar,0,11,38.5,135,ultrassom,,4.98,,,finalizado,
FPC-00561,2025-08-17,Uberaba,MG,cachorro,Poodle,5,17.67,dificuldade respiratória,monitorar,34,23,38.62,99,NA,,3.63,,SIM,finalizado,
FPC-00562,05-02-2025,Uberaba,MG,cachorro,Poodle,,21.97,NA,monitorar,0,34,39.38,60,ultrassom,NA,4.76,nao,SIM,finalizado,
FPC-00563,2025-08-15,uberaba,MG,gato,Siamês,1,0.5,dificuldade respiratória,monitorar,31,32,38.63,138,ultrassom,,4.9,nao,sim,procesado,
FPC-00564,2025-10-15,Uberaba,MG,cachorro,SRD,,,febre alta,urgente,42,16,39.35,96,hemograma,NA,4.53,sim,nao,finalizado,
FPC-00565,2025-09-08,Porto Alegre,RS,gato,Labrador,5,,ferimento na pata,urgente,20,26,38.63,137,ultrassom,trauma,3.77,sim,,procesado,
FPC-00566,08-19-2025,Uberaba,MG,gato,Labrador,4,"6,72",letargia,monitorar,57,24,37.27,135,nenhum,,3.31,sim,sim,finalizado,
FPC-00567,2025-04-27,Curitiba,PR,cachorro,Poodle,0,17.47,NA,monitorar,7,22,"39,16",136,nenhum,suspeita_infeccao,4.32,,sim,em_atendimento,
FPC-00568,04-04-2025,São Paulo,sp,cachorro,Labrador,,"5,37",NA,monitorar,1,17,37.83,124,hemograma,NA,2.16,NA,sim,cancelado,
FPC-00569,2025-05-16,Porto Alegre,RS,cachorro,Labrador,0,20.35,NA,monitorar,35,27,"37,34",101,hemograma,alergia,5,sim,nao,cancelado,
FPC-00570,2025-07-09,Porto Alegre,RS,cachorro,Labrador,6,13.12,letargia,urgente,79,7,38.36,163,hemograma,NA,5,nao,nao,procesado,
FPC-00571,2025-04-19,Porto Alegre,RS,gato,Siamês,,,,urgente,48,29,"37,34",128,raio_x,NA,2.86,NA,nao,procesado,
FPC-00572,2025-03-25,Porto Alegre,RS,gato,Poodle,5,13.24,dificuldade respiratória,monitorar,59,12,38.24,152,raio_x,trauma,4.53,nao,SIM,finalizado,
FPC-00573,2025-01-15,São Paulo,SP,cachorro,Siamês,3,0.5,dificuldade respiratória,monitorar,21,36,39.71,60,NA,trauma,4.64,,,finalizado,
FPC-00574,2025-07-26,Curitiba,PR,gato,SRD,1,14.86,,monitorar,43,16,38.24,123,ultrassom,suspeita_infeccao,5,,,em_atendimento,
FPC-00575,2025-04-26,Campinas,SP,gato,SRD,5,16.84,dificuldade respiratória,monitorar,109,20,"37,85",94,hemograma,,4.13,sim,sim,cancelado,
FPC-00576,data_invalida,Campinas,SP,gato,Labrador,2,18.89,febre alta,monitorar,62,37,37.51,128,raio_x,alergia,2.13,nao,sim,procesado,
FPC-00577,2025-09-19,Goiânia,GO,cachorro,Siamês,4,4.47,letargia,monitorar,62,46,39.34,138,nenhum,alergia,2.74,sim,sim,procesado,
FPC-00578,data_invalida,Porto Alegre,RS,cachorro,Siamês,5,"24,44",coceira intensa,monitorar,17,18,"38,87",79,nenhum,NA,2.45,NA,sim,procesado,
FPC-00579,2025-08-11,Curitiba,PR,cachorro,Siamês,6,9.58,dificuldade respiratória,urgente,67,17,38.29,118,nenhum,suspeita_infeccao,3.75,nao,SIM,finalizado,
FPC-00580,2025-06-23,Uberlândia,MG,cachorro,Bulldog,5,"8,76",NA,monitorar,40,39,39.43,129,NA,trauma,3.78,nao,SIM,finalizado,
FPC-00581,2025-09-06,Salvador,BA,cachorro,Siamês,0,8.79,NA,monitorar,54,23,40.12,103,nenhum,suspeita_infeccao,4.11,sim,SIM,em_atendimento,
FPC-00582,2025-02-15,Uberaba,MG,gato,Poodle,0,0.5,febre alta,urgente,41,33,38.45,100,hemograma,suspeita_infeccao,5,,nao,em_atendimento,
FPC-00583,01-04-2025,Uberaba,MG,cachorro,Bulldog,0,16.96,coceira intensa,monitorar,16,9,39.83,60,ultrassom,trauma,4.9,sim,sim,cancelado,
FPC-00584,29/09/2025,Curitiba,pr,cachorro,Labrador,8,"13,2",dificuldade respiratória,monitorar,47,20,"38,96",134,ultrassom,trauma,4.28,nao,sim,finalizado,
FPC-00585,08-28-2025,Curitiba,PR,gato,Siamês,7,11.68,,monitorar,78,16,38.33,134,nenhum,suspeita_infeccao,4.15,nao,,em_atendimento,
FPC-00586,09-12-2025,Campinas,SP,cachorro,,3,"10,74",dificuldade respiratória,monitorar,20,19,"39,25",84,ultrassom,NA,3.98,,,procesado,
FPC-00587,2025-03-07,Campinas,SP,gato,Siamês,9,18.8,NA,monitorar,55,11,37.59,99,raio_x,alergia,2.48,,,em_atendimento,
FPC-00588,11/08/2025,Porto Alegre,RS,cachorro,SRD,9,"3,43",febre alta,monitorar,75,21,39.31,98,hemograma,suspeita_infeccao,4.79,NA,nao,em_atendimento,
FPC-00589,2025-09-17,Campinas,SP,cachorro,SRD,11,12.31,febre alta,monitorar,66,21,38.38,134,ultrassom,NA,3.49,sim,nao,em_atendimento,
FPC-00590,2025-05-12,São Paulo,SP,gato,Labrador,8,18.63,,urgente,57,40,"38,17",130,ultrassom,trauma,2.87,sim,nao,cancelado,
FPC-00591,2025-03-05,Uberaba,MG,gato,Siamês,5,12.48,letargia,monitorar,27,27,"39,54",145,NA,suspeita_infeccao,5,NA,,procesado,
FPC-00592,data_invalida,Campinas,SP,cachorro,SRD,5,19.55,febre alta,monitorar,64,28,"39,65",139,NA,NA,4.17,nao,nao,cancelado,
FPC-00593,13/06/2025,Porto Alegre,RS,gato,SRD,7,23.32,febre alta,monitorar,68,21,39.71,141,raio_x,alergia,3.67,NA,nao,procesado,
FPC-00594,05-18-2025,São Paulo,SP,cachorro,Poodle,8,17.21,coceira intensa,monitorar,0,15,"37,89",125,hemograma,NA,3.87,nao,SIM,procesado,
FPC-00595,2025-06-09,salvador,BA,cachorro,Labrador,8,"0,5",vômito e apatia,monitorar,16,11,37.69,152,hemograma,alergia,3.37,,,procesado,
FPC-00596,2025-03-03,Salvador,BA,gato,Bulldog,9,,ferimento na pata,monitorar,45,37,37.85,104,raio_x,suspeita_infeccao,5,NA,,cancelado,
FPC-00597,10/06/2025,campinas,sp,gato,Poodle,4,"5,19",letargia,monitorar,47,22,"39,74",101,ultrassom,trauma,3.2,sim,,procesado,
FPC-00598,2025-04-17,Goiânia,GO,gato,Poodle,3,23.75,vômito e apatia,critico,60,30,"38,99",162,hemograma,suspeita_infeccao,2.09,nao,nao,em_atendimento,
FPC-00599,10-10-2025,Campinas,sp,gato,Siamês,3,"18,11",vômito e apatia,monitorar,46,16,39.07,93,nenhum,,3.11,NA,sim,em_atendimento,
FPC-00600,2025-06-02,Goiânia,GO,cachorro,Siamês,4,10.04,NA,urgente,39,16,"39,61",121,NA,,4.6,,SIM,cancelado,
FPC-00601,03-23-2025,Salvador,BA,cachorro,SRD,6,15.66,NA,monitorar,70,8,38.23,99,raio_x,suspeita_infeccao,4.46,,nao,cancelado,
FPC-00602,2025-03-10,Porto Alegre,RS,gato,SRD,5,7.39,dificuldade respiratória,urgente,38,36,"39,61",87,hemograma,,4.61,sim,sim,em_atendimento,
FPC-00603,2025-05-22,Uberaba,MG,gato,Siamês,4,"13,16",NA,critico,61,19,35.01,82,hemograma,trauma,4.82,sim,SIM,procesado,
FPC-00604,data_invalida,São Paulo,SP,gato,SRD,7,22.15,febre alta,monitorar,66,25,"37,12",117,ultrassom,NA,5,,SIM,procesado,
FPC-00605,2025-10-05,Uberlândia,MG,cachorro,,6,19.72,letargia,monitorar,19,12,40.41,89,nenhum,suspeita_infeccao,3.94,sim,SIM,finalizado,
FPC-00606,2025-01-06,Campinas,SP,gato,,1,,coceira intensa,urgente,33,21,38.4,90,raio_x,,4.98,sim,,finalizado,
FPC-00607,data_invalida,Porto Alegre,RS,cachorro,Labrador,9,14.76,letargia,urgente,0,38,39.7,119,hemograma,alergia,2.5,NA,,procesado,
FPC-00608,2025-06-08,Uberaba,MG,gato,,,26.89,febre alta,monitorar,24,18,39.48,126,raio_x,alergia,3.37,sim,,procesado,
FPC-00609,2025-07-02,Campinas,SP,gato,,5,17.77,NA,critico,19,24,38.47,120,ultrassom,suspeita_infeccao,3.9,NA,nao,finalizado,
FPC-00610,2025-03-23,Curitiba,PR,cachorro,Labrador,3,"2,62",febre alta,monitorar,33,28,38.66,111,hemograma,NA,2.95,,sim,cancelado,
FPC-00611,14/05/2025,Goiânia,GO,gato,Poodle,1,16.75,NA,critico,16,17,39.19,100,raio_x,alergia,3.81,NA,sim,procesado,
FPC-00612,2025-10-17,Porto Alegre,rs,cachorro,Poodle,0,8.12,NA,urgente,13,20,38.65,150,raio_x,trauma,3.82,NA,SIM,em_atendimento,
FPC-00613,2025-08-30,São Paulo,sp,cachorro,Bulldog,,6.39,febre alta,monitorar,66,5,38.05,137,ultrassom,,3.95,sim,SIM,cancelado,
FPC-00614,2025-04-14,Porto Alegre,RS,cachorro,Bulldog,5,7.01,ferimento na pata,monitorar,65,7,38.74,91,ultrassom,suspeita_infeccao,4.89,NA,SIM,finalizado,
FPC-00615,08-09-2025,São Paulo,SP,cachorro,SRD,6,10.58,ferimento na pata,monitorar,6,23,"38,95",85,NA,suspeita_infeccao,4.08,nao,SIM,cancelado,
FPC-00616,2025-01-21,Porto Alegre,RS,cachorro,Bulldog,4,4.53,febre alta,monitorar,58,9,38.7,88,raio_x,alergia,3.54,sim,SIM,finalizado,
FPC-00617,2025-06-19,Uberaba,MG,cachorro,,0,15.03,,monitorar,72,30,38.63,113,hemograma,NA,1.09,sim,sim,cancelado,
FPC-00618,2025-01-29,Salvador,BA,cachorro,Poodle,2,22.35,,urgente,5,22,39.07,145,hemograma,alergia,5,nao,nao,em_atendimento,
FPC-00619,2025-10-08,São Paulo,SP,cachorro,Bulldog,10,16.51,ferimento na pata,urgente,74,35,37.96,103,ultrassom,,4.39,nao,sim,cancelado,
FPC-00620,2025-04-15,campinas,SP,gato,Bulldog,8,13.12,vômito e apatia,monitorar,57,23,"37,22",137,NA,suspeita_infeccao,4.21,,,cancelado,
FPC-00621,2025-07-20,Goiânia,GO,cachorro,Siamês,3,4.07,ferimento na pata,monitorar,10,35,"41,11",143,hemograma,suspeita_infeccao,2.54,,SIM,procesado,
FPC-00622,2025-02-26,Uberlândia,MG,cachorro,Bulldog,1,8.57,coceira intensa,critico,9,27,"37,87",84,NA,NA,1.81,sim,nao,procesado,
FPC-00623,2025-08-21,Uberlândia,MG,gato,SRD,6,9.08,vômito e apatia,monitorar,75,23,38.79,161,ultrassom,NA,3.15,sim,nao,em_atendimento,
FPC-00624,2025-02-05,Porto Alegre,RS,gato,SRD,7,"21,93",NA,monitorar,24,9,"36,31",129,nenhum,,2.29,,,em_atendimento,
FPC-00625,04-18-2025,São Paulo,SP,gato,Siamês,4,10.71,dificuldade respiratória,monitorar,68,14,41.56,118,nenhum,suspeita_infeccao,4.07,nao,sim,procesado,
FPC-00626,2025-03-08,Campinas,SP,cachorro,SRD,2,4.68,NA,monitorar,74,25,38.52,86,hemograma,trauma,5,,SIM,cancelado,
FPC-00627,2025-03-08,curitiba,PR,cachorro,Siamês,9,"16,06",letargia,monitorar,28,11,37.16,136,raio_x,suspeita_infeccao,3.31,NA,,em_atendimento,
FPC-00628,2025-04-14,Goiânia,GO,cachorro,,2,12.79,,urgente,67,25,37.57,157,hemograma,suspeita_infeccao,4.17,,,em_atendimento,
FPC-00629,2025-08-07,Goiânia,GO,gato,SRD,9,30.03,vômito e apatia,urgente,19,26,38.89,119,NA,suspeita_infeccao,4.53,,SIM,finalizado,
FPC-00630,2025-08-08,Uberaba,MG,cachorro,,7,19.69,coceira intensa,monitorar,39,43,38.13,102,ultrassom,alergia,2.27,nao,SIM,cancelado,
FPC-00631,2025-07-03,Uberlândia,MG,gato,,4,10.4,ferimento na pata,monitorar,49,32,38.84,146,ultrassom,trauma,2.49,nao,,finalizado,
FPC-00632,2025-10-15,Uberlândia,MG,cachorro,Siamês,1,4.37,,urgente,58,36,37.22,159,ultrassom,,5,sim,sim,finalizado,
FPC-00633,2025-04-25,Goiânia,GO,gato,,9,"5,89",vômito e apatia,monitorar,28,35,"37,7",87,hemograma,,3.37,NA,,em_atendimento,
FPC-00634,2025-05-20,Uberaba,MG,gato,,5,,dificuldade respiratória,monitorar,0,18,38.91,110,ultrassom,alergia,4.75,sim,,procesado,
FPC-00635,2025-08-27,Uberaba,MG,gato,Bulldog,6,19.85,febre alta,monitorar,35,24,"37,09",114,hemograma,NA,3.86,NA,nao,em_atendimento,
FPC-00636,2025-09-02,Uberlândia,MG,cachorro,Bulldog,5,"22,87",dificuldade respiratória,urgente,18,35,40.67,117,ultrassom,suspeita_infeccao,2.52,nao,nao,cancelado,
FPC-00637,2025-01-08,Campinas,SP,cachorro,Siamês,0,16.97,coceira intensa,urgente,0,31,39.52,91,NA,alergia,5,NA,nao,procesado,
FPC-00638,02-11-2025,Porto Alegre,RS,cachorro,SRD,3,18.29,vômito e apatia,monitorar,39,37,39.11,80,NA,alergia,2.65,sim,,finalizado,
FPC-00639,2025-04-27,Curitiba,PR,gato,Bulldog,2,10.6,coceira intensa,critico,62,39,38.89,182,ultrassom,trauma,3.53,nao,SIM,cancelado,
FPC-00640,2025-08-23,Campinas,SP,cachorro,Bulldog,4,"1,86",,monitorar,38,25,"37,12",109,NA,NA,3.93,nao,,cancelado,
FPC-00641,2025-03-24,Uberlândia,MG,gato,Bulldog,,20.89,febre alta,monitorar,51,23,35.25,84,raio_x,trauma,4.18,nao,SIM,finalizado,
FPC-00642,2025-05-02,Campinas,SP,cachorro,SRD,4,12.41,vômito e apatia,monitorar,44,35,"39,14",119,nenhum,trauma,3.77,nao,sim,finalizado,
FPC-00643,05-31-2025,uberaba,MG,cachorro,Labrador,1,9.22,vômito e apatia,monitorar,48,29,38.9,102,raio_x,suspeita_infeccao,3.82,NA,,finalizado,
FPC-00644,24/02/2025,Porto Alegre,RS,cachorro,Bulldog,2,"14,79",NA,monitorar,58,38,36.94,65,hemograma,,4.51,nao,nao,cancelado,
FPC-00645,01/06/2025,Campinas,SP,cachorro,Bulldog,5,11.1,,monitorar,75,25,40.61,139,raio_x,suspeita_infeccao,3.41,sim,nao,procesado,
FPC-00646,2025-06-10,Uberaba,MG,cachorro,Siamês,4,6.26,,urgente,0,37,40.13,102,ultrassom,,5,NA,nao,finalizado,
FPC-00647,2025-09-27,Salvador,BA,cachorro,SRD,7,27.73,ferimento na pata,monitorar,23,23,38.64,123,raio_x,NA,4.3,,,cancelado,
FPC-00648,2025-03-29,uberlândia,MG,cachorro,Poodle,6,,febre alta,monitorar,52,31,37.94,87,raio_x,suspeita_infeccao,2.37,sim,SIM,finalizado,
FPC-00649,2025-08-05,São Paulo,SP,gato,Siamês,5,17.0,NA,monitorar,59,30,40.96,156,raio_x,trauma,2.74,nao,,em_atendimento,
FPC-00650,2025-01-03,Uberaba,MG,cachorro,Labrador,2,"8,99",vômito e apatia,urgente,14,19,38.6,122,nenhum,trauma,2.71,nao,sim,em_atendimento,
FPC-00651,2025-09-21,Uberlândia,MG,cachorro,Poodle,11,"17,71",,monitorar,42,41,41.89,138,hemograma,trauma,4.65,NA,,cancelado,
FPC-00652,2025-01-30,Uberaba,MG,gato,SRD,6,26.79,letargia,urgente,58,19,38.51,107,raio_x,suspeita_infeccao,3.78,NA,SIM,cancelado,
FPC-00653,06-03-2025,Campinas,sp,gato,Labrador,1,20.08,letargia,monitorar,20,27,38.56,123,NA,alergia,4.31,sim,,procesado,
FPC-00654,2025-01-28,Campinas,SP,gato,,7,14.38,coceira intensa,monitorar,47,18,38.61,119,raio_x,alergia,4.84,nao,sim,procesado,
FPC-00655,2025-09-22,Uberaba,MG,gato,Bulldog,1,4.83,ferimento na pata,monitorar,103,17,38.66,136,hemograma,alergia,3.87,,,cancelado,
FPC-00656,2025-03-14,Goiânia,GO,cachorro,Bulldog,3,9.73,NA,monitorar,15,30,"38,9",75,hemograma,alergia,4.03,NA,,em_atendimento,
FPC-00657,2025-01-22,Uberaba,MG,gato,Bulldog,1,15.6,NA,monitorar,43,14,38.19,156,nenhum,alergia,3.58,,nao,procesado,
FPC-00658,2025-04-30,Uberlândia,MG,cachorro,Labrador,9,21.98,vômito e apatia,monitorar,14,22,38.9,202,nenhum,,3.71,nao,SIM,cancelado,
FPC-00659,2025-09-29,Uberaba,MG,gato,Labrador,2,20.12,NA,monitorar,75,14,38.38,77,hemograma,,3.6,sim,,em_atendimento,
FPC-00660,2025-01-04,Porto Alegre,RS,gato,Labrador,5,14.23,vômito e apatia,monitorar,0,17,"36,44",108,nenhum,alergia,5,,,cancelado,
FPC-00661,2025-10-20,Salvador,BA,gato,SRD,3,7.58,dificuldade respiratória,urgente,34,17,38.21,108,NA,,2.19,,,cancelado,
FPC-00662,2025-05-11,São Paulo,SP,cachorro,Poodle,5,17.02,NA,monitorar,48,38,39.15,167,nenhum,trauma,3.72,sim,sim,procesado,
FPC-00663,2025-03-30,Uberaba,MG,cachorro,Poodle,4,"15,54",vômito e apatia,urgente,62,39,37.31,109,raio_x,trauma,3.24,NA,nao,cancelado,
FPC-00664,2025-03-30,Uberlândia,MG,gato,SRD,0,5.98,,monitorar,0,25,"39,32",124,nenhum,suspeita_infeccao,3.65,NA,nao,cancelado,
FPC-00665,2025-10-03,Porto Alegre,RS,cachorro,Poodle,3,8.64,ferimento na pata,monitorar,13,30,37.08,141,raio_x,alergia,4.37,sim,nao,cancelado,
FPC-00666,2025-08-19,São Paulo,SP,cachorro,,6,0.5,,urgente,57,24,"37,86",164,hemograma,NA,3.52,sim,nao,procesado,
FPC-00667,2025-01-07,Uberaba,MG,gato,Poodle,8,"6,8",dificuldade respiratória,monitorar,35,22,"36,94",136,ultrassom,,4.46,sim,SIM,procesado,
FPC-00668,2025-07-11,Uberlândia,mg,cachorro,Labrador,2,6.61,,monitorar,46,19,"39,97",95,hemograma,alergia,4.14,nao,SIM,finalizado,
FPC-00669,2025-08-01,Porto Alegre,RS,cachorro,Bulldog,4,"6,91",coceira intensa,monitorar,45,22,38.69,116,raio_x,NA,4.07,NA,SIM,finalizado,
FPC-00670,2025-02-23,São Paulo,SP,gato,Bulldog,4,21.28,febre alta,critico,60,38,"37,95",156,raio_x,suspeita_infeccao,5,,nao,finalizado,
FPC-00671,2025-06-06,Porto Alegre,RS,gato,Poodle,1,19.78,febre alta,monitorar,71,28,"39,27",123,NA,NA,5,nao,nao,finalizado,
FPC-00672,2025-04-30,São Paulo,SP,cachorro,Siamês,3,9.28,ferimento na pata,monitorar,37,24,"39,13",101,raio_x,trauma,3.56,NA,,procesado,
FPC-00673,2025-05-11,São Paulo,SP,gato,Poodle,6,"19,72",NA,monitorar,8,24,40.24,110,hemograma,,5,,nao,procesado,
FPC-00674,2025-07-21,Uberaba,MG,cachorro,Poodle,1,11.88,dificuldade respiratória,monitorar,23,19,39.0,179,nenhum,alergia,3.94,nao,SIM,em_atendimento,
FPC-00675,2025-01-19,Campinas,SP,cachorro,Bulldog,2,22.96,coceira intensa,monitorar,29,18,39.24,124,raio_x,trauma,1.89,sim,,em_atendimento,
FPC-00676,03/06/2025,Porto Alegre,RS,cachorro,,3,8.52,,monitorar,117,43,40.53,107,ultrassom,NA,5,sim,nao,finalizado,
FPC-00677,2025-01-12,Porto Alegre,RS,cachorro,Siamês,8,26.38,letargia,monitorar,85,8,37.5,169,raio_x,,3.61,sim,nao,finalizado,
FPC-00678,03-27-2025,Porto Alegre,rs,cachorro,Labrador,1,11.49,febre alta,monitorar,82,41,"39,03",150,raio_x,alergia,4.16,,,em_atendimento,
FPC-00679,data_invalida,Uberaba,MG,cachorro,Bulldog,10,27.2,coceira intensa,monitorar,114,29,39.22,76,hemograma,,2.85,,sim,em_atendimento,
FPC-00680,2025-06-21,Uberaba,MG,cachorro,Poodle,0,,,urgente,23,26,"36,53",110,raio_x,NA,4.4,NA,sim,procesado,
FPC-00681,02-25-2025,Porto Alegre,RS,gato,,4,11.04,letargia,monitorar,31,23,38.22,112,raio_x,suspeita_infeccao,3.81,NA,,cancelado,
FPC-00682,2025-10-18,Salvador,BA,cachorro,Siamês,1,19.01,ferimento na pata,urgente,22,28,39.76,151,nenhum,trauma,3.69,sim,sim,procesado,
FPC-00683,2025-06-09,Porto Alegre,RS,gato,,0,17.42,coceira intensa,monitorar,57,33,38.3,136,hemograma,NA,4.29,NA,SIM,cancelado,
FPC-00684,2025-06-09,Porto Alegre,RS,gato,SRD,5,6.41,vômito e apatia,monitorar,18,14,38.28,127,nenhum,trauma,4.46,,sim,finalizado,
FPC-00685,27/02/2025,campinas,SP,cachorro,SRD,11,7.0,,monitorar,24,13,"38,48",106,nenhum,suspeita_infeccao,2.29,,nao,finalizado,
FPC-00686,2025-09-27,Uberaba,MG,gato,,3,4.13,letargia,monitorar,11,14,38.89,116,NA,NA,4.14,nao,,cancelado,
FPC-00687,01-15-2025,Campinas,SP,gato,SRD,1,"18,17",febre alta,urgente,23,5,38.62,115,raio_x,trauma,4.87,NA,,em_atendimento,
FPC-00688,2025-09-21,São Paulo,sp,gato,,6,,ferimento na pata,monitorar,44,18,38.7,155,NA,NA,4.12,,nao,finalizado,
FPC-00689,2025-01-03,Campinas,SP,gato,Siamês,5,"12,73",,monitorar,0,39,"37,04",102,raio_x,NA,3.92,nao,sim,em_atendimento,
FPC-00690,2025-04-05,Campinas,SP,cachorro,Siamês,10,2.24,NA,monitorar,60,43,38.97,160,hemograma,NA,3.88,NA,,finalizado,
FPC-00691,01/03/2025,Uberaba,MG,cachorro,Siamês,0,"0,5",NA,monitorar,32,18,38.94,162,NA,alergia,5,NA,sim,procesado,
FPC-00692,2025-04-04,São Paulo,SP,cachorro,Poodle,5,19.66,ferimento na pata,monitorar,20,17,37.32,152,NA,NA,5,,sim,procesado,
FPC-00693,09-09-2025,Goiânia,GO,gato,Siamês,3,4.95,letargia,urgente,30,33,38.03,97,ultrassom,suspeita_infeccao,3.4,nao,,cancelado,
FPC-00694,2025-06-29,Campinas,SP,gato,,4,15.29,dificuldade respiratória,monitorar,85,36,39.29,155,NA,NA,3.43,nao,sim,finalizado,
FPC-00695,2025-02-02,Uberlândia,MG,gato,Labrador,6,"5,56",coceira intensa,monitorar,25,39,"38,81",114,hemograma,,4.25,nao,sim,procesado,
FPC-00696,21/09/2025,goiânia,GO,cachorro,Poodle,3,9.49,febre alta,monitorar,39,24,40.07,165,hemograma,trauma,3.88,,nao,procesado,
FPC-00697,2025-03-13,goiânia,go,cachorro,,12,23.06,,monitorar,6,17,37.44,131,raio_x,,2.99,nao,sim,procesado,
FPC-00698,2025-08-12,Uberlândia,MG,gato,,4,"1,61",,monitorar,0,26,39.46,142,ultrassom,alergia,1.88,,sim,finalizado,
FPC-00699,2025-04-05,Campinas,SP,cachorro,Bulldog,1,25.35,vômito e apatia,monitorar,37,10,37.79,60,nenhum,suspeita_infeccao,5,NA,SIM,procesado,
FPC-00700,2025-08-07,Goiânia,GO,cachorro,,3,0.5,,monitorar,10,25,38.53,121,hemograma,alergia,3.88,nao,,cancelado,
FPC-00701,2025-07-06,são paulo,SP,cachorro,Siamês,1,11.43,coceira intensa,monitorar,12,17,37.66,133,ultrassom,trauma,3.91,sim,sim,finalizado,
FPC-00702,2025-09-29,Campinas,SP,gato,SRD,4,11.54,dificuldade respiratória,urgente,37,18,38.7,109,nenhum,trauma,4.91,sim,sim,cancelado,
FPC-00703,2025-04-18,Goiânia,GO,cachorro,,,21.59,vômito e apatia,monitorar,6,26,38.02,107,raio_x,alergia,2.9,NA,sim,cancelado,
FPC-00704,2025-01-10,Porto Alegre,RS,gato,Bulldog,2,0.5,vômito e apatia,urgente,16,35,37.64,113,nenhum,NA,4.2,nao,SIM,em_atendimento,
FPC-00705,data_invalida,Porto Alegre,RS,cachorro,Labrador,1,7.06,vômito e apatia,monitorar,0,18,37.91,93,ultrassom,trauma,3.95,,sim,procesado,
FPC-00706,2025-04-04,Curitiba,PR,cachorro,Labrador,4,13.49,febre alta,monitorar,0,21,"37,63",74,raio_x,suspeita_infeccao,3.25,sim,nao,finalizado,
FPC-00707,08-02-2025,Curitiba,PR,gato,Siamês,9,32.89,ferimento na pata,monitorar,55,24,38.67,128,NA,NA,3.84,nao,sim,procesado,
FPC-00708,07-10-2025,Uberlândia,MG,gato,SRD,4,0.5,coceira intensa,monitorar,40,24,"37,34",102,raio_x,NA,4.31,,SIM,em_atendimento,
FPC-00709,2025-04-10,São Paulo,SP,cachorro,Siamês,3,"14,27",,monitorar,37,24,40.99,72,nenhum,,4.39,nao,nao,procesado,
FPC-00710,2025-05-12,Uberaba,MG,gato,SRD,6,18.58,NA,monitorar,40,36,39.41,126,ultrassom,trauma,3.41,nao,nao,procesado,
FPC-00711,2025-04-24,campinas,SP,gato,Bulldog,4,16.8,letargia,urgente,51,35,39.37,132,nenhum,suspeita_infeccao,4.28,sim,nao,cancelado,
FPC-00712,2025-06-27,Salvador,BA,gato,,6,21.88,,monitorar,37,15,41.21,110,hemograma,,5,NA,nao,em_atendimento,
FPC-00713,07-05-2025,Uberaba,MG,gato,SRD,0,15.53,febre alta,urgente,63,22,39.61,141,nenhum,alergia,4.98,nao,SIM,cancelado,
FPC-00714,2025-04-30,Curitiba,PR,gato,,3,"2,78",dificuldade respiratória,monitorar,44,20,37.84,116,ultrassom,NA,3.94,,SIM,cancelado,
FPC-00715,2025-02-13,Curitiba,PR,gato,,10,"12,85",NA,monitorar,30,24,37.83,120,ultrassom,NA,4.43,NA,SIM,em_atendimento,
FPC-00716,2025-04-11,Salvador,BA,cachorro,Siamês,0,,letargia,critico,14,32,36.78,115,nenhum,suspeita_infeccao,3.75,sim,sim,em_atendimento,
FPC-00717,2025-02-15,São Paulo,SP,cachorro,Labrador,5,16.87,letargia,critico,66,31,39.2,175,raio_x,,4.68,NA,,em_atendimento,
FPC-00718,2025-07-01,São Paulo,SP,cachorro,Labrador,3,16.98,coceira intensa,monitorar,41,9,"37,92",113,NA,alergia,2.8,NA,SIM,em_atendimento,
FPC-00719,2025-08-19,Porto Alegre,RS,cachorro,Poodle,3,12.88,dificuldade respiratória,urgente,11,10,38.61,140,ultrassom,alergia,5,sim,nao,cancelado,
FPC-00720,2025-04-04,Salvador,BA,gato,Labrador,4,14.86,ferimento na pata,monitorar,53,14,40.23,160,raio_x,,2.81,,nao,finalizado,
FPC-00721,2025-05-02,Curitiba,PR,gato,,2,17.81,coceira intensa,monitorar,0,21,39.87,132,ultrassom,,3.25,,sim,finalizado,
FPC-00722,2025-06-17,Campinas,SP,gato,SRD,0,6.76,letargia,monitorar,52,17,"39,02",90,NA,alergia,3.32,sim,nao,finalizado,
FPC-00723,2025-01-14,Uberlândia,MG,gato,Labrador,0,19.28,NA,monitorar,25,7,37.7,172,hemograma,NA,2.98,sim,sim,finalizado,
FPC-00724,05-02-2025,Uberaba,MG,gato,Siamês,8,14.78,coceira intensa,monitorar,31,40,"36,33",80,nenhum,alergia,5,NA,,finalizado,
FPC-00725,09-02-2025,Goiânia,GO,gato,Labrador,6,"0,71",dificuldade respiratória,monitorar,37,15,38.88,141,ultrassom,suspeita_infeccao,4.58,nao,sim,finalizado,
FPC-00726,data_invalida,Uberaba,MG,cachorro,Bulldog,10,,febre alta,monitorar,43,10,39.87,130,nenhum,NA,2.97,,,finalizado,
FPC-00727,2025-05-16,Curitiba,PR,cachorro,Bulldog,1,"10,34",coceira intensa,monitorar,0,13,"36,88",158,hemograma,alergia,5,NA,SIM,procesado,
FPC-00728,2025-09-08,Campinas,SP,cachorro,SRD,5,"5,89",febre alta,critico,53,24,40.35,165,ultrassom,alergia,2.62,sim,sim,em_atendimento,
FPC-00729,2025-01-10,Uberlândia,MG,gato,SRD,6,10.83,ferimento na pata,monitorar,41,38,37.25,106,ultrassom,trauma,4.21,NA,nao,procesado,
FPC-00730,2025-05-17,Salvador,BA,gato,Labrador,7,14.54,febre alta,monitorar,58,39,36.89,137,NA,NA,2.03,nao,,em_atendimento,
FPC-00731,19/06/2025,Curitiba,PR,gato,,8,"17,48",letargia,monitorar,72,27,38.35,91,hemograma,NA,4.75,,SIM,cancelado,
FPC-00732,2025-10-01,Campinas,SP,gato,,6,"20,79",coceira intensa,monitorar,19,42,37.05,126,hemograma,alergia,3.56,,sim,cancelado,
FPC-00733,data_invalida,Goiânia,go,gato,SRD,5,5.92,letargia,monitorar,13,25,39.59,147,hemograma,alergia,5,,,em_atendimento,
FPC-00734,01-15-2025,Curitiba,PR,gato,Poodle,5,"15,39",,monitorar,79,34,37.25,89,raio_x,trauma,3.97,nao,sim,em_atendimento,
FPC-00735,data_invalida,Goiânia,GO,cachorro,Labrador,6,19.41,vômito e apatia,urgente,66,32,37.94,143,hemograma,NA,2.8,sim,SIM,finalizado,
FPC-00736,2025-07-31,Goiânia,GO,gato,Poodle,2,11.43,letargia,monitorar,62,26,39.18,146,hemograma,alergia,3.78,NA,nao,em_atendimento,
FPC-00737,2025-03-06,campinas,sp,cachorro,Bulldog,5,"22,05",NA,monitorar,17,28,40.45,158,ultrassom,suspeita_infeccao,4.31,nao,nao,cancelado,
FPC-00738,2025-02-14,Salvador,BA,cachorro,,7,"13,29",dificuldade respiratória,monitorar,30,33,37.97,113,NA,,5,sim,sim,procesado,
FPC-00739,2025-01-12,Salvador,ba,gato,Labrador,0,10.25,letargia,urgente,35,13,39.18,87,ultrassom,trauma,2.57,,nao,em_atendimento,
FPC-00740,03-13-2025,São Paulo,SP,cachorro,Labrador,5,,coceira intensa,urgente,49,17,38.48,142,hemograma,alergia,3.57,NA,SIM,procesado,
FPC-00741,13/02/2025,Uberaba,MG,cachorro,SRD,2,6.35,,urgente,44,18,39.37,145,hemograma,suspeita_infeccao,3.6,sim,sim,procesado,
FPC-00742,2025-05-14,Uberlândia,MG,gato,Siamês,4,15.47,dificuldade respiratória,monitorar,77,28,38.58,93,NA,,4.83,NA,SIM,procesado,
FPC-00743,2025-04-12,Uberaba,MG,cachorro,Labrador,4,11.61,coceira intensa,monitorar,33,40,38.13,177,ultrassom,alergia,3.49,NA,sim,finalizado,
FPC-00744,2025-05-19,Campinas,SP,cachorro,Labrador,1,12.15,coceira intensa,monitorar,27,19,40.43,119,ultrassom,alergia,4.78,,nao,em_atendimento,
FPC-00745,2025-03-03,Curitiba,PR,cachorro,Poodle,7,24.33,letargia,monitorar,18,25,38.9,101,nenhum,NA,3.24,nao,sim,procesado,
FPC-00746,2025-02-21,Goiânia,GO,cachorro,,3,12.94,letargia,urgente,29,32,38.41,84,hemograma,suspeita_infeccao,4.58,nao,nao,finalizado,
FPC-00747,2025-09-01,São Paulo,SP,cachorro,Siamês,,0.5,NA,monitorar,28,52,38.12,90,hemograma,alergia,4.11,,sim,em_atendimento,
FPC-00748,30/07/2025,uberaba,MG,cachorro,Siamês,2,15.78,ferimento na pata,monitorar,48,15,38.97,166,nenhum,alergia,3.28,,nao,procesado,
FPC-00749,2025-05-16,São Paulo,SP,cachorro,Labrador,7,17.41,ferimento na pata,monitorar,34,43,"40,1",177,nenhum,NA,5,sim,nao,em_atendimento,
FPC-00750,07-25-2025,Salvador,BA,gato,SRD,10,8.06,NA,critico,20,5,37.55,107,nenhum,alergia,5,,,cancelado,
FPC-00751,2025-09-30,campinas,SP,cachorro,Poodle,4,0.5,dificuldade respiratória,urgente,19,30,"38,06",145,NA,,3.41,NA,,cancelado,
FPC-00752,30/06/2025,Goiânia,GO,cachorro,Poodle,7,17.53,NA,monitorar,0,23,39.7,161,raio_x,NA,2.3,sim,sim,em_atendimento,
FPC-00753,2025-08-01,Uberlândia,MG,cachorro,Bulldog,3,"1,37",ferimento na pata,urgente,14,25,37.34,151,raio_x,trauma,3.95,NA,,cancelado,
FPC-00754,2025-09-06,Uberaba,MG,gato,Bulldog,2,12.11,coceira intensa,monitorar,45,32,38.68,141,hemograma,suspeita_infeccao,3.97,,nao,em_atendimento,
FPC-00755,2025-10-26,Curitiba,PR,cachorro,Poodle,7,10.57,coceira intensa,monitorar,31,19,"39,42",60,ultrassom,,2.71,sim,,procesado,
FPC-00756,2025-07-22,Porto Alegre,RS,gato,Labrador,10,12.7,febre alta,monitorar,20,15,37.79,92,raio_x,,3.57,nao,nao,em_atendimento,
FPC-00757,27/02/2025,Porto Alegre,RS,cachorro,Labrador,6,5.04,coceira intensa,monitorar,29,22,39.03,115,ultrassom,NA,3.55,sim,,cancelado,
FPC-00758,2025-05-11,porto alegre,rs,gato,Poodle,6,11.24,dificuldade respiratória,critico,11,15,39.21,101,raio_x,alergia,3.0,nao,sim,cancelado,
FPC-00759,2025-05-10,Curitiba,PR,cachorro,Siamês,2,7.09,febre alta,monitorar,74,16,38.7,122,ultrassom,alergia,5,,sim,finalizado,
FPC-00760,21/03/2025,São Paulo,SP,cachorro,Poodle,8,15.87,letargia,monitorar,41,25,"39,24",85,nenhum,suspeita_infeccao,3.67,sim,SIM,cancelado,
FPC-00761,2025-08-25,Curitiba,PR,gato,Labrador,8,16.31,NA,urgente,46,16,38.94,131,nenhum,suspeita_infeccao,5,sim,,cancelado,
FPC-00762,10/10/2025,Campinas,SP,gato,Poodle,2,18.03,vômito e apatia,urgente,57,32,38.24,106,hemograma,NA,4.45,NA,nao,procesado,
FPC-00763,2025-08-04,Curitiba,PR,cachorro,Labrador,6,"5,59",NA,monitorar,19,35,38.24,125,NA,NA,5,NA,sim,procesado,
FPC-00764,2025-04-12,Salvador,BA,cachorro,Siamês,2,22.01,dificuldade respiratória,monitorar,51,30,39.57,118,ultrassom,trauma,5,nao,SIM,procesado,
FPC-00765,2025-02-10,Uberaba,MG,gato,Labrador,8,13.37,,critico,50,27,38.96,70,ultrassom,NA,5,,SIM,finalizado,
FPC-00766,2025-09-29,Curitiba,PR,cachorro,Poodle,0,3.47,dificuldade respiratória,monitorar,54,23,38.26,124,raio_x,NA,3.34,nao,sim,cancelado,
FPC-00767,2025-10-21,Porto Alegre,RS,cachorro,Siamês,2,15.97,letargia,monitorar,56,40,37.26,79,nenhum,trauma,3.82,,,finalizado,
FPC-00768,2025-05-09,Goiânia,GO,gato,Bulldog,2,31.07,coceira intensa,monitorar,61,30,38.31,92,nenhum,NA,4.45,sim,nao,finalizado,
FPC-00769,2025-10-01,Salvador,BA,cachorro,Siamês,8,8.45,NA,urgente,53,33,40.9,139,raio_x,trauma,3.95,,SIM,cancelado,
FPC-00770,2025-02-06,Uberlândia,MG,cachorro,Labrador,2,5.7,letargia,monitorar,2,35,38.88,118,hemograma,suspeita_infeccao,3.94,sim,SIM,finalizado,
FPC-00771,10-19-2025,Uberlândia,MG,cachorro,Bulldog,8,17.28,ferimento na pata,monitorar,65,19,38.61,108,NA,NA,4.61,NA,,finalizado,
FPC-00772,23/07/2025,Uberlândia,MG,cachorro,,6,0.5,letargia,urgente,53,24,37.26,111,nenhum,suspeita_infeccao,3.76,sim,SIM,cancelado,
FPC-00773,2025-04-26,São Paulo,SP,cachorro,Siamês,5,3.6,,monitorar,41,5,38.39,96,NA,NA,4.48,nao,SIM,cancelado,
FPC-00774,08-11-2025,Goiânia,GO,cachorro,Labrador,3,10.32,vômito e apatia,critico,21,19,38.5,108,nenhum,alergia,5,nao,sim,em_atendimento,
FPC-00775,2025-08-10,São Paulo,SP,cachorro,Siamês,3,11.96,,critico,68,25,38.35,119,hemograma,,3.52,NA,SIM,finalizado,
FPC-00776,2025-03-02,Campinas,SP,gato,Siamês,8,10.85,letargia,monitorar,43,14,38.19,138,nenhum,,4.86,sim,nao,finalizado,
FPC-00777,2025-06-08,Curitiba,PR,cachorro,Labrador,8,23.52,ferimento na pata,monitorar,0,13,37.55,167,ultrassom,suspeita_infeccao,4.97,nao,,procesado,
FPC-00778,2025-01-31,São Paulo,SP,gato,Siamês,5,,letargia,monitorar,27,23,38.03,160,NA,NA,2.32,,,em_atendimento,
FPC-00779,2025-04-22,Campinas,SP,gato,,5,0.5,ferimento na pata,monitorar,70,25,39.76,158,hemograma,trauma,3.4,nao,sim,procesado,
FPC-00780,2025-03-24,Porto Alegre,RS,cachorro,SRD,2,19.82,letargia,urgente,0,15,37.22,99,ultrassom,trauma,5,,nao,finalizado,
FPC-00781,data_invalida,Uberaba,MG,cachorro,Labrador,4,0.5,ferimento na pata,monitorar,37,28,38.66,120,nenhum,,5,sim,SIM,em_atendimento,
FPC-00782,2025-01-10,Uberaba,MG,cachorro,Bulldog,,5.09,,urgente,35,21,"39,43",64,raio_x,alergia,4.81,nao,,em_atendimento,
FPC-00783,2025-05-21,Curitiba,PR,cachorro,Bulldog,9,22.82,coceira intensa,monitorar,40,31,"37,57",118,NA,alergia,4.77,NA,SIM,cancelado,
FPC-00784,2025-09-13,Porto Alegre,RS,cachorro,Siamês,6,14.5,vômito e apatia,urgente,29,5,40.02,134,ultrassom,NA,4.74,NA,SIM,em_atendimento,
FPC-00785,04-22-2025,Goiânia,GO,cachorro,Labrador,6,20.51,NA,monitorar,10,5,37.07,113,NA,trauma,4.08,nao,sim,em_atendimento,
FPC-00786,2025-01-02,Curitiba,PR,cachorro,Poodle,2,11.22,,monitorar,6,24,39.4,113,raio_x,alergia,4.53,NA,sim,cancelado,
FPC-00787,2025-06-26,Salvador,BA,cachorro,Siamês,3,13.37,,monitorar,26,37,39.09,136,nenhum,,2.52,NA,sim,procesado,
FPC-00788,01-27-2025,Curitiba,PR,gato,SRD,9,10.28,dificuldade respiratória,monitorar,31,32,40.2,93,ultrassom,NA,4.7,NA,nao,finalizado,
FPC-00789,2025-06-24,Goiânia,GO,cachorro,SRD,3,13.09,febre alta,urgente,55,23,38.22,156,nenhum,suspeita_infeccao,3.0,NA,sim,finalizado,
FPC-00790,2025-08-13,goiânia,GO,gato,Poodle,5,0.5,NA,monitorar,19,20,38.07,100,raio_x,suspeita_infeccao,4.04,sim,sim,cancelado,
FPC-00791,08-01-2025,Porto Alegre,RS,gato,Siamês,7,17.01,coceira intensa,monitorar,8,19,37.35,71,nenhum,,3.36,nao,SIM,finalizado,
FPC-00792,data_invalida,Curitiba,pr,cachorro,Labrador,3,16.67,dificuldade respiratória,monitorar,50,10,36.92,101,hemograma,alergia,5,sim,,procesado,
FPC-00793,2025-04-09,Curitiba,PR,cachorro,Labrador,1,9.62,NA,monitorar,42,28,36.92,60,ultrassom,alergia,3.38,,SIM,em_atendimento,
FPC-00794,05-16-2025,Porto Alegre,RS,cachorro,Labrador,2,12.28,coceira intensa,monitorar,20,21,36.94,111,hemograma,,4.49,nao,SIM,finalizado,
FPC-00795,2025-10-22,Uberaba,MG,cachorro,,7,"27,54",febre alta,monitorar,70,8,37.39,141,ultrassom,trauma,4.95,,nao,procesado,
FPC-00796,2025-01-23,Uberaba,MG,gato,Labrador,6,10.72,dificuldade respiratória,monitorar,6,9,37.26,115,ultrassom,trauma,5,sim,SIM,em_atendimento,
FPC-00797,28/08/2025,Curitiba,PR,gato,SRD,2,17.99,dificuldade respiratória,monitorar,31,18,37.55,66,hemograma,trauma,3.15,NA,sim,procesado,
FPC-00798,2025-05-06,São Paulo,SP,gato,Poodle,4,8.65,febre alta,monitorar,52,5,37.89,60,NA,,5,nao,,finalizado,
FPC-00799,2025-02-03,São Paulo,SP,cachorro,SRD,6,3.35,NA,monitorar,19,13,39.34,127,ultrassom,suspeita_infeccao,2.4,nao,SIM,em_atendimento,
FPC-00800,2025-09-16,Campinas,SP,cachorro,Bulldog,3,16.54,vômito e apatia,critico,45,29,39.16,140,ultrassom,,4.06,nao,,cancelado,
FPC-00801,2025-07-23,Campinas,SP,gato,Labrador,,11.81,NA,monitorar,0,39,39.76,128,hemograma,trauma,3.36,,sim,finalizado,
FPC-00802,2025-05-15,Porto Alegre,RS,cachorro,Siamês,,12.32,dificuldade respiratória,monitorar,32,22,38.03,121,hemograma,,3.14,nao,,cancelado,
FPC-00803,2025-01-01,Uberlândia,MG,gato,SRD,4,,vômito e apatia,monitorar,31,26,"36,49",128,hemograma,trauma,3.76,nao,SIM,procesado,
FPC-00804,02-21-2025,Curitiba,PR,gato,Siamês,2,8.48,NA,monitorar,53,14,38.32,121,nenhum,trauma,5,,nao,em_atendimento,
FPC-00805,2025-01-10,Goiânia,GO,cachorro,Labrador,,19.65,coceira intensa,monitorar,0,5,39.65,123,nenhum,NA,5,sim,sim,finalizado,
FPC-00806,2025-05-24,Uberlândia,MG,cachorro,,7,25.49,dificuldade respiratória,monitorar,70,20,39.65,111,NA,NA,4.34,nao,,procesado,
FPC-00807,2025-07-12,Porto Alegre,RS,gato,Labrador,1,9.17,coceira intensa,monitorar,12,31,40.73,125,raio_x,alergia,5,NA,sim,cancelado,
FPC-00808,2025-05-01,São Paulo,SP,gato,Labrador,3,17.0,NA,urgente,93,38,37.4,107,raio_x,trauma,3.99,NA,SIM,finalizado,
FPC-00809,2025-06-27,Salvador,BA,cachorro,Siamês,5,9.46,NA,urgente,46,26,39.5,92,nenhum,trauma,4.77,nao,SIM,cancelado,
FPC-00810,2025-07-24,Goiânia,GO,cachorro,Poodle,3,6.42,letargia,urgente,39,17,39.64,97,NA,trauma,2.4,sim,,cancelado,
FPC-00811,2025-04-30,Curitiba,PR,cachorro,Labrador,12,2.23,,monitorar,44,25,37.01,104,NA,alergia,3.32,NA,sim,finalizado,
FPC-00812,2025-06-23,Goiânia,GO,cachorro,SRD,8,"10,62",dificuldade respiratória,monitorar,25,38,"38,6",93,ultrassom,NA,3.53,nao,nao,finalizado,
FPC-00813,2025-09-02,São Paulo,SP,cachorro,SRD,15,2.96,vômito e apatia,critico,14,32,37.23,115,hemograma,suspeita_infeccao,4.8,sim,sim,cancelado,
FPC-00814,2025-07-08,Curitiba,PR,cachorro,Poodle,7,2.63,,monitorar,23,24,"39,45",165,raio_x,alergia,4.25,NA,SIM,finalizado,
FPC-00815,08-12-2025,Uberlândia,MG,cachorro,SRD,2,7.57,,monitorar,75,25,"37,92",103,NA,,4.41,NA,nao,em_atendimento,
FPC-00816,2025-09-27,São Paulo,SP,gato,Bulldog,0,17.74,coceira intensa,urgente,28,31,38.81,119,hemograma,NA,4.21,,sim,em_atendimento,
FPC-00817,2025-02-10,Campinas,SP,gato,Bulldog,3,9.99,dificuldade respiratória,urgente,32,20,"39,33",109,NA,,4.0,,,finalizado,
FPC-00818,09-17-2025,goiânia,GO,cachorro,Poodle,5,13.21,dificuldade respiratória,monitorar,40,24,"38,3",133,raio_x,NA,3.96,NA,nao,em_atendimento,
FPC-00819,01-17-2025,Salvador,BA,gato,Bulldog,8,14.39,vômito e apatia,monitorar,33,20,41.44,118,raio_x,,4.93,,SIM,cancelado,
FPC-00820,2025-10-10,Goiânia,GO,cachorro,Poodle,6,22.28,vômito e apatia,monitorar,0,30,39.52,117,ultrassom,NA,3.24,sim,sim,em_atendimento,
FPC-00821,2025-05-29,Uberaba,MG,gato,Siamês,4,18.17,dificuldade respiratória,monitorar,77,26,38.06,111,hemograma,trauma,3.23,nao,nao,cancelado,
FPC-00822,16/01/2025,Uberlândia,mg,gato,Siamês,12,10.32,ferimento na pata,urgente,22,5,38.33,112,ultrassom,,2.59,,sim,cancelado,
FPC-00823,2025-08-12,Salvador,BA,gato,,0,"0,5",vômito e apatia,monitorar,39,18,38.85,114,ultrassom,alergia,4.06,,sim,procesado,
FPC-00824,2025-03-24,Curitiba,PR,gato,,0,12.29,coceira intensa,monitorar,47,33,37.18,157,hemograma,,3.95,sim,sim,procesado,
FPC-00825,data_invalida,Campinas,SP,gato,Poodle,5,10.54,,monitorar,20,39,38.74,101,raio_x,NA,3.12,nao,,procesado,
FPC-00826,2025-06-24,Campinas,sp,gato,Poodle,9,16.51,coceira intensa,monitorar,49,20,40.47,124,raio_x,alergia,2.63,NA,SIM,procesado,
FPC-00827,26/01/2025,Goiânia,GO,gato,Bulldog,8,5.49,NA,critico,44,9,37.94,91,ultrassom,alergia,4.93,NA,,finalizado,
FPC-00828,2025-07-18,Porto Alegre,rs,gato,,2,24.14,vômito e apatia,monitorar,55,27,"38,26",81,raio_x,,3.16,nao,nao,em_atendimento,
FPC-00829,2025-09-10,Goiânia,GO,cachorro,Labrador,,"13,34",ferimento na pata,monitorar,89,27,39.65,99,nenhum,alergia,3.92,NA,,finalizado,
FPC-00830,2025-09-03,Uberaba,MG,gato,Bulldog,2,,NA,monitorar,27,26,40.59,129,nenhum,trauma,4.42,nao,,em_atendimento,
FPC-00831,2025-02-07,Curitiba,PR,cachorro,Bulldog,2,19.13,letargia,monitorar,11,8,38.92,171,ultrassom,trauma,4.13,,SIM,em_atendimento,
FPC-00832,2025-10-03,Salvador,BA,gato,SRD,6,,febre alta,critico,67,17,38.33,96,raio_x,,3.57,nao,SIM,finalizado,
FPC-00833,2025-01-23,Uberaba,MG,cachorro,Bulldog,3,12.6,,monitorar,28,18,37.87,154,hemograma,,2.66,nao,SIM,em_atendimento,
FPC-00834,2025-04-28,Salvador,BA,gato,Poodle,7,19.04,vômito e apatia,monitorar,17,32,38.18,82,nenhum,suspeita_infeccao,4.7,nao,sim,cancelado,
FPC-00835,2025-07-27,Goiânia,GO,gato,Poodle,9,"9,99",letargia,monitorar,59,23,38.88,177,ultrassom,trauma,3.24,nao,,em_atendimento,
FPC-00836,01-31-2025,Curitiba,PR,gato,Poodle,3,6.86,NA,monitorar,62,6,39.33,183,ultrassom,suspeita_infeccao,2.0,sim,,cancelado,
FPC-00837,2025-08-05,Campinas,SP,gato,Siamês,2,19.11,NA,urgente,34,19,37.66,130,raio_x,,1.61,,SIM,procesado,
FPC-00838,09-20-2025,São Paulo,SP,cachorro,Poodle,5,16.42,,monitorar,46,26,36.98,134,ultrassom,suspeita_infeccao,5,,sim,finalizado,
FPC-00839,2025-06-28,Campinas,SP,cachorro,,3,3.86,letargia,urgente,12,35,38.75,98,ultrassom,trauma,4.52,,nao,cancelado,
FPC-00840,2025-05-14,Campinas,SP,cachorro,Bulldog,0,20.17,vômito e apatia,monitorar,93,28,"38,2",140,NA,alergia,4.04,NA,sim,procesado,
FPC-00841,data_invalida,Salvador,BA,cachorro,SRD,11,16.28,letargia,monitorar,17,30,"37,2",96,hemograma,suspeita_infeccao,3.72,,sim,procesado,
FPC-00842,2025-10-10,Goiânia,go,cachorro,SRD,2,17.27,ferimento na pata,monitorar,4,29,39.93,115,nenhum,trauma,3.49,sim,sim,cancelado,
FPC-00843,2025-01-24,Goiânia,GO,cachorro,Poodle,9,17.12,ferimento na pata,monitorar,14,24,41.03,104,hemograma,suspeita_infeccao,4.07,nao,SIM,procesado,
FPC-00844,2025-06-06,Uberaba,MG,cachorro,Siamês,6,20.14,vômito e apatia,urgente,11,40,36.09,140,nenhum,suspeita_infeccao,2.89,nao,SIM,procesado,
FPC-00845,03-08-2025,Uberaba,MG,gato,Labrador,8,16.13,coceira intensa,monitorar,34,8,35.47,124,NA,suspeita_infeccao,4.34,NA,sim,cancelado,
FPC-00846,2025-07-12,Curitiba,PR,gato,Bulldog,3,0.62,letargia,monitorar,58,45,41.91,109,nenhum,,2.59,nao,sim,finalizado,
FPC-00847,2025-10-08,Salvador,BA,cachorro,,0,16.13,ferimento na pata,monitorar,37,23,37.8,103,NA,,3.86,nao,,cancelado,
FPC-00848,2025-08-30,Salvador,BA,gato,Poodle,2,7.18,letargia,monitorar,7,44,40.45,126,NA,trauma,2.45,nao,sim,cancelado,
FPC-00849,2025-07-01,Uberaba,MG,cachorro,,1,11.42,coceira intensa,monitorar,63,10,39.44,103,ultrassom,,5,sim,,em_atendimento,
FPC-00850,09-07-2025,Salvador,BA,cachorro,,4,1.94,coceira intensa,urgente,25,5,39.38,170,ultrassom,trauma,3.87,sim,nao,finalizado,
FPC-00851,2025-03-16,Porto Alegre,RS,gato,Labrador,0,17.87,vômito e apatia,monitorar,28,19,39.46,108,raio_x,suspeita_infeccao,2.19,,SIM,finalizado,
FPC-00852,06-07-2025,Uberlândia,mg,cachorro,SRD,4,17.88,vômito e apatia,monitorar,39,17,38.64,146,raio_x,trauma,4.67,sim,nao,em_atendimento,
FPC-00853,2025-08-27,Goiânia,go,cachorro,Poodle,4,13.22,febre alta,monitorar,24,16,39.2,122,ultrassom,alergia,3.45,NA,SIM,finalizado,
FPC-00854,2025-07-10,Uberlândia,MG,cachorro,Labrador,7,16.53,dificuldade respiratória,critico,36,10,37.38,140,nenhum,suspeita_infeccao,3.23,sim,sim,procesado,
FPC-00855,2025-04-15,são paulo,sp,gato,Labrador,8,18.03,coceira intensa,urgente,79,19,"38,62",137,nenhum,alergia,2.28,,SIM,cancelado,
FPC-00856,2025-01-05,São Paulo,sp,cachorro,SRD,1,"8,96",letargia,monitorar,62,23,"37,87",102,ultrassom,NA,4.45,,sim,cancelado,
FPC-00857,2025-05-31,Curitiba,pr,cachorro,Poodle,6,20.32,febre alta,monitorar,50,11,37.59,127,NA,,3.26,,sim,cancelado,
FPC-00858,2025-08-18,Campinas,SP,cachorro,SRD,6,14.05,coceira intensa,monitorar,40,21,37.17,97,NA,suspeita_infeccao,5,,sim,em_atendimento,
FPC-00859,2025-02-02,Porto Alegre,RS,cachorro,Poodle,9,8.18,,critico,118,14,37.44,86,hemograma,,4.59,,SIM,procesado,
FPC-00860,2025-03-15,Curitiba,PR,gato,Bulldog,11,11.33,coceira intensa,urgente,55,7,38.59,97,NA,alergia,4.41,nao,SIM,cancelado,
FPC-00861,2025-09-24,Goiânia,GO,cachorro,SRD,3,0.5,dificuldade respiratória,urgente,23,40,"36,69",68,NA,,5,NA,sim,procesado,
FPC-00862,2025-04-24,Uberaba,MG,cachorro,Poodle,5,12.21,coceira intensa,monitorar,15,33,37.32,89,ultrassom,,5,nao,SIM,cancelado,
FPC-00863,2025-05-24,Goiânia,GO,gato,,,5.77,coceira intensa,monitorar,24,33,38.25,119,hemograma,,4.59,,,em_atendimento,
FPC-00864,2025-07-21,uberlândia,mg,cachorro,Bulldog,2,12.32,,urgente,34,30,"38,25",146,ultrassom,suspeita_infeccao,5,,sim,em_atendimento,
FPC-00865,08-30-2025,são paulo,sp,gato,Bulldog,4,11.17,,urgente,59,18,38.29,94,ultrassom,alergia,2.69,sim,SIM,em_atendimento,
FPC-00866,2025-05-01,Porto Alegre,RS,gato,SRD,7,6.78,coceira intensa,monitorar,54,15,39.28,113,NA,,4.48,,,procesado,
FPC-00867,20/07/2025,Uberaba,MG,cachorro,Siamês,8,3.65,letargia,monitorar,42,30,39.14,155,hemograma,suspeita_infeccao,4.81,nao,sim,procesado,
FPC-00868,2025-03-04,Campinas,SP,cachorro,Labrador,7,2.28,ferimento na pata,urgente,48,22,41.2,99,hemograma,trauma,4.56,nao,nao,em_atendimento,
FPC-00869,2025-04-18,Curitiba,PR,cachorro,Siamês,0,15.64,coceira intensa,monitorar,48,16,"39,51",124,hemograma,NA,4.26,,nao,procesado,
FPC-00870,2025-06-01,São Paulo,SP,cachorro,Poodle,0,17.07,,monitorar,27,35,38.76,135,ultrassom,trauma,4.45,,,em_atendimento,
FPC-00871,2025-05-04,Porto Alegre,RS,cachorro,,9,7.9,coceira intensa,monitorar,39,27,39.1,175,hemograma,alergia,3.99,sim,nao,em_atendimento,
FPC-00872,2025-01-23,Uberlândia,MG,cachorro,,4,23.09,,monitorar,20,21,39.43,95,nenhum,alergia,3.68,sim,SIM,procesado,
FPC-00873,2025-06-22,Salvador,ba,gato,Poodle,2,"0,5",ferimento na pata,monitorar,64,16,37.85,76,hemograma,,5,sim,nao,procesado,
FPC-00874,2025-04-15,Uberaba,MG,cachorro,Labrador,3,"0,5",febre alta,monitorar,3,15,39.45,102,ultrassom,,2.62,nao,,procesado,
FPC-00875,2025-10-20,Porto Alegre,RS,cachorro,,1,5.33,NA,monitorar,43,5,39.6,97,ultrassom,alergia,4.56,nao,nao,cancelado,
FPC-00876,2025-08-25,Porto Alegre,RS,cachorro,,4,3.55,coceira intensa,urgente,9,22,39.07,105,raio_x,trauma,2.22,NA,sim,finalizado,
FPC-00877,24/09/2025,Goiânia,GO,cachorro,Bulldog,7,"0,5",letargia,monitorar,31,36,41.03,108,ultrassom,suspeita_infeccao,2.82,NA,nao,cancelado,
FPC-00878,2025-01-29,Uberlândia,mg,gato,Bulldog,3,20.99,febre alta,monitorar,61,15,38.69,146,nenhum,NA,5,sim,sim,finalizado,
FPC-00879,07-28-2025,Campinas,SP,cachorro,Labrador,8,12.9,dificuldade respiratória,urgente,77,23,38.62,160,raio_x,suspeita_infeccao,5,sim,nao,cancelado,
FPC-00880,2025-05-20,Curitiba,pr,gato,Siamês,5,15.59,ferimento na pata,monitorar,65,17,41.01,121,NA,suspeita_infeccao,3.93,sim,SIM,finalizado,
FPC-00881,2025-01-11,Curitiba,PR,gato,Labrador,8,12.62,,monitorar,33,13,37.77,134,NA,trauma,3.99,nao,sim,finalizado,
FPC-00882,2025-07-22,Curitiba,PR,cachorro,Labrador,7,"8,81",dificuldade respiratória,monitorar,93,33,36.42,186,nenhum,suspeita_infeccao,4.2,,nao,cancelado,
FPC-00883,07-07-2025,Curitiba,PR,cachorro,Siamês,5,0.5,dificuldade respiratória,monitorar,0,19,"36,82",79,NA,suspeita_infeccao,4.19,,SIM,cancelado,
FPC-00884,06/02/2025,Uberlândia,MG,gato,,4,33.66,,monitorar,80,50,40.52,128,NA,suspeita_infeccao,5,,,procesado,
FPC-00885,2025-02-10,goiânia,GO,cachorro,Siamês,3,13.59,coceira intensa,monitorar,28,24,"38,1",111,ultrassom,trauma,4.5,sim,sim,em_atendimento,
FPC-00886,2025-05-19,Porto Alegre,RS,cachorro,,4,21.13,vômito e apatia,monitorar,0,23,"36,82",60,ultrassom,trauma,4.24,,sim,cancelado,
FPC-00887,2025-05-28,Campinas,SP,gato,Bulldog,7,24.0,ferimento na pata,monitorar,40,28,38.12,124,raio_x,suspeita_infeccao,2.73,,sim,em_atendimento,
FPC-00888,2025-10-06,São Paulo,SP,gato,Labrador,3,0.84,NA,monitorar,39,33,38.83,86,ultrassom,,4.67,nao,SIM,cancelado,
FPC-00889,2025-10-12,uberlândia,MG,cachorro,,,2.18,febre alta,monitorar,44,22,38.77,137,raio_x,,4.0,,,cancelado,
FPC-00890,2025-09-09,Porto Alegre,RS,cachorro,Labrador,2,11.37,NA,monitorar,43,40,37.8,87,raio_x,trauma,4.21,sim,SIM,cancelado,
FPC-00891,21/07/2025,Salvador,BA,cachorro,,8,0.71,letargia,monitorar,38,33,38.52,160,hemograma,suspeita_infeccao,4.08,,sim,cancelado,
FPC-00892,09-22-2025,Campinas,SP,cachorro,,6,0.5,febre alta,monitorar,84,19,39.19,140,NA,alergia,1.65,NA,SIM,finalizado,
FPC-00893,25/08/2025,Uberlândia,MG,gato,Siamês,2,10.95,vômito e apatia,monitorar,6,28,39.42,118,ultrassom,trauma,4.85,nao,,cancelado,
FPC-00894,2025-03-18,campinas,sp,cachorro,SRD,7,9.97,NA,critico,34,20,38.15,140,ultrassom,NA,5,,nao,procesado,
FPC-00895,2025-02-11,Campinas,SP,cachorro,,7,"16,86",,monitorar,42,31,40.45,140,hemograma,,3.17,sim,sim,finalizado,
FPC-00896,2025-09-12,Campinas,SP,gato,Siamês,6,"4,55",,critico,47,30,35.99,144,raio_x,,5,,SIM,finalizado,
FPC-00897,2025-07-27,Curitiba,PR,cachorro,Bulldog,5,5.51,coceira intensa,monitorar,39,42,38.18,153,NA,NA,4.32,sim,SIM,procesado,
FPC-00898,data_invalida,Goiânia,GO,cachorro,SRD,2,0.5,ferimento na pata,urgente,14,38,37.75,142,nenhum,trauma,3.76,,SIM,cancelado,
FPC-00899,2025-10-26,Salvador,BA,cachorro,Siamês,5,13.16,,monitorar,52,24,"37,78",107,ultrassom,,2.94,nao,nao,em_atendimento,
FPC-00900,22/02/2025,Curitiba,PR,cachorro,Bulldog,2,19.81,coceira intensa,monitorar,20,35,39.69,64,ultrassom,NA,2.4,NA,nao,procesado,
FPC-00901,10-17-2025,Campinas,SP,cachorro,Siamês,2,0.5,ferimento na pata,monitorar,18,42,40.17,143,hemograma,suspeita_infeccao,3.62,NA,,cancelado,
FPC-00902,01-12-2025,Salvador,BA,gato,SRD,5,10.14,dificuldade respiratória,monitorar,26,17,"40,84",98,ultrassom,,2.99,,sim,em_atendimento,
FPC-00903,2025-01-18,São Paulo,SP,gato,Bulldog,6,16.9,NA,critico,11,16,38.09,153,raio_x,suspeita_infeccao,5,nao,,cancelado,
FPC-00904,2025-04-01,São Paulo,SP,gato,,6,16.27,,urgente,53,22,39.43,124,raio_x,suspeita_infeccao,2.2,NA,,finalizado,
FPC-00905,2025-07-15,Uberlândia,MG,cachorro,Siamês,4,"4,4",ferimento na pata,monitorar,49,32,"38,39",106,nenhum,suspeita_infeccao,3.54,sim,sim,procesado,
FPC-00906,2025-08-13,Goiânia,GO,cachorro,Poodle,11,0.5,,monitorar,30,42,38.83,134,ultrassom,trauma,5,nao,sim,cancelado,
FPC-00907,2025-05-11,Uberaba,MG,gato,SRD,1,19.41,NA,critico,31,12,40.54,60,NA,,3.9,nao,SIM,em_atendimento,
FPC-00908,2025-04-30,Salvador,BA,gato,Siamês,2,8.77,dificuldade respiratória,monitorar,76,26,37.95,76,ultrassom,trauma,5,nao,nao,cancelado,
FPC-00909,03-13-2025,Uberlândia,mg,gato,Poodle,3,5.38,letargia,monitorar,38,34,38.42,67,ultrassom,,4.22,NA,SIM,finalizado,
FPC-00910,2025-04-11,São Paulo,SP,gato,Labrador,0,5.42,,monitorar,116,20,38.21,159,raio_x,NA,5,sim,SIM,em_atendimento,
FPC-00911,2025-02-10,Salvador,BA,gato,Poodle,,0.5,NA,monitorar,60,32,37.35,157,hemograma,suspeita_infeccao,5,sim,,procesado,
FPC-00912,2025-07-11,Uberaba,MG,cachorro,SRD,4,15.57,,urgente,37,5,"41,18",155,ultrassom,alergia,4.65,NA,SIM,cancelado,
FPC-00913,2025-09-30,Salvador,BA,cachorro,Bulldog,4,15.29,febre alta,critico,21,24,"40,02",83,hemograma,trauma,3.33,sim,nao,procesado,
FPC-00914,2025-04-30,Uberaba,mg,gato,SRD,5,"6,95",febre alta,critico,0,27,"36,25",160,nenhum,suspeita_infeccao,3.95,,sim,em_atendimento,
FPC-00915,2025-05-08,uberlândia,MG,gato,SRD,6,10.34,vômito e apatia,urgente,53,29,36.33,154,raio_x,NA,3.83,nao,nao,em_atendimento,
FPC-00916,05-22-2025,Uberlândia,MG,cachorro,Labrador,4,"0,5",letargia,monitorar,75,17,42.04,125,ultrassom,,3.64,sim,SIM,procesado,
FPC-00917,2025-01-18,goiânia,GO,cachorro,,1,8.75,NA,monitorar,19,32,39.98,101,ultrassom,suspeita_infeccao,3.63,nao,nao,cancelado,
FPC-00918,2025-09-07,São Paulo,sp,gato,Labrador,3,14.31,ferimento na pata,urgente,58,23,39.99,168,NA,trauma,3.87,NA,sim,finalizado,
FPC-00919,2025-09-24,Goiânia,GO,cachorro,Poodle,2,"17,69",letargia,monitorar,39,20,40.7,117,nenhum,alergia,5,nao,,finalizado,
FPC-00920,2025-07-01,São Paulo,SP,cachorro,Siamês,1,22.02,coceira intensa,monitorar,44,18,38.16,168,hemograma,suspeita_infeccao,3.51,,,finalizado,
FPC-00921,2025-04-22,São Paulo,SP,cachorro,Bulldog,8,25.9,letargia,monitorar,0,15,38.01,107,ultrassom,trauma,3.71,NA,sim,procesado,
FPC-00922,2025-04-10,Uberaba,MG,cachorro,Bulldog,3,10.7,ferimento na pata,monitorar,37,38,38.06,142,NA,alergia,3.1,nao,SIM,procesado,
FPC-00923,18/02/2025,Uberaba,MG,gato,SRD,12,"7,22",coceira intensa,critico,57,17,"38,12",94,NA,NA,4.77,,sim,cancelado,
FPC-00924,data_invalida,Uberaba,MG,cachorro,,9,"27,8",coceira intensa,monitorar,52,21,38.8,111,ultrassom,suspeita_infeccao,2.42,nao,nao,finalizado,
FPC-00925,2025-05-13,Porto Alegre,RS,cachorro,Siamês,4,16.24,febre alta,monitorar,17,30,37.6,116,raio_x,trauma,4.04,sim,,procesado,
FPC-00926,2025-02-05,Uberaba,MG,gato,Labrador,1,11.43,,monitorar,32,23,37.06,60,NA,alergia,4.13,sim,sim,procesado,
FPC-00927,2025-04-15,Goiânia,GO,cachorro,Siamês,5,28.9,letargia,monitorar,23,39,38.3,142,nenhum,,5,sim,nao,procesado,
FPC-00928,2025-07-16,Goiânia,GO,cachorro,,1,3.76,NA,urgente,40,27,"39,67",165,nenhum,suspeita_infeccao,3.47,sim,SIM,cancelado,
FPC-00929,06-21-2025,Curitiba,pr,cachorro,,2,0.5,ferimento na pata,monitorar,45,8,"38,18",83,NA,suspeita_infeccao,5,sim,,procesado,
FPC-00930,2025-05-13,Uberlândia,MG,gato,SRD,8,8.78,letargia,urgente,67,31,37.31,117,NA,trauma,4.27,NA,,finalizado,
FPC-00931,2025-09-18,Salvador,BA,gato,Poodle,8,8.75,febre alta,monitorar,63,22,40.21,134,ultrassom,suspeita_infeccao,4.28,sim,sim,finalizado,
FPC-00932,08-16-2025,Uberlândia,MG,gato,SRD,1,17.02,ferimento na pata,monitorar,36,26,36.36,119,raio_x,,2.8,NA,,cancelado,
FPC-00933,2025-06-29,Campinas,SP,gato,Bulldog,4,7.32,vômito e apatia,monitorar,63,18,37.81,119,ultrassom,alergia,3.94,NA,sim,finalizado,
FPC-00934,2025-09-18,Uberlândia,MG,cachorro,Bulldog,0,6.17,febre alta,monitorar,17,18,"38,11",143,hemograma,,3.64,sim,nao,finalizado,
FPC-00935,2025-06-18,Curitiba,PR,cachorro,SRD,0,13.77,,monitorar,60,35,40.45,82,hemograma,alergia,4.26,,,procesado,
FPC-00936,06-29-2025,Salvador,BA,gato,Bulldog,7,20.4,letargia,monitorar,13,25,38.94,86,NA,trauma,3.53,NA,SIM,procesado,
FPC-00937,2025-07-12,campinas,SP,gato,Siamês,0,17.26,ferimento na pata,urgente,40,12,37.81,114,NA,trauma,4.81,NA,nao,cancelado,
FPC-00938,2025-07-12,São Paulo,SP,cachorro,Poodle,4,9.2,letargia,monitorar,9,32,"38,53",113,raio_x,suspeita_infeccao,4.13,nao,,em_atendimento,
FPC-00939,2025-09-02,campinas,SP,cachorro,Bulldog,2,10.27,coceira intensa,urgente,26,19,39.67,140,nenhum,suspeita_infeccao,4.01,sim,sim,finalizado,
FPC-00940,2025-08-08,Uberaba,MG,cachorro,Siamês,1,16.77,vômito e apatia,monitorar,31,27,38.17,75,ultrassom,,2.9,NA,SIM,em_atendimento,
FPC-00941,2025-01-05,Campinas,SP,gato,Labrador,9,"6,11",coceira intensa,critico,48,32,"38,37",77,nenhum,suspeita_infeccao,5,nao,SIM,finalizado,
FPC-00942,2025-04-08,Goiânia,GO,cachorro,SRD,6,0.5,,monitorar,49,23,38.38,91,ultrassom,suspeita_infeccao,5,NA,,em_atendimento,
FPC-00943,2025-01-16,Campinas,SP,gato,SRD,6,19.38,dificuldade respiratória,monitorar,37,25,37.79,110,nenhum,alergia,4.5,NA,,procesado,
FPC-00944,10-10-2025,Curitiba,PR,cachorro,Labrador,5,9.94,coceira intensa,monitorar,20,36,"35,63",122,NA,alergia,4.31,nao,nao,em_atendimento,
FPC-00945,05-29-2025,Salvador,BA,gato,,4,"8,24",,monitorar,25,17,37.97,129,hemograma,,3.12,sim,sim,procesado,
FPC-00946,2025-07-17,Salvador,BA,cachorro,SRD,3,6.43,febre alta,urgente,39,26,37.77,94,raio_x,trauma,3.75,,SIM,cancelado,
FPC-00947,14/01/2025,Curitiba,PR,cachorro,Labrador,,14.63,,urgente,8,24,37.26,131,nenhum,,4.41,NA,nao,cancelado,
FPC-00948,2025-03-20,Porto Alegre,RS,gato,,4,2.74,,monitorar,58,28,38.15,123,raio_x,alergia,4.34,sim,sim,finalizado,
FPC-00949,2025-02-13,porto alegre,RS,cachorro,Siamês,5,"30,22",ferimento na pata,monitorar,13,18,38.1,124,nenhum,NA,3.72,NA,nao,cancelado,
FPC-00950,data_invalida,Campinas,SP,cachorro,Bulldog,3,,letargia,monitorar,28,19,39.75,141,nenhum,suspeita_infeccao,3.75,NA,SIM,procesado,
FPC-00951,2025-06-19,Curitiba,PR,gato,SRD,8,"22,78",NA,monitorar,53,27,39.51,114,hemograma,NA,3.81,,SIM,em_atendimento,
FPC-00952,2025-09-19,Campinas,SP,gato,Labrador,2,4.64,coceira intensa,urgente,29,19,37.41,125,NA,alergia,4.79,sim,,finalizado,
FPC-00953,28/05/2025,São Paulo,SP,cachorro,Bulldog,2,6.28,vômito e apatia,monitorar,0,46,37.42,160,NA,,4.25,nao,sim,procesado,
FPC-00954,2025-04-19,Porto Alegre,RS,cachorro,,10,19.18,letargia,critico,43,29,37.28,172,nenhum,alergia,4.98,,SIM,finalizado,
FPC-00955,2025-08-17,Uberlândia,MG,gato,Bulldog,4,18.11,coceira intensa,monitorar,19,19,41.51,169,hemograma,alergia,3.97,NA,SIM,finalizado,
FPC-00956,21/09/2025,Uberaba,MG,cachorro,Bulldog,6,"15,14",ferimento na pata,monitorar,0,5,39.56,136,hemograma,alergia,4.85,,,finalizado,
FPC-00957,2025-06-26,Salvador,BA,gato,Bulldog,2,8.72,dificuldade respiratória,monitorar,83,11,37.34,88,ultrassom,alergia,2.61,NA,sim,procesado,
FPC-00958,08-20-2025,Curitiba,PR,cachorro,Labrador,,"22,63",,urgente,53,19,37.46,133,NA,,3.44,NA,SIM,finalizado,
FPC-00959,2025-10-12,Salvador,BA,gato,Poodle,7,0.5,dificuldade respiratória,monitorar,27,38,38.08,108,nenhum,alergia,4.47,NA,SIM,procesado,
FPC-00960,01-23-2025,Curitiba,PR,cachorro,Labrador,,17.93,NA,monitorar,50,30,"37,8",127,NA,alergia,5,nao,,finalizado,
FPC-00961,2025-08-17,São Paulo,SP,gato,Labrador,2,16.12,dificuldade respiratória,monitorar,54,18,"38,83",112,ultrassom,,3.91,,sim,em_atendimento,
FPC-00962,2025-05-27,Goiânia,GO,cachorro,,4,18.61,,urgente,0,35,40.25,109,ultrassom,alergia,4.12,nao,nao,em_atendimento,
FPC-00963,2025-02-06,Uberaba,MG,gato,,6,9.65,,monitorar,72,31,38.56,130,hemograma,suspeita_infeccao,5,,nao,cancelado,
FPC-00964,2025-04-03,Porto Alegre,RS,cachorro,Poodle,7,10.67,dificuldade respiratória,urgente,27,18,"37,79",114,nenhum,NA,2.09,NA,,em_atendimento,
FPC-00965,data_invalida,Uberaba,MG,cachorro,Siamês,3,13.42,NA,critico,38,24,39.98,158,raio_x,trauma,5,sim,SIM,em_atendimento,
FPC-00966,2025-05-31,Uberaba,MG,cachorro,Siamês,4,0.5,vômito e apatia,monitorar,32,17,37.86,87,ultrassom,,4.95,sim,,procesado,
FPC-00967,2025-10-04,Campinas,SP,gato,Siamês,5,13.62,coceira intensa,monitorar,78,22,40.29,84,nenhum,suspeita_infeccao,3.59,sim,SIM,finalizado,
FPC-00968,02/06/2025,Salvador,BA,cachorro,Poodle,5,11.78,ferimento na pata,urgente,17,27,37.31,197,hemograma,NA,5,sim,SIM,em_atendimento,
FPC-00969,2025-01-13,Salvador,BA,cachorro,,9,14.37,,monitorar,0,20,39.53,117,ultrassom,alergia,3.22,,,procesado,
FPC-00970,2025-03-09,Salvador,BA,gato,SRD,5,25.45,letargia,monitorar,21,21,39.03,99,ultrassom,NA,1.13,,nao,finalizado,
FPC-00971,2025-07-13,Uberlândia,MG,cachorro,Siamês,6,32.82,letargia,urgente,15,21,37.55,95,nenhum,,4.92,sim,SIM,cancelado,
FPC-00972,2025-04-03,São Paulo,SP,cachorro,SRD,4,1.07,letargia,monitorar,60,35,39.47,109,raio_x,trauma,3.7,NA,SIM,cancelado,
FPC-00973,11/10/2025,Porto Alegre,rs,gato,,10,"4,63",dificuldade respiratória,urgente,37,26,"38,4",83,hemograma,trauma,4.08,nao,sim,finalizado,
FPC-00974,2025-06-06,Curitiba,pr,cachorro,SRD,2,18.34,,urgente,23,14,37.74,145,NA,alergia,4.47,sim,,em_atendimento,
FPC-00975,2025-08-19,São Paulo,SP,cachorro,SRD,2,0.5,vômito e apatia,monitorar,7,13,37.81,140,NA,suspeita_infeccao,2.77,,nao,cancelado,
FPC-00976,2025-09-22,Uberaba,MG,cachorro,Poodle,3,8.95,dificuldade respiratória,monitorar,80,30,37.52,162,raio_x,alergia,4.63,NA,SIM,finalizado,
FPC-00977,09/03/2025,São Paulo,SP,cachorro,SRD,2,,letargia,critico,15,23,39.42,163,NA,suspeita_infeccao,2.29,,,cancelado,
FPC-00978,10-25-2025,Salvador,BA,cachorro,,8,11.51,vômito e apatia,monitorar,22,31,40.32,122,ultrassom,trauma,2.48,NA,sim,em_atendimento,
FPC-00979,2025-03-06,porto alegre,RS,cachorro,Labrador,7,15.08,ferimento na pata,urgente,17,22,38.33,137,raio_x,suspeita_infeccao,3.42,nao,,finalizado,
FPC-00980,2025-06-22,São Paulo,SP,gato,Bulldog,0,"13,23",letargia,monitorar,29,27,"35,52",107,nenhum,alergia,3.39,NA,nao,finalizado,
FPC-00981,2025-02-19,São Paulo,SP,gato,Poodle,1,"24,57",ferimento na pata,monitorar,20,17,36.78,157,hemograma,,4.37,,sim,cancelado,
FPC-00982,data_invalida,Goiânia,GO,gato,Siamês,8,12.08,vômito e apatia,monitorar,67,40,"38,71",124,hemograma,trauma,5,nao,SIM,finalizado,
FPC-00983,01/05/2025,São Paulo,SP,cachorro,,7,16.34,vômito e apatia,monitorar,55,8,"39,27",103,ultrassom,trauma,2.38,NA,nao,em_atendimento,
FPC-00984,2025-09-18,Curitiba,PR,cachorro,SRD,12,"9,16",letargia,monitorar,53,27,37.27,166,ultrassom,alergia,4.27,NA,SIM,finalizado,
FPC-00985,2025-01-19,Goiânia,GO,cachorro,Bulldog,5,,vômito e apatia,urgente,6,37,36.59,85,raio_x,alergia,4.35,,SIM,cancelado,
FPC-00986,2025-06-03,São Paulo,SP,gato,Bulldog,3,"1,39",ferimento na pata,monitorar,21,23,38.96,105,NA,NA,4.62,sim,,procesado,
FPC-00987,data_invalida,Salvador,BA,gato,,3,5.24,NA,monitorar,38,26,37.38,65,raio_x,NA,5,,SIM,procesado,
FPC-00988,2025-04-04,Uberlândia,MG,cachorro,,4,,dificuldade respiratória,monitorar,0,22,"38,92",70,raio_x,alergia,4.94,,sim,procesado,
FPC-00989,2025-08-20,Uberaba,MG,cachorro,Poodle,7,"17,9",ferimento na pata,monitorar,67,42,37.25,163,nenhum,trauma,5,NA,SIM,finalizado,
FPC-00990,2025-08-10,Goiânia,GO,gato,Poodle,1,7.71,vômito e apatia,monitorar,45,25,38.35,121,raio_x,trauma,4.66,,sim,procesado,
FPC-00991,2025-07-02,Curitiba,PR,gato,SRD,7,0.5,ferimento na pata,monitorar,35,12,37.79,179,hemograma,NA,2.36,,,procesado,
FPC-00992,2025-05-11,Goiânia,go,gato,,,"13,08",vômito e apatia,critico,24,24,38.89,134,raio_x,NA,3.89,sim,nao,cancelado,
FPC-00993,2025-05-15,Salvador,BA,cachorro,Siamês,1,"9,44",febre alta,monitorar,35,36,39.44,126,NA,suspeita_infeccao,4.05,nao,SIM,finalizado,
FPC-00994,2025-05-19,Uberaba,MG,gato,Siamês,9,13.48,NA,monitorar,84,26,39.29,104,NA,suspeita_infeccao,4.6,nao,nao,cancelado,
FPC-00995,2025-05-05,Uberaba,MG,cachorro,,,"16,11",coceira intensa,urgente,69,44,"39,26",134,NA,trauma,2.82,nao,nao,procesado,
FPC-00996,2025-04-18,Goiânia,GO,gato,Poodle,4,0.5,letargia,monitorar,102,37,37.92,149,raio_x,,4.98,,,procesado,
FPC-00997,2025-05-21,Porto Alegre,RS,cachorro,Bulldog,1,,ferimento na pata,monitorar,50,33,"36,4",135,hemograma,suspeita_infeccao,4.13,sim,SIM,em_atendimento,
FPC-00998,19/07/2025,Campinas,SP,cachorro,,2,"10,9",vômito e apatia,monitorar,0,25,"40,38",113,nenhum,trauma,3.02,nao,SIM,cancelado,
FPC-00999,2025-09-25,São Paulo,sp,gato,Siamês,5,7.53,dificuldade respiratória,monitorar,31,34,40.74,171,hemograma,alergia,2.57,,sim,procesado,
FPC-00000,2025-05-30,Uberlândia,MG,cachorro,,7,14.48,letargia,critico,81,17,38.46,149,hemograma,suspeita_infeccao,3.82,sim,sim,finalizado,
FPC-00001,02-23-2025,Curitiba,PR,cachorro,,8,,ferimento na pata,monitorar,32,40,37.84,113,hemograma,alergia,5,NA,SIM,cancelado,
FPC-00002,31/03/2025,Salvador,BA,gato,Siamês,3,6.73,letargia,urgente,9,28,37.13,113,hemograma,NA,3.86,NA,sim,em_atendimento,
FPC-00003,2025-04-20,Salvador,BA,gato,Poodle,8,5.98,NA,monitorar,73,25,38.99,130,hemograma,suspeita_infeccao,3.22,nao,sim,cancelado,
FPC-00004,2025-06-09,Porto Alegre,rs,cachorro,Poodle,5,,dificuldade respiratória,urgente,18,38,39.0,129,raio_x,alergia,2.88,,SIM,em_atendimento,
FPC-00005,2025-10-13,Salvador,BA,cachorro,Poodle,4,5.02,febre alta,monitorar,13,18,"37,33",160,ultrassom,trauma,3.25,,,cancelado,
FPC-00006,data_invalida,Curitiba,PR,cachorro,Labrador,,3.84,NA,monitorar,10,32,38.25,172,NA,trauma,5,nao,sim,cancelado,
FPC-00007,09/04/2025,curitiba,PR,gato,Siamês,2,"16,83",letargia,monitorar,43,17,37.53,131,hemograma,suspeita_infeccao,4.97,nao,,procesado,
FPC-00008,2025-10-22,Salvador,ba,cachorro,Siamês,7,8.77,dificuldade respiratória,critico,0,23,37.85,139,hemograma,NA,5,nao,,em_atendimento,
FPC-00009,16/07/2025,Porto Alegre,RS,cachorro,Labrador,2,6.36,coceira intensa,monitorar,34,22,39.27,164,NA,NA,5,NA,,procesado,
FPC-00010,2025-01-14,São Paulo,sp,cachorro,Poodle,1,9.97,ferimento na pata,monitorar,11,19,36.37,125,nenhum,trauma,3.1,sim,SIM,finalizado,
FPC-00011,2025-03-20,campinas,SP,gato,Labrador,5,4.08,coceira intensa,monitorar,63,18,"39,4",60,raio_x,NA,5,NA,SIM,finalizado,
FPC-00012,2025-07-18,Goiânia,go,cachorro,SRD,5,13.99,coceira intensa,urgente,51,11,39.62,146,ultrassom,trauma,4.76,,nao,procesado,
FPC-00013,16/03/2025,Uberlândia,MG,gato,Siamês,5,25.13,dificuldade respiratória,critico,63,32,"39,09",101,hemograma,trauma,5,NA,,procesado,
FPC-00014,2025-10-28,Campinas,SP,gato,,6,1.5,NA,monitorar,54,22,39.68,126,ultrassom,NA,3.51,sim,sim,finalizado,
FPC-00015,2025-04-04,Uberlândia,MG,gato,Labrador,4,7.68,vômito e apatia,monitorar,42,23,38.43,146,NA,trauma,2.36,nao,sim,procesado,
FPC-00016,2025-04-19,Uberlândia,mg,cachorro,,6,"22,89",letargia,urgente,0,13,"37,12",147,ultrassom,alergia,4.24,,SIM,em_atendimento,
FPC-00017,2025-08-31,Curitiba,PR,gato,Labrador,,20.52,dificuldade respiratória,monitorar,28,35,38.09,115,hemograma,suspeita_infeccao,4.32,sim,sim,finalizado,
FPC-00018,2025-07-22,São Paulo,SP,cachorro,,3,"15,03",coceira intensa,monitorar,17,21,37.44,60,hemograma,trauma,2.12,sim,,em_atendimento,
FPC-00019,2025-08-15,Porto Alegre,RS,gato,,8,10.35,,urgente,58,14,38.29,126,nenhum,,5,NA,SIM,finalizado,
