registro_id,data_pedido,cidade,uf,cliente_id,prime,categoria_produto,produto,vendedor_tipo,valor_produto,valor_frete,prazo_estimado_dias,tempo_processamento_h,tempo_transporte_h,distancia_cd_cliente_km,volume_pacotes_rota,clima_rota,evento_sazonal,entrega_atrasada,avaliacao_cliente,devolucao,motivo_devolucao,produto_wishlist,abandonou_carrinho,comprado_junto,status_pedido,observacao
AMZ-00000,2025-03-21,Salvador,BA,C15,nao,eletronicos,Smartphone,marketplace,1148.41,"62,03",10,11,22,160.55,70,sol,nenhum,nao,3.1,nao,,nao,sim,nao,procesado,
AMZ-00001,2025-01-25,Uberlândia,MG,C4,sim,vestuario,Jaqueta,amazon,1186.66,0,7,21,47,182.07,109,nublado,nenhum,nao,4.7,nao,,,sim,nao,entregue,
AMZ-00002,2025-01-07,São Paulo,SP,C533,nao,eletronicos,Echo Dot,marketplace,2371.36,60.98,3,5,65,1,36,chuva,nenhum,nao,3.3,nao,,nao,nao,,procesado,
AMZ-00003,2025-01-29,Campinas,SP,C198,nao,livros,HQ Colecionável,marketplace,53.3,27.9,10,6,16,38.94,154,nublado,prime_day,nao,2.9,nao,,sim,nao,sim,procesado,
AMZ-00004,2025-06-12,Goiânia,GO,C563,sim,casa,Panela,amazon,1384.0,0,1,15,55,85.74,173,sol,nenhum,sim,2.5,nao,,nao,nao,nao,cancelado,
AMZ-00005,2025-09-05,Campinas,SP,C261,sim,eletronico,Arroz,marketplace,459.74,"13,51",2,11,68,40.28,64,nublado,prime_day,sim,1.3,sim,falsificado,,nao,sim,entregue,
AMZ-00006,09-24-2025,Curitiba,PR,C460,nao,supermercado,Detergente,marketplace,331.66,83.24,5,2,72,1,50,chuva,black_friday,nao,5.0,nao,,sim,sim,sim,devolvido,
AMZ-00007,2025-04-14,Uberlândia,MG,C312,nao,vestuario,Mochila,amazon,2170.92,74.42,10,18,40,75.81,114,temporal,nenhum,sim,2.5,sim,,sim,sim,nao,cancelado,
AMZ-00008,2025-08-15,Goiânia,GO,C574,nao,vestuario,Tênis,amazon,3460.02,80.78,1,12,22,188.91,88,nublado,nenhum,sim,"1,9",sim,arrependimento,,sim,nao,devolvido,
AMZ-00009,2025-10-28,São Paulo,SP,C446,nao,livros,Livro Técnico,amazon,1088.29,40.71,5,1,55,171.29,55,chuva,nenhum,nao,2.9,nao,,nao,nao,sim,entregue,
AMZ-00010,2025-01-07,Curitiba,PR,C33,sim,eletronicos,Smartphone,amazon,1850.37,0,4,19,900,113.42,27,sol,black_friday,nao,4.8,nao,,,nao,nao,devolvido,OUTLIER transporte muito longo
AMZ-00011,2025-06-08,curitiba,PR,C514,nao,vestuario,Camiseta,marketplace,2485.98,24.57,4,5,26,93.18,104,temporal,nenhum,nao,5,sim,NA,nao,nao,sim,entregue,
AMZ-00012,2025-08-12,Curitiba,PR,C242,sim,vestuario,Mochila,marketplace,2311.88,0,1,9,41,173.04,131,sol,nenhum,sim,2.8,nao,,,nao,,cancelado,
AMZ-00013,2025-07-10,curitiba,PR,C104,sim,livros,Kindle eBook,amazon,146.46,40.54,10,15,17,221.46,125,nublado,nenhum,sim,1.5,sim,produto_danificado,nao,nao,nao,entregue,
AMZ-00014,2025-05-10,Uberlândia,MG,C545,sim,supermercado,Sabonete,amazon,905.27,0,2,2,31,185.82,124,chuva,natal,nao,3.5,nao,,sim,nao,sim,entregue,
AMZ-00015,2025-10-01,São Paulo,SP,C29,sim,livros,HQ Colecionável,marketplace,2811.42,0,10,28,35,86.4,66,nublado,nenhum,nao,4.5,nao,,sim,nao,sim,procesado,
AMZ-00016,2025-05-10,Uberlândia,MG,C491,sim,super mercado,Livro Técnico,amazon,588.76,0,10,5,59,190.54,45,sol,black_friday,nao,4.0,sim,NA,,nao,,,
AMZ-00017,23/02/2025,Curitiba,PR,C175,sim,supermercado,Café,amazon,2220.42,0,10,16,50,"159,02",143,sol,natal,nao,3.4,nao,,sim,sim,,,
AMZ-00018,2025-08-20,Curitiba,PR,C445,sim,eletronicos,Echo Dot,marketplace,1006.49,0,4,12,25,133.85,5,sol,prime_day,nao,2.3,sim,falsificado,sim,nao,,cancelado,
AMZ-00019,2025-02-26,Salvador,BA,C596,nao,supermercado,Café,marketplace,2548.11,79.65,5,28,60,70.13,42,nublado,natal,nao,4.3,nao,,,nao,sim,entregue,
AMZ-00020,2025-01-30,Uberlândia,MG,C313,sim,livros,Kindle eBook,amazon,2677.72,0,5,15,8,52.55,77,sol,nenhum,nao,4.2,nao,,sim,nao,,procesado,
AMZ-00021,2025-08-06,uberaba,MG,C363,nao,eletronicos,Smartphone,amazon,"2517,07",10.79,1,14,68,1,143,chuva,prime_day,sim,2.4,sim,arrependimento,,nao,sim,,
AMZ-00022,2025-09-30,Uberaba,MG,C295,sim,eletronicos,Echo Dot,marketplace,1442.22,0,1,20,15,202.03,129,sol,nenhum,sim,2.9,sim,atraso,sim,nao,sim,cancelado,
AMZ-00023,2025-07-25,Uberlândia,MG,C457,nao,vestuario,Tênis,amazon,1026.09,"30,18",10,1,47,1,116,chuva,nenhum,nao,4.3,nao,,,nao,,,
AMZ-00024,02/03/2025,Uberaba,MG,C153,nao,casa,Lâmpada LED,marketplace,766.96,49.74,4,6,26,88.63,166,chuva,black_friday,nao,4.0,nao,,sim,nao,nao,procesado,
AMZ-00025,2025-05-19,São Paulo,SP,C178,sim,supermercado,Detergente,marketplace,3396.84,0,4,23,59,5000,41,chuva,nenhum,nao,"3,4",nao,,,nao,sim,,OUTLIER distancia extrema
AMZ-00026,2025-03-13,são paulo,SP,C17,sim,casa,Lâmpada LED,marketplace,1892.14,"39,92",10,13,82,68.88,57,chuva,nenhum,nao,5,nao,,nao,sim,sim,cancelado,
AMZ-00027,05/03/2025,Curitiba,PR,C267,sim,supermercado,Café,amazon,2222.39,0,5,12,64,103.16,133,sol,nenhum,nao,5,nao,,,nao,nao,,
AMZ-00028,2025-06-04,Campinas,SP,C99,nao,livros,HQ Colecionável,amazon,1250.83,51.53,10,1,56,223.74,26,nublado,nenhum,nao,3.2,nao,,nao,nao,nao,procesado,
AMZ-00029,2025-08-05,Curitiba,PR,C55,sim,supermercado,Café,marketplace,418.55,0,7,9,22,46.16,54,nublado,nenhum,nao,2.9,nao,,sim,nao,sim,procesado,
AMZ-00030,2025-09-02,Curitiba,PR,C390,nao,casa,Filtro de Água,amazon,2789.55,85.52,2,17,17,"113,65",95,chuva,nenhum,nao,4.8,nao,,nao,nao,sim,cancelado,
AMZ-00031,2025-07-31,Uberlândia,MG,C491,sim,eletronicos,Fire TV,amazon,2677.36,71.79,10,8,6,135.2,42,temporal,nenhum,nao,3.5,sim,produto_danificado,nao,nao,,procesado,
AMZ-00032,2025-03-10,Goiânia,GO,C397,nao,casa,Panela,marketplace,1612.93,80.49,3,19,31,1,106,sol,nenhum,nao,5,nao,,sim,nao,,,
AMZ-00033,2025-08-09,Goiânia,GO,C189,nao,eletronicos,Fire TV,marketplace,1337.42,76.49,3,19,2,5.94,61,chuva,nenhum,nao,4.3,nao,,,sim,,,
AMZ-00034,17/02/2025,Campinas,SP,C2,sim,supermercado,Café,amazon,"1679,36",0,3,11,25,75.09,126,sol,black_friday,nao,5,nao,,,nao,nao,cancelado,
AMZ-00035,2025-01-11,Rio de Janeiro,RJ,C323,sim,eletronicos,Smartphone,marketplace,2075.41,0,2,15,55,"27,18",9,sol,nenhum,sim,4.2,nao,,sim,nao,nao,entregue,
AMZ-00036,2025-01-20,Uberlândia,MG,C281,nao,supermercado,Arroz,amazon,"3426,22",40.01,3,1,35,159.8,113,chuva,nenhum,nao,2.8,nao,,nao,sim,sim,procesado,
AMZ-00037,2025-02-07,Curitiba,pr,C524,sim,casa,Organizador,amazon,2634.25,0,1,5,51,122.0,133,chuva,nenhum,sim,3.8,sim,NA,,sim,,devolvido,
AMZ-00038,2025-03-29,Rio de Janeiro,RJ,C563,nao,casa,Organizador,marketplace,607.4,23.4,7,11,54,92.22,118,sol,nenhum,nao,4.6,nao,,nao,nao,sim,cancelado,
AMZ-00039,2025-02-05,Goiânia,GO,C299,nao,eletronicos,Echo Dot,amazon,2667.61,"31,63",5,15,23,"182,52",64,sol,nenhum,nao,4.6,nao,,sim,sim,nao,,
AMZ-00040,2025-03-16,Uberlândia,MG,C68,sim,supermercado,Arroz,marketplace,99999.99,0,4,1,55,170.71,49,chuva,nenhum,nao,3.7,nao,,sim,nao,,entregue,OUTLIER valor produto
AMZ-00041,2025-05-10,Rio de Janeiro,RJ,C19,sim,casa,Filtro de Água,marketplace,1220.28,40.76,1,10,13,247.9,52,sol,prime_day,nao,4.1,nao,,,nao,nao,procesado,
AMZ-00042,2025-07-09,Curitiba,PR,C546,sim,vestuario,Jaqueta,marketplace,2225.28,0,10,9,53,1,101,temporal,prime_day,sim,2.3,nao,,,nao,,devolvido,
AMZ-00043,2025-09-15,Campinas,SP,C249,nao,livros,Kindle eBook,amazon,656.11,49.35,7,25,13,110.16,6,chuva,nenhum,nao,4.9,nao,,nao,nao,sim,cancelado,
AMZ-00044,data_invalida,Salvador,ba,C174,nao,casa,Lâmpada LED,amazon,293.8,74.9,5,16,33,150.83,114,chuva,black_friday,nao,3.7,nao,,sim,nao,nao,entregue,
AMZ-00045,05-13-2025,Curitiba,PR,C562,sim,eletronicos,Echo Dot,marketplace,2707.01,0,5,6,29,147.91,11,sol,nenhum,sim,4.7,nao,,nao,nao,sim,devolvido,
AMZ-00046,10-18-2025,Curitiba,PR,C483,nao,livros,Livro Técnico,marketplace,793.42,63.74,10,20,39,196.73,164,sol,nenhum,nao,4.6,nao,,nao,nao,,cancelado,
AMZ-00047,2025-01-20,Salvador,BA,C142,nao,eletronicos,Carregador USB-C,marketplace,323.19,65.79,3,1,25,162.33,43,sol,nenhum,nao,3.6,nao,,nao,nao,sim,devolvido,
AMZ-00048,2025-07-11,Rio de Janeiro,RJ,C343,sim,livros,Livro Fantasia,marketplace,1405.39,46.45,4,20,2,183.47,124,nublado,nenhum,nao,"3,6",nao,,sim,nao,sim,,
AMZ-00049,2025-01-16,Rio de Janeiro,rj,C73,sim,eletronicos,Echo Dot,marketplace,3374.34,0,1,17,43,36.1,140,chuva,nenhum,sim,3.8,nao,,sim,sim,,devolvido,
AMZ-00050,data_invalida,Salvador,BA,C146,sim,eletronicos,Carregador USB-C,marketplace,1056.42,0,10,13,25,1,26,sol,nenhum,nao,3.1,sim,arrependimento,nao,nao,,cancelado,
AMZ-00051,data_invalida,Curitiba,PR,C413,sim,casa,Organizador,marketplace,2563.67,76.44,7,22,2,14.31,68,sol,nenhum,nao,4.7,nao,,nao,sim,,,
AMZ-00052,2025-09-14,Uberlândia,MG,C34,sim,eletronico,Kindle eBook,marketplace,448.39,0,3,12,41,1,120,sol,nenhum,nao,5,nao,,,sim,sim,procesado,
AMZ-00053,04-18-2025,Curitiba,pr,C160,nao,eletronicos,Carregador USB-C,amazon,2503.4,65.66,5,19,11,131.74,130,nublado,nenhum,nao,"3,5",nao,,nao,nao,,,
AMZ-00054,2025-03-28,Curitiba,PR,C502,nao,livros,Kindle eBook,marketplace,3214.91,"33,97",1,7,39,197.94,74,sol,black_friday,sim,4.1,nao,,sim,nao,nao,devolvido,
AMZ-00055,07-09-2025,Uberlândia,MG,C137,sim,livros,Livro Técnico,amazon,2858.6,1500.00,1,10,2,86.29,56,sol,nenhum,nao,3.4,nao,,sim,nao,sim,cancelado,OUTLIER frete muito alto
AMZ-00056,2025-06-16,Goiânia,GO,C112,nao,eletronicos,Echo Dot,amazon,2344.98,58.34,3,14,71,88.76,130,chuva,prime_day,sim,4.0,nao,,nao,sim,,procesado,
AMZ-00057,2025-05-09,Uberaba,MG,C526,sim,supermercado,Arroz,amazon,1039.64,0,4,13,19,50.0,141,sol,nenhum,nao,5,nao,,,sim,nao,,
AMZ-00058,2025-09-19,Curitiba,PR,C427,nao,vestuario,Camiseta,amazon,1992.13,67.21,7,12,38,56.73,151,sol,nenhum,nao,3.7,nao,,sim,nao,,entregue,
AMZ-00059,2025-10-24,Rio de Janeiro,RJ,C450,sim,eletronico,Tênis,amazon,297.31,22.41,2,20,11,46.77,60,chuva,nenhum,nao,"2,5",nao,,nao,nao,,,
AMZ-00060,2025-09-18,Uberaba,MG,C244,sim,casa,Filtro de Água,amazon,223.51,0,7,2,2,203.94,137,chuva,prime_day,nao,3.2,nao,,sim,nao,nao,cancelado,
AMZ-00061,data_invalida,são paulo,SP,C470,nao,vestuario,Tênis,marketplace,"3239,34",67.36,3,21,51,1,117,sol,nenhum,nao,3.6,nao,,sim,nao,,,
AMZ-00062,2025-04-11,goiânia,GO,C160,nao,vestuario,Camiseta,marketplace,923.17,88.91,10,9,52,"209,05",54,sol,nenhum,nao,3.6,nao,,nao,sim,nao,,
AMZ-00063,data_invalida,São Paulo,SP,C520,sim,casa,Filtro de Água,amazon,3354.52,0,2,17,51,"121,59",137,sol,black_friday,sim,2.1,nao,,nao,sim,nao,procesado,
AMZ-00064,03-12-2025,Campinas,SP,C528,nao,eletronicos,Echo Dot,marketplace,"3334,77",82.06,5,10,62,219.04,126,sol,natal,nao,2.7,nao,,nao,nao,,cancelado,
AMZ-00065,2025-08-12,Uberlândia,MG,C354,sim,casa,Filtro de Água,marketplace,"2833,39",61.81,7,8,20,197.15,123,sol,nenhum,nao,"4,2",nao,,sim,nao,nao,,
AMZ-00066,23/02/2025,Curitiba,PR,C142,sim,eletronicos,Echo Dot,amazon,1308.89,"63,68",7,1,61,69.09,200,sol,natal,sim,2.4,nao,,,nao,nao,entregue,
AMZ-00067,2025-04-09,Goiânia,GO,C347,nao,supermercado,Detergente,amazon,2086.1,70.7,1,23,9,1,115,temporal,nenhum,sim,3.1,nao,,sim,sim,nao,entregue,
AMZ-00068,2025-08-06,Curitiba,pr,C2,sim,casa,Panela,marketplace,560.6,0,3,8,97,36.63,23,nublado,natal,sim,"4,5",nao,,nao,sim,,procesado,
AMZ-00069,15/04/2025,Uberaba,MG,C149,sim,vestuario,Mochila,marketplace,2751.31,0,3,16,46,231.75,100,sol,black_friday,nao,4.2,nao,,,sim,sim,devolvido,
AMZ-00070,2025-07-03,Goiânia,GO,C254,nao,vestuario,Mochila,marketplace,"2362,87","43,1",5,12,36,"119,94",96,chuva,nenhum,nao,9,nao,,,nao,nao,procesado,VALOR INVALIDO avaliacao fora da escala
AMZ-00071,29/09/2025,Campinas,SP,C421,nao,casa,Lâmpada LED,amazon,1665.31,8.04,10,24,2,1,35,sol,nenhum,nao,4.4,nao,,sim,nao,nao,procesado,
AMZ-00072,2025-10-16,Campinas,SP,C472,sim,vestuario,Camiseta,amazon,2757.24,0,4,10,55,58.89,105,chuva,nenhum,nao,2.8,nao,,sim,nao,sim,devolvido,
AMZ-00073,2025-05-08,Curitiba,PR,C232,sim,eletronicos,Smartphone,marketplace,1391.49,66.06,4,10,21,248.02,167,nublado,nenhum,nao,2.8,sim,atraso,,nao,nao,devolvido,
AMZ-00074,03-01-2025,Uberaba,MG,C598,sim,supermercado,Café,amazon,2576.02,0,2,23,80,174.62,43,sol,prime_day,sim,2.9,sim,arrependimento,sim,sim,sim,procesado,
AMZ-00075,2025-02-17,São Paulo,SP,C305,sim,casa,Filtro de Água,marketplace,2226.31,0,10,6,36,129.74,14,sol,natal,sim,1.7,nao,,sim,nao,nao,cancelado,
AMZ-00076,2025-05-24,Uberlândia,MG,C5,sim,eletronicos,Smartphone,amazon,1640.28,41.4,5,16,66,"58,74",87,temporal,nenhum,sim,1.3,nao,,sim,sim,,entregue,
AMZ-00077,2025-03-31,Rio de Janeiro,RJ,C227,sim,supermercado,Café,marketplace,581.17,0,1,1,20,47.49,116,nublado,nenhum,nao,5,nao,,nao,nao,nao,procesado,
AMZ-00078,27/07/2025,Curitiba,PR,C322,sim,supermercado,Detergente,amazon,102.75,0,4,16,63,77.26,82,sol,nenhum,nao,4.5,nao,,nao,nao,sim,,
AMZ-00079,2025-10-28,São Paulo,SP,C255,nao,casa,Filtro de Água,amazon,2070.3,65.9,3,10,79,96.98,86,sol,nenhum,sim,4.0,nao,,,nao,nao,cancelado,
AMZ-00080,2025-03-06,são paulo,SP,C497,sim,eletronicos,Fire TV,marketplace,1138.4,0,5,1,16,"192,48",63,nublado,nenhum,sim,4.5,nao,,nao,sim,sim,procesado,
AMZ-00081,2025-08-08,Uberaba,MG,C183,nao,livros,Livro Técnico,marketplace,"1806,24",33.49,4,1,39,115.68,110,nublado,natal,nao,3.8,nao,,nao,nao,sim,entregue,
AMZ-00082,2025-02-05,Rio de Janeiro,RJ,C234,sim,eletronicos,Fone Bluetooth,amazon,28.94,0,7,16,51,264.19,49,sol,nenhum,nao,4.5,nao,,nao,nao,nao,cancelado,
AMZ-00083,2025-03-22,São Paulo,SP,C559,sim,livros,Livro Técnico,amazon,2590.29,0,1,22,19,232.53,54,sol,nenhum,sim,3.1,sim,falsificado,,nao,nao,entregue,
AMZ-00084,2025-04-05,Uberlândia,MG,C34,nao,supermercado,Café,amazon,"2433,4",29.35,2,10,15,49.27,44,sol,nenhum,nao,4.5,nao,,sim,nao,sim,cancelado,
AMZ-00085,2025-05-12,São Paulo,SP,C553,sim,vestuario,Camiseta,amazon,86.07,0,3,14,53,154.84,10000,sol,nenhum,nao,4.2,nao,,nao,sim,,devolvido,OUTLIER volume de rota
AMZ-00086,2025-06-20,Rio de Janeiro,RJ,C7,sim,eletronicos,Echo Dot,marketplace,"2801,48",55.35,1,7,37,"10,18",80,temporal,nenhum,sim,2.9,nao,,,nao,sim,procesado,
AMZ-00087,2025-03-08,Goiânia,GO,C140,sim,livros,Kindle eBook,amazon,1794.08,83.77,10,1,28,71.5,1,sol,nenhum,nao,3.4,nao,,,nao,nao,devolvido,
AMZ-00088,2025-05-05,campinas,SP,C499,nao,vestuario,Tênis,amazon,1587.03,20.24,4,10,3,140.19,84,sol,natal,nao,"2,6",sim,arrependimento,nao,nao,,devolvido,
AMZ-00089,2025-06-03,Campinas,SP,C535,sim,eletronicos,Fire TV,amazon,2500.34,0,10,11,23,25.17,50,sol,black_friday,nao,3.2,nao,,sim,sim,sim,procesado,
AMZ-00090,2025-04-18,Campinas,SP,C428,sim,eletronicos,Echo Dot,marketplace,"3428,1",0,3,16,58,147.06,46,nublado,nenhum,sim,"1,6",sim,produto_danificado,sim,sim,sim,,
AMZ-00091,2025-01-12,Uberlândia,MG,C534,sim,super mercado,Jaqueta,amazon,27.06,0,4,7,27,173.24,84,chuva,nenhum,sim,2.5,sim,arrependimento,sim,nao,,cancelado,
AMZ-00092,2025-06-27,Uberlândia,MG,C194,nao,vestuario,Jaqueta,amazon,2186.36,32.87,2,1,32,98.03,44,sol,nenhum,nao,4.5,nao,,sim,nao,nao,entregue,
AMZ-00093,2025-08-04,São Paulo,sp,C239,sim,livros,Livro Fantasia,amazon,95.6,14.57,4,17,61,238.8,106,chuva,nenhum,sim,1,sim,falsificado,sim,sim,nao,procesado,
AMZ-00094,2025-01-02,Campinas,SP,C293,sim,eletronicos,Fire TV,amazon,"496,27",0,7,7,42,44.37,11,nublado,nenhum,nao,5,nao,,nao,nao,,devolvido,
AMZ-00095,2025-02-10,Curitiba,pr,C224,nao,casa,Panela,amazon,"1623,71","35,25",1,1,59,44.81,7,sol,nenhum,sim,3.9,nao,,nao,nao,nao,entregue,
AMZ-00096,10-21-2025,Curitiba,PR,C366,nao,casa,Lâmpada LED,amazon,2255.77,70.82,10,1,8,53.79,142,sol,prime_day,nao,2.4,nao,,nao,sim,,cancelado,
AMZ-00097,data_invalida,Curitiba,PR,C102,sim,casa,Lâmpada LED,amazon,3263.97,0,5,6,86,92.33,87,chuva,black_friday,nao,4.2,nao,,,nao,sim,,
AMZ-00098,26/05/2025,Curitiba,PR,C276,nao,vestuario,Jaqueta,marketplace,2658.56,12.63,10,20,33,275.92,78,nublado,prime_day,nao,3.9,nao,,sim,nao,sim,devolvido,
AMZ-00099,22/01/2025,Salvador,BA,C416,nao,eletronico,Echo Dot,marketplace,"878,53",58.04,7,22,34,1,91,nublado,nenhum,nao,5,nao,,sim,nao,,devolvido,
AMZ-00100,15/09/2025,Goiânia,GO,C123,nao,eletronicos,Fone Bluetooth,amazon,"1600,22",44.95,0,1,2,189.89,115,nublado,prime_day,nao,3.4,nao,,nao,nao,,devolvido,VALOR INVALIDO prazo zerado
AMZ-00101,03-31-2025,Uberlândia,MG,C416,nao,livros,HQ Colecionável,amazon,1113.49,14.54,2,12,41,67.87,117,temporal,nenhum,sim,4.4,nao,,,nao,,cancelado,
AMZ-00102,data_invalida,Uberaba,MG,C173,sim,eletronico,Echo Dot,amazon,2450.74,0,7,3,29,58.62,73,nublado,nenhum,nao,3.8,nao,,sim,nao,,,
AMZ-00103,2025-10-01,Salvador,BA,C98,nao,vestuario,Tênis,marketplace,1351.95,16.85,10,25,38,1,93,sol,nenhum,nao,4.0,sim,falsificado,nao,sim,,entregue,
AMZ-00104,2025-03-01,Curitiba,PR,C448,sim,livros,Kindle eBook,amazon,1444.08,33.72,10,1,23,"19,02",37,temporal,black_friday,nao,4.8,nao,,,nao,sim,,
AMZ-00105,2025-06-24,São Paulo,SP,C531,sim,livros,Kindle eBook,marketplace,"1061,07",8.1,7,7,2,63.24,147,nublado,nenhum,nao,3.5,nao,,,sim,nao,,
AMZ-00106,2025-09-07,Campinas,SP,C540,nao,livros,Kindle eBook,amazon,2372.86,19.69,1,18,52,162.75,7,chuva,nenhum,sim,2.9,sim,NA,,nao,sim,cancelado,
AMZ-00107,2025-09-26,Goiânia,GO,C232,sim,eletronicos,Fone Bluetooth,marketplace,566.01,0,4,15,41,15.27,186,sol,nenhum,nao,3.2,sim,NA,,sim,,cancelado,
AMZ-00108,2025-08-11,Curitiba,PR,C554,sim,eletronicos,Fone Bluetooth,amazon,3429.45,0,4,27,29,106.2,1,sol,nenhum,nao,2.6,nao,,nao,nao,,devolvido,
AMZ-00109,2025-06-24,Curitiba,PR,C352,sim,eletronicos,Smartphone,amazon,"2398,42","86,78",2,3,60,157.11,1,chuva,nenhum,sim,4.0,nao,,sim,sim,sim,devolvido,
AMZ-00110,2025-02-05,Uberlândia,mg,C197,nao,eletronicos,Fone Bluetooth,amazon,2574.2,22.62,5,6,39,133.56,71,sol,nenhum,sim,3.5,nao,,sim,nao,nao,entregue,
AMZ-00111,2025-04-03,Rio de Janeiro,RJ,C2,sim,vestuario,Mochila,marketplace,1797.66,68.37,7,7,39,1,74,sol,prime_day,nao,4.4,nao,,,sim,,cancelado,
AMZ-00112,2025-09-06,Uberlândia,MG,C425,nao,casa,Lâmpada LED,amazon,3016.35,79.11,4,3,42,69.51,126,sol,nenhum,nao,"2,5",nao,,sim,nao,,cancelado,
AMZ-00113,2025-02-18,Curitiba,PR,C94,sim,supermercado,Detergente,marketplace,3180.54,0,10,12,28,"143,85",67,nublado,black_friday,nao,3.9,nao,,nao,nao,,devolvido,
AMZ-00114,2025-10-09,Campinas,SP,C229,sim,eletronico,Mochila,marketplace,482.68,0,2,13,37,111.78,101,sol,black_friday,sim,3.5,nao,,nao,nao,nao,cancelado,
AMZ-00115,2025-01-18,Campinas,sp,C195,nao,eletronicos,Smartphone,marketplace,710.76,57.9,7,1,27,116.66,79,nublado,nenhum,nao,4.1,nao,,nao,nao,nao,,
AMZ-00116,2025-06-25,Uberlândia,MG,C359,nao,vestuario,Jaqueta,amazon,447.16,40.61,2,12,45,125.89,40,chuva,nenhum,sim,2.9,nao,,nao,nao,nao,cancelado,
AMZ-00117,2025-07-27,Goiânia,GO,C86,sim,eletronicos,Fone Bluetooth,amazon,727.64,0,10,11,49,49.48,118,chuva,nenhum,nao,2.6,sim,falsificado,sim,nao,sim,entregue,
AMZ-00118,2025-07-31,Salvador,BA,C505,sim,eletronicos,Carregador USB-C,amazon,996.54,"17,78",10,9,77,1,120,sol,prime_day,nao,"4,5",nao,,sim,nao,nao,devolvido,
AMZ-00119,2025-06-29,Salvador,BA,C149,sim,casa,Filtro de Água,marketplace,"939,96",19.73,2,16,43,247.12,76,chuva,prime_day,sim,4.0,nao,,,nao,,devolvido,
AMZ-00120,2025-02-13,Uberlândia,MG,C361,nao,eletronicos,Echo Dot,amazon,1153.45,12.67,4,3,35,"27,39",80,sol,nenhum,nao,4.2,nao,,sim,nao,sim,cancelado,
AMZ-00121,04-26-2025,Campinas,SP,C531,nao,casa,Organizador,marketplace,"3131,73",25.43,7,18,44,202.8,46,temporal,nenhum,nao,3.8,nao,,,sim,sim,procesado,
AMZ-00122,data_invalida,Curitiba,PR,C468,sim,livros,Livro Técnico,marketplace,3289.52,0,5,1,2,1,50,sol,prime_day,sim,"2,2",nao,,,nao,sim,,
AMZ-00123,2025-09-26,Campinas,sp,C507,nao,livros,Livro Técnico,amazon,3090.73,74.41,1,3,33,49.33,71,sol,natal,sim,2.7,nao,,,sim,,entregue,
AMZ-00124,2025-09-20,Campinas,SP,C252,sim,eletronicos,Fire TV,amazon,2422.46,0,5,16,24,41.7,31,nublado,prime_day,nao,4.0,sim,produto_errado,sim,nao,sim,cancelado,
AMZ-00125,14/04/2025,Curitiba,pr,C387,sim,eletronicos,Fire TV,marketplace,2929.6,17.38,1,6,42,231.82,98,sol,nenhum,sim,1.7,nao,,sim,sim,,,
AMZ-00126,2025-06-26,Salvador,BA,C189,sim,livros,Livro Fantasia,marketplace,"2741,68",0,10,13,39,51.24,70,nublado,nenhum,nao,5,nao,,,nao,nao,,
AMZ-00127,data_invalida,Curitiba,PR,C584,sim,vestuario,Tênis,amazon,2183.35,0,2,16,61,59.06,91,sol,nenhum,sim,2.2,nao,,nao,sim,nao,cancelado,
AMZ-00128,2025-08-05,Goiânia,GO,C538,nao,vestuario,Camiseta,marketplace,2355.9,27.44,5,6,34,84.93,128,nublado,nenhum,nao,4.5,nao,,nao,nao,sim,,
AMZ-00129,2025-07-13,uberlândia,MG,C331,sim,eletronicos,Carregador USB-C,amazon,2420.21,0,7,13,41,1,130,temporal,nenhum,nao,2.6,nao,,nao,sim,nao,entregue,
AMZ-00130,08-16-2025,São Paulo,SP,C13,sim,eletronicos,Smartphone,amazon,3155.2,0,3,14,24,"109,66",27,nublado,black_friday,nao,3.2,nao,,,sim,,devolvido,
AMZ-00131,09/07/2025,Curitiba,PR,C403,sim,casa,Filtro de Água,marketplace,154.97,0,5,18,40,182.97,49,nublado,nenhum,nao,2.7,nao,,nao,nao,sim,entregue,
AMZ-00132,2025-09-18,são paulo,SP,C385,nao,casa,Lâmpada LED,amazon,1527.17,39.02,7,8,52,"272,53",62,chuva,nenhum,nao,3.0,nao,,sim,nao,sim,devolvido,
AMZ-00133,2025-06-25,uberlândia,MG,C386,nao,casa,Panela,amazon,"757,18","84,08",2,18,2,"26,87",1,chuva,nenhum,nao,"4,6",nao,,,sim,sim,entregue,
AMZ-00134,2025-09-19,Uberaba,MG,C572,sim,livros,Kindle eBook,marketplace,1751.81,0,5,13,2,63.88,1,temporal,natal,nao,5,nao,,sim,sim,sim,entregue,
AMZ-00135,2025-02-04,Campinas,SP,C221,nao,eletronicos,Carregador USB-C,amazon,2829.81,"36,09",1,10,2,250.44,70,nublado,nenhum,nao,5,sim,produto_danificado,,nao,sim,entregue,
AMZ-00136,2025-04-17,Salvador,BA,C161,sim,vestuario,Mochila,marketplace,3462.53,0,4,3,38,110.66,72,nublado,nenhum,nao,4.4,nao,,sim,nao,sim,,
AMZ-00137,2025-04-26,Goiânia,go,C289,sim,vestuario,Camiseta,marketplace,2054.72,0,4,8,63,115.84,88,sol,natal,nao,5,nao,,sim,nao,sim,procesado,
AMZ-00138,2025-10-15,Goiânia,GO,C438,nao,casa,Panela,amazon,1888.74,"79,76",1,5,55,155.06,242,sol,black_friday,sim,2.6,nao,,sim,nao,sim,procesado,
AMZ-00139,2025-03-03,Curitiba,PR,C238,nao,vestuario,Camiseta,amazon,1809.56,76.07,7,9,22,1,104,nublado,nenhum,nao,4.3,nao,,sim,nao,,cancelado,
AMZ-00140,2025-09-07,uberaba,MG,C394,nao,supermercado,Café,amazon,"3113,81",84.02,4,7,2,"250,1",68,sol,black_friday,nao,2.2,sim,arrependimento,,nao,nao,entregue,
AMZ-00141,2025-06-27,Campinas,SP,C99,nao,eletronicos,Echo Dot,marketplace,2258.91,40.02,2,14,19,128.92,57,sol,nenhum,nao,4.9,nao,,nao,sim,nao,devolvido,
AMZ-00142,2025-07-05,Uberaba,MG,C500,nao,vestuario,Mochila,marketplace,280.88,45.61,7,4,29,"137,47",39,chuva,nenhum,nao,4.6,nao,,,nao,nao,procesado,
AMZ-00143,data_invalida,Rio de Janeiro,RJ,C14,sim,casa,Organizador,marketplace,3365.7,0,5,5,70,15.51,41,sol,nenhum,nao,5,nao,,,nao,,devolvido,
AMZ-00144,2025-05-23,rio de janeiro,rj,C468,sim,casa,Lâmpada LED,amazon,3071.03,0,5,18,15,206.25,111,chuva,prime_day,nao,4.9,nao,,,nao,nao,devolvido,
AMZ-00145,27/05/2025,Salvador,ba,C446,nao,livros,Livro Fantasia,marketplace,2758.57,26.61,1,18,42,198.51,92,sol,nenhum,sim,3.7,nao,,sim,nao,sim,devolvido,
AMZ-00146,05-09-2025,Goiânia,GO,C575,nao,casa,Panela,marketplace,884.75,77.3,3,10,17,97.82,24,sol,nenhum,nao,4.2,nao,,sim,nao,sim,devolvido,
AMZ-00147,2025-10-26,Curitiba,PR,C268,sim,casa,Filtro de Água,amazon,"781,13",0,5,12,10,146.91,81,sol,nenhum,nao,3.5,nao,,,sim,,procesado,
AMZ-00148,2025-04-14,Goiânia,GO,C379,sim,livros,HQ Colecionável,amazon,"2363,6",0,5,2,32,85.3,92,chuva,nenhum,nao,4.0,nao,,sim,sim,,cancelado,
AMZ-00149,10-14-2025,Goiânia,GO,C392,nao,vestuario,Mochila,amazon,"1331,9","32,8",2,14,44,216.78,102,sol,nenhum,sim,3.5,nao,,,sim,sim,entregue,
AMZ-00150,2025-03-25,Rio de Janeiro,RJ,C415,sim,livros,Livro Fantasia,amazon,24.58,0,3,8,2,43.9,171,sol,nenhum,nao,4.9,nao,,nao,sim,sim,devolvido,
AMZ-00151,2025-01-29,São Paulo,SP,C215,nao,vestuario,Camiseta,amazon,2107.42,51.74,10,1,32,166.61,119,chuva,nenhum,nao,"3,8",nao,,nao,nao,nao,entregue,
AMZ-00152,2025-06-21,Campinas,SP,C47,nao,casa,Lâmpada LED,marketplace,752.54,83.63,3,11,4,166.97,142,chuva,prime_day,nao,4.3,nao,,nao,nao,sim,entregue,
AMZ-00153,2025-02-01,campinas,sp,C14,sim,casa,Organizador,marketplace,1547.51,51.11,7,4,7,54.81,44,sol,nenhum,nao,5,nao,,,sim,nao,entregue,
AMZ-00154,2025-07-21,Uberaba,MG,C232,sim,supermercado,Sabonete,amazon,1622.99,68.31,2,15,21,284.06,114,sol,nenhum,nao,2.4,nao,,nao,nao,nao,cancelado,
AMZ-00155,2025-03-28,campinas,SP,C170,nao,casa,Organizador,amazon,267.63,70.44,2,11,14,229.84,51,sol,nenhum,nao,4.3,nao,,nao,nao,nao,,
AMZ-00156,2025-01-10,Uberlândia,MG,C309,sim,livros,HQ Colecionável,amazon,2290.73,0,7,8,65,1,3,nublado,nenhum,nao,2.5,nao,,sim,nao,,entregue,
AMZ-00157,2025-07-24,Uberlândia,MG,C260,nao,eletronicos,Echo Dot,marketplace,2804.88,"55,91",10,9,22,151.01,66,sol,prime_day,nao,"3,7",nao,,sim,sim,,procesado,
AMZ-00158,2025-03-10,Salvador,BA,C371,sim,eletronicos,Fone Bluetooth,amazon,2121.95,0,3,20,57,"48,06",154,sol,nenhum,sim,1.3,nao,,,sim,nao,cancelado,
AMZ-00159,2025-02-14,Curitiba,PR,C147,nao,livros,Livro Técnico,marketplace,1423.74,"27,85",10,15,20,"168,86",1,nublado,nenhum,nao,2.7,nao,,nao,nao,sim,entregue,
AMZ-00160,2025-06-22,São Paulo,SP,C491,nao,vestuario,Tênis,amazon,"2978,65",89.85,7,1,26,21.13,130,sol,nenhum,nao,2.6,nao,,sim,nao,,,
AMZ-00161,2025-06-09,Uberlândia,MG,C99,sim,livros,HQ Colecionável,marketplace,3359.13,0,1,17,39,125.21,75,sol,nenhum,sim,2.0,nao,,sim,nao,nao,cancelado,
AMZ-00162,2025-05-20,Goiânia,GO,C36,nao,livros,HQ Colecionável,marketplace,"1481,93",36.86,5,17,36,294.01,69,sol,nenhum,sim,2.9,nao,,sim,sim,nao,procesado,
AMZ-00163,2025-03-02,Uberlândia,MG,C38,nao,vestuario,Tênis,marketplace,"437,71",82.59,1,9,75,136.22,38,chuva,nenhum,sim,4.4,nao,,,nao,nao,procesado,
AMZ-00164,data_invalida,São Paulo,SP,C509,nao,eletronicos,Carregador USB-C,amazon,"1554,14",25.59,4,13,41,60.14,72,nublado,nenhum,sim,1,sim,NA,,nao,nao,cancelado,
AMZ-00165,2025-02-03,Uberaba,MG,C591,nao,super mercado,Fire TV,amazon,1229.44,10.09,7,6,42,160.95,100,sol,nenhum,nao,3.4,nao,,nao,sim,,entregue,
AMZ-00166,2025-08-02,Rio de Janeiro,RJ,C31,sim,casa,Filtro de Água,amazon,661.66,0,1,5,15,1,106,sol,nenhum,sim,3.7,nao,,nao,nao,,procesado,
AMZ-00167,2025-09-29,salvador,BA,C4,sim,livros,Livro Técnico,marketplace,2671.79,71.03,10,14,22,179.37,1,nublado,nenhum,nao,"3,9",nao,,sim,nao,sim,,
AMZ-00168,2025-03-16,Curitiba,PR,C401,nao,livros,HQ Colecionável,amazon,333.48,85.09,3,23,52,"167,11",168,nublado,black_friday,sim,1.8,nao,,sim,nao,nao,procesado,
AMZ-00169,2025-01-20,Rio de Janeiro,rj,C485,sim,eletronicos,Echo Dot,amazon,1106.28,"14,74",7,8,46,208.98,132,sol,prime_day,nao,4.6,nao,,,nao,nao,cancelado,
AMZ-00170,data_invalida,Rio de Janeiro,RJ,C399,sim,eletronicos,Smartphone,marketplace,3480.46,0,2,12,14,220.02,53,sol,nenhum,nao,"4,5",nao,,sim,nao,,entregue,
AMZ-00171,2025-04-15,Curitiba,PR,C203,sim,eletronicos,Fire TV,marketplace,1271.27,0,7,21,2,"44,9",136,sol,nenhum,nao,"4,1",sim,produto_errado,nao,nao,nao,devolvido,
AMZ-00172,2025-01-29,Goiânia,GO,C252,nao,livros,HQ Colecionável,marketplace,3368.49,78.0,3,24,4,263.51,83,temporal,nenhum,nao,"3,5",sim,produto_danificado,nao,sim,,cancelado,
AMZ-00173,2025-05-18,São Paulo,SP,C415,nao,vestuario,Tênis,amazon,525.82,60.78,5,20,48,126.66,95,chuva,nenhum,nao,1.6,nao,,sim,nao,sim,procesado,
AMZ-00174,2025-09-12,Campinas,SP,C141,sim,livros,HQ Colecionável,marketplace,"547,56",47.33,5,27,45,1,104,sol,nenhum,nao,4.1,nao,,,nao,,cancelado,
AMZ-00175,2025-08-29,Curitiba,PR,C525,nao,casa,Panela,amazon,1033.19,48.75,1,29,37,173.46,120,sol,nenhum,sim,3.7,nao,,,nao,,,
AMZ-00176,2025-07-20,Rio de Janeiro,RJ,C39,sim,vestuario,Jaqueta,amazon,2128.81,0,3,1,60,53.77,90,chuva,natal,nao,"4,7",nao,,,nao,,procesado,
AMZ-00177,2025-10-17,Goiânia,GO,C454,sim,eletronicos,Fone Bluetooth,marketplace,2081.67,"87,96",1,9,17,178.04,10,sol,prime_day,sim,1,nao,,nao,nao,nao,procesado,
AMZ-00178,01-08-2025,Uberlândia,MG,C245,nao,livros,HQ Colecionável,amazon,213.38,"34,19",1,12,33,205.99,115,nublado,nenhum,sim,2.0,nao,,nao,sim,nao,cancelado,
AMZ-00179,2025-04-10,Uberlândia,MG,C300,nao,super mercado,Panela,amazon,185.53,"52,79",4,18,43,150.71,39,sol,prime_day,nao,5,nao,,sim,sim,sim,entregue,
AMZ-00180,2025-03-11,Goiânia,GO,C222,sim,eletronicos,Carregador USB-C,marketplace,822.19,0,1,15,73,156.89,89,sol,natal,sim,3.3,sim,atraso,sim,nao,nao,cancelado,
AMZ-00181,2025-08-09,Rio de Janeiro,RJ,C555,sim,livros,Livro Fantasia,amazon,391.25,0,5,5,2,238.98,73,chuva,nenhum,nao,3.1,nao,,nao,nao,sim,cancelado,
AMZ-00182,2025-09-08,São Paulo,SP,C440,sim,eletronicos,Fone Bluetooth,marketplace,"3315,18",0,7,8,54,14.74,52,sol,nenhum,nao,5,nao,,,nao,sim,,
AMZ-00183,01/09/2025,goiânia,GO,C211,sim,livros,Livro Técnico,marketplace,405.09,0,10,9,88,146.58,70,nublado,nenhum,nao,"4,2",nao,,nao,nao,,procesado,
AMZ-00184,2025-03-13,são paulo,SP,C559,sim,vestuario,Camiseta,marketplace,2071.66,0,7,17,25,251.98,51,sol,nenhum,nao,2.6,nao,,nao,nao,nao,procesado,
AMZ-00185,2025-07-01,São Paulo,SP,C123,nao,super mercado,Sabonete,amazon,3186.07,22.03,2,22,55,77.34,1,nublado,prime_day,sim,"3,4",nao,,sim,nao,sim,,
AMZ-00186,07-28-2025,Uberlândia,mg,C392,sim,livros,Kindle eBook,amazon,2979.21,"75,88",2,5,36,190.16,134,temporal,nenhum,nao,5.0,nao,,sim,nao,,cancelado,
AMZ-00187,2025-02-16,Goiânia,GO,C336,nao,vestuario,Tênis,marketplace,"2948,89",71.53,5,9,16,25.06,62,sol,nenhum,nao,3.3,nao,,sim,nao,,procesado,
AMZ-00188,01-01-2025,São Paulo,SP,C582,nao,vestuario,Jaqueta,amazon,2981.21,51.94,1,6,65,"10,85",41,temporal,nenhum,sim,2.6,nao,,nao,nao,sim,cancelado,
AMZ-00189,2025-07-06,Campinas,SP,C251,nao,eletronicos,Carregador USB-C,marketplace,268.75,"45,17",10,22,43,188.63,93,sol,nenhum,sim,2.0,sim,produto_errado,nao,sim,sim,entregue,
AMZ-00190,data_invalida,Uberlândia,MG,C416,sim,eletronicos,Fone Bluetooth,marketplace,2674.75,0,2,8,10,83.08,79,nublado,nenhum,nao,5,nao,,nao,nao,,devolvido,
AMZ-00191,2025-02-28,Campinas,SP,C132,sim,supermercado,Detergente,marketplace,471.51,0,2,12,43,184.84,1,sol,black_friday,sim,3.1,nao,,,nao,,,
AMZ-00192,2025-07-12,São Paulo,SP,C259,nao,livros,Livro Fantasia,amazon,"15,11",27.36,3,5,23,"259,92",25,nublado,natal,nao,5.0,nao,,sim,nao,,entregue,
AMZ-00193,2025-09-08,Uberaba,MG,C155,nao,casa,Filtro de Água,marketplace,1056.37,71.5,10,17,2,182.15,25,nublado,nenhum,nao,4.7,nao,,nao,sim,,,
AMZ-00194,data_invalida,rio de janeiro,RJ,C245,sim,casa,Lâmpada LED,amazon,"1659,94",37.05,7,26,49,"204,35",22,nublado,natal,nao,3.8,nao,,sim,nao,sim,procesado,
AMZ-00195,2025-01-20,Uberaba,mg,C193,sim,eletronicos,Fire TV,amazon,1894.15,0,10,1,41,288.97,21,chuva,natal,nao,3.7,nao,,sim,nao,sim,cancelado,
AMZ-00196,06/08/2025,São Paulo,SP,C486,sim,eletronicos,Smartphone,marketplace,2452.79,74.92,1,27,10,1,52,sol,nenhum,sim,1,sim,,nao,nao,sim,,
AMZ-00197,2025-10-05,Uberaba,MG,C173,sim,super mercado,Fone Bluetooth,marketplace,800.34,10.35,5,28,18,310.16,95,nublado,nenhum,nao,5,nao,,sim,sim,,procesado,
AMZ-00198,2025-02-24,Campinas,SP,C509,sim,eletronicos,Echo Dot,marketplace,2995.15,0,10,24,36,116.11,26,chuva,natal,nao,3.2,nao,,,nao,nao,cancelado,
AMZ-00199,2025-02-27,Campinas,SP,C6,nao,livros,HQ Colecionável,marketplace,1360.85,72.89,7,6,45,1,76,sol,nenhum,nao,3.2,nao,,nao,nao,,,
AMZ-00200,2025-01-14,Uberaba,MG,C217,sim,livros,Kindle eBook,amazon,3046.4,0,10,27,39,109.87,98,sol,nenhum,sim,1.9,sim,falsificado,,nao,,cancelado,
AMZ-00201,2025-02-20,Campinas,SP,C13,sim,eletronicos,Fire TV,amazon,415.4,"76,01",10,11,33,29.26,125,nublado,nenhum,nao,5,nao,,,nao,nao,,
AMZ-00202,2025-10-20,uberaba,mg,C368,nao,eletronicos,Smartphone,marketplace,3442.16,65.4,3,12,53,191.94,78,sol,nenhum,nao,3.8,nao,,nao,nao,sim,procesado,
AMZ-00203,03/02/2025,Uberlândia,MG,C541,nao,livros,Livro Fantasia,marketplace,1615.14,20.68,2,9,26,132.13,113,sol,prime_day,nao,4.0,nao,,nao,nao,,cancelado,
AMZ-00204,2025-10-20,Salvador,BA,C40,nao,casa,Organizador,amazon,496.52,65.71,10,13,19,"200,56",59,sol,nenhum,nao,4.1,nao,,,sim,nao,cancelado,
AMZ-00205,09-18-2025,Goiânia,GO,C420,nao,casa,Filtro de Água,amazon,453.83,40.57,2,6,21,244.85,107,temporal,natal,nao,4.4,nao,,nao,nao,nao,procesado,
AMZ-00206,2025-02-25,São Paulo,SP,C377,sim,vestuario,Mochila,marketplace,2434.17,20.54,4,9,17,281.71,80,nublado,black_friday,nao,4.8,nao,,nao,nao,sim,entregue,
AMZ-00207,08-12-2025,Uberaba,MG,C331,sim,vestuario,Tênis,marketplace,1201.51,0,1,8,59,"116,46",127,sol,nenhum,sim,3.0,nao,,sim,nao,sim,devolvido,
AMZ-00208,2025-01-12,Goiânia,GO,C84,sim,supermercado,Sabonete,amazon,3292.7,39.44,7,7,6,98.46,80,chuva,prime_day,nao,5,nao,,,nao,sim,devolvido,
AMZ-00209,2025-08-16,curitiba,PR,C183,nao,eletronicos,Fire TV,amazon,"3372,6",61.47,3,20,17,131.16,9,sol,black_friday,nao,4.3,nao,,sim,nao,sim,,
AMZ-00210,12/09/2025,Rio de Janeiro,RJ,C40,nao,vestuario,Camiseta,amazon,"482,54","47,71",1,24,34,54.18,151,sol,nenhum,sim,3.0,nao,,sim,nao,nao,cancelado,
AMZ-00211,2025-09-24,Uberlândia,MG,C349,nao,casa,Filtro de Água,marketplace,1005.15,59.87,4,9,18,176.55,16,chuva,black_friday,nao,4.3,nao,,nao,nao,sim,entregue,
AMZ-00212,data_invalida,Uberlândia,MG,C525,nao,super mercado,Panela,amazon,1831.13,33.68,2,2,68,"20,21",1,chuva,nenhum,sim,2.1,nao,,nao,nao,sim,devolvido,
AMZ-00213,2025-10-25,Rio de Janeiro,RJ,C133,nao,supermercado,Sabonete,marketplace,"2009,68",51.32,1,4,26,31.8,142,nublado,nenhum,sim,1.8,nao,,sim,sim,sim,entregue,
AMZ-00214,2025-08-17,Campinas,SP,C58,nao,vestuario,Camiseta,amazon,408.6,"40,43",3,13,18,219.11,12,sol,natal,nao,3.2,nao,,,nao,nao,entregue,
AMZ-00215,2025-05-12,Uberlândia,MG,C163,sim,livros,Livro Fantasia,amazon,1005.28,0,5,12,41,9.92,144,chuva,nenhum,nao,3.8,nao,,sim,sim,sim,entregue,
AMZ-00216,20/06/2025,São Paulo,SP,C596,sim,vestuario,Camiseta,marketplace,2918.13,38.73,4,1,56,42.94,125,sol,nenhum,sim,1,nao,,,sim,nao,devolvido,
AMZ-00217,2025-01-11,Curitiba,PR,C541,sim,eletronicos,Fone Bluetooth,amazon,2918.54,0,2,21,36,177.8,46,sol,nenhum,sim,2.8,nao,,sim,nao,nao,cancelado,
AMZ-00218,2025-06-26,Rio de Janeiro,RJ,C155,sim,casa,Panela,marketplace,3375.71,0,2,4,48,136.48,102,temporal,nenhum,sim,3.2,nao,,,sim,sim,procesado,
AMZ-00219,2025-07-24,Curitiba,PR,C28,sim,eletronicos,Smartphone,marketplace,"1790,67",0,5,7,52,"18,56",124,sol,black_friday,nao,4.5,nao,,nao,nao,sim,cancelado,
AMZ-00220,data_invalida,Rio de Janeiro,RJ,C94,sim,livros,Livro Técnico,amazon,"2592,63",87.9,1,10,48,59.98,91,nublado,black_friday,sim,2.1,nao,,,sim,,devolvido,
AMZ-00221,2025-10-06,Curitiba,PR,C565,sim,vestuario,Tênis,amazon,2881.93,44.73,7,17,78,240.59,93,chuva,nenhum,nao,3.9,nao,,,sim,nao,devolvido,
AMZ-00222,data_invalida,Rio de Janeiro,RJ,C248,sim,supermercado,Arroz,amazon,2353.67,0,10,10,39,231.57,40,nublado,prime_day,nao,4.6,nao,,nao,sim,sim,cancelado,
AMZ-00223,2025-09-26,Curitiba,pr,C285,nao,casa,Filtro de Água,amazon,2301.93,"66,21",3,6,13,114.14,4,sol,nenhum,nao,2.7,sim,produto_danificado,nao,nao,nao,,
AMZ-00224,2025-10-17,Campinas,SP,C303,sim,supermercado,Sabonete,amazon,2616.43,50.08,10,27,30,127.23,1,nublado,nenhum,sim,3.0,sim,produto_danificado,nao,nao,nao,cancelado,
AMZ-00225,2025-06-04,Salvador,BA,C257,nao,eletronicos,Carregador USB-C,amazon,728.01,29.22,7,10,51,36.9,13,sol,nenhum,nao,"2,4",nao,,sim,nao,sim,procesado,
AMZ-00226,01/07/2025,Goiânia,GO,C148,nao,vestuario,Mochila,marketplace,2492.4,"33,92",2,25,60,202.75,78,sol,nenhum,sim,2.1,nao,,,sim,,entregue,
AMZ-00227,2025-02-09,Uberaba,MG,C240,sim,casa,Lâmpada LED,amazon,1336.01,89.28,2,5,40,101.31,39,nublado,prime_day,nao,4.6,nao,,,nao,sim,procesado,
AMZ-00228,2025-02-28,Uberaba,MG,C212,sim,vestuario,Jaqueta,marketplace,1094.86,73.93,5,5,46,"264,3",144,chuva,nenhum,nao,3.5,nao,,,nao,nao,,
AMZ-00229,2025-06-25,São Paulo,SP,C516,nao,eletronicos,Echo Dot,marketplace,"1271,85",46.15,2,9,66,139.33,1,sol,nenhum,sim,3.1,nao,,sim,nao,nao,entregue,
AMZ-00230,data_invalida,Rio de Janeiro,RJ,C231,sim,super mercado,HQ Colecionável,amazon,718.81,0,7,5,25,15.92,149,nublado,nenhum,nao,4.8,nao,,sim,nao,,cancelado,
AMZ-00231,2025-04-17,Goiânia,GO,C191,nao,casa,Filtro de Água,amazon,3151.59,64.81,3,15,66,126.74,25,nublado,nenhum,sim,"2,4",nao,,nao,nao,nao,procesado,
AMZ-00232,2025-05-18,São Paulo,SP,C200,sim,vestuario,Mochila,amazon,2334.64,77.97,3,10,47,1,29,sol,nenhum,nao,5,nao,,,nao,nao,entregue,
AMZ-00233,09/07/2025,Campinas,SP,C483,sim,eletronicos,Fire TV,amazon,1343.98,0,5,17,57,92.86,1,sol,prime_day,nao,4.6,nao,,,nao,,cancelado,
AMZ-00234,19/04/2025,Uberaba,MG,C184,nao,vestuario,Tênis,marketplace,2829.78,58.51,1,19,48,1,145,sol,nenhum,sim,3.3,sim,produto_errado,nao,nao,,,
AMZ-00235,07-12-2025,Rio de Janeiro,RJ,C290,sim,casa,Organizador,marketplace,1608.98,0,1,20,77,276.66,56,sol,nenhum,sim,1.2,nao,,sim,sim,nao,devolvido,
AMZ-00236,2025-09-22,Uberlândia,MG,C350,sim,supermercado,Café,marketplace,96.56,0,4,12,36,156.34,64,temporal,nenhum,sim,3.2,nao,,,nao,nao,devolvido,
AMZ-00237,09-10-2025,Goiânia,GO,C453,sim,livros,Livro Fantasia,marketplace,"594,34",0,1,11,50,41.92,76,temporal,black_friday,sim,3.6,nao,,sim,sim,sim,entregue,
AMZ-00238,2025-05-26,Campinas,SP,C56,sim,casa,Panela,marketplace,2097.25,0,4,16,37,116.67,137,sol,nenhum,nao,3.8,nao,,sim,sim,,devolvido,
AMZ-00239,07-05-2025,Curitiba,PR,C245,sim,livros,HQ Colecionável,marketplace,1622.95,0,10,9,58,267.32,42,sol,nenhum,nao,"3,9",nao,,sim,nao,sim,devolvido,
AMZ-00240,2025-03-02,Campinas,SP,C212,sim,livros,Livro Fantasia,amazon,2034.71,0,7,10,18,1,57,sol,nenhum,sim,"3,2",nao,,,nao,nao,cancelado,
AMZ-00241,2025-09-01,Curitiba,PR,C384,sim,casa,Filtro de Água,amazon,1188.1,83.49,1,9,28,67.34,88,sol,nenhum,sim,2.4,nao,,sim,nao,sim,cancelado,
AMZ-00242,2025-03-15,Uberlândia,mg,C86,nao,vestuario,Jaqueta,amazon,109.56,73.52,7,7,38,88.76,63,sol,nenhum,nao,3.5,nao,,nao,sim,nao,devolvido,
AMZ-00243,2025-10-11,Uberlândia,MG,C9,nao,supermercado,Arroz,amazon,"3234,05",17.93,2,11,38,250.79,109,chuva,nenhum,sim,2.0,nao,,,nao,nao,procesado,
AMZ-00244,2025-08-06,Curitiba,PR,C67,sim,eletronico,Smartphone,marketplace,1481.77,0,7,8,46,66.78,72,sol,prime_day,nao,4.9,nao,,sim,nao,nao,cancelado,
AMZ-00245,09-24-2025,Salvador,BA,C198,sim,supermercado,Café,marketplace,1191.53,0,4,11,2,277.33,63,sol,black_friday,nao,3.4,sim,produto_danificado,,sim,sim,,
AMZ-00246,data_invalida,Salvador,BA,C380,nao,eletronicos,Fire TV,marketplace,2402.53,67.65,4,1,2,1,101,sol,nenhum,nao,4.3,nao,,,sim,,devolvido,
AMZ-00247,2025-05-21,Campinas,SP,C595,nao,livros,Livro Fantasia,amazon,801.02,38.64,3,17,20,181.27,66,sol,nenhum,nao,2.9,nao,,sim,sim,nao,procesado,
AMZ-00248,2025-01-23,Goiânia,GO,C488,nao,eletronicos,Fire TV,amazon,2039.14,"32,06",1,35,14,136.79,66,sol,prime_day,sim,2.6,nao,,nao,sim,nao,procesado,
AMZ-00249,2025-07-22,Rio de Janeiro,rj,C342,nao,eletronicos,Echo Dot,amazon,167.44,36.12,10,10,25,98.59,44,chuva,nenhum,nao,5,nao,,,nao,,cancelado,
AMZ-00250,2025-09-27,Curitiba,PR,C286,nao,vestuario,Mochila,marketplace,3276.59,40.36,2,22,18,"186,37",102,sol,nenhum,nao,2.9,nao,,,nao,nao,cancelado,
AMZ-00251,07-12-2025,São Paulo,SP,C187,nao,supermercado,Arroz,amazon,1417.94,34.8,10,12,49,85.81,19,nublado,nenhum,nao,"4,7",nao,,,nao,sim,cancelado,
AMZ-00252,2025-01-20,Goiânia,go,C7,nao,vestuario,Jaqueta,amazon,1109.6,28.81,2,11,32,1,100,chuva,black_friday,nao,5,nao,,nao,nao,nao,procesado,
AMZ-00253,10/05/2025,Curitiba,PR,C305,sim,eletronicos,Fone Bluetooth,marketplace,"1989,11",0,4,20,2,51.37,120,chuva,prime_day,nao,2.0,nao,,sim,nao,,,
AMZ-00254,01/09/2025,Salvador,ba,C83,sim,livros,HQ Colecionável,marketplace,685.81,0,5,19,25,299.13,74,nublado,nenhum,nao,4.0,nao,,sim,nao,sim,procesado,
AMZ-00255,19/10/2025,Salvador,BA,C41,sim,vestuario,Camiseta,amazon,"332,69",0,1,17,26,"103,02",54,chuva,black_friday,sim,"2,7",sim,atraso,,nao,sim,devolvido,
AMZ-00256,2025-08-10,Curitiba,pr,C454,nao,livros,HQ Colecionável,marketplace,723.68,71.62,3,22,25,120.16,68,sol,nenhum,sim,3.0,nao,,sim,nao,nao,devolvido,
AMZ-00257,2025-04-05,Uberaba,MG,C335,sim,eletronicos,Smartphone,amazon,2953.3,0,4,14,26,123.81,101,sol,natal,nao,4.2,nao,,,sim,,entregue,
AMZ-00258,2025-01-15,Rio de Janeiro,RJ,C117,sim,casa,Organizador,amazon,"2493,2",0,5,12,29,"166,88",207,sol,nenhum,nao,2.6,nao,,,sim,sim,,
AMZ-00259,2025-08-03,Campinas,SP,C317,nao,vestuario,Camiseta,marketplace,"455,0",67.76,7,12,21,194.51,1,nublado,nenhum,nao,5,nao,,,sim,sim,procesado,
AMZ-00260,2025-07-17,São Paulo,SP,C236,sim,supermercado,Detergente,amazon,1993.96,0,4,21,56,1,35,sol,nenhum,nao,3.0,nao,,sim,nao,nao,devolvido,
AMZ-00261,2025-09-16,Curitiba,PR,C579,nao,livros,Livro Fantasia,marketplace,1110.39,75.35,3,10,2,"68,44",135,chuva,nenhum,nao,5,nao,,nao,nao,,cancelado,
AMZ-00262,2025-05-19,Curitiba,PR,C58,sim,vestuario,Jaqueta,amazon,481.04,34.19,3,5,9,38.09,31,chuva,nenhum,nao,5,nao,,,sim,sim,devolvido,
AMZ-00263,2025-03-29,São Paulo,SP,C445,sim,casa,Lâmpada LED,marketplace,1573.78,12.95,1,22,42,36.27,55,nublado,prime_day,sim,1.2,nao,,sim,nao,sim,,
AMZ-00264,2025-10-01,Salvador,BA,C376,sim,eletronicos,Smartphone,amazon,2401.94,57.78,4,2,48,156.76,94,temporal,prime_day,sim,2.2,nao,,nao,nao,,devolvido,
AMZ-00265,2025-07-22,Uberaba,MG,C552,sim,livros,Livro Fantasia,marketplace,"525,89",88.97,3,19,47,"89,89",38,sol,prime_day,nao,4.6,nao,,sim,nao,sim,procesado,
AMZ-00266,2025-09-03,Uberaba,MG,C342,sim,eletronicos,Fire TV,amazon,139.64,0,4,12,8,108.87,7,sol,prime_day,nao,4.3,nao,,,nao,sim,cancelado,
AMZ-00267,2025-05-03,Uberaba,mg,C46,nao,casa,Panela,marketplace,"2991,28",13.39,2,26,48,36.47,85,sol,nenhum,sim,3.3,nao,,nao,sim,sim,devolvido,
AMZ-00268,2025-08-31,Uberaba,MG,C301,nao,eletronicos,Smartphone,marketplace,1446.22,83.09,2,26,89,190.94,1,chuva,nenhum,sim,4.2,nao,,,nao,nao,cancelado,
AMZ-00269,2025-05-15,Salvador,BA,C299,nao,eletronicos,Smartphone,amazon,2392.13,13.89,10,3,37,1,43,chuva,nenhum,nao,3.0,nao,,sim,nao,sim,cancelado,
AMZ-00270,2025-05-23,Rio de Janeiro,RJ,C69,nao,livros,HQ Colecionável,marketplace,"229,36",48.36,10,3,3,1,59,nublado,natal,nao,5,nao,,,nao,,,
AMZ-00271,data_invalida,Salvador,BA,C416,sim,eletronicos,Smartphone,amazon,"3331,47","51,25",10,10,35,1,65,sol,nenhum,nao,3.3,nao,,,sim,,procesado,
AMZ-00272,2025-04-28,goiânia,GO,C33,sim,casa,Filtro de Água,amazon,1412.51,14.25,4,1,51,206.49,84,sol,prime_day,nao,3.7,nao,,sim,sim,nao,entregue,
AMZ-00273,2025-08-24,São Paulo,sp,C311,sim,eletronicos,Smartphone,marketplace,2476.56,"21,74",2,12,60,163.64,82,nublado,nenhum,sim,"4,5",nao,,nao,nao,,entregue,
AMZ-00274,2025-01-02,São Paulo,SP,C459,nao,eletronicos,Carregador USB-C,amazon,209.88,"34,05",4,14,26,129.31,35,sol,nenhum,nao,4.2,nao,,,nao,,entregue,
AMZ-00275,2025-10-17,Salvador,BA,C114,nao,supermercado,Arroz,marketplace,996.74,58.39,3,14,31,175.19,188,sol,nenhum,nao,3.2,nao,,nao,nao,nao,entregue,
AMZ-00276,2025-04-07,Salvador,BA,C540,nao,eletronicos,Smartphone,amazon,2616.29,16.47,5,13,61,94.96,87,sol,nenhum,nao,4.4,nao,,sim,sim,nao,entregue,
AMZ-00277,27/07/2025,Campinas,sp,C536,nao,vestuario,Mochila,amazon,"297,71",61.96,1,10,62,4.78,24,sol,nenhum,sim,3.0,nao,,,sim,,devolvido,
AMZ-00278,2025-04-03,Uberaba,mg,C306,sim,supermercado,Detergente,amazon,2225.42,0,5,12,12,"75,06",26,sol,black_friday,nao,3.1,nao,,sim,nao,nao,cancelado,
AMZ-00279,2025-04-25,salvador,BA,C41,sim,eletronicos,Fone Bluetooth,amazon,1652.84,0,1,8,51,174.68,32,chuva,nenhum,sim,2.0,nao,,,nao,nao,procesado,
AMZ-00280,07-21-2025,São Paulo,SP,C167,sim,supermercado,Arroz,marketplace,2861.64,0,5,15,22,"18,05",1,chuva,nenhum,nao,3.1,nao,,,nao,,procesado,
AMZ-00281,2025-02-23,Rio de Janeiro,RJ,C529,nao,vestuario,Camiseta,amazon,1973.29,69.96,1,11,16,163.71,179,chuva,nenhum,sim,1.8,nao,,nao,sim,,cancelado,
AMZ-00282,2025-03-19,curitiba,PR,C555,sim,eletronicos,Smartphone,marketplace,1357.81,50.78,10,20,37,203.61,152,sol,nenhum,nao,3.5,nao,,nao,nao,,devolvido,
AMZ-00283,2025-04-14,Curitiba,PR,C399,sim,eletronicos,Fire TV,marketplace,642.9,0,3,12,16,"102,71",81,sol,nenhum,nao,5,nao,,nao,sim,,entregue,
AMZ-00284,2025-01-25,Uberaba,MG,C211,sim,livros,Livro Fantasia,marketplace,3094.08,0,2,7,63,"257,78",82,chuva,nenhum,sim,3.7,nao,,,sim,sim,cancelado,
AMZ-00285,2025-09-30,Curitiba,PR,C455,nao,vestuario,Camiseta,marketplace,3356.24,"81,42",4,12,3,"195,41",86,sol,nenhum,nao,5,sim,produto_errado,nao,nao,,procesado,
AMZ-00286,2025-07-05,salvador,BA,C399,sim,casa,Filtro de Água,marketplace,1765.45,0,3,7,40,102.75,55,chuva,nenhum,nao,4.6,sim,atraso,,nao,nao,,
AMZ-00287,2025-06-11,Curitiba,PR,C335,sim,casa,Organizador,marketplace,2439.15,0,1,1,55,1,48,nublado,nenhum,sim,3.2,nao,,sim,sim,nao,,
AMZ-00288,2025-01-25,Curitiba,PR,C4,nao,livros,Kindle eBook,amazon,2293.08,24.4,7,20,24,8.66,46,sol,nenhum,nao,"4,0",nao,,sim,nao,sim,devolvido,
AMZ-00289,2025-03-04,Curitiba,PR,C575,sim,eletronicos,Smartphone,amazon,396.88,59.31,2,4,56,"216,41",19,sol,nenhum,sim,"1,7",nao,,sim,nao,sim,,
AMZ-00290,2025-08-20,São Paulo,SP,C107,nao,livros,HQ Colecionável,amazon,2567.21,83.48,5,15,2,118.57,73,sol,natal,nao,3.9,nao,,nao,sim,,,
AMZ-00291,2025-07-05,rio de janeiro,RJ,C424,sim,supermercado,Detergente,amazon,"1954,89",78.29,5,17,55,144.08,109,chuva,nenhum,nao,2.2,nao,,,nao,nao,cancelado,
AMZ-00292,05-31-2025,Salvador,BA,C314,nao,vestuario,Tênis,amazon,3280.47,77.92,2,5,27,30.6,135,nublado,natal,nao,3.7,nao,,nao,sim,nao,devolvido,
AMZ-00293,2025-01-25,Curitiba,PR,C184,nao,eletronicos,Carregador USB-C,amazon,420.83,55.36,4,16,64,178.03,25,sol,nenhum,nao,3.3,nao,,sim,sim,sim,cancelado,
AMZ-00294,2025-10-03,Curitiba,PR,C113,sim,casa,Panela,amazon,2961.16,0,2,10,28,144.26,26,sol,nenhum,nao,"4,7",nao,,,nao,nao,devolvido,
AMZ-00295,2025-07-06,rio de janeiro,RJ,C141,nao,eletronicos,Fire TV,amazon,1649.99,"44,78",4,4,72,67.9,15,sol,nenhum,nao,4.4,nao,,nao,nao,sim,cancelado,
AMZ-00296,2025-09-10,campinas,SP,C11,sim,supermercado,Café,marketplace,861.53,0,5,3,13,238.67,35,nublado,natal,nao,5,nao,,,sim,,entregue,
AMZ-00297,2025-09-25,Goiânia,GO,C71,nao,eletronicos,Fire TV,amazon,925.53,48.58,5,5,53,1,210,sol,nenhum,nao,3.7,nao,,,nao,,procesado,
AMZ-00298,2025-07-13,Campinas,SP,C538,sim,livros,HQ Colecionável,marketplace,3309.27,0,1,8,2,114.92,157,sol,black_friday,nao,4.1,nao,,nao,nao,nao,devolvido,
AMZ-00299,2025-10-27,Rio de Janeiro,RJ,C233,nao,eletronicos,Carregador USB-C,marketplace,"1300,2",22.83,3,10,4,1,11,sol,nenhum,nao,5,nao,,nao,nao,nao,entregue,
AMZ-00300,2025-06-18,Uberaba,MG,C299,nao,eletronicos,Fire TV,marketplace,2125.1,"43,14",2,11,20,195.03,52,sol,nenhum,nao,5,nao,,,nao,nao,,
AMZ-00301,2025-03-13,Campinas,SP,C598,nao,eletronicos,Fone Bluetooth,amazon,1298.93,65.15,2,5,15,1,159,sol,nenhum,nao,5,sim,atraso,,sim,sim,procesado,
AMZ-00302,2025-06-02,campinas,SP,C325,nao,vestuario,Mochila,amazon,1509.54,65.26,2,4,58,196.34,130,temporal,nenhum,sim,"3,4",nao,,nao,sim,nao,,
AMZ-00303,2025-03-28,Curitiba,PR,C131,sim,eletronicos,Fone Bluetooth,marketplace,1729.39,22.42,1,9,42,282.79,142,sol,prime_day,sim,"4,2",nao,,nao,nao,,procesado,
AMZ-00304,2025-04-04,Goiânia,GO,C324,sim,livros,Kindle eBook,amazon,604.98,0,10,1,3,188.91,6,sol,nenhum,sim,4.5,nao,,,nao,sim,entregue,
AMZ-00305,2025-09-20,Uberlândia,MG,C118,nao,casa,Filtro de Água,amazon,533.42,21.03,3,1,16,148.44,64,chuva,nenhum,nao,4.2,nao,,nao,nao,sim,procesado,
AMZ-00306,2025-08-20,Curitiba,PR,C449,nao,eletronicos,Echo Dot,marketplace,1661.05,85.05,5,7,66,190.26,90,sol,prime_day,nao,4.0,nao,,sim,nao,nao,,
AMZ-00307,2025-05-30,uberlândia,MG,C317,sim,livros,HQ Colecionável,amazon,3039.06,0,2,14,62,"212,38",49,nublado,nenhum,sim,2.2,nao,,,nao,,entregue,
AMZ-00308,data_invalida,Salvador,BA,C571,sim,vestuario,Jaqueta,marketplace,1597.02,0,1,12,35,9.53,43,sol,nenhum,sim,3.2,nao,,,nao,,cancelado,
AMZ-00309,2025-09-08,Curitiba,PR,C348,nao,vestuario,Mochila,marketplace,1392.63,33.21,7,7,29,243.21,48,sol,nenhum,sim,"3,7",nao,,,nao,,devolvido,
AMZ-00310,2025-02-24,Curitiba,PR,C186,nao,casa,Lâmpada LED,marketplace,1112.7,12.75,5,14,43,1,44,temporal,natal,nao,5,nao,,sim,nao,nao,,
AMZ-00311,2025-03-02,Salvador,BA,C237,nao,supermercado,Detergente,amazon,1886.4,63.79,3,9,42,136.54,194,nublado,nenhum,nao,2.6,nao,,nao,nao,nao,cancelado,
AMZ-00312,2025-05-30,Rio de Janeiro,RJ,C428,nao,supermercado,Detergente,marketplace,173.63,47.43,4,2,12,"166,02",92,nublado,natal,nao,5,sim,arrependimento,sim,nao,,,
AMZ-00313,04-05-2025,rio de janeiro,RJ,C294,sim,livros,Livro Técnico,amazon,3434.39,0,4,11,50,122.91,102,chuva,nenhum,nao,3.7,nao,,nao,nao,sim,procesado,
AMZ-00314,2025-07-20,Rio de Janeiro,RJ,C195,sim,supermercado,Sabonete,marketplace,"2622,12",0,5,22,26,205.21,15,sol,prime_day,nao,3.3,sim,falsificado,,sim,nao,procesado,
AMZ-00315,2025-04-10,Uberaba,MG,C187,nao,eletronicos,Echo Dot,amazon,"980,96",41.36,5,17,47,1,102,nublado,nenhum,nao,4.1,nao,,sim,nao,nao,cancelado,
AMZ-00316,2025-06-23,São Paulo,SP,C595,sim,eletronicos,Carregador USB-C,amazon,"3414,71",0,5,17,18,203.51,128,chuva,nenhum,nao,5,nao,,sim,sim,,devolvido,
AMZ-00317,2025-03-18,Curitiba,PR,C506,nao,eletronicos,Fire TV,amazon,2903.15,19.56,7,12,30,136.82,94,sol,nenhum,nao,4.5,nao,,sim,nao,,cancelado,
AMZ-00318,2025-04-22,Uberlândia,MG,C406,nao,livros,Livro Técnico,amazon,2803.98,11.99,5,7,2,193.73,109,chuva,natal,sim,1.9,sim,atraso,nao,nao,nao,cancelado,
AMZ-00319,15/02/2025,Uberaba,MG,C332,sim,livros,Livro Técnico,amazon,939.45,0,10,2,19,48.25,16,sol,nenhum,sim,1.7,nao,,,nao,nao,,
AMZ-00320,27/08/2025,Curitiba,PR,C408,nao,supermercado,Arroz,marketplace,3311.14,62.9,2,16,87,171.21,12,nublado,black_friday,sim,"2,8",nao,,sim,nao,,cancelado,
AMZ-00321,2025-01-19,Campinas,SP,C376,sim,eletronicos,Carregador USB-C,amazon,"573,63",0,10,7,2,117.06,117,sol,nenhum,nao,3.6,nao,,,nao,sim,cancelado,
AMZ-00322,2025-06-09,Uberlândia,MG,C480,nao,eletronicos,Smartphone,amazon,2235.23,24.7,5,8,30,104.82,24,chuva,nenhum,nao,5,nao,,nao,nao,nao,devolvido,
AMZ-00323,10-01-2025,Rio de Janeiro,rj,C105,sim,eletronicos,Carregador USB-C,amazon,"3355,88",0,4,7,38,113.82,36,chuva,nenhum,sim,3.3,nao,,nao,nao,,,
AMZ-00324,2025-10-20,Salvador,BA,C515,nao,livros,Livro Fantasia,marketplace,"1045,03",37.92,10,11,17,47.45,93,sol,natal,nao,4.9,nao,,,nao,sim,devolvido,
AMZ-00325,24/08/2025,Goiânia,GO,C242,nao,livros,Livro Técnico,marketplace,1224.62,62.71,4,16,59,85.18,60,nublado,nenhum,sim,2.9,sim,falsificado,nao,nao,,,
AMZ-00326,2025-06-27,Goiânia,GO,C443,nao,livros,HQ Colecionável,amazon,2025.22,19.85,10,28,68,"26,63",68,nublado,black_friday,nao,3.0,nao,,,nao,sim,procesado,
AMZ-00327,2025-02-26,Uberlândia,MG,C71,sim,eletronicos,Echo Dot,amazon,2199.76,0,5,2,71,164.54,118,chuva,nenhum,nao,3.2,nao,,,nao,sim,,
AMZ-00328,2025-09-29,Campinas,SP,C297,sim,eletronicos,Fone Bluetooth,amazon,"3063,27",53.54,7,5,58,269.96,133,nublado,nenhum,nao,4.4,nao,,sim,nao,,cancelado,
AMZ-00329,2025-06-09,São Paulo,SP,C325,sim,supermercado,Arroz,marketplace,1235.01,0,1,2,39,122.74,13,chuva,nenhum,sim,2.2,nao,,,nao,sim,procesado,
AMZ-00330,09-15-2025,São Paulo,SP,C147,nao,casa,Filtro de Água,amazon,1778.33,73.75,7,9,41,152.31,127,chuva,black_friday,sim,2.3,nao,,sim,nao,,,
AMZ-00331,2025-02-24,campinas,SP,C597,sim,eletronicos,Echo Dot,marketplace,357.23,10.45,7,6,56,174.0,46,sol,natal,nao,1.9,nao,,sim,nao,,,
AMZ-00332,2025-03-11,Rio de Janeiro,RJ,C389,nao,supermercado,Detergente,marketplace,"1698,28",39.05,5,16,51,105.16,88,sol,nenhum,nao,4.2,nao,,nao,nao,sim,procesado,
AMZ-00333,2025-08-14,Uberlândia,MG,C112,nao,eletronicos,Carregador USB-C,marketplace,"480,44","65,72",2,5,69,295.54,202,nublado,nenhum,sim,1.9,nao,,,nao,,entregue,
AMZ-00334,07-05-2025,São Paulo,SP,C542,sim,eletronicos,Carregador USB-C,amazon,3491.5,0,7,18,2,"151,27",183,chuva,nenhum,nao,4.9,nao,,nao,nao,nao,cancelado,
AMZ-00335,2025-05-02,Goiânia,GO,C580,nao,vestuario,Camiseta,marketplace,2028.11,"10,95",3,14,21,114.78,56,sol,nenhum,sim,2.1,nao,,nao,sim,nao,,
AMZ-00336,28/04/2025,Goiânia,GO,C14,nao,casa,Panela,amazon,3458.36,25.73,2,32,71,137.16,140,chuva,prime_day,sim,4.0,sim,,sim,sim,sim,devolvido,
AMZ-00337,2025-06-05,Campinas,SP,C72,sim,livros,HQ Colecionável,marketplace,1122.93,55.52,3,21,47,175.28,47,chuva,natal,nao,5,nao,,nao,nao,,entregue,
AMZ-00338,2025-06-06,Uberlândia,MG,C441,nao,vestuario,Tênis,marketplace,1748.39,25.61,10,1,27,133.31,105,nublado,black_friday,sim,3.7,nao,,nao,sim,,procesado,
AMZ-00339,03-09-2025,Goiânia,GO,C292,sim,supermercado,Detergente,marketplace,1520.83,34.98,7,16,9,142.37,109,chuva,nenhum,nao,5,nao,,,nao,sim,,
AMZ-00340,2025-01-24,Campinas,SP,C278,sim,vestuario,Jaqueta,amazon,1184.61,0,1,13,21,26.94,122,sol,nenhum,sim,1.2,nao,,sim,nao,sim,procesado,
AMZ-00341,2025-10-13,Salvador,BA,C214,sim,eletronicos,Fone Bluetooth,amazon,2733.45,0,5,21,22,202.87,116,nublado,black_friday,nao,3.1,nao,,,nao,nao,devolvido,
AMZ-00342,04-19-2025,Curitiba,PR,C307,nao,vestuario,Mochila,amazon,"1921,23",80.35,5,3,5,1,64,chuva,natal,nao,4.6,nao,,sim,nao,sim,procesado,
AMZ-00343,2025-06-24,Uberaba,mg,C270,nao,eletronicos,Carregador USB-C,amazon,2593.34,20.48,2,24,58,6.24,68,chuva,nenhum,sim,1.7,nao,,sim,nao,sim,devolvido,
AMZ-00344,data_invalida,Curitiba,PR,C9,nao,eletronicos,Fone Bluetooth,marketplace,"2309,42",30.3,4,22,67,58.77,28,sol,natal,nao,4.6,nao,,nao,nao,nao,procesado,
AMZ-00345,2025-08-30,Rio de Janeiro,RJ,C290,sim,livros,Kindle eBook,amazon,1786.17,0,4,5,40,7.17,219,chuva,black_friday,nao,3.9,nao,,,nao,sim,entregue,
AMZ-00346,2025-07-23,Rio de Janeiro,RJ,C417,nao,supermercado,Sabonete,marketplace,1220.82,43.46,7,11,49,13.17,77,sol,nenhum,sim,1.6,sim,produto_danificado,nao,nao,nao,procesado,
AMZ-00347,2025-09-14,Goiânia,GO,C430,nao,livros,Livro Técnico,marketplace,2283.22,72.13,7,21,2,106.6,139,sol,natal,nao,"4,5",nao,,,nao,nao,,
AMZ-00348,2025-03-12,Uberlândia,MG,C228,nao,livros,Livro Técnico,amazon,3179.96,8.42,2,22,46,"231,11",187,sol,nenhum,sim,2.3,nao,,,sim,,,
AMZ-00349,21/06/2025,Rio de Janeiro,RJ,C267,sim,supermercado,Sabonete,marketplace,1174.83,0,7,22,39,9.1,78,sol,nenhum,nao,2.4,nao,,sim,sim,sim,devolvido,
AMZ-00350,2025-01-01,São Paulo,SP,C1,sim,casa,Lâmpada LED,marketplace,1638.17,0,1,20,17,218.74,90,temporal,nenhum,sim,2.2,nao,,sim,nao,nao,entregue,
AMZ-00351,28/08/2025,São Paulo,SP,C531,sim,vestuario,Tênis,amazon,849.04,0,4,14,50,"94,16",103,nublado,nenhum,sim,3.2,nao,,,nao,sim,cancelado,
AMZ-00352,05/08/2025,Uberaba,MG,C261,nao,livros,Livro Fantasia,amazon,1186.73,21.38,4,17,29,167.39,6,sol,nenhum,nao,3.7,nao,,sim,sim,,entregue,
AMZ-00353,2025-06-30,Uberaba,MG,C329,sim,eletronicos,Fone Bluetooth,amazon,2207.53,85.3,3,15,43,81.95,106,sol,nenhum,nao,3.1,nao,,nao,nao,,devolvido,
AMZ-00354,2025-03-19,Uberaba,MG,C506,sim,vestuario,Camiseta,amazon,383.27,0,7,11,51,187.58,119,sol,nenhum,sim,3.1,nao,,nao,nao,nao,cancelado,
AMZ-00355,03-18-2025,Campinas,SP,C261,nao,livros,Livro Fantasia,marketplace,2426.66,72.14,5,1,16,179.25,6,chuva,black_friday,nao,5,nao,,nao,nao,,,
AMZ-00356,2025-07-09,Uberlândia,MG,C109,sim,livros,HQ Colecionável,marketplace,792.62,0,1,1,17,287.85,71,sol,black_friday,nao,4.3,nao,,sim,sim,sim,cancelado,
AMZ-00357,2025-02-18,Salvador,BA,C201,nao,eletronicos,Echo Dot,amazon,1816.15,"21,08",7,7,14,47.18,77,sol,black_friday,sim,2.6,sim,produto_errado,,nao,sim,,
AMZ-00358,2025-10-22,Campinas,SP,C105,sim,eletronicos,Carregador USB-C,amazon,"1595,98",0,10,13,22,246.17,77,sol,nenhum,nao,3.2,nao,,sim,sim,nao,,
AMZ-00359,2025-08-05,Uberaba,MG,C76,nao,supermercado,Arroz,amazon,510.54,87.69,7,3,57,1,101,sol,nenhum,nao,2.7,nao,,sim,nao,sim,cancelado,
AMZ-00360,03/08/2025,Uberlândia,MG,C116,sim,casa,Organizador,amazon,1537.23,0,2,15,65,"58,16",121,chuva,nenhum,sim,3.4,nao,,,nao,sim,cancelado,
AMZ-00361,2025-09-22,São Paulo,SP,C243,sim,casa,Panela,marketplace,1064.28,84.54,2,17,60,"31,0",43,sol,nenhum,sim,1,nao,,nao,nao,nao,cancelado,
AMZ-00362,09-28-2025,Campinas,SP,C268,sim,casa,Organizador,marketplace,"2771,93",0,1,20,51,105.84,1,sol,prime_day,sim,"4,5",nao,,nao,sim,nao,entregue,
AMZ-00363,2025-07-31,Rio de Janeiro,RJ,C510,nao,super mercado,Tênis,amazon,761.98,29.13,10,26,34,217.55,125,temporal,prime_day,nao,4.8,nao,,sim,nao,sim,entregue,
AMZ-00364,2025-03-21,São Paulo,SP,C305,nao,livros,HQ Colecionável,marketplace,3060.8,"70,5",1,12,35,158.45,122,nublado,prime_day,sim,"1,9",sim,,,nao,,,
AMZ-00365,02-18-2025,Uberaba,MG,C231,nao,eletronicos,Carregador USB-C,amazon,229.19,75.11,7,20,2,210.87,58,chuva,prime_day,sim,"2,5",nao,,nao,nao,nao,,
AMZ-00366,2025-01-07,Curitiba,PR,C139,nao,vestuario,Mochila,amazon,2667.15,42.21,10,11,8,131.36,151,chuva,nenhum,nao,3.0,nao,,sim,sim,nao,,
AMZ-00367,2025-10-13,Campinas,SP,C239,sim,vestuario,Camiseta,amazon,2848.12,9.62,2,15,27,143.14,24,chuva,nenhum,nao,4.8,nao,,,nao,sim,procesado,
AMZ-00368,23/07/2025,Uberaba,MG,C357,nao,casa,Organizador,amazon,2080.68,27.83,2,23,38,1,89,sol,nenhum,sim,2.6,nao,,nao,nao,sim,entregue,
AMZ-00369,2025-01-08,Salvador,BA,C40,sim,super mercado,Echo Dot,amazon,"1132,61",0,10,2,63,162.95,93,temporal,nenhum,nao,5,nao,,nao,nao,nao,entregue,
AMZ-00370,2025-03-25,Campinas,SP,C460,nao,supermercado,Sabonete,marketplace,214.77,17.35,10,24,2,286.18,102,sol,nenhum,nao,5,nao,,nao,sim,,devolvido,
AMZ-00371,2025-10-17,Goiânia,GO,C258,sim,eletronicos,Fone Bluetooth,marketplace,1901.89,0,10,3,26,"105,64",120,sol,black_friday,nao,3.5,nao,,,nao,nao,entregue,
AMZ-00372,2025-03-16,goiânia,GO,C164,sim,casa,Filtro de Água,amazon,1482.17,0,10,11,37,131.31,1,chuva,black_friday,nao,5,nao,,,nao,nao,procesado,
AMZ-00373,2025-03-13,São Paulo,SP,C369,nao,eletronicos,Fire TV,marketplace,1893.02,51.44,7,14,40,154.5,69,chuva,nenhum,nao,5,nao,,nao,nao,sim,procesado,
AMZ-00374,2025-01-13,São Paulo,SP,C200,sim,eletronicos,Carregador USB-C,marketplace,"2282,75",78.54,4,11,113,"177,54",74,sol,nenhum,sim,2.5,nao,,,nao,nao,,
AMZ-00375,04-08-2025,Uberlândia,MG,C526,nao,eletronicos,Carregador USB-C,marketplace,3291.54,32.68,7,9,66,5.04,191,chuva,prime_day,nao,4.0,nao,,,sim,nao,procesado,
AMZ-00376,data_invalida,Campinas,SP,C276,sim,vestuario,Camiseta,amazon,3181.74,0,5,9,81,80.08,107,chuva,nenhum,nao,"4,0",nao,,sim,nao,,entregue,
AMZ-00377,data_invalida,Campinas,SP,C169,sim,supermercado,Detergente,amazon,"56,21",0,10,8,24,1,113,sol,nenhum,nao,4.0,sim,atraso,nao,nao,nao,,
AMZ-00378,09-30-2025,Campinas,SP,C520,sim,vestuario,Camiseta,amazon,2509.97,0,5,8,35,221.38,66,chuva,nenhum,nao,"3,1",nao,,,nao,sim,devolvido,
AMZ-00379,2025-07-06,Salvador,BA,C587,nao,eletronicos,Fone Bluetooth,amazon,"1089,26",58.11,7,9,11,86.59,55,sol,black_friday,nao,3.9,nao,,,sim,nao,,
AMZ-00380,06-18-2025,Curitiba,PR,C41,sim,casa,Panela,marketplace,231.07,0,4,13,30,129.78,114,sol,nenhum,nao,3.6,nao,,nao,nao,nao,entregue,
AMZ-00381,2025-01-24,curitiba,PR,C592,sim,eletronicos,Echo Dot,amazon,1737.67,0,4,3,41,25.58,70,chuva,prime_day,nao,2.8,sim,produto_errado,,nao,nao,procesado,
AMZ-00382,2025-03-17,Rio de Janeiro,RJ,C568,nao,eletronico,Fire TV,marketplace,1357.79,30.0,5,12,28,57.67,112,sol,nenhum,sim,"3,3",nao,,,nao,,procesado,
AMZ-00383,09-23-2025,São Paulo,SP,C102,sim,eletronicos,Fire TV,marketplace,"258,85",0,10,23,46,59.53,127,nublado,nenhum,nao,5,sim,produto_errado,,nao,nao,entregue,
AMZ-00384,2025-01-29,São Paulo,SP,C76,sim,eletronicos,Smartphone,marketplace,2746.97,"39,66",5,8,50,"28,61",104,chuva,black_friday,nao,4.7,nao,,,nao,,cancelado,
AMZ-00385,03/02/2025,Goiânia,GO,C547,sim,eletronico,Tênis,amazon,1603.24,0,5,9,66,195.9,92,sol,nenhum,nao,3.6,nao,,sim,nao,,cancelado,
AMZ-00386,2025-05-31,Uberaba,MG,C36,nao,vestuario,Tênis,amazon,2127.55,79.06,7,12,78,91.8,118,sol,black_friday,nao,4.1,nao,,nao,nao,,procesado,
AMZ-00387,2025-05-31,rio de janeiro,RJ,C500,nao,livros,Kindle eBook,amazon,2780.45,82.41,2,14,54,133.57,52,sol,nenhum,sim,3.8,nao,,nao,nao,nao,entregue,
AMZ-00388,2025-05-31,São Paulo,SP,C315,nao,casa,Filtro de Água,marketplace,2094.47,63.15,10,4,17,104.15,87,sol,nenhum,nao,3.8,nao,,,nao,,entregue,
AMZ-00389,10-16-2025,São Paulo,sp,C440,nao,super mercado,Echo Dot,marketplace,"2460,27","59,4",7,13,30,54.56,120,sol,nenhum,nao,"3,5",nao,,sim,sim,sim,,
AMZ-00390,2025-03-04,São Paulo,SP,C163,nao,supermercado,Café,amazon,1712.81,78.04,4,4,26,129.58,87,sol,nenhum,sim,"4,6",nao,,,nao,sim,procesado,
AMZ-00391,2025-05-11,Salvador,BA,C576,sim,supermercado,Detergente,marketplace,"1348,36",0,1,16,56,229.72,86,chuva,natal,sim,4.1,nao,,sim,nao,sim,entregue,
AMZ-00392,2025-02-20,Uberlândia,MG,C61,sim,vestuario,Mochila,amazon,3115.55,0,3,1,16,90.82,133,nublado,natal,nao,3.4,sim,,sim,nao,nao,devolvido,
AMZ-00393,16/05/2025,Uberaba,MG,C474,sim,vestuario,Mochila,amazon,1872.75,24.89,2,30,36,73.82,74,temporal,nenhum,sim,2.8,sim,,,nao,nao,cancelado,
AMZ-00394,data_invalida,Goiânia,GO,C528,nao,eletronicos,Carregador USB-C,marketplace,1956.71,58.29,10,10,25,64.29,49,sol,nenhum,nao,5,nao,,nao,nao,,,
AMZ-00395,2025-05-01,campinas,SP,C29,sim,eletronicos,Fone Bluetooth,marketplace,3120.32,0,3,7,4,108.21,166,sol,nenhum,nao,3.1,nao,,nao,sim,nao,devolvido,
AMZ-00396,28/09/2025,Curitiba,PR,C151,sim,vestuario,Tênis,amazon,1720.14,0,1,9,34,1,95,temporal,nenhum,sim,"2,1",nao,,,nao,sim,entregue,
AMZ-00397,data_invalida,Rio de Janeiro,RJ,C133,nao,vestuario,Jaqueta,marketplace,236.14,41.23,1,23,40,60.67,44,sol,nenhum,sim,2.0,nao,,sim,nao,sim,entregue,
AMZ-00398,2025-08-16,Campinas,SP,C324,sim,casa,Organizador,marketplace,834.46,0,5,13,46,54.96,98,chuva,natal,nao,5.0,nao,,,nao,sim,procesado,
AMZ-00399,2025-07-16,Salvador,BA,C60,sim,livros,Livro Fantasia,marketplace,2869.99,0,1,26,14,80.9,80,nublado,natal,sim,1,nao,,nao,sim,sim,entregue,
AMZ-00400,12/05/2025,São Paulo,sp,C376,nao,eletronicos,Echo Dot,marketplace,3225.46,"64,6",7,23,2,1,72,nublado,nenhum,nao,2.8,nao,,sim,nao,sim,cancelado,
AMZ-00401,2025-05-15,Campinas,SP,C319,sim,vestuario,Jaqueta,amazon,2682.05,0,4,5,85,77.56,139,nublado,prime_day,nao,3.7,sim,falsificado,nao,nao,,devolvido,
AMZ-00402,08-21-2025,São Paulo,SP,C411,nao,supermercado,Café,amazon,1031.12,70.74,5,7,54,"137,84",90,chuva,nenhum,nao,4.4,nao,,nao,nao,sim,entregue,
AMZ-00403,2025-10-24,Goiânia,go,C25,nao,supermercado,Café,marketplace,2038.37,75.59,7,11,24,111.03,154,temporal,nenhum,nao,3.8,nao,,sim,nao,sim,procesado,
AMZ-00404,2025-01-31,Goiânia,GO,C224,nao,supermercado,Arroz,marketplace,699.74,16.36,4,2,53,1,46,sol,nenhum,nao,5,nao,,,nao,nao,,
AMZ-00405,04-09-2025,Salvador,BA,C399,sim,livros,Livro Técnico,marketplace,2964.02,0,2,6,54,128.52,80,sol,nenhum,sim,4.4,nao,,sim,nao,sim,devolvido,
AMZ-00406,2025-02-27,Rio de Janeiro,RJ,C109,sim,vestuario,Tênis,marketplace,810.05,0,4,20,36,"325,46",103,chuva,prime_day,nao,3.0,nao,,nao,nao,nao,devolvido,
AMZ-00407,2025-08-16,uberlândia,MG,C371,sim,eletronicos,Echo Dot,marketplace,825.9,0,5,21,54,283.34,58,sol,nenhum,nao,2.3,nao,,,sim,sim,devolvido,
AMZ-00408,2025-10-27,Uberlândia,MG,C463,sim,supermercado,Arroz,amazon,"3225,25",0,3,17,58,242.54,175,sol,nenhum,sim,2.2,nao,,sim,nao,,entregue,
AMZ-00409,2025-08-23,Salvador,BA,C345,nao,livros,HQ Colecionável,marketplace,2843.26,50.64,3,11,31,184.25,130,chuva,nenhum,nao,4.8,nao,,,sim,sim,entregue,
AMZ-00410,2025-01-30,rio de janeiro,RJ,C217,sim,livros,Livro Técnico,amazon,2606.12,55.51,1,6,24,1,83,sol,nenhum,sim,2.9,sim,atraso,sim,nao,,devolvido,
AMZ-00411,2025-05-15,Curitiba,pr,C411,sim,livros,HQ Colecionável,amazon,"1405,35",0,1,8,59,266.3,67,temporal,black_friday,sim,2.6,nao,,,nao,sim,cancelado,
AMZ-00412,2025-02-12,Salvador,BA,C533,nao,casa,Panela,amazon,2138.91,25.76,2,16,74,"74,8",26,sol,nenhum,sim,4.1,sim,produto_danificado,,sim,,,
AMZ-00413,2025-10-14,Salvador,BA,C196,nao,vestuario,Mochila,marketplace,"2795,16","50,21",4,17,27,235.5,108,sol,nenhum,nao,2.8,nao,,,sim,sim,cancelado,
AMZ-00414,2025-02-21,Goiânia,GO,C291,nao,vestuario,Camiseta,amazon,2744.99,"83,14",3,19,18,60.7,123,chuva,nenhum,nao,4.6,nao,,sim,nao,sim,,
AMZ-00415,2025-05-09,Uberaba,MG,C296,nao,eletronicos,Echo Dot,marketplace,904.13,31.91,2,1,25,201.73,89,sol,nenhum,nao,"4,2",nao,,,sim,sim,,
AMZ-00416,2025-03-04,Rio de Janeiro,RJ,C571,nao,casa,Panela,marketplace,46.97,80.32,10,21,43,212.58,121,nublado,nenhum,nao,5,nao,,nao,nao,sim,devolvido,
AMZ-00417,18/07/2025,São Paulo,SP,C540,nao,livros,HQ Colecionável,amazon,2929.82,"43,94",1,24,23,100.6,44,sol,nenhum,sim,2.6,sim,arrependimento,sim,sim,nao,cancelado,
AMZ-00418,2025-06-18,Curitiba,PR,C226,sim,eletronicos,Echo Dot,marketplace,2922.1,0,1,10,40,68.02,142,chuva,nenhum,sim,3.7,nao,,nao,nao,,procesado,
AMZ-00419,2025-09-12,Uberaba,MG,C437,sim,vestuario,Jaqueta,marketplace,2548.15,42.76,4,10,2,200.99,103,sol,nenhum,nao,4.2,nao,,,sim,,entregue,
AMZ-00420,2025-04-04,curitiba,PR,C411,sim,eletronicos,Smartphone,marketplace,1607.03,86.72,4,10,35,165.14,14,temporal,nenhum,nao,4.5,nao,,nao,nao,,,
AMZ-00421,2025-02-15,Rio de Janeiro,RJ,C276,sim,eletronicos,Carregador USB-C,marketplace,2319.1,50.79,3,13,52,103.43,76,sol,prime_day,nao,3.3,nao,,,sim,sim,devolvido,
AMZ-00422,2025-10-24,Campinas,SP,C450,sim,eletronicos,Echo Dot,marketplace,3200.33,70.78,4,23,32,162.66,135,chuva,nenhum,sim,3.3,nao,,,sim,,procesado,
AMZ-00423,data_invalida,São Paulo,SP,C421,nao,eletronicos,Carregador USB-C,marketplace,551.3,80.05,2,12,18,275.91,30,sol,black_friday,sim,2.1,nao,,sim,sim,nao,entregue,
AMZ-00424,2025-07-31,Uberlândia,MG,C427,nao,casa,Organizador,amazon,"2910,36",40.51,3,29,18,137.06,97,chuva,natal,nao,4.1,nao,,,nao,nao,devolvido,
AMZ-00425,2025-08-28,Campinas,SP,C525,nao,eletronicos,Echo Dot,amazon,1769.2,14.62,2,1,56,"39,16",4,chuva,nenhum,sim,4.4,nao,,,nao,nao,entregue,
AMZ-00426,2025-09-23,Campinas,SP,C559,nao,supermercado,Sabonete,amazon,2199.57,44.68,2,6,42,54.35,86,nublado,nenhum,nao,3.4,nao,,nao,nao,sim,procesado,
AMZ-00427,data_invalida,curitiba,PR,C123,nao,vestuario,Jaqueta,amazon,"807,18",60.3,4,18,30,152.09,69,sol,nenhum,nao,4.4,nao,,sim,nao,sim,cancelado,
AMZ-00428,2025-01-16,Uberaba,MG,C441,sim,livros,Livro Técnico,amazon,3075.52,58.98,4,9,32,200.71,113,chuva,black_friday,nao,"3,8",nao,,,nao,nao,entregue,
AMZ-00429,2025-04-07,Rio de Janeiro,RJ,C354,sim,livros,HQ Colecionável,amazon,1682.15,"61,83",7,28,21,182.9,73,nublado,nenhum,nao,4.3,nao,,sim,sim,sim,,
AMZ-00430,data_invalida,Campinas,SP,C224,sim,eletronicos,Fire TV,amazon,2210.29,0,7,1,57,50.01,80,nublado,nenhum,nao,3.7,nao,,,nao,,cancelado,
AMZ-00431,2025-08-06,São Paulo,SP,C153,nao,supermercado,Detergente,marketplace,83.57,70.84,10,18,102,171.67,128,chuva,nenhum,sim,"2,4",sim,NA,nao,nao,nao,cancelado,
AMZ-00432,21/05/2025,Curitiba,PR,C238,nao,vestuario,Tênis,marketplace,"1430,54","69,07",2,17,60,193.04,63,temporal,nenhum,sim,4.1,nao,,nao,sim,sim,procesado,
AMZ-00433,2025-02-08,Rio de Janeiro,RJ,C466,sim,eletronicos,Fire TV,marketplace,"461,03",57.77,7,14,33,122.39,111,sol,prime_day,nao,4.3,nao,,,sim,nao,devolvido,
AMZ-00434,2025-07-19,campinas,SP,C179,nao,livros,Livro Técnico,marketplace,2417.84,64.28,10,1,62,59.32,197,sol,black_friday,nao,4.0,nao,,,nao,nao,devolvido,
AMZ-00435,data_invalida,Uberaba,MG,C134,sim,eletronicos,Echo Dot,marketplace,359.56,19.7,10,3,83,"136,12",43,nublado,nenhum,nao,3.2,nao,,,nao,nao,devolvido,
AMZ-00436,data_invalida,São Paulo,SP,C117,sim,eletronicos,Echo Dot,amazon,3438.65,0,5,2,38,1,108,sol,nenhum,nao,3.3,sim,arrependimento,,nao,,,
AMZ-00437,2025-06-22,Uberaba,MG,C226,sim,eletronicos,Echo Dot,marketplace,1426.36,0,3,7,2,1,46,nublado,prime_day,nao,3.7,nao,,nao,sim,nao,cancelado,
AMZ-00438,2025-02-25,Uberlândia,MG,C292,nao,livros,Livro Técnico,amazon,3442.29,18.7,4,22,43,137.12,21,chuva,black_friday,nao,4.7,nao,,nao,nao,sim,procesado,
AMZ-00439,2025-02-24,Campinas,SP,C489,sim,casa,Filtro de Água,marketplace,1760.88,0,2,16,10,207.66,110,sol,prime_day,nao,5.0,nao,,sim,sim,,cancelado,
AMZ-00440,2025-09-15,Rio de Janeiro,RJ,C127,nao,eletronicos,Smartphone,amazon,1643.08,19.84,5,19,47,98.54,64,sol,black_friday,nao,3.5,nao,,sim,nao,sim,,
AMZ-00441,05-04-2025,São Paulo,SP,C161,nao,supermercado,Arroz,marketplace,955.2,52.59,7,7,78,92.12,64,nublado,nenhum,nao,"4,5",nao,,sim,sim,sim,devolvido,
AMZ-00442,2025-07-20,Uberaba,MG,C528,sim,livros,Livro Fantasia,amazon,1366.59,0,2,1,38,175.73,163,sol,nenhum,sim,1,nao,,sim,nao,nao,cancelado,
AMZ-00443,2025-09-26,Goiânia,GO,C125,sim,eletronicos,Smartphone,marketplace,842.75,0,4,7,52,1,27,sol,nenhum,nao,3.9,nao,,,nao,nao,cancelado,
AMZ-00444,2025-07-15,Uberlândia,MG,C447,sim,livros,Livro Fantasia,amazon,2600.9,65.6,7,14,67,1,1,sol,nenhum,nao,"3,2",nao,,nao,nao,sim,procesado,
AMZ-00445,2025-10-01,São Paulo,SP,C64,sim,casa,Filtro de Água,amazon,2511.13,0,2,18,75,162.91,87,sol,natal,sim,3.4,nao,,sim,nao,,cancelado,
AMZ-00446,2025-01-13,Goiânia,GO,C344,nao,casa,Panela,amazon,190.48,28.68,10,19,35,68.93,61,temporal,nenhum,sim,2.1,nao,,sim,nao,nao,,
AMZ-00447,2025-04-04,São Paulo,SP,C257,nao,eletronicos,Carregador USB-C,amazon,"3466,56",40.03,4,11,23,144.1,92,sol,nenhum,sim,3.4,nao,,,nao,sim,procesado,
AMZ-00448,2025-08-29,Goiânia,GO,C39,nao,casa,Lâmpada LED,marketplace,1238.76,41.07,3,8,21,"27,05",79,nublado,natal,nao,3.7,nao,,nao,nao,sim,cancelado,
AMZ-00449,22/07/2025,São Paulo,SP,C246,sim,casa,Organizador,amazon,1001.21,0,7,24,16,"157,8",16,sol,black_friday,nao,3.6,nao,,,nao,sim,devolvido,
AMZ-00450,2025-07-25,Goiânia,GO,C167,nao,vestuario,Jaqueta,marketplace,2379.65,27.0,1,18,31,167.23,128,sol,nenhum,sim,1,nao,,,nao,nao,devolvido,
AMZ-00451,2025-08-23,São Paulo,SP,C316,sim,supermercado,Café,amazon,1814.33,0,5,1,21,147.79,51,nublado,nenhum,nao,3.7,nao,,nao,nao,nao,cancelado,
AMZ-00452,2025-08-14,uberlândia,MG,C399,sim,livros,Livro Fantasia,marketplace,3222.44,0,4,17,26,354.79,138,chuva,prime_day,sim,2.7,nao,,nao,nao,nao,cancelado,
AMZ-00453,2025-03-26,Rio de Janeiro,RJ,C583,nao,supermercado,Sabonete,marketplace,2857.01,"82,0",1,14,16,"71,02",109,sol,prime_day,sim,2.7,nao,,sim,sim,,devolvido,
AMZ-00454,2025-03-31,Rio de Janeiro,RJ,C436,nao,casa,Lâmpada LED,marketplace,1908.15,53.97,4,11,45,"195,19",116,sol,nenhum,nao,"4,7",nao,,sim,nao,,entregue,
AMZ-00455,data_invalida,Curitiba,PR,C163,sim,eletronicos,Smartphone,amazon,670.55,52.42,2,2,63,98.68,1,nublado,nenhum,sim,"3,5",nao,,,nao,nao,,
AMZ-00456,2025-08-13,São Paulo,SP,C20,nao,vestuario,Mochila,marketplace,3148.71,"42,06",4,2,11,220.44,85,sol,nenhum,nao,"4,0",nao,,sim,nao,nao,entregue,
AMZ-00457,2025-09-06,Curitiba,PR,C77,sim,casa,Lâmpada LED,marketplace,1486.9,0,5,16,2,32.99,60,nublado,nenhum,nao,5,nao,,nao,nao,sim,procesado,
AMZ-00458,2025-04-07,Curitiba,PR,C58,sim,super mercado,Camiseta,amazon,316.3,0,1,11,65,111.52,41,sol,nenhum,sim,3.2,nao,,,nao,nao,devolvido,
AMZ-00459,2025-05-21,Salvador,BA,C225,sim,vestuario,Tênis,amazon,"19,41",0,1,14,55,251.51,76,sol,nenhum,sim,2.1,nao,,nao,nao,sim,entregue,
AMZ-00460,2025-01-19,Salvador,BA,C600,nao,vestuario,Jaqueta,marketplace,"2859,52",56.91,7,7,25,"101,63",4,sol,nenhum,nao,4.8,nao,,nao,nao,nao,entregue,
AMZ-00461,data_invalida,Campinas,SP,C549,nao,supermercado,Café,amazon,"1000,84",29.05,2,21,85,200.33,83,sol,nenhum,sim,2.9,sim,,nao,nao,nao,,
AMZ-00462,11/02/2025,uberaba,MG,C7,sim,supermercado,Arroz,amazon,"386,19",0,1,4,24,214.41,135,nublado,nenhum,sim,"3,3",nao,,sim,nao,sim,,
AMZ-00463,2025-10-12,são paulo,SP,C391,sim,vestuario,Tênis,amazon,"1174,51",0,4,10,59,106.61,124,chuva,nenhum,nao,3.3,nao,,sim,nao,,procesado,
AMZ-00464,2025-02-17,São Paulo,SP,C154,nao,casa,Panela,marketplace,"337,64",11.5,10,4,28,109.83,1,nublado,prime_day,nao,4.7,nao,,nao,nao,nao,procesado,
AMZ-00465,data_invalida,Rio de Janeiro,rj,C68,nao,eletronicos,Carregador USB-C,amazon,627.93,"20,3",2,18,54,"99,74",1,sol,black_friday,sim,"2,2",nao,,nao,nao,,cancelado,
AMZ-00466,2025-07-31,Curitiba,PR,C561,sim,casa,Panela,amazon,904.72,0,3,8,49,15.85,12,sol,nenhum,nao,5,nao,,sim,nao,nao,,
AMZ-00467,15/05/2025,Salvador,BA,C159,nao,eletronicos,Echo Dot,amazon,"3309,4","60,6",2,5,68,"229,48",85,sol,nenhum,sim,3.5,sim,produto_errado,sim,sim,nao,devolvido,
AMZ-00468,2025-05-02,Goiânia,go,C83,sim,livros,Kindle eBook,amazon,"2322,71",0,4,22,58,128.52,1,chuva,nenhum,nao,3.7,nao,,nao,nao,nao,entregue,
AMZ-00469,2025-08-29,Uberaba,MG,C278,sim,eletronicos,Echo Dot,marketplace,"2145,05",0,10,11,60,164.24,88,chuva,nenhum,nao,5.0,nao,,sim,nao,nao,,
AMZ-00470,2025-02-16,Uberlândia,MG,C93,nao,eletronicos,Smartphone,marketplace,2901.45,68.78,2,12,55,162.67,51,chuva,nenhum,sim,"2,6",nao,,nao,sim,nao,procesado,
AMZ-00471,2025-03-21,Goiânia,GO,C526,sim,livros,HQ Colecionável,amazon,2183.89,0,10,5,35,1,108,sol,black_friday,nao,4.3,nao,,sim,sim,nao,,
AMZ-00472,30/01/2025,Salvador,BA,C361,nao,livros,HQ Colecionável,amazon,58.34,"60,75",7,7,59,46.37,90,sol,nenhum,sim,2.3,nao,,sim,sim,,entregue,
AMZ-00473,2025-09-07,Uberlândia,MG,C531,sim,eletronicos,Smartphone,amazon,2159.84,27.44,1,13,94,"228,13",87,chuva,nenhum,sim,2.2,nao,,,sim,sim,entregue,
AMZ-00474,2025-07-13,Curitiba,PR,C84,sim,eletronicos,Smartphone,marketplace,3435.92,21.01,7,2,2,"66,77",59,sol,nenhum,nao,3.1,nao,,,nao,sim,cancelado,
AMZ-00475,2025-08-27,Goiânia,GO,C462,sim,casa,Organizador,amazon,2065.33,0,1,9,43,121.23,67,temporal,black_friday,sim,2.3,nao,,sim,nao,sim,devolvido,
AMZ-00476,10-25-2025,Rio de Janeiro,RJ,C434,sim,eletronicos,Carregador USB-C,marketplace,2700.15,0,2,4,2,"27,75",91,nublado,nenhum,nao,"5,0",nao,,nao,nao,,procesado,
AMZ-00477,2025-01-23,Goiânia,go,C391,sim,vestuario,Camiseta,marketplace,"993,12",0,7,1,2,55.15,102,sol,nenhum,nao,3.8,nao,,,nao,,cancelado,
AMZ-00478,02-05-2025,Goiânia,GO,C367,nao,vestuario,Mochila,amazon,2852.92,48.37,2,23,59,181.91,118,sol,nenhum,sim,2.2,nao,,,nao,nao,entregue,
AMZ-00479,2025-01-13,Goiânia,GO,C555,sim,vestuario,Jaqueta,amazon,138.04,0,5,3,61,253.69,52,sol,nenhum,sim,2.5,sim,NA,nao,nao,sim,,
AMZ-00480,2025-04-30,Salvador,BA,C37,sim,casa,Panela,amazon,664.03,0,3,8,50,1,103,chuva,nenhum,nao,"3,7",nao,,nao,nao,,devolvido,
AMZ-00481,2025-06-20,Rio de Janeiro,RJ,C245,sim,vestuario,Camiseta,marketplace,2209.56,0,10,6,51,191.57,72,sol,black_friday,nao,3.6,nao,,sim,nao,sim,devolvido,
AMZ-00482,2025-07-29,Uberlândia,MG,C151,nao,eletronicos,Echo Dot,marketplace,1679.2,16.64,2,13,54,135.37,135,sol,nenhum,sim,3.2,nao,,sim,sim,,,
AMZ-00483,2025-03-15,Rio de Janeiro,RJ,C449,sim,livros,HQ Colecionável,amazon,1355.37,0,2,20,29,79.82,125,sol,black_friday,sim,1.3,nao,,,nao,sim,,
AMZ-00484,2025-07-28,Uberaba,MG,C106,sim,livros,Livro Fantasia,marketplace,3406.81,0,5,15,21,1,99,sol,nenhum,nao,3.7,nao,,sim,nao,sim,devolvido,
AMZ-00485,2025-10-21,Uberaba,MG,C341,sim,eletronicos,Carregador USB-C,amazon,2731.54,0,5,19,13,193.07,74,sol,nenhum,sim,3.2,nao,,,nao,nao,,
AMZ-00486,2025-05-05,Uberaba,MG,C176,nao,livros,Kindle eBook,amazon,454.55,"71,26",7,15,21,52.41,28,chuva,nenhum,nao,4.2,nao,,,nao,sim,devolvido,
AMZ-00487,2025-08-29,Campinas,SP,C517,sim,vestuario,Jaqueta,amazon,1334.6,"45,45",1,7,18,235.06,114,chuva,black_friday,sim,5,nao,,sim,sim,sim,,
AMZ-00488,2025-05-18,Campinas,SP,C540,sim,eletronico,Jaqueta,amazon,"1262,28",0,7,10,33,106.16,73,nublado,nenhum,sim,1.4,nao,,nao,nao,sim,entregue,
AMZ-00489,2025-05-05,Uberaba,MG,C122,sim,vestuario,Tênis,marketplace,609.66,0,4,9,44,62.62,137,chuva,nenhum,nao,4.8,nao,,nao,sim,nao,,
AMZ-00490,02-05-2025,uberlândia,MG,C578,nao,supermercado,Detergente,marketplace,3028.44,54.41,2,1,6,166.43,64,nublado,nenhum,nao,3.7,sim,atraso,sim,nao,nao,entregue,
AMZ-00491,2025-07-14,Campinas,SP,C573,sim,eletronicos,Smartphone,amazon,2390.72,0,2,10,21,"195,43",130,sol,nenhum,sim,"3,3",nao,,nao,sim,nao,entregue,
AMZ-00492,2025-06-29,Curitiba,PR,C444,sim,casa,Filtro de Água,amazon,1437.58,0,3,17,36,25.29,1,chuva,nenhum,nao,4.5,nao,,sim,sim,nao,devolvido,
AMZ-00493,data_invalida,Uberaba,MG,C309,sim,livros,HQ Colecionável,marketplace,"3294,08","89,53",7,8,30,74.04,164,sol,nenhum,nao,3.8,nao,,sim,nao,sim,,
AMZ-00494,2025-07-27,Rio de Janeiro,rj,C180,nao,eletronicos,Carregador USB-C,amazon,2623.43,"68,43",4,1,2,1,70,chuva,nenhum,nao,4.6,nao,,sim,nao,sim,devolvido,
AMZ-00495,2025-08-26,Salvador,BA,C308,nao,eletronicos,Fire TV,marketplace,"1729,79",86.23,1,18,37,114.85,82,chuva,nenhum,sim,3.2,nao,,,nao,,entregue,
AMZ-00496,2025-08-10,Uberaba,MG,C426,sim,livros,Livro Técnico,marketplace,1794.54,0,5,7,53,1,74,sol,natal,nao,"4,3",nao,,nao,nao,,,
AMZ-00497,data_invalida,Goiânia,GO,C543,nao,casa,Lâmpada LED,amazon,"1595,39",64.2,4,6,26,288.22,43,chuva,nenhum,nao,3.0,nao,,nao,nao,sim,cancelado,
AMZ-00498,2025-01-30,São Paulo,SP,C456,nao,eletronicos,Carregador USB-C,amazon,2552.27,74.65,4,10,45,"111,33",68,sol,prime_day,nao,4.4,nao,,sim,sim,nao,entregue,
AMZ-00499,2025-07-27,Campinas,SP,C537,sim,eletronicos,Fire TV,amazon,1896.15,0,7,11,24,64.35,139,chuva,nenhum,nao,4.1,nao,,sim,nao,nao,procesado,
AMZ-00500,26/10/2025,Goiânia,GO,C562,nao,supermercado,Detergente,amazon,2646.99,70.32,3,15,70,126.97,75,nublado,black_friday,sim,1.4,nao,,,nao,,entregue,
AMZ-00501,2025-05-08,Salvador,BA,C454,sim,eletronicos,Carregador USB-C,marketplace,2309.25,0,10,14,56,71.15,2,sol,nenhum,nao,5,nao,,sim,nao,nao,,
AMZ-00502,2025-03-09,Curitiba,PR,C98,nao,eletronicos,Fire TV,amazon,2357.68,19.78,3,1,46,232.91,74,nublado,black_friday,nao,4.6,nao,,sim,nao,sim,,
AMZ-00503,2025-08-29,Rio de Janeiro,RJ,C563,sim,casa,Filtro de Água,amazon,1547.79,0,3,18,29,118.27,135,nublado,prime_day,nao,4.6,nao,,sim,nao,sim,devolvido,
AMZ-00504,2025-02-11,Uberlândia,MG,C76,nao,eletronicos,Fone Bluetooth,amazon,"2713,34",20.22,4,5,60,"130,35",165,sol,nenhum,nao,5,nao,,sim,nao,nao,entregue,
AMZ-00505,06-30-2025,Rio de Janeiro,RJ,C436,sim,supermercado,Café,marketplace,2859.5,53.53,4,16,29,267.87,58,sol,prime_day,nao,4.1,nao,,,nao,sim,procesado,
AMZ-00506,06-02-2025,Campinas,SP,C260,sim,supermercado,Detergente,marketplace,841.81,0,1,14,53,153.41,150,chuva,nenhum,sim,1,nao,,,nao,,devolvido,
AMZ-00507,2025-08-18,Rio de Janeiro,RJ,C176,sim,vestuario,Camiseta,amazon,1526.27,0,4,15,89,1,102,nublado,nenhum,sim,1.4,nao,,,sim,,devolvido,
AMZ-00508,2025-06-08,São Paulo,SP,C109,nao,livros,Kindle eBook,amazon,850.67,14.15,5,2,2,182.96,114,nublado,nenhum,sim,1,nao,,sim,sim,,entregue,
AMZ-00509,2025-02-02,uberaba,MG,C78,sim,supermercado,Arroz,marketplace,961.31,86.05,2,19,20,91.29,25,sol,nenhum,nao,1.3,nao,,,nao,sim,procesado,
AMZ-00510,2025-01-14,Uberlândia,MG,C456,nao,eletronicos,Carregador USB-C,marketplace,"1211,22",34.34,4,18,89,1,95,nublado,nenhum,sim,1.7,nao,,,nao,,procesado,
AMZ-00511,2025-10-23,Curitiba,PR,C96,nao,casa,Panela,amazon,3106.99,50.48,4,7,36,"128,9",75,sol,nenhum,nao,4.8,nao,,nao,sim,sim,,
AMZ-00512,2025-05-11,Curitiba,PR,C255,sim,eletronicos,Echo Dot,amazon,3342.42,0,2,13,26,"259,66",52,nublado,nenhum,nao,"3,2",nao,,nao,nao,sim,cancelado,
AMZ-00513,2025-07-23,Uberaba,MG,C107,nao,vestuario,Tênis,marketplace,"2816,76","17,86",2,24,74,249.55,31,chuva,nenhum,sim,2.0,sim,arrependimento,sim,nao,nao,procesado,
AMZ-00514,2025-10-17,Rio de Janeiro,RJ,C72,sim,casa,Lâmpada LED,amazon,"923,79",0,1,1,42,87.6,135,chuva,natal,sim,1,sim,,,nao,nao,procesado,
AMZ-00515,2025-05-03,Campinas,SP,C48,sim,supermercado,Sabonete,amazon,"469,55",0,7,19,34,146.57,90,nublado,nenhum,nao,4.8,nao,,nao,sim,sim,cancelado,
AMZ-00516,2025-01-08,Goiânia,GO,C145,sim,supermercado,Sabonete,marketplace,3299.98,0,3,25,21,153.76,40,sol,nenhum,nao,5,nao,,sim,nao,nao,,
AMZ-00517,2025-08-21,Campinas,SP,C271,nao,casa,Lâmpada LED,amazon,"1533,15",10.14,5,30,22,"234,54",113,sol,nenhum,nao,5,nao,,,nao,nao,entregue,
AMZ-00518,data_invalida,Uberaba,MG,C116,sim,supermercado,Detergente,amazon,1462.33,0,1,9,39,98.01,120,sol,nenhum,sim,2.7,nao,,sim,nao,,procesado,
AMZ-00519,08-12-2025,Uberaba,MG,C300,sim,livros,HQ Colecionável,amazon,"1284,17",0,1,16,16,47.93,58,sol,nenhum,sim,2.6,nao,,nao,sim,,cancelado,
AMZ-00520,2025-04-09,Salvador,BA,C139,sim,eletronicos,Carregador USB-C,amazon,"2137,33",0,2,7,26,191.73,52,sol,black_friday,nao,5,nao,,sim,sim,,entregue,
AMZ-00521,2025-06-13,Campinas,sp,C365,sim,livros,Livro Fantasia,marketplace,1609.88,0,10,1,32,125.6,20,sol,black_friday,nao,"4,6",nao,,,nao,sim,devolvido,
AMZ-00522,2025-07-07,Uberlândia,MG,C514,sim,livros,HQ Colecionável,marketplace,552.55,0,5,13,28,124.07,60,sol,nenhum,nao,5,nao,,sim,nao,sim,procesado,
AMZ-00523,2025-07-23,Goiânia,GO,C273,nao,eletronicos,Fire TV,amazon,2315.91,76.04,2,5,48,371.96,66,nublado,nenhum,sim,3.7,nao,,sim,sim,nao,,
AMZ-00524,06-14-2025,Campinas,SP,C147,sim,eletronicos,Fire TV,amazon,1460.81,34.07,4,1,37,"127,89",169,chuva,prime_day,nao,5,nao,,nao,sim,nao,procesado,
AMZ-00525,10-23-2025,Curitiba,PR,C439,sim,casa,Panela,amazon,541.11,0,10,9,69,"137,91",157,sol,nenhum,nao,4.8,nao,,nao,sim,sim,cancelado,
AMZ-00526,18/02/2025,Uberlândia,MG,C226,sim,eletronicos,Echo Dot,amazon,822.25,0,3,7,2,90.21,17,sol,nenhum,nao,3.9,nao,,sim,nao,sim,entregue,
AMZ-00527,2025-04-08,Uberaba,MG,C286,nao,vestuario,Jaqueta,amazon,1352.17,65.98,5,7,69,98.24,107,sol,nenhum,nao,4.9,nao,,sim,nao,,cancelado,
AMZ-00528,2025-02-04,Rio de Janeiro,RJ,C228,sim,livros,Livro Fantasia,marketplace,372.9,68.22,3,16,85,"156,23",100,sol,nenhum,sim,2.6,nao,,nao,nao,,devolvido,
AMZ-00529,06-26-2025,Salvador,BA,C64,sim,eletronicos,Echo Dot,amazon,1084.54,0,5,7,44,46.36,120,sol,black_friday,nao,5,nao,,sim,sim,nao,procesado,
AMZ-00530,2025-09-19,Uberlândia,MG,C581,nao,eletronicos,Echo Dot,amazon,2239.57,47.83,2,13,66,78.33,105,nublado,nenhum,sim,3.4,nao,,sim,sim,sim,entregue,
AMZ-00531,2025-03-12,Curitiba,PR,C434,sim,eletronicos,Fire TV,marketplace,2740.48,76.01,4,11,9,"49,07",43,sol,nenhum,nao,5,sim,NA,nao,sim,nao,procesado,
AMZ-00532,2025-04-27,Campinas,SP,C8,sim,livros,Kindle eBook,amazon,1707.89,0,3,1,36,104.13,188,nublado,nenhum,nao,4.5,nao,,,nao,sim,procesado,
AMZ-00533,06-27-2025,Uberlândia,MG,C20,nao,eletronicos,Fire TV,amazon,3169.44,47.19,5,6,65,"142,33",28,nublado,black_friday,sim,1,nao,,,sim,sim,devolvido,
AMZ-00534,14/05/2025,Campinas,SP,C220,nao,eletronico,Livro Técnico,marketplace,2163.04,79.09,4,15,66,202.12,92,chuva,black_friday,nao,4.0,nao,,nao,nao,sim,procesado,
AMZ-00535,06-23-2025,Rio de Janeiro,RJ,C216,nao,casa,Filtro de Água,amazon,2497.89,"78,26",2,6,32,"136,82",1,chuva,nenhum,sim,4.0,nao,,sim,sim,sim,entregue,
AMZ-00536,23/08/2025,curitiba,PR,C341,sim,casa,Filtro de Água,marketplace,753.31,0,4,18,40,41.76,33,sol,nenhum,sim,1,nao,,,nao,,procesado,
AMZ-00537,2025-06-25,Uberaba,MG,C387,nao,eletronicos,Fire TV,marketplace,322.71,10.69,3,5,50,19.25,16,sol,nenhum,nao,5,nao,,,nao,sim,entregue,
AMZ-00538,2025-08-20,Salvador,BA,C417,sim,casa,Organizador,amazon,"1082,68",0,7,11,44,281.56,40,sol,prime_day,nao,5,nao,,nao,nao,nao,entregue,
AMZ-00539,2025-03-31,Goiânia,GO,C13,nao,eletronicos,Echo Dot,amazon,842.78,17.02,7,12,41,162.01,54,sol,black_friday,nao,4.3,nao,,,sim,,entregue,
AMZ-00540,14/06/2025,Rio de Janeiro,RJ,C304,nao,eletronicos,Echo Dot,amazon,1962.4,73.0,7,10,57,"4,88",1,chuva,black_friday,nao,2.9,nao,,nao,sim,sim,cancelado,
AMZ-00541,2025-01-06,Goiânia,GO,C62,nao,supermercado,Sabonete,amazon,1197.98,"51,72",3,6,12,85.13,110,temporal,nenhum,nao,3.1,nao,,,nao,sim,procesado,
AMZ-00542,2025-03-18,Goiânia,go,C110,nao,casa,Filtro de Água,marketplace,761.03,35.42,4,17,33,81.69,126,sol,prime_day,sim,3.7,nao,,sim,nao,,entregue,
AMZ-00543,2025-06-18,Uberaba,MG,C152,nao,casa,Panela,amazon,1052.8,10.63,2,20,2,28.91,34,sol,prime_day,nao,5,nao,,nao,sim,,devolvido,
AMZ-00544,2025-08-31,Curitiba,PR,C78,nao,supermercado,Sabonete,marketplace,"3351,9",22.76,10,8,64,86.82,16,chuva,black_friday,nao,3.9,nao,,nao,nao,nao,,
AMZ-00545,2025-09-05,São Paulo,SP,C175,nao,livros,Livro Técnico,marketplace,1904.62,81.04,7,12,23,68.71,73,nublado,nenhum,nao,1.7,sim,atraso,sim,nao,sim,cancelado,
AMZ-00546,2025-08-08,São Paulo,SP,C579,sim,supermercado,Sabonete,amazon,2369.42,0,10,1,73,260.78,132,nublado,nenhum,nao,2.8,sim,NA,,nao,sim,,
AMZ-00547,data_invalida,Curitiba,PR,C319,sim,eletronicos,Fone Bluetooth,amazon,1861.97,26.72,7,8,40,95.21,130,nublado,nenhum,nao,4.5,nao,,,nao,nao,entregue,
AMZ-00548,2025-10-24,Rio de Janeiro,RJ,C515,nao,livros,Livro Fantasia,marketplace,3267.42,"74,41",7,23,42,"12,18",106,sol,prime_day,nao,3.6,nao,,,sim,,,
AMZ-00549,2025-07-12,Salvador,BA,C566,nao,eletronicos,Fone Bluetooth,marketplace,1036.32,85.73,10,6,30,266.19,61,chuva,black_friday,nao,3.4,nao,,nao,nao,nao,devolvido,
AMZ-00550,2025-09-13,Campinas,SP,C153,nao,livros,HQ Colecionável,marketplace,584.29,79.29,2,11,48,12.44,58,sol,nenhum,sim,"1,1",nao,,nao,nao,,devolvido,
AMZ-00551,2025-07-02,rio de janeiro,RJ,C333,nao,casa,Organizador,marketplace,3438.86,61.32,5,17,44,246.15,56,sol,nenhum,sim,2.0,nao,,nao,sim,nao,,
AMZ-00552,2025-09-04,Rio de Janeiro,RJ,C303,sim,supermercado,Sabonete,amazon,699.27,0,1,1,30,119.07,25,chuva,nenhum,sim,"4,1",nao,,,sim,,devolvido,
AMZ-00553,2025-01-10,Rio de Janeiro,RJ,C92,sim,vestuario,Tênis,marketplace,1008.66,0,2,1,25,128.8,62,sol,black_friday,nao,4.5,nao,,sim,nao,nao,cancelado,
AMZ-00554,03-17-2025,Goiânia,go,C129,nao,livros,Kindle eBook,marketplace,1830.52,18.25,2,1,70,245.4,101,chuva,nenhum,sim,1,sim,NA,sim,sim,nao,cancelado,
AMZ-00555,2025-02-03,Campinas,SP,C196,nao,vestuario,Mochila,marketplace,466.53,61.59,10,28,55,216.05,161,sol,nenhum,sim,5,nao,,nao,nao,sim,devolvido,
AMZ-00556,04-24-2025,Goiânia,GO,C29,nao,eletronicos,Echo Dot,amazon,562.33,19.21,1,13,61,38.6,20,sol,nenhum,sim,2.1,nao,,sim,nao,,devolvido,
AMZ-00557,2025-05-29,Uberaba,MG,C419,sim,supermercado,Café,marketplace,789.49,0,10,15,39,60.66,140,nublado,nenhum,nao,3.9,sim,arrependimento,nao,nao,nao,procesado,
AMZ-00558,2025-07-24,Goiânia,go,C536,sim,eletronicos,Fone Bluetooth,amazon,"428,16",0,4,14,30,1,163,sol,natal,nao,4.0,nao,,,nao,,cancelado,
AMZ-00559,2025-10-26,Campinas,SP,C332,nao,eletronicos,Carregador USB-C,amazon,909.34,24.79,4,23,71,"93,47",194,sol,nenhum,nao,3.7,nao,,nao,nao,,entregue,
AMZ-00560,01-05-2025,São Paulo,sp,C502,sim,vestuario,Mochila,amazon,3475.78,0,1,7,37,1,75,nublado,nenhum,sim,1,nao,,nao,nao,,procesado,
AMZ-00561,06/04/2025,Curitiba,PR,C427,nao,livros,Kindle eBook,marketplace,560.52,45.9,1,1,13,76.17,117,chuva,nenhum,sim,2.9,nao,,sim,nao,sim,procesado,
AMZ-00562,2025-09-11,Rio de Janeiro,RJ,C38,sim,casa,Filtro de Água,amazon,2501.92,0,4,9,56,222.51,115,sol,nenhum,nao,3.4,nao,,sim,nao,sim,devolvido,
AMZ-00563,data_invalida,Salvador,BA,C536,nao,livros,Livro Fantasia,marketplace,736.64,"76,55",2,10,37,"151,32",94,chuva,nenhum,nao,4.6,nao,,,nao,,entregue,
AMZ-00564,06/03/2025,curitiba,pr,C271,sim,vestuario,Camiseta,marketplace,"887,17",0,7,17,18,"47,48",51,nublado,nenhum,nao,"3,8",nao,,,nao,sim,cancelado,
AMZ-00565,2025-03-29,São Paulo,SP,C8,sim,vestuario,Tênis,marketplace,"2341,85",0,2,16,38,"208,25",74,sol,nenhum,sim,3.7,nao,,sim,sim,nao,devolvido,
AMZ-00566,17/08/2025,campinas,SP,C369,sim,livros,Livro Fantasia,amazon,1108.95,0,10,15,33,80.0,53,chuva,black_friday,nao,3.6,nao,,nao,nao,,procesado,
AMZ-00567,2025-03-19,uberlândia,MG,C409,nao,super mercado,Kindle eBook,amazon,2150.98,54.88,4,16,14,34.62,74,temporal,nenhum,nao,4.6,nao,,nao,nao,sim,cancelado,
AMZ-00568,02-08-2025,Goiânia,GO,C175,sim,vestuario,Tênis,amazon,1637.16,0,3,22,41,90.8,136,temporal,nenhum,nao,3.5,sim,produto_danificado,,nao,nao,devolvido,
AMZ-00569,data_invalida,Goiânia,GO,C223,sim,vestuario,Jaqueta,marketplace,18.5,32.94,2,20,51,"188,91",73,sol,nenhum,sim,1.7,nao,,sim,nao,sim,entregue,
AMZ-00570,2025-05-31,Rio de Janeiro,RJ,C39,nao,livros,Livro Técnico,amazon,972.0,52.98,1,15,25,15.57,97,sol,natal,sim,2.2,sim,NA,,nao,sim,cancelado,
AMZ-00571,10-19-2025,Curitiba,PR,C556,nao,eletronicos,Smartphone,amazon,610.4,85.76,10,13,43,161.3,5,sol,nenhum,nao,"4,8",nao,,nao,nao,,devolvido,
AMZ-00572,2025-08-16,Goiânia,GO,C498,nao,livros,Livro Técnico,marketplace,210.83,31.85,2,15,35,194.17,167,chuva,nenhum,sim,2.5,nao,,sim,nao,nao,entregue,
AMZ-00573,2025-06-29,Curitiba,pr,C386,nao,livros,Kindle eBook,marketplace,847.3,24.97,4,1,29,"102,17",56,sol,prime_day,nao,4.1,nao,,,sim,,entregue,
AMZ-00574,2025-07-09,Uberaba,MG,C209,nao,eletronicos,Smartphone,amazon,"3371,92",25.03,1,11,25,257.26,168,sol,natal,sim,2.0,nao,,nao,sim,sim,devolvido,
AMZ-00575,2025-10-21,Campinas,SP,C157,nao,vestuario,Camiseta,marketplace,1536.45,10.48,1,4,16,1,182,chuva,nenhum,nao,5.0,nao,,sim,nao,,entregue,
AMZ-00576,2025-04-17,Uberlândia,MG,C306,nao,eletronico,Smartphone,amazon,"1825,86","16,11",10,21,21,97.61,61,sol,prime_day,nao,5,nao,,,sim,sim,devolvido,
AMZ-00577,2025-06-11,Campinas,SP,C245,nao,super mercado,Livro Fantasia,amazon,2894.5,40.25,4,3,16,145.72,74,nublado,nenhum,nao,5,nao,,nao,sim,nao,procesado,
AMZ-00578,08-18-2025,São Paulo,sp,C32,sim,livros,HQ Colecionável,amazon,516.26,0,3,2,58,"124,75",27,sol,nenhum,nao,4.2,nao,,,nao,,devolvido,
AMZ-00579,2025-02-23,Uberlândia,MG,C237,sim,eletronicos,Fire TV,amazon,2951.34,44.39,1,1,70,79.68,186,sol,nenhum,sim,2.1,nao,,,nao,nao,cancelado,
AMZ-00580,2025-03-29,Uberlândia,MG,C368,sim,vestuario,Tênis,marketplace,687.32,"56,99",7,23,30,268.41,71,sol,nenhum,nao,3.0,nao,,sim,sim,nao,entregue,
AMZ-00581,2025-05-28,São Paulo,SP,C476,nao,eletronicos,Smartphone,amazon,1142.8,73.23,7,5,69,209.77,77,chuva,nenhum,sim,2.9,nao,,nao,nao,sim,procesado,
AMZ-00582,2025-02-14,Campinas,SP,C310,nao,casa,Organizador,amazon,3246.61,"40,97",4,8,46,112.12,1,sol,nenhum,nao,5,nao,,nao,sim,nao,entregue,
AMZ-00583,2025-02-11,Goiânia,GO,C360,sim,casa,Organizador,amazon,605.8,79.44,3,1,10,"110,6",202,sol,nenhum,nao,4.9,nao,,nao,nao,nao,procesado,
AMZ-00584,02-21-2025,Campinas,sp,C204,sim,supermercado,Arroz,marketplace,2120.94,0,2,11,37,100.7,98,chuva,nenhum,nao,3.4,nao,,sim,nao,nao,procesado,
AMZ-00585,12/01/2025,Uberlândia,MG,C253,nao,eletronicos,Carregador USB-C,marketplace,2201.61,75.85,4,11,18,1,85,sol,nenhum,sim,3.3,nao,,nao,nao,nao,cancelado,
AMZ-00586,2025-05-09,Uberlândia,mg,C42,sim,casa,Filtro de Água,amazon,1854.64,0,1,13,30,52.58,131,sol,nenhum,sim,2.1,nao,,,nao,,cancelado,
AMZ-00587,2025-08-26,Uberaba,MG,C76,sim,supermercado,Arroz,amazon,2090.5,0,7,1,41,114.5,12,chuva,nenhum,nao,3.7,nao,,,sim,,entregue,
AMZ-00588,2025-09-01,Uberlândia,MG,C32,sim,supermercado,Sabonete,marketplace,1859.69,60.74,3,1,53,307.17,107,chuva,black_friday,nao,4.1,nao,,,sim,nao,devolvido,
AMZ-00589,2025-06-04,Salvador,BA,C425,nao,eletronicos,Smartphone,marketplace,3027.33,"67,69",1,15,25,360.17,89,sol,nenhum,sim,2.0,nao,,,sim,sim,cancelado,
AMZ-00590,2025-07-04,Uberlândia,MG,C103,sim,livros,HQ Colecionável,marketplace,953.26,17.89,5,24,28,1,1,nublado,nenhum,nao,3.9,nao,,nao,nao,,entregue,
AMZ-00591,2025-01-20,Goiânia,GO,C284,sim,supermercado,Café,marketplace,984.34,0,2,6,50,26.47,81,chuva,prime_day,sim,2.1,nao,,nao,nao,sim,devolvido,
AMZ-00592,02-18-2025,Salvador,BA,C177,sim,casa,Panela,marketplace,882.99,0,4,16,37,90.22,55,sol,nenhum,nao,5,nao,,,nao,,,
AMZ-00593,2025-05-02,Curitiba,PR,C144,nao,supermercado,Detergente,amazon,1638.01,86.88,3,7,40,24.51,129,sol,black_friday,nao,5,nao,,,nao,nao,cancelado,
AMZ-00594,2025-05-18,Campinas,SP,C89,sim,eletronicos,Echo Dot,amazon,2438.17,0,4,4,42,70.52,99,nublado,nenhum,nao,3.7,nao,,,nao,nao,entregue,
AMZ-00595,2025-07-18,Uberlândia,MG,C407,nao,eletronicos,Fire TV,amazon,1637.19,13.09,4,10,66,108.06,39,sol,nenhum,nao,4.9,sim,falsificado,,sim,,devolvido,
AMZ-00596,08/09/2025,São Paulo,SP,C595,sim,supermercado,Arroz,amazon,1936.79,0,3,4,89,445.32,127,chuva,nenhum,sim,3.1,nao,,,sim,,cancelado,
AMZ-00597,2025-01-15,Uberaba,mg,C497,sim,livros,Kindle eBook,marketplace,2046.76,0,3,12,8,"47,38",25,sol,nenhum,nao,3.3,nao,,nao,nao,sim,entregue,
AMZ-00598,18/08/2025,Uberlândia,MG,C428,nao,eletronicos,Fone Bluetooth,marketplace,1894.62,32.48,7,2,42,121.19,119,sol,nenhum,sim,4.1,nao,,,nao,,,
AMZ-00599,2025-03-19,Campinas,SP,C586,nao,eletronicos,Fone Bluetooth,amazon,298.45,86.42,7,18,10,"110,16",24,chuva,nenhum,sim,2.9,sim,NA,,nao,,procesado,
AMZ-00600,2025-08-30,Campinas,sp,C331,sim,eletronicos,Smartphone,marketplace,3243.14,0,2,1,27,241.85,133,sol,nenhum,nao,2.4,nao,,,nao,,cancelado,
AMZ-00601,2025-08-25,Curitiba,PR,C90,nao,eletronicos,Fone Bluetooth,amazon,2794.15,47.34,10,32,24,115.3,134,sol,nenhum,nao,"4,0",sim,,nao,nao,sim,procesado,
AMZ-00602,2025-03-14,Campinas,SP,C179,nao,livros,Livro Técnico,marketplace,438.46,12.53,10,1,57,161.29,41,sol,nenhum,nao,3.4,nao,,nao,nao,nao,entregue,
AMZ-00603,2025-07-30,Goiânia,GO,C445,sim,eletronicos,Smartphone,amazon,736.94,"60,06",1,6,20,265.77,45,sol,nenhum,sim,4.8,nao,,nao,nao,sim,entregue,
AMZ-00604,2025-01-03,São Paulo,SP,C102,sim,eletronicos,Echo Dot,amazon,2098.45,0,5,14,2,94.77,30,chuva,nenhum,nao,3.6,nao,,,nao,nao,procesado,
AMZ-00605,2025-03-24,Curitiba,PR,C458,sim,livros,Kindle eBook,marketplace,2683.04,0,4,1,22,143.73,54,chuva,nenhum,nao,4.7,sim,produto_danificado,nao,nao,sim,devolvido,
AMZ-00606,2025-01-01,Curitiba,PR,C171,sim,eletronicos,Smartphone,marketplace,3214.13,"26,17",4,15,38,1.67,134,nublado,nenhum,nao,3.3,nao,,,nao,sim,,
AMZ-00607,2025-04-12,Uberaba,MG,C53,sim,eletronicos,Carregador USB-C,marketplace,1847.53,0,5,5,36,18.93,71,nublado,nenhum,nao,4.9,sim,atraso,sim,nao,sim,,
AMZ-00608,2025-07-13,Curitiba,PR,C186,sim,casa,Organizador,amazon,959.02,0,1,13,42,72.72,186,sol,black_friday,sim,2.1,nao,,nao,nao,sim,entregue,
AMZ-00609,05/08/2025,Salvador,BA,C265,sim,supermercado,Detergente,marketplace,2815.78,0,2,9,55,142.39,142,sol,nenhum,sim,2.0,sim,atraso,sim,nao,,procesado,
AMZ-00610,2025-08-08,Curitiba,PR,C150,sim,eletronicos,Carregador USB-C,amazon,"672,74",0,2,7,22,171.95,157,chuva,black_friday,nao,4.0,nao,,,nao,,devolvido,
AMZ-00611,2025-02-19,Salvador,BA,C346,sim,casa,Panela,amazon,91.48,0,10,21,36,108.81,6,sol,nenhum,sim,"1,1",sim,produto_errado,nao,sim,nao,entregue,
AMZ-00612,23/04/2025,Uberaba,MG,C377,sim,eletronicos,Fire TV,amazon,1534.16,0,5,17,35,108.31,50,sol,nenhum,nao,5,nao,,,nao,,procesado,
AMZ-00613,2025-01-20,Uberlândia,MG,C133,sim,vestuario,Tênis,amazon,"1339,93","38,54",5,24,39,173.68,13,nublado,nenhum,nao,3.3,nao,,nao,sim,,cancelado,
AMZ-00614,2025-03-17,Uberaba,MG,C353,nao,eletronicos,Fire TV,amazon,"2243,27",14.62,1,17,38,158.03,100,chuva,black_friday,sim,2.1,sim,,nao,nao,,procesado,
AMZ-00615,2025-06-16,Campinas,SP,C432,nao,livros,Livro Técnico,amazon,3049.47,65.77,3,17,26,175.81,198,chuva,nenhum,nao,4.3,nao,,sim,sim,sim,devolvido,
AMZ-00616,07-14-2025,São Paulo,SP,C67,nao,eletronicos,Fone Bluetooth,amazon,"2151,07",25.73,4,5,56,124.33,58,sol,nenhum,nao,"4,2",nao,,sim,nao,,devolvido,
AMZ-00617,04/03/2025,Campinas,SP,C30,sim,eletronicos,Smartphone,marketplace,2531.52,0,2,10,23,166.8,178,sol,nenhum,sim,1.6,sim,NA,sim,nao,sim,cancelado,
AMZ-00618,2025-04-23,Uberaba,MG,C367,sim,eletronicos,Echo Dot,marketplace,2071.57,0,3,1,57,"213,51",131,chuva,natal,nao,4.4,nao,,sim,sim,,,
AMZ-00619,2025-03-24,Uberaba,MG,C326,nao,vestuario,Camiseta,amazon,3115.1,47.69,7,18,25,117.83,141,sol,natal,nao,4.5,nao,,,nao,nao,procesado,
AMZ-00620,2025-05-23,Goiânia,GO,C546,sim,casa,Organizador,amazon,2622.53,0,4,1,20,154.63,71,nublado,nenhum,nao,"2,6",nao,,,nao,nao,procesado,
AMZ-00621,24/01/2025,Goiânia,GO,C540,sim,livros,Livro Técnico,amazon,294.59,74.33,5,22,73,22.27,89,sol,nenhum,nao,4.2,nao,,nao,nao,nao,devolvido,
AMZ-00622,data_invalida,Uberlândia,MG,C554,nao,supermercado,Sabonete,amazon,142.96,34.68,5,5,57,157.43,97,sol,nenhum,nao,5,nao,,sim,nao,,procesado,
AMZ-00623,2025-10-07,Goiânia,GO,C90,nao,livros,HQ Colecionável,marketplace,73.78,9.23,5,22,76,1,1,nublado,nenhum,nao,3.9,nao,,nao,nao,,devolvido,
AMZ-00624,2025-05-31,Campinas,SP,C420,nao,eletronicos,Smartphone,amazon,3364.71,85.25,10,12,10,63.37,73,sol,nenhum,nao,5,nao,,nao,nao,sim,entregue,
AMZ-00625,2025-07-07,uberaba,mg,C27,sim,supermercado,Café,amazon,"1122,85",0,10,14,53,13.48,60,sol,nenhum,nao,3.1,nao,,nao,nao,sim,procesado,
AMZ-00626,04-26-2025,Uberaba,mg,C559,nao,vestuario,Camiseta,marketplace,526.51,34.07,5,20,83,291.0,174,nublado,nenhum,nao,4.2,nao,,nao,nao,,devolvido,
AMZ-00627,2025-08-24,Uberlândia,MG,C180,sim,eletronicos,Fire TV,amazon,"2661,65",54.97,1,2,4,259.35,113,nublado,nenhum,nao,3.7,nao,,sim,nao,nao,procesado,
AMZ-00628,2025-10-20,Uberaba,MG,C471,nao,super mercado,Livro Fantasia,amazon,126.27,"57,78",7,30,32,6.71,19,nublado,natal,sim,"3,9",nao,,nao,nao,sim,entregue,
AMZ-00629,2025-09-29,São Paulo,SP,C159,sim,casa,Organizador,marketplace,"3255,73",0,5,17,12,1,1,sol,nenhum,nao,3.4,nao,,nao,nao,sim,procesado,
AMZ-00630,2025-02-10,Rio de Janeiro,RJ,C65,sim,eletronicos,Echo Dot,amazon,1070.64,"27,49",2,6,11,143.55,60,sol,nenhum,nao,4.5,nao,,sim,nao,sim,entregue,
AMZ-00631,06-15-2025,Uberaba,mg,C227,sim,casa,Filtro de Água,amazon,1315.19,0,3,13,49,161.83,80,nublado,nenhum,nao,3.9,nao,,nao,sim,,,
AMZ-00632,2025-10-13,São Paulo,SP,C108,sim,eletronico,Carregador USB-C,amazon,2645.49,0,3,1,24,22.64,43,chuva,nenhum,nao,4.9,nao,,,sim,nao,devolvido,
AMZ-00633,2025-09-08,Rio de Janeiro,RJ,C85,sim,vestuario,Tênis,amazon,"3460,38",0,5,4,41,"161,63",144,nublado,nenhum,nao,3.7,nao,,,nao,,devolvido,
AMZ-00634,2025-03-07,Goiânia,GO,C335,sim,livros,Kindle eBook,amazon,"1562,13",59.76,7,13,56,1,96,chuva,nenhum,nao,5,nao,,,sim,nao,cancelado,
AMZ-00635,25/01/2025,Curitiba,PR,C173,nao,eletronicos,Smartphone,marketplace,"2068,41","69,92",7,5,26,106.63,142,chuva,nenhum,nao,4.5,nao,,,nao,,entregue,
AMZ-00636,2025-02-17,Campinas,SP,C262,sim,supermercado,Arroz,marketplace,1587.08,70.55,4,23,7,216.93,80,chuva,nenhum,nao,5,nao,,,sim,,cancelado,
AMZ-00637,2025-01-31,Salvador,ba,C515,sim,eletronicos,Echo Dot,amazon,"105,28",0,3,2,60,167.23,1,chuva,nenhum,nao,5,sim,falsificado,,nao,,,
AMZ-00638,2025-09-07,Curitiba,PR,C241,sim,vestuario,Camiseta,amazon,3407.16,0,5,2,70,75.12,102,sol,nenhum,nao,5,nao,,nao,nao,nao,,
AMZ-00639,2025-09-09,Curitiba,PR,C440,sim,supermercado,Sabonete,amazon,934.0,0,2,23,66,114.65,194,nublado,black_friday,sim,1,nao,,nao,sim,sim,,
AMZ-00640,2025-01-14,uberaba,MG,C135,sim,casa,Lâmpada LED,marketplace,2251.8,24.44,10,19,14,41.51,112,sol,nenhum,nao,5,nao,,nao,nao,sim,,
AMZ-00641,2025-08-05,Uberaba,MG,C131,nao,vestuario,Jaqueta,marketplace,2779.89,77.41,4,15,55,209.62,162,sol,nenhum,sim,3.7,nao,,,sim,nao,devolvido,
AMZ-00642,07-01-2025,Curitiba,PR,C268,sim,casa,Organizador,marketplace,"17,7",8.32,10,1,2,106.3,81,sol,nenhum,sim,2.9,nao,,,nao,,procesado,
AMZ-00643,2025-01-21,Campinas,SP,C361,nao,supermercado,Arroz,marketplace,2069.35,88.39,4,14,43,56.12,97,chuva,natal,nao,4.6,nao,,sim,sim,,,
AMZ-00644,2025-06-27,Uberaba,mg,C161,sim,casa,Filtro de Água,amazon,2463.23,15.22,1,22,40,235.26,49,sol,nenhum,sim,1.9,nao,,,nao,sim,,
AMZ-00645,05/09/2025,Rio de Janeiro,RJ,C378,sim,livros,Livro Técnico,amazon,"1875,85",0,3,10,25,253.45,149,nublado,black_friday,nao,3.9,nao,,sim,nao,sim,cancelado,
AMZ-00646,2025-10-10,Goiânia,GO,C591,nao,livros,Livro Fantasia,amazon,3371.47,51.26,1,17,25,185.41,93,chuva,nenhum,sim,1.7,sim,arrependimento,sim,nao,nao,cancelado,
AMZ-00647,2025-09-22,Campinas,SP,C238,sim,supermercado,Arroz,marketplace,1561.18,0,1,20,56,76.18,81,sol,natal,sim,3.5,nao,,,sim,sim,procesado,
AMZ-00648,2025-08-31,Rio de Janeiro,RJ,C246,sim,casa,Panela,amazon,2825.69,0,10,5,59,"152,72",34,nublado,nenhum,nao,4.1,nao,,nao,nao,nao,devolvido,
AMZ-00649,05-30-2025,Goiânia,GO,C11,nao,casa,Organizador,amazon,121.69,9.22,5,16,10,"78,84",80,nublado,black_friday,sim,1.4,nao,,,nao,sim,entregue,
AMZ-00650,2025-01-12,Uberaba,MG,C368,sim,eletronicos,Smartphone,amazon,600.85,81.44,4,21,2,"147,62",24,sol,nenhum,nao,4.4,nao,,nao,sim,,cancelado,
AMZ-00651,04-28-2025,São Paulo,SP,C144,nao,eletronicos,Smartphone,amazon,2108.94,14.52,3,13,26,51.37,37,sol,nenhum,nao,4.8,sim,produto_errado,sim,sim,nao,procesado,
AMZ-00652,06-25-2025,Campinas,SP,C116,sim,vestuario,Mochila,amazon,1628.57,"24,88",7,19,50,"184,54",54,nublado,prime_day,nao,4.7,nao,,nao,nao,nao,entregue,
AMZ-00653,2025-01-05,Uberlândia,mg,C24,nao,vestuario,Jaqueta,marketplace,2523.05,12.43,7,5,53,132.26,1,nublado,black_friday,nao,5,nao,,sim,nao,sim,devolvido,
AMZ-00654,15/02/2025,Goiânia,GO,C532,nao,eletronicos,Echo Dot,amazon,1954.11,64.18,4,17,21,112.46,74,sol,nenhum,nao,4.4,nao,,,sim,nao,,
AMZ-00655,2025-02-08,Rio de Janeiro,RJ,C481,sim,eletronicos,Fire TV,amazon,2575.04,0,10,7,2,48.43,50,sol,nenhum,nao,5,nao,,nao,sim,nao,devolvido,
AMZ-00656,2025-06-15,São Paulo,SP,C363,nao,eletronicos,Echo Dot,amazon,"1655,33",12.52,3,6,61,202.55,59,sol,nenhum,nao,2.8,nao,,sim,nao,sim,devolvido,
AMZ-00657,2025-05-27,Uberlândia,mg,C439,sim,vestuario,Camiseta,amazon,1053.12,0,7,6,55,1,93,chuva,nenhum,nao,3.3,nao,,sim,nao,,entregue,
AMZ-00658,2025-10-07,Campinas,SP,C25,sim,eletronicos,Echo Dot,marketplace,"2371,16",0,10,16,62,10.92,195,chuva,nenhum,nao,4.8,nao,,,sim,,devolvido,
AMZ-00659,2025-04-01,São Paulo,SP,C54,nao,vestuario,Jaqueta,marketplace,3323.19,15.61,5,6,48,110.81,1,nublado,nenhum,nao,4.2,nao,,sim,nao,,cancelado,
AMZ-00660,2025-07-29,são paulo,SP,C352,sim,vestuario,Tênis,marketplace,1738.95,0,2,20,9,1,72,chuva,nenhum,sim,1.8,nao,,sim,sim,sim,cancelado,
AMZ-00661,2025-02-21,Rio de Janeiro,RJ,C86,nao,livros,HQ Colecionável,marketplace,3463.8,19.03,2,6,19,147.98,116,chuva,black_friday,sim,1,nao,,,nao,,cancelado,
AMZ-00662,data_invalida,Uberaba,MG,C60,nao,casa,Organizador,amazon,1181.19,42.34,10,12,42,"224,04",72,chuva,prime_day,nao,4.0,nao,,,sim,sim,procesado,
AMZ-00663,2025-07-04,Uberaba,MG,C592,nao,casa,Organizador,amazon,1517.52,80.97,10,14,36,"141,49",41,nublado,natal,nao,"3,3",sim,NA,nao,nao,nao,devolvido,
AMZ-00664,2025-03-12,Uberaba,MG,C462,nao,casa,Panela,amazon,3421.02,32.99,3,9,2,133.45,14,chuva,nenhum,nao,5,nao,,nao,nao,nao,procesado,
AMZ-00665,2025-09-23,Campinas,SP,C423,sim,eletronicos,Smartphone,marketplace,2411.76,0,3,1,61,113.21,16,sol,nenhum,sim,3.6,nao,,nao,nao,,,
AMZ-00666,2025-10-21,Curitiba,PR,C416,sim,vestuario,Camiseta,marketplace,2203.58,0,1,1,58,1,44,sol,prime_day,sim,2.3,nao,,nao,nao,nao,procesado,
AMZ-00667,2025-09-23,Uberaba,MG,C157,nao,eletronicos,Smartphone,amazon,3267.97,56.14,1,4,3,"205,93",114,sol,black_friday,nao,"3,2",nao,,,sim,sim,procesado,
AMZ-00668,2025-06-14,Rio de Janeiro,RJ,C561,sim,eletronicos,Echo Dot,amazon,1007.27,0,2,11,43,336.0,39,sol,nenhum,sim,"3,9",nao,,nao,nao,,devolvido,
AMZ-00669,data_invalida,Rio de Janeiro,RJ,C401,nao,livros,HQ Colecionável,marketplace,3459.7,11.81,10,1,36,150.24,74,sol,nenhum,nao,5,nao,,nao,nao,,,
AMZ-00670,2025-10-03,Rio de Janeiro,RJ,C367,nao,eletronicos,Carregador USB-C,marketplace,465.88,61.75,3,12,61,"112,14",1,sol,nenhum,sim,2.5,nao,,sim,sim,sim,cancelado,
AMZ-00671,2025-08-05,Uberlândia,MG,C309,nao,livros,Kindle eBook,amazon,2797.8,73.5,1,22,26,16.02,89,nublado,nenhum,sim,4.5,nao,,sim,nao,,cancelado,
AMZ-00672,2025-07-17,Curitiba,PR,C56,sim,eletronico,Livro Fantasia,amazon,"1503,07",86.76,2,12,37,143.41,40,sol,nenhum,sim,"2,4",sim,atraso,sim,nao,sim,cancelado,
AMZ-00673,2025-02-26,Uberaba,MG,C161,nao,eletronicos,Carregador USB-C,marketplace,933.41,17.95,5,40,81,136.75,134,sol,prime_day,sim,3.5,nao,,sim,sim,,procesado,
AMZ-00674,2025-04-30,Campinas,SP,C264,nao,casa,Panela,marketplace,2481.31,76.39,4,6,30,132.79,31,sol,prime_day,nao,3.9,sim,produto_danificado,,nao,nao,procesado,
AMZ-00675,data_invalida,São Paulo,SP,C362,nao,livros,Livro Fantasia,amazon,"432,17",87.33,5,12,42,151.91,132,sol,nenhum,nao,4.2,sim,,sim,nao,nao,devolvido,
AMZ-00676,data_invalida,Salvador,BA,C275,nao,eletronicos,Echo Dot,marketplace,"2491,98",43.01,1,16,44,151.73,53,sol,nenhum,sim,"2,2",nao,,,nao,,entregue,
AMZ-00677,05-26-2025,Uberlândia,MG,C264,nao,livros,Livro Fantasia,amazon,582.23,41.16,10,9,60,"34,68",65,chuva,nenhum,sim,2.8,nao,,nao,nao,sim,,
AMZ-00678,2025-02-17,Uberlândia,MG,C264,nao,livros,HQ Colecionável,amazon,"648,73",18.4,10,11,89,1,35,sol,nenhum,sim,3.6,nao,,,sim,nao,procesado,
AMZ-00679,04/08/2025,Uberlândia,MG,C43,sim,vestuario,Tênis,amazon,"742,94",0,10,21,62,"161,85",78,sol,nenhum,nao,3.5,nao,,sim,nao,,devolvido,
AMZ-00680,2025-10-04,Curitiba,PR,C234,nao,supermercado,Café,amazon,967.53,"85,12",3,18,54,106.85,137,sol,nenhum,nao,3.5,nao,,sim,sim,,,
AMZ-00681,04-13-2025,Curitiba,PR,C251,sim,supermercado,Detergente,marketplace,198.49,0,2,24,2,251.11,53,sol,nenhum,nao,4.6,sim,arrependimento,nao,nao,nao,devolvido,
AMZ-00682,2025-04-05,Curitiba,PR,C125,sim,eletronicos,Echo Dot,amazon,1941.13,0,3,1,16,59.01,137,chuva,nenhum,nao,1.6,nao,,nao,sim,nao,entregue,
AMZ-00683,03-09-2025,Rio de Janeiro,RJ,C86,sim,livros,Kindle eBook,marketplace,2423.13,0,5,20,35,81.15,24,chuva,nenhum,nao,3.9,nao,,,sim,sim,entregue,
AMZ-00684,2025-09-30,Uberaba,mg,C289,nao,super mercado,Fone Bluetooth,amazon,1231.77,56.8,7,1,71,66.76,91,sol,nenhum,nao,"2,6",nao,,,nao,,devolvido,
AMZ-00685,2025-06-26,Uberaba,MG,C217,sim,livros,Kindle eBook,marketplace,2228.16,0,4,23,30,140.9,139,chuva,nenhum,nao,3.8,nao,,sim,nao,,entregue,
AMZ-00686,2025-04-07,Uberlândia,MG,C152,nao,eletronicos,Fone Bluetooth,marketplace,"2179,26",67.71,7,16,2,"15,5",40,nublado,prime_day,nao,2.8,nao,,,nao,sim,procesado,
AMZ-00687,04-15-2025,Goiânia,GO,C131,sim,eletronico,Lâmpada LED,marketplace,796.06,0,10,4,34,"182,35",53,sol,prime_day,nao,5,nao,,,nao,nao,cancelado,
AMZ-00688,2025-04-13,Rio de Janeiro,RJ,C136,sim,eletronicos,Smartphone,amazon,3342.04,"76,35",5,22,23,122.08,107,sol,nenhum,nao,4.6,nao,,,sim,nao,cancelado,
AMZ-00689,2025-01-17,goiânia,GO,C152,sim,eletronicos,Fire TV,amazon,42.74,0,2,12,42,185.35,38,nublado,nenhum,sim,2.8,nao,,sim,nao,,procesado,
AMZ-00690,2025-08-16,Uberlândia,MG,C248,sim,livros,Kindle eBook,marketplace,1086.85,0,3,14,16,62.67,56,sol,nenhum,nao,3.3,nao,,,nao,sim,entregue,
AMZ-00691,2025-02-13,uberaba,MG,C588,sim,supermercado,Sabonete,amazon,"3294,85",0,5,16,43,111.61,57,temporal,nenhum,nao,3.9,nao,,sim,nao,nao,procesado,
AMZ-00692,2025-09-08,Campinas,SP,C396,nao,supermercado,Sabonete,amazon,2780.08,89.66,3,7,42,1,78,sol,prime_day,nao,4.6,nao,,sim,nao,,procesado,
AMZ-00693,2025-08-02,Salvador,BA,C477,sim,livros,HQ Colecionável,marketplace,3089.38,18.49,7,3,27,20.99,127,sol,nenhum,sim,3.2,nao,,,nao,,procesado,
AMZ-00694,2025-06-03,Uberaba,MG,C63,sim,supermercado,Detergente,marketplace,2343.4,0,5,3,51,272.76,59,chuva,nenhum,nao,5,nao,,nao,nao,sim,,
AMZ-00695,2025-04-28,Uberaba,MG,C466,sim,casa,Filtro de Água,amazon,946.94,"82,68",7,19,25,129.62,43,nublado,nenhum,nao,3.3,nao,,nao,nao,,procesado,
AMZ-00696,06/04/2025,Curitiba,pr,C263,sim,casa,Panela,marketplace,"63,35",0,3,14,44,24.75,44,sol,nenhum,nao,4.5,nao,,nao,nao,,,
AMZ-00697,2025-04-05,Curitiba,PR,C474,nao,eletronico,Livro Técnico,amazon,381.31,37.64,5,8,55,104.59,117,chuva,nenhum,nao,4.9,nao,,,nao,,entregue,
AMZ-00698,2025-01-10,Salvador,BA,C175,nao,livros,HQ Colecionável,amazon,2541.78,21.45,1,8,23,"50,56",91,chuva,nenhum,sim,2.0,nao,,sim,nao,,devolvido,
AMZ-00699,2025-01-06,Rio de Janeiro,rj,C73,sim,vestuario,Mochila,amazon,737.96,0,3,12,38,142.03,43,chuva,nenhum,sim,1,nao,,nao,sim,sim,procesado,
AMZ-00700,2025-10-11,campinas,SP,C550,sim,supermercado,Detergente,marketplace,1158.27,0,1,11,21,79.74,109,sol,prime_day,sim,"3,2",nao,,sim,nao,sim,devolvido,
AMZ-00701,2025-06-22,Uberaba,MG,C479,nao,vestuario,Camiseta,marketplace,2122.95,89.98,2,7,36,154.52,47,nublado,nenhum,nao,5,sim,,nao,nao,sim,entregue,
AMZ-00702,2025-03-03,Salvador,BA,C579,sim,eletronicos,Smartphone,amazon,2315.24,0,4,8,31,129.44,59,chuva,nenhum,nao,"2,9",nao,,nao,nao,sim,entregue,
AMZ-00703,19/07/2025,Curitiba,PR,C206,nao,casa,Lâmpada LED,amazon,209.82,78.11,3,21,64,155.46,126,chuva,black_friday,sim,4.2,nao,,sim,nao,nao,cancelado,
AMZ-00704,2025-01-19,Uberlândia,MG,C12,nao,eletronicos,Fone Bluetooth,marketplace,"1937,92",22.87,1,20,12,1,87,sol,nenhum,sim,1.3,nao,,sim,nao,sim,entregue,
AMZ-00705,07-20-2025,Goiânia,GO,C407,sim,supermercado,Sabonete,amazon,1701.91,0,4,1,20,1,66,sol,black_friday,nao,4.1,nao,,sim,nao,sim,procesado,
AMZ-00706,2025-08-31,Curitiba,PR,C546,nao,supermercado,Café,amazon,2230.52,65.4,5,4,31,"117,93",75,sol,nenhum,sim,2.7,nao,,sim,nao,,devolvido,
AMZ-00707,2025-09-03,São Paulo,SP,C236,nao,eletronicos,Smartphone,marketplace,2020.96,74.26,4,1,2,33.07,135,nublado,nenhum,nao,5,nao,,,nao,,entregue,
AMZ-00708,2025-02-28,Curitiba,PR,C53,nao,supermercado,Arroz,amazon,2948.85,"80,58",1,11,56,124.44,7,nublado,nenhum,sim,3.6,nao,,,nao,,cancelado,
AMZ-00709,2025-06-07,Curitiba,pr,C165,sim,supermercado,Arroz,amazon,2337.66,0,4,18,57,285.15,27,nublado,natal,nao,5,nao,,nao,sim,nao,,
AMZ-00710,2025-05-06,campinas,SP,C68,sim,eletronicos,Echo Dot,amazon,3089.59,0,7,6,22,70.91,89,sol,nenhum,nao,3.8,nao,,nao,nao,,entregue,
AMZ-00711,04-04-2025,Goiânia,go,C563,sim,livros,HQ Colecionável,marketplace,1292.3,0,1,15,2,69.64,130,nublado,black_friday,sim,2.5,nao,,,nao,sim,procesado,
AMZ-00712,2025-05-28,Campinas,SP,C261,sim,eletronicos,Carregador USB-C,marketplace,2345.75,0,4,6,33,48.57,99,nublado,prime_day,nao,4.2,nao,,,nao,,,
AMZ-00713,2025-02-05,São Paulo,SP,C357,sim,eletronicos,Echo Dot,amazon,"1082,93",0,4,7,34,139.67,49,sol,prime_day,nao,"2,6",nao,,sim,nao,sim,entregue,
AMZ-00714,2025-09-28,Uberaba,MG,C521,sim,eletronicos,Fire TV,marketplace,2759.78,61.0,10,19,2,155.77,48,sol,prime_day,nao,5,nao,,nao,nao,sim,procesado,
AMZ-00715,2025-09-21,Salvador,BA,C33,nao,supermercado,Café,marketplace,"3445,01",31.41,3,16,22,"124,96",83,sol,nenhum,sim,4.2,nao,,sim,sim,sim,cancelado,
AMZ-00716,2025-09-11,Salvador,BA,C229,sim,supermercado,Café,amazon,2172.03,0,5,1,10,208.43,59,nublado,nenhum,nao,"4,2",nao,,nao,sim,,entregue,
AMZ-00717,04-18-2025,Uberaba,MG,C241,sim,vestuario,Jaqueta,marketplace,1981.31,0,1,10,2,256.99,37,temporal,prime_day,sim,2.1,nao,,,sim,,cancelado,
AMZ-00718,data_invalida,Uberlândia,MG,C250,sim,livros,Livro Fantasia,marketplace,2657.22,75.14,4,13,12,151.63,12,sol,natal,nao,3.9,nao,,nao,nao,sim,cancelado,
AMZ-00719,2025-01-06,Rio de Janeiro,RJ,C466,nao,eletronicos,Fire TV,marketplace,1169.14,73.52,5,8,2,"171,25",18,sol,natal,nao,4.3,nao,,,nao,,,
AMZ-00720,2025-03-24,salvador,BA,C435,nao,eletronicos,Echo Dot,amazon,"735,01",28.1,4,5,63,44.49,1,sol,nenhum,nao,3.0,nao,,sim,nao,,devolvido,
AMZ-00721,2025-05-16,Uberlândia,MG,C588,nao,eletronicos,Smartphone,marketplace,1340.18,17.76,4,11,41,28.38,67,sol,prime_day,nao,1.9,nao,,,nao,,,
AMZ-00722,2025-05-25,Goiânia,GO,C547,sim,livros,HQ Colecionável,amazon,1639.69,"36,27",1,25,12,"97,82",48,sol,black_friday,sim,2.2,nao,,sim,sim,,cancelado,
AMZ-00723,2025-07-24,Goiânia,GO,C118,nao,eletronicos,Fone Bluetooth,amazon,886.27,86.94,10,4,17,1,44,nublado,nenhum,nao,4.9,nao,,nao,nao,nao,cancelado,
AMZ-00724,2025-08-31,São Paulo,SP,C129,nao,vestuario,Jaqueta,amazon,539.28,38.07,3,18,18,27.32,98,sol,nenhum,nao,3.8,nao,,sim,nao,sim,procesado,
AMZ-00725,2025-08-11,Salvador,BA,C167,sim,livros,Livro Fantasia,amazon,"1852,08",0,3,5,78,197.88,113,nublado,nenhum,sim,2.0,nao,,nao,nao,sim,entregue,
AMZ-00726,13/07/2025,Curitiba,PR,C372,nao,eletronicos,Carregador USB-C,marketplace,3003.9,45.3,4,19,19,134.18,171,nublado,nenhum,nao,3.9,nao,,,nao,nao,procesado,
AMZ-00727,2025-06-04,Rio de Janeiro,RJ,C497,sim,livros,Kindle eBook,marketplace,"2985,72",0,4,11,41,1,66,chuva,natal,nao,3.7,nao,,sim,sim,sim,devolvido,
AMZ-00728,2025-02-23,Uberlândia,MG,C98,sim,eletronicos,Smartphone,marketplace,2358.11,0,3,9,22,163.57,62,chuva,nenhum,nao,5,nao,,sim,sim,nao,devolvido,
AMZ-00729,2025-03-26,Curitiba,PR,C147,nao,supermercado,Detergente,amazon,1934.96,77.43,5,9,50,1,109,sol,nenhum,sim,2.2,nao,,sim,nao,sim,procesado,
AMZ-00730,09/08/2025,Rio de Janeiro,RJ,C447,nao,supermercado,Sabonete,marketplace,773.3,"32,22",7,10,3,"149,48",85,chuva,nenhum,nao,5.0,nao,,,nao,sim,entregue,
AMZ-00731,2025-07-19,Curitiba,PR,C219,nao,livros,Kindle eBook,amazon,3333.61,36.08,10,11,23,"171,17",111,chuva,black_friday,nao,3.8,nao,,sim,sim,,entregue,
AMZ-00732,2025-08-20,Campinas,SP,C113,nao,livros,Kindle eBook,marketplace,2102.45,9.2,2,31,36,207.86,94,chuva,nenhum,sim,1,nao,,,sim,,procesado,
AMZ-00733,2025-06-02,Rio de Janeiro,RJ,C352,sim,casa,Organizador,amazon,3186.94,0,1,13,14,"83,29",11,chuva,nenhum,sim,3.2,nao,,,nao,sim,entregue,
AMZ-00734,2025-06-01,São Paulo,SP,C156,sim,eletronicos,Fire TV,marketplace,2208.87,16.57,1,16,10,118.54,72,nublado,nenhum,sim,3.8,nao,,,nao,nao,,
AMZ-00735,03-02-2025,Rio de Janeiro,RJ,C563,sim,eletronicos,Echo Dot,amazon,168.73,0,3,14,32,27.93,100,chuva,prime_day,nao,3.9,nao,,,nao,sim,devolvido,
AMZ-00736,2025-03-05,Goiânia,GO,C340,nao,casa,Filtro de Água,marketplace,3087.88,53.62,1,16,63,117.69,68,chuva,nenhum,sim,3.8,nao,,nao,nao,,,
AMZ-00737,07-20-2025,São Paulo,SP,C288,nao,livros,HQ Colecionável,amazon,1323.88,9.42,1,1,40,62.83,30,sol,nenhum,sim,3.0,nao,,nao,sim,,procesado,
AMZ-00738,08-23-2025,Goiânia,go,C129,sim,eletronicos,Carregador USB-C,amazon,1891.35,0,5,1,34,123.27,130,nublado,prime_day,sim,3.6,nao,,nao,nao,sim,procesado,
AMZ-00739,2025-08-27,Campinas,SP,C55,nao,vestuario,Mochila,amazon,2703.77,34.45,4,8,42,"213,86",97,nublado,black_friday,nao,4.6,nao,,,sim,nao,,
AMZ-00740,2025-01-26,Rio de Janeiro,RJ,C582,sim,vestuario,Jaqueta,marketplace,1994.72,58.33,1,6,40,98.32,103,nublado,black_friday,sim,1.8,nao,,nao,nao,sim,cancelado,
AMZ-00741,15/07/2025,Curitiba,PR,C25,nao,eletronicos,Echo Dot,marketplace,38.04,68.48,10,4,34,121.32,49,sol,prime_day,nao,"2,7",sim,produto_danificado,sim,nao,nao,devolvido,
AMZ-00742,2025-07-02,São Paulo,SP,C186,nao,casa,Lâmpada LED,amazon,186.11,51.28,10,13,60,114.64,53,chuva,nenhum,nao,3.8,nao,,nao,nao,,devolvido,
AMZ-00743,2025-03-07,Goiânia,GO,C327,nao,eletronicos,Carregador USB-C,amazon,1721.51,"16,35",7,2,44,30.63,14,nublado,nenhum,nao,5,nao,,nao,nao,nao,procesado,
AMZ-00744,10-08-2025,Salvador,BA,C573,nao,casa,Filtro de Água,amazon,2699.99,18.58,4,17,48,177.29,152,nublado,nenhum,nao,2.8,nao,,nao,sim,,devolvido,
AMZ-00745,2025-08-19,Goiânia,GO,C578,nao,livros,HQ Colecionável,amazon,1536.93,70.14,5,19,34,"199,4",81,sol,black_friday,nao,5,nao,,,sim,,devolvido,
AMZ-00746,2025-06-02,Rio de Janeiro,RJ,C567,sim,vestuario,Mochila,amazon,"1112,48",10.06,2,12,13,106.15,97,nublado,nenhum,nao,5,nao,,sim,nao,sim,devolvido,
AMZ-00747,2025-03-29,Uberaba,MG,C120,sim,casa,Organizador,amazon,3386.06,0,7,11,28,1,106,nublado,nenhum,nao,3.5,nao,,sim,nao,sim,cancelado,
AMZ-00748,2025-05-12,Uberaba,MG,C352,nao,eletronicos,Fire TV,marketplace,587.95,32.7,3,8,32,29.11,33,sol,nenhum,nao,4.3,nao,,nao,sim,nao,cancelado,
AMZ-00749,2025-03-06,Uberaba,MG,C117,sim,livros,Kindle eBook,marketplace,894.16,0,4,6,91,1,77,sol,nenhum,sim,5.0,nao,,,nao,nao,devolvido,
AMZ-00750,2025-06-13,Campinas,sp,C287,sim,vestuario,Camiseta,marketplace,2697.07,0,10,9,3,204.98,119,sol,prime_day,nao,"3,0",nao,,nao,nao,,,
AMZ-00751,2025-06-25,Rio de Janeiro,RJ,C170,sim,eletronicos,Fire TV,amazon,151.44,71.37,7,3,24,84.04,183,sol,nenhum,nao,4.4,nao,,nao,nao,sim,entregue,
AMZ-00752,2025-04-13,Uberlândia,MG,C146,sim,eletronicos,Echo Dot,marketplace,3307.57,0,1,20,2,258.61,98,chuva,prime_day,nao,2.9,nao,,sim,nao,nao,,
AMZ-00753,data_invalida,São Paulo,SP,C5,nao,eletronicos,Smartphone,marketplace,3480.78,83.64,2,11,20,36.86,56,chuva,nenhum,nao,3.9,nao,,sim,nao,nao,procesado,
AMZ-00754,02-15-2025,Goiânia,GO,C63,sim,eletronicos,Fone Bluetooth,marketplace,1458.46,0,5,16,29,166.66,1,chuva,nenhum,nao,"4,6",nao,,sim,nao,,devolvido,
AMZ-00755,2025-01-20,uberlândia,MG,C389,sim,vestuario,Tênis,amazon,"2368,13",0,7,7,58,1,17,sol,nenhum,nao,3.3,sim,falsificado,nao,nao,,cancelado,
AMZ-00756,2025-04-09,Campinas,SP,C154,nao,eletronicos,Echo Dot,amazon,53.55,88.41,1,10,40,132.94,47,sol,black_friday,sim,1.4,sim,,nao,nao,nao,cancelado,
AMZ-00757,2025-08-05,Salvador,BA,C8,sim,eletronicos,Smartphone,marketplace,3316.97,0,3,4,20,122.13,38,sol,nenhum,nao,4.7,nao,,nao,nao,nao,procesado,
AMZ-00758,01-03-2025,Curitiba,PR,C121,sim,casa,Lâmpada LED,amazon,1200.76,0,7,18,30,142.89,34,nublado,nenhum,sim,2.1,nao,,nao,nao,nao,,
AMZ-00759,2025-01-14,São Paulo,SP,C335,nao,supermercado,Sabonete,amazon,1563.76,39.24,7,17,53,96.36,69,chuva,nenhum,nao,2.9,nao,,,nao,nao,procesado,
AMZ-00760,2025-07-21,Goiânia,GO,C389,sim,casa,Panela,marketplace,1680.18,0,3,12,2,"60,93",83,sol,nenhum,nao,3.3,sim,NA,,nao,,entregue,
AMZ-00761,09-24-2025,Rio de Janeiro,RJ,C397,nao,livros,HQ Colecionável,marketplace,1317.13,27.46,10,12,29,332.16,87,chuva,nenhum,nao,5,nao,,nao,sim,sim,,
AMZ-00762,2025-01-24,Curitiba,PR,C329,nao,casa,Filtro de Água,marketplace,3409.14,"72,37",2,22,70,120.9,65,chuva,nenhum,sim,4.0,nao,,nao,nao,,procesado,
AMZ-00763,2025-03-10,Rio de Janeiro,RJ,C588,nao,supermercado,Sabonete,amazon,1567.0,36.26,7,1,20,136.28,57,temporal,nenhum,nao,4.6,nao,,sim,sim,,entregue,
AMZ-00764,10/04/2025,goiânia,GO,C123,nao,eletronicos,Fone Bluetooth,marketplace,1650.72,83.38,3,29,40,231.65,29,nublado,black_friday,nao,"4,7",nao,,nao,nao,,devolvido,
AMZ-00765,2025-01-18,Uberaba,MG,C597,sim,eletronico,Lâmpada LED,marketplace,2419.73,0,4,15,31,185.49,62,nublado,black_friday,nao,4.2,nao,,,sim,,cancelado,
AMZ-00766,2025-09-21,Uberlândia,MG,C245,sim,eletronicos,Fire TV,amazon,"772,5",0,10,22,20,200.31,50,nublado,nenhum,sim,2.9,nao,,,nao,sim,,
AMZ-00767,2025-02-13,Goiânia,GO,C216,sim,supermercado,Arroz,marketplace,1705.59,0,2,9,57,75.53,151,chuva,nenhum,sim,2.7,nao,,sim,nao,sim,entregue,
AMZ-00768,data_invalida,Uberaba,MG,C49,nao,casa,Organizador,marketplace,1216.02,30.73,1,14,12,7.02,163,sol,natal,sim,2.1,nao,,sim,nao,,entregue,
AMZ-00769,2025-07-29,São Paulo,SP,C356,nao,eletronicos,Fire TV,marketplace,2182.92,35.11,2,9,46,130.94,110,sol,nenhum,sim,4.3,nao,,,nao,sim,cancelado,
AMZ-00770,2025-07-04,Rio de Janeiro,RJ,C563,sim,casa,Filtro de Água,marketplace,"29,68",71.11,4,17,68,1,39,sol,nenhum,nao,5,nao,,,nao,nao,,
AMZ-00771,2025-10-15,Campinas,SP,C418,sim,eletronicos,Fire TV,amazon,"1218,71",0,1,18,35,321.91,97,nublado,black_friday,sim,2.4,nao,,,nao,,,
AMZ-00772,2025-01-04,Uberlândia,MG,C325,sim,livros,Kindle eBook,amazon,713.17,57.26,5,20,31,167.21,93,nublado,nenhum,nao,3.7,nao,,sim,nao,,,
AMZ-00773,2025-06-30,Rio de Janeiro,RJ,C250,nao,casa,Filtro de Água,amazon,"641,54","17,81",2,17,12,83.54,65,nublado,nenhum,sim,1.1,nao,,sim,nao,,entregue,
AMZ-00774,2025-05-30,Uberaba,MG,C25,sim,vestuario,Camiseta,amazon,2119.27,82.3,5,23,2,230.02,199,temporal,nenhum,nao,3.1,sim,arrependimento,sim,nao,,cancelado,
AMZ-00775,2025-02-27,Salvador,BA,C490,nao,casa,Lâmpada LED,amazon,143.62,49.48,2,18,53,59.06,109,sol,nenhum,sim,4.9,nao,,nao,nao,sim,cancelado,
AMZ-00776,2025-02-06,Curitiba,pr,C525,sim,livros,Livro Técnico,marketplace,"1900,05",0,2,16,52,18.77,112,sol,black_friday,sim,1.7,sim,arrependimento,,sim,sim,procesado,
AMZ-00777,2025-01-14,São Paulo,SP,C414,sim,vestuario,Camiseta,marketplace,464.29,0,5,14,21,155.26,44,nublado,nenhum,nao,3.6,nao,,nao,nao,nao,procesado,
AMZ-00778,2025-05-05,São Paulo,SP,C579,sim,eletronicos,Fone Bluetooth,amazon,2362.71,0,5,9,30,40.66,1,chuva,nenhum,nao,3.9,nao,,,nao,sim,procesado,
AMZ-00779,2025-07-27,Goiânia,GO,C251,sim,vestuario,Tênis,marketplace,2611.68,0,10,19,51,121.89,69,sol,prime_day,nao,"2,6",nao,,sim,nao,sim,entregue,
AMZ-00780,09-11-2025,campinas,SP,C280,sim,vestuario,Tênis,marketplace,1740.52,0,4,24,43,198.61,103,sol,nenhum,nao,2.2,sim,produto_errado,,nao,sim,devolvido,
AMZ-00781,05/01/2025,Uberaba,MG,C154,sim,livros,Livro Técnico,marketplace,2433.75,0,10,6,6,1,137,sol,nenhum,nao,"4,7",nao,,,nao,sim,entregue,
AMZ-00782,21/04/2025,Campinas,SP,C328,nao,eletronicos,Fire TV,marketplace,2136.82,82.44,4,7,37,63.58,128,nublado,nenhum,nao,2.6,sim,atraso,,nao,,entregue,
AMZ-00783,2025-07-28,salvador,BA,C79,sim,livros,Livro Fantasia,marketplace,2881.7,0,5,9,26,106.42,1,nublado,nenhum,nao,4.1,nao,,sim,nao,,,
AMZ-00784,2025-07-22,Campinas,SP,C517,sim,livros,Kindle eBook,marketplace,190.97,0,3,8,99,84.99,33,chuva,nenhum,sim,1.9,sim,produto_danificado,nao,nao,nao,devolvido,
AMZ-00785,2025-06-29,Curitiba,pr,C498,sim,casa,Panela,amazon,2877.12,0,3,18,17,41.21,53,chuva,nenhum,nao,3.8,nao,,nao,nao,,devolvido,
AMZ-00786,2025-02-22,Campinas,SP,C270,nao,vestuario,Mochila,amazon,1616.96,80.55,4,11,13,"221,08",34,chuva,nenhum,nao,5,nao,,sim,nao,sim,entregue,
AMZ-00787,2025-06-15,Uberlândia,MG,C481,nao,vestuario,Mochila,marketplace,739.24,"87,93",7,3,4,127.22,70,temporal,black_friday,nao,4.1,nao,,nao,nao,nao,cancelado,
AMZ-00788,08-20-2025,Uberaba,MG,C481,nao,eletronico,Livro Fantasia,marketplace,"1016,13",40.44,1,25,45,"135,68",109,chuva,nenhum,sim,2.8,sim,,,nao,,devolvido,
AMZ-00789,2025-04-23,Uberaba,MG,C263,sim,casa,Lâmpada LED,amazon,2676.69,0,10,18,33,137.31,111,sol,nenhum,nao,5,nao,,,sim,,cancelado,
AMZ-00790,2025-01-30,Salvador,BA,C264,sim,livros,Kindle eBook,amazon,623.28,0,1,2,31,27.16,85,chuva,nenhum,sim,1.4,nao,,,nao,sim,procesado,
AMZ-00791,2025-06-23,Uberaba,MG,C375,nao,eletronicos,Echo Dot,amazon,"1287,01",47.91,4,18,60,77.93,119,sol,nenhum,nao,2.6,nao,,nao,nao,nao,procesado,
AMZ-00792,10-13-2025,Rio de Janeiro,RJ,C385,sim,livros,Kindle eBook,marketplace,2880.89,0,4,15,15,38.09,109,sol,nenhum,nao,5,nao,,sim,nao,,devolvido,
AMZ-00793,2025-08-10,São Paulo,SP,C19,nao,casa,Organizador,amazon,"973,85",82.31,4,1,36,113.76,94,sol,prime_day,nao,5,nao,,sim,sim,nao,entregue,
AMZ-00794,2025-02-24,Campinas,SP,C304,nao,eletronicos,Smartphone,amazon,1369.48,57.26,2,11,7,86.17,91,sol,nenhum,nao,"3,6",nao,,,nao,,entregue,
AMZ-00795,2025-07-02,Curitiba,PR,C229,sim,eletronicos,Carregador USB-C,amazon,408.92,0,4,20,25,169.62,95,sol,nenhum,nao,5,nao,,nao,nao,sim,procesado,
AMZ-00796,2025-09-28,Campinas,SP,C48,nao,livros,Kindle eBook,marketplace,3401.59,40.23,1,8,30,306.14,36,sol,nenhum,sim,1.5,nao,,nao,nao,nao,cancelado,
AMZ-00797,01/04/2025,Campinas,sp,C248,sim,vestuario,Tênis,marketplace,1639.74,0,2,1,29,196.6,60,chuva,natal,sim,3.5,nao,,nao,nao,nao,procesado,
AMZ-00798,2025-10-03,Campinas,SP,C61,sim,vestuario,Jaqueta,marketplace,1551.45,0,5,12,30,238.46,77,nublado,nenhum,nao,"4,1",nao,,,sim,,cancelado,
AMZ-00799,05-10-2025,São Paulo,sp,C133,nao,casa,Filtro de Água,marketplace,1581.89,47.72,3,9,30,132.39,1,sol,nenhum,nao,5,nao,,nao,nao,sim,procesado,
AMZ-00800,2025-04-11,Salvador,BA,C351,sim,super mercado,Kindle eBook,amazon,"2659,67",0,4,10,39,108.6,1,temporal,nenhum,nao,5,nao,,nao,nao,nao,devolvido,
AMZ-00801,28/06/2025,Uberaba,MG,C74,nao,vestuario,Mochila,amazon,742.97,30.96,5,4,40,343.02,131,chuva,nenhum,nao,"4,5",nao,,,nao,,entregue,
AMZ-00802,2025-02-15,Goiânia,GO,C103,nao,livros,Livro Fantasia,marketplace,3085.65,"30,25",7,24,44,125.73,81,nublado,nenhum,nao,2.4,sim,arrependimento,,sim,nao,procesado,
AMZ-00803,2025-10-22,São Paulo,SP,C25,nao,livros,Livro Técnico,amazon,1686.84,48.67,2,7,21,133.34,66,sol,nenhum,nao,4.3,nao,,sim,nao,nao,,
AMZ-00804,data_invalida,Uberlândia,MG,C56,nao,vestuario,Camiseta,amazon,3243.56,59.55,1,4,35,"152,31",25,sol,nenhum,sim,3.0,nao,,,nao,nao,devolvido,
AMZ-00805,2025-06-23,Campinas,SP,C459,nao,eletronicos,Carregador USB-C,amazon,3234.31,57.23,5,29,24,225.49,66,chuva,black_friday,nao,3.5,nao,,sim,sim,,entregue,
AMZ-00806,2025-03-26,Goiânia,GO,C261,sim,eletronicos,Echo Dot,amazon,710.0,47.97,1,25,46,124.7,151,chuva,prime_day,sim,3.8,nao,,nao,sim,sim,,
AMZ-00807,data_invalida,Uberaba,MG,C228,sim,livros,HQ Colecionável,marketplace,2100.89,43.23,1,3,29,"215,85",201,sol,nenhum,sim,3.2,nao,,sim,nao,sim,procesado,
AMZ-00808,2025-05-26,Campinas,SP,C193,nao,vestuario,Mochila,marketplace,634.33,76.28,5,13,2,"96,14",66,nublado,prime_day,nao,5,nao,,,nao,nao,procesado,
AMZ-00809,2025-02-23,Rio de Janeiro,RJ,C126,sim,vestuario,Tênis,marketplace,"593,69",0,10,18,43,50.08,35,nublado,nenhum,nao,4.0,nao,,,sim,,cancelado,
AMZ-00810,17/04/2025,Uberaba,MG,C4,nao,eletronicos,Fire TV,marketplace,1431.52,58.56,3,16,22,106.92,126,sol,natal,nao,3.4,nao,,,sim,nao,cancelado,
AMZ-00811,2025-07-27,Goiânia,GO,C574,nao,eletronicos,Fire TV,amazon,"512,75",69.57,2,25,32,"54,35",144,temporal,prime_day,sim,3.5,nao,,sim,nao,nao,cancelado,
AMZ-00812,08-19-2025,Curitiba,PR,C423,sim,eletronicos,Fire TV,marketplace,"2759,77",0,3,9,16,91.51,101,sol,nenhum,nao,4.4,sim,NA,sim,nao,,procesado,
AMZ-00813,2025-06-10,São Paulo,SP,C128,sim,livros,Livro Fantasia,amazon,1784.58,0,4,15,20,"85,36",23,chuva,black_friday,nao,3.6,nao,,nao,sim,nao,entregue,
AMZ-00814,2025-07-16,Uberlândia,MG,C290,sim,vestuario,Tênis,amazon,3311.66,57.69,10,8,8,209.62,130,chuva,nenhum,nao,3.8,sim,produto_errado,nao,nao,,,
AMZ-00815,2025-09-20,Goiânia,GO,C277,nao,eletronicos,Fire TV,amazon,224.69,39.95,2,7,6,1,14,sol,prime_day,nao,3.3,nao,,sim,sim,nao,,
AMZ-00816,2025-02-04,Campinas,SP,C310,sim,vestuario,Mochila,amazon,"2257,67",0,7,19,20,204.1,85,sol,nenhum,nao,5,nao,,,sim,sim,,
AMZ-00817,2025-03-15,Salvador,BA,C112,sim,eletronicos,Fone Bluetooth,amazon,"3081,32",8.11,3,12,14,"132,43",59,nublado,nenhum,sim,2.6,sim,NA,sim,sim,nao,devolvido,
AMZ-00818,2025-06-12,Uberaba,MG,C588,sim,vestuario,Jaqueta,marketplace,3490.66,0,7,2,29,16.94,149,chuva,prime_day,nao,5,nao,,,nao,nao,procesado,
AMZ-00819,2025-10-12,Uberlândia,MG,C414,nao,livros,Livro Fantasia,amazon,978.45,50.69,2,15,51,11.21,122,nublado,black_friday,sim,3.1,nao,,nao,nao,sim,devolvido,
AMZ-00820,04/08/2025,Rio de Janeiro,RJ,C191,nao,eletronicos,Fone Bluetooth,marketplace,1514.53,89.5,2,15,22,132.21,33,nublado,nenhum,nao,4.5,nao,,nao,nao,nao,procesado,
AMZ-00821,2025-09-21,Uberlândia,MG,C103,nao,eletronicos,Echo Dot,marketplace,1531.04,"71,11",10,1,46,170.56,119,nublado,nenhum,nao,2.8,sim,NA,nao,nao,sim,cancelado,
AMZ-00822,2025-07-16,Rio de Janeiro,RJ,C326,nao,eletronicos,Echo Dot,amazon,3460.37,27.02,7,1,43,32.84,54,sol,nenhum,nao,4.2,nao,,,sim,,devolvido,
AMZ-00823,04/01/2025,Salvador,BA,C112,nao,eletronicos,Fire TV,amazon,2940.56,"65,37",10,18,21,266.84,62,nublado,nenhum,nao,3.3,nao,,sim,nao,nao,entregue,
AMZ-00824,2025-06-19,Rio de Janeiro,RJ,C131,sim,livros,Livro Técnico,marketplace,3053.6,0,10,27,16,142.48,121,sol,prime_day,nao,4.5,nao,,sim,nao,sim,,
AMZ-00825,2025-03-02,Rio de Janeiro,RJ,C159,sim,eletronicos,Fire TV,marketplace,2906.11,0,5,21,36,72.92,35,nublado,nenhum,nao,"4,3",nao,,nao,nao,sim,procesado,
AMZ-00826,04-14-2025,Goiânia,GO,C301,sim,eletronicos,Fone Bluetooth,marketplace,22.34,0,2,9,40,170.95,70,sol,nenhum,sim,1.9,nao,,nao,nao,nao,devolvido,
AMZ-00827,2025-03-14,São Paulo,SP,C168,nao,eletronicos,Echo Dot,marketplace,2978.97,31.76,5,1,7,147.05,134,sol,nenhum,nao,1.6,nao,,nao,nao,sim,devolvido,
AMZ-00828,2025-10-02,Uberlândia,MG,C517,nao,eletronicos,Fone Bluetooth,amazon,2792.91,78.22,3,1,43,1,119,sol,natal,nao,"4,7",nao,,,nao,nao,devolvido,
AMZ-00829,12/05/2025,Rio de Janeiro,RJ,C41,nao,eletronicos,Fire TV,amazon,"1084,38","57,4",2,6,2,119.75,36,nublado,nenhum,nao,5,nao,,,nao,,cancelado,
AMZ-00830,2025-01-20,são paulo,SP,C5,sim,eletronicos,Smartphone,amazon,1915.49,0,3,28,20,49.52,77,sol,nenhum,sim,1.6,nao,,sim,nao,sim,,
AMZ-00831,data_invalida,goiânia,GO,C171,nao,supermercado,Detergente,amazon,241.66,87.4,7,27,22,"15,15",104,chuva,black_friday,nao,5,sim,produto_errado,nao,nao,,devolvido,
AMZ-00832,2025-04-07,Curitiba,PR,C85,nao,vestuario,Camiseta,marketplace,69.17,25.52,3,10,11,143.12,177,chuva,natal,nao,2.9,sim,atraso,,nao,,procesado,
AMZ-00833,06/07/2025,Uberaba,mg,C421,nao,livros,HQ Colecionável,amazon,2397.5,"52,43",2,24,13,"270,99",152,chuva,nenhum,sim,"1,0",nao,,sim,nao,sim,cancelado,
AMZ-00834,2025-08-15,São Paulo,sp,C406,sim,livros,HQ Colecionável,marketplace,321.18,29.55,10,21,26,122.06,28,sol,nenhum,nao,4.7,nao,,sim,sim,sim,procesado,
AMZ-00835,21/01/2025,Rio de Janeiro,RJ,C555,sim,livros,Livro Técnico,amazon,"2936,66",17.77,10,14,54,128.01,95,sol,black_friday,nao,3.4,nao,,nao,nao,,devolvido,
AMZ-00836,2025-08-15,Uberaba,MG,C427,sim,eletronicos,Echo Dot,amazon,1912.9,0,4,19,63,1,73,sol,nenhum,nao,"3,6",sim,arrependimento,,sim,nao,entregue,
AMZ-00837,02/07/2025,Curitiba,PR,C85,sim,livros,Livro Técnico,amazon,2412.15,0,5,40,38,120.08,140,sol,nenhum,nao,4.7,nao,,,nao,,,
AMZ-00838,2025-02-26,Uberaba,MG,C529,nao,livros,Livro Fantasia,marketplace,2800.45,20.25,10,17,31,1,74,temporal,natal,sim,3.3,nao,,,sim,nao,,
AMZ-00839,2025-08-07,Goiânia,GO,C518,sim,casa,Organizador,amazon,2641.84,0,7,6,100,154.83,94,sol,natal,nao,3.7,nao,,sim,sim,sim,,
AMZ-00840,2025-05-01,campinas,SP,C177,sim,livros,HQ Colecionável,amazon,1367.34,0,10,12,55,31.14,79,sol,nenhum,sim,"2,2",nao,,nao,nao,,procesado,
AMZ-00841,09-22-2025,Campinas,SP,C522,sim,eletronicos,Echo Dot,amazon,1873.06,0,7,12,81,"208,59",163,sol,nenhum,nao,5,nao,,sim,sim,nao,entregue,
AMZ-00842,2025-04-30,Uberaba,MG,C557,sim,super mercado,Livro Fantasia,amazon,"3283,71",0,5,2,17,58.11,159,sol,nenhum,nao,4.0,nao,,sim,nao,,,
AMZ-00843,02-21-2025,Salvador,BA,C395,nao,casa,Organizador,amazon,2339.38,82.77,5,1,42,141.34,95,chuva,nenhum,nao,5,nao,,nao,nao,sim,cancelado,
AMZ-00844,07-23-2025,Salvador,BA,C382,sim,vestuario,Camiseta,amazon,1959.62,0,4,18,37,1,110,sol,nenhum,nao,5,sim,falsificado,,nao,nao,procesado,
AMZ-00845,2025-09-10,Salvador,BA,C496,sim,casa,Filtro de Água,marketplace,3356.57,0,2,13,72,153.22,1,sol,nenhum,sim,3.3,nao,,nao,nao,nao,procesado,
AMZ-00846,01/10/2025,Salvador,BA,C8,sim,eletronicos,Carregador USB-C,amazon,528.69,0,5,20,32,1,134,sol,nenhum,nao,3.1,nao,,,sim,,entregue,
AMZ-00847,2025-07-28,São Paulo,SP,C67,nao,supermercado,Sabonete,marketplace,3315.65,"8,31",4,15,38,230.01,76,nublado,nenhum,nao,4.1,nao,,,nao,nao,devolvido,
AMZ-00848,2025-07-11,rio de janeiro,RJ,C136,sim,eletronicos,Carregador USB-C,amazon,2635.94,48.17,2,9,19,215.17,1,nublado,nenhum,nao,4.9,nao,,nao,sim,,devolvido,
AMZ-00849,2025-10-23,Rio de Janeiro,RJ,C316,sim,livros,Livro Técnico,amazon,3268.72,0,4,8,33,179.97,9,sol,natal,nao,3.3,sim,produto_errado,sim,sim,nao,,
AMZ-00850,2025-04-21,Salvador,BA,C33,nao,super mercado,Tênis,marketplace,891.23,47.6,3,1,40,337.04,160,temporal,nenhum,nao,4.5,nao,,nao,sim,nao,devolvido,
AMZ-00851,2025-02-27,Curitiba,PR,C422,nao,casa,Panela,amazon,556.88,62.76,5,1,67,180.22,145,sol,nenhum,nao,5,nao,,nao,nao,nao,entregue,
AMZ-00852,2025-02-17,Uberlândia,MG,C535,sim,vestuario,Jaqueta,amazon,1411.54,0,4,23,2,164.26,82,sol,nenhum,nao,3.2,nao,,sim,nao,nao,,
AMZ-00853,2025-05-30,São Paulo,SP,C225,nao,vestuario,Camiseta,amazon,"2449,44",86.02,3,9,19,1,159,sol,nenhum,nao,"2,7",sim,falsificado,nao,nao,nao,,
AMZ-00854,2025-07-21,São Paulo,SP,C352,sim,casa,Panela,amazon,3014.49,48.5,4,3,11,69.08,131,chuva,nenhum,sim,2.9,sim,atraso,sim,nao,sim,,
AMZ-00855,2025-09-29,Curitiba,PR,C194,sim,eletronico,Echo Dot,marketplace,"2654,91",0,4,9,11,182.63,123,sol,black_friday,nao,3.1,nao,,,nao,nao,devolvido,
AMZ-00856,2025-05-25,Curitiba,PR,C328,nao,supermercado,Sabonete,amazon,1493.74,22.25,7,10,28,"236,03",122,sol,nenhum,nao,3.1,nao,,sim,nao,nao,devolvido,
AMZ-00857,20/06/2025,Uberlândia,MG,C283,nao,eletronicos,Carregador USB-C,amazon,855.47,64.76,2,9,29,"72,54",94,chuva,natal,nao,3.9,nao,,sim,nao,sim,,
AMZ-00858,2025-02-04,salvador,BA,C319,sim,eletronicos,Smartphone,marketplace,985.24,37.57,10,12,30,"128,3",50,chuva,nenhum,nao,4.9,nao,,sim,nao,sim,procesado,
AMZ-00859,2025-02-07,São Paulo,SP,C105,sim,supermercado,Detergente,amazon,611.36,13.69,4,31,7,156.08,103,chuva,nenhum,nao,4.5,nao,,,nao,,cancelado,
AMZ-00860,2025-07-24,Uberaba,MG,C570,nao,vestuario,Tênis,amazon,"379,93",71.44,7,12,59,1,161,nublado,nenhum,sim,3.4,sim,NA,sim,sim,nao,cancelado,
AMZ-00861,22/09/2025,Uberlândia,MG,C271,nao,livros,Kindle eBook,marketplace,"415,23",46.94,10,16,35,44.74,126,sol,nenhum,nao,4.4,nao,,nao,nao,nao,cancelado,
AMZ-00862,2025-10-02,São Paulo,SP,C508,sim,eletronicos,Echo Dot,marketplace,3233.51,"78,48",1,6,26,76.46,158,chuva,nenhum,sim,2.6,nao,,,sim,,,
AMZ-00863,2025-08-14,Uberaba,MG,C83,sim,eletronicos,Fire TV,marketplace,"921,35",0,2,6,26,195.29,64,nublado,black_friday,nao,5,nao,,,nao,sim,entregue,
AMZ-00864,2025-04-23,Rio de Janeiro,RJ,C523,nao,casa,Organizador,amazon,90.63,48.14,1,5,48,185.33,86,temporal,prime_day,sim,"2,9",sim,atraso,sim,nao,sim,procesado,
AMZ-00865,2025-10-08,Curitiba,PR,C313,sim,vestuario,Camiseta,amazon,2169.2,0,3,21,34,42.98,87,sol,black_friday,nao,4.1,nao,,nao,nao,sim,cancelado,
AMZ-00866,data_invalida,Uberlândia,MG,C414,sim,vestuario,Jaqueta,amazon,683.58,0,5,8,17,45.23,24,nublado,nenhum,nao,3.4,nao,,,nao,nao,devolvido,
AMZ-00867,data_invalida,Uberlândia,MG,C422,nao,casa,Lâmpada LED,marketplace,2874.11,63.48,1,12,53,182.23,114,sol,black_friday,sim,"3,4",sim,falsificado,nao,nao,,entregue,
AMZ-00868,2025-06-04,uberaba,MG,C4,sim,eletronicos,Carregador USB-C,marketplace,"963,22",0,4,19,62,"195,56",105,sol,nenhum,nao,5,nao,,sim,nao,,,
AMZ-00869,01-21-2025,Uberaba,MG,C338,nao,eletronicos,Fire TV,amazon,2051.02,"88,79",4,7,39,171.98,60,nublado,nenhum,nao,4.0,nao,,nao,nao,nao,cancelado,
AMZ-00870,2025-03-05,Rio de Janeiro,rj,C230,nao,eletronicos,Smartphone,amazon,2416.8,73.22,5,7,35,125.84,66,chuva,nenhum,nao,3.9,nao,,nao,nao,sim,procesado,
AMZ-00871,2025-08-03,Goiânia,GO,C238,nao,eletronicos,Echo Dot,marketplace,1329.07,83.28,3,8,44,90.38,3,chuva,nenhum,nao,5,sim,produto_danificado,,nao,sim,entregue,
AMZ-00872,2025-03-10,Campinas,SP,C123,sim,casa,Panela,amazon,969.51,0,7,12,28,89.9,58,chuva,natal,nao,4.4,nao,,,sim,sim,devolvido,
AMZ-00873,2025-09-07,Uberlândia,MG,C389,sim,livros,Kindle eBook,amazon,1543.34,0,10,12,68,"128,8",95,nublado,nenhum,nao,2.6,nao,,,nao,sim,devolvido,
AMZ-00874,2025-06-14,Uberaba,MG,C517,sim,supermercado,Arroz,marketplace,1212.02,"36,42",7,8,46,185.21,84,sol,black_friday,nao,4.6,nao,,,nao,sim,,
AMZ-00875,data_invalida,Uberlândia,MG,C538,sim,eletronicos,Fone Bluetooth,amazon,3270.99,0,5,8,41,85.17,128,chuva,nenhum,nao,3.8,nao,,nao,nao,nao,procesado,
AMZ-00876,2025-08-05,Curitiba,PR,C169,nao,eletronicos,Smartphone,marketplace,3122.83,38.71,7,9,44,81.28,145,temporal,nenhum,nao,4.7,sim,atraso,nao,nao,nao,cancelado,
AMZ-00877,2025-03-21,Goiânia,GO,C540,sim,vestuario,Tênis,marketplace,1186.66,45.93,4,14,7,1,1,chuva,nenhum,nao,4.6,nao,,nao,sim,,cancelado,
AMZ-00878,2025-06-19,São Paulo,SP,C336,sim,eletronicos,Echo Dot,amazon,752.39,62.2,3,23,28,"191,91",89,sol,nenhum,nao,4.4,nao,,nao,nao,nao,cancelado,
AMZ-00879,2025-06-25,Goiânia,GO,C95,sim,casa,Organizador,marketplace,2506.06,0,2,1,62,159.75,94,nublado,nenhum,sim,1.6,nao,,sim,nao,sim,,
AMZ-00880,2025-05-22,Campinas,SP,C553,nao,casa,Lâmpada LED,amazon,"2796,65",79.2,5,12,20,168.83,57,nublado,nenhum,nao,4.7,sim,produto_errado,nao,nao,sim,entregue,
AMZ-00881,04-13-2025,Rio de Janeiro,RJ,C541,sim,vestuario,Jaqueta,marketplace,404.42,0,3,5,79,151.38,161,sol,nenhum,sim,2.2,nao,,nao,nao,sim,entregue,
AMZ-00882,2025-08-11,rio de janeiro,RJ,C18,nao,eletronicos,Smartphone,amazon,1166.24,26.57,3,11,47,"153,56",82,sol,black_friday,nao,5,nao,,,nao,sim,entregue,
AMZ-00883,2025-08-17,Goiânia,GO,C294,nao,eletronicos,Carregador USB-C,marketplace,1825.98,82.99,7,22,41,"161,91",9,nublado,nenhum,nao,"2,8",nao,,nao,nao,sim,devolvido,
AMZ-00884,04-28-2025,uberlândia,MG,C272,nao,vestuario,Tênis,amazon,3280.5,"44,67",4,24,51,198.16,21,sol,nenhum,nao,3.4,nao,,nao,nao,nao,,
AMZ-00885,2025-05-05,São Paulo,SP,C338,sim,eletronicos,Fire TV,amazon,2576.64,0,3,23,42,1,22,sol,prime_day,nao,5,nao,,nao,nao,nao,cancelado,
AMZ-00886,2025-07-24,São Paulo,SP,C123,sim,vestuario,Jaqueta,marketplace,3256.8,0,1,17,6,53.09,99,chuva,nenhum,sim,3.8,nao,,,nao,nao,cancelado,
AMZ-00887,2025-08-23,Uberlândia,MG,C284,nao,vestuario,Camiseta,amazon,1626.55,75.66,5,11,23,30.96,110,sol,nenhum,nao,4.6,nao,,sim,nao,sim,procesado,
AMZ-00888,2025-03-09,Rio de Janeiro,RJ,C120,nao,supermercado,Detergente,amazon,1807.28,52.95,1,8,41,"107,54",153,chuva,nenhum,sim,2.2,sim,NA,nao,nao,nao,devolvido,
AMZ-00889,2025-10-19,Rio de Janeiro,RJ,C282,nao,eletronicos,Carregador USB-C,marketplace,1779.29,23.67,5,12,2,105.01,8,sol,natal,nao,4.6,nao,,sim,nao,,devolvido,
AMZ-00890,2025-05-29,salvador,BA,C355,nao,casa,Lâmpada LED,marketplace,"2542,16",20.16,1,4,9,199.06,159,temporal,nenhum,nao,4.1,nao,,nao,nao,nao,entregue,
AMZ-00891,09-30-2025,Campinas,SP,C254,sim,supermercado,Sabonete,amazon,1042.07,0,4,14,67,12.15,37,sol,nenhum,nao,4.9,nao,,nao,sim,,cancelado,
AMZ-00892,data_invalida,Rio de Janeiro,RJ,C475,nao,eletronicos,Smartphone,amazon,26.52,"20,74",5,19,29,240.06,65,sol,nenhum,nao,3.6,nao,,sim,nao,,cancelado,
AMZ-00893,2025-02-05,Uberaba,MG,C485,nao,vestuario,Tênis,marketplace,"2366,66","26,64",1,7,44,9.36,88,nublado,nenhum,sim,3.6,nao,,nao,nao,,devolvido,
AMZ-00894,2025-01-02,Salvador,BA,C129,sim,eletronicos,Echo Dot,marketplace,"3189,5",0,2,11,43,239.35,50,sol,nenhum,sim,4.1,nao,,nao,nao,nao,,
AMZ-00895,data_invalida,Salvador,BA,C121,nao,vestuario,Jaqueta,amazon,2772.38,86.56,10,28,2,23.98,47,nublado,natal,nao,"2,3",nao,,sim,nao,sim,devolvido,
AMZ-00896,2025-09-26,Uberaba,MG,C484,sim,casa,Panela,marketplace,"1107,27","37,95",3,12,8,83.76,50,sol,nenhum,sim,2.9,nao,,,nao,sim,,
AMZ-00897,2025-05-16,Campinas,SP,C515,nao,vestuario,Tênis,amazon,1632.89,8.81,1,23,10,80.88,73,temporal,black_friday,sim,3.2,nao,,nao,nao,sim,cancelado,
AMZ-00898,2025-07-08,Salvador,BA,C387,sim,super mercado,Arroz,marketplace,967.15,0,3,7,2,235.28,78,chuva,nenhum,sim,2.3,nao,,nao,nao,sim,procesado,
AMZ-00899,2025-07-12,Uberlândia,MG,C399,sim,eletronicos,Fone Bluetooth,marketplace,1286.0,0,5,7,14,13.8,60,sol,nenhum,nao,4.3,nao,,sim,sim,nao,devolvido,
AMZ-00900,2025-05-21,Uberlândia,MG,C405,nao,livros,Kindle eBook,amazon,654.69,12.74,5,3,48,58.03,107,sol,black_friday,nao,2.1,nao,,sim,nao,sim,devolvido,
AMZ-00901,10-27-2025,São Paulo,SP,C36,sim,vestuario,Jaqueta,marketplace,2768.99,48.14,2,22,42,254.34,82,nublado,nenhum,sim,2.4,nao,,sim,sim,nao,entregue,
AMZ-00902,2025-03-11,Campinas,SP,C378,sim,vestuario,Mochila,amazon,2472.04,0,4,22,21,219.82,1,chuva,black_friday,nao,2.4,nao,,sim,nao,nao,devolvido,
AMZ-00903,04-21-2025,Goiânia,GO,C536,nao,livros,Kindle eBook,marketplace,"2873,05","52,28",3,16,25,206.51,1,nublado,nenhum,nao,5,nao,,nao,nao,sim,procesado,
AMZ-00904,2025-02-02,Uberaba,MG,C498,nao,eletronicos,Carregador USB-C,marketplace,"312,78",80.43,4,10,55,74.23,136,sol,prime_day,nao,5,nao,,sim,sim,nao,cancelado,
AMZ-00905,2025-05-03,Uberlândia,MG,C31,nao,casa,Filtro de Água,amazon,3274.4,26.75,1,13,57,18.95,84,sol,nenhum,sim,3.2,nao,,sim,nao,sim,,
AMZ-00906,10-24-2025,Curitiba,PR,C479,nao,livros,Livro Técnico,marketplace,2376.12,53.25,7,9,34,1,63,sol,nenhum,sim,4.6,nao,,sim,nao,nao,procesado,
AMZ-00907,2025-07-23,Uberlândia,MG,C507,nao,livros,Kindle eBook,amazon,560.73,14.3,10,14,10,160.62,51,sol,nenhum,nao,2.8,sim,,,nao,sim,,
AMZ-00908,2025-05-14,Campinas,sp,C584,nao,supermercado,Café,amazon,2393.47,21.28,4,11,64,"229,25",208,sol,black_friday,nao,3.6,nao,,sim,nao,,devolvido,
AMZ-00909,2025-03-23,Goiânia,GO,C458,nao,eletronicos,Fone Bluetooth,marketplace,2660.74,"61,56",10,21,11,156.17,64,nublado,natal,sim,3.0,nao,,sim,nao,sim,procesado,
AMZ-00910,2025-08-14,Uberlândia,MG,C571,sim,super mercado,Organizador,marketplace,934.79,0,2,17,86,31.17,148,sol,nenhum,sim,"4,4",nao,,nao,nao,sim,procesado,
AMZ-00911,2025-03-29,Salvador,BA,C30,sim,supermercado,Detergente,amazon,1527.53,0,7,25,61,126.62,55,sol,black_friday,nao,"3,6",nao,,sim,nao,,,
AMZ-00912,2025-04-02,Uberlândia,MG,C378,sim,vestuario,Camiseta,marketplace,189.13,75.78,5,21,47,274.98,152,sol,nenhum,nao,4.0,nao,,sim,sim,nao,procesado,
AMZ-00913,2025-03-05,Rio de Janeiro,RJ,C508,nao,eletronico,Mochila,amazon,1185.51,83.13,10,11,2,72.81,113,sol,black_friday,nao,4.9,sim,produto_danificado,sim,nao,,cancelado,
AMZ-00914,2025-09-10,São Paulo,SP,C173,nao,supermercado,Café,amazon,"303,58",66.41,10,15,47,132.52,161,nublado,prime_day,nao,3.0,nao,,nao,sim,sim,,
AMZ-00915,2025-03-04,Campinas,sp,C147,sim,livros,Kindle eBook,marketplace,3125.65,20.06,3,26,42,112.56,71,sol,nenhum,sim,1,nao,,,nao,sim,entregue,
AMZ-00916,2025-08-24,Uberlândia,MG,C232,sim,supermercado,Sabonete,marketplace,3204.75,0,5,23,2,180.6,89,sol,black_friday,nao,4.2,nao,,sim,nao,,cancelado,
AMZ-00917,13/08/2025,Campinas,SP,C117,sim,supermercado,Café,marketplace,800.25,0,4,9,4,84.07,80,chuva,nenhum,sim,5.0,nao,,nao,sim,,,
AMZ-00918,2025-02-25,Goiânia,GO,C345,nao,livros,Livro Técnico,marketplace,"2135,56","68,86",4,19,43,120.95,32,nublado,natal,nao,4.2,nao,,,nao,,procesado,
AMZ-00919,2025-06-02,Curitiba,PR,C600,sim,vestuario,Mochila,amazon,3451.91,0,3,19,2,55.26,145,chuva,black_friday,nao,4.2,nao,,sim,nao,nao,procesado,
AMZ-00920,06-06-2025,Uberlândia,MG,C425,sim,livros,Livro Técnico,marketplace,997.05,0,3,17,12,52.15,149,nublado,prime_day,nao,4.7,nao,,,sim,,,
AMZ-00921,2025-05-17,Curitiba,pr,C451,nao,supermercado,Café,marketplace,628.44,"45,37",7,5,61,67.79,133,nublado,nenhum,sim,3.2,nao,,,nao,nao,,
AMZ-00922,2025-07-21,Salvador,BA,C329,nao,eletronicos,Echo Dot,marketplace,1404.52,34.06,5,6,46,226.7,12,sol,nenhum,nao,3.9,nao,,sim,nao,,,
AMZ-00923,2025-08-30,São Paulo,SP,C353,nao,eletronicos,Carregador USB-C,amazon,1767.52,89.2,5,21,57,56.89,90,sol,black_friday,nao,"4,8",nao,,,sim,nao,devolvido,
AMZ-00924,13/05/2025,Uberlândia,mg,C369,nao,vestuario,Jaqueta,marketplace,1084.5,22.04,5,8,48,154.27,40,sol,nenhum,nao,5,nao,,,nao,sim,entregue,
AMZ-00925,2025-07-17,salvador,BA,C30,nao,vestuario,Camiseta,amazon,126.01,"76,99",7,1,53,32.0,97,nublado,nenhum,nao,4.6,nao,,nao,nao,,devolvido,
AMZ-00926,2025-06-05,Salvador,BA,C312,sim,casa,Lâmpada LED,marketplace,2639.41,10.07,1,12,58,225.96,68,chuva,nenhum,sim,3.2,nao,,sim,nao,nao,cancelado,
AMZ-00927,2025-03-21,rio de janeiro,RJ,C359,nao,eletronicos,Fire TV,amazon,1309.15,68.77,4,1,75,128.48,117,sol,prime_day,nao,3.1,nao,,,nao,,entregue,
AMZ-00928,2025-02-18,Goiânia,GO,C8,nao,livros,HQ Colecionável,amazon,501.27,63.2,7,1,78,360.53,115,sol,nenhum,sim,1.6,nao,,nao,sim,,cancelado,
AMZ-00929,2025-08-31,Rio de Janeiro,RJ,C507,nao,eletronicos,Smartphone,marketplace,1300.16,83.71,4,34,19,100.61,74,sol,nenhum,nao,4.3,nao,,sim,sim,sim,,
AMZ-00930,09-14-2025,Campinas,SP,C344,nao,casa,Lâmpada LED,marketplace,2706.9,66.51,7,10,34,138.48,1,chuva,nenhum,nao,"4,6",nao,,,nao,nao,procesado,
AMZ-00931,2025-03-10,Uberaba,MG,C454,sim,livros,Kindle eBook,amazon,1679.22,0,1,9,45,1,87,nublado,natal,sim,3.1,nao,,sim,nao,,entregue,
AMZ-00932,2025-07-26,São Paulo,SP,C287,sim,livros,Kindle eBook,amazon,1383.5,0,5,16,29,102.57,148,chuva,prime_day,nao,5,nao,,sim,sim,sim,,
AMZ-00933,data_invalida,Uberlândia,MG,C325,sim,casa,Organizador,amazon,2448.74,0,2,16,62,1,60,sol,nenhum,sim,4.1,nao,,sim,nao,nao,cancelado,
AMZ-00934,26/03/2025,Rio de Janeiro,RJ,C525,sim,vestuario,Tênis,marketplace,3037.11,0,1,1,33,175.3,64,chuva,prime_day,sim,1.6,nao,,sim,nao,,cancelado,
AMZ-00935,2025-02-03,Rio de Janeiro,RJ,C235,nao,eletronicos,Echo Dot,amazon,2805.13,10.54,10,16,11,168.48,148,chuva,nenhum,nao,5,nao,,nao,nao,nao,procesado,
AMZ-00936,data_invalida,Salvador,BA,C198,nao,casa,Lâmpada LED,amazon,"1472,81",68.16,1,3,8,149.93,121,sol,natal,nao,4.8,nao,,,nao,sim,,
AMZ-00937,2025-06-12,Uberaba,MG,C429,sim,livros,Kindle eBook,marketplace,1019.16,0,4,10,37,149.65,111,temporal,prime_day,nao,4.7,nao,,nao,sim,sim,devolvido,
AMZ-00938,2025-02-11,Curitiba,pr,C436,sim,livros,Livro Técnico,amazon,1507.35,0,3,7,36,"103,12",18,nublado,nenhum,nao,4.1,nao,,,sim,nao,,
AMZ-00939,22/04/2025,São Paulo,SP,C357,sim,livros,Livro Fantasia,marketplace,3337.05,85.46,10,21,25,116.88,109,sol,nenhum,sim,2.2,nao,,,sim,nao,devolvido,
AMZ-00940,2025-09-02,Uberlândia,MG,C555,sim,eletronicos,Fire TV,marketplace,1276.1,0,7,22,39,93.84,141,sol,nenhum,nao,4.2,nao,,nao,nao,,procesado,
AMZ-00941,2025-06-18,Goiânia,GO,C405,sim,eletronicos,Fire TV,marketplace,1684.6,70.82,10,19,51,1,275,sol,nenhum,nao,4.0,nao,,nao,nao,sim,procesado,
AMZ-00942,2025-01-26,Uberlândia,MG,C187,nao,eletronicos,Fone Bluetooth,amazon,853.06,24.63,1,11,63,1,13,sol,prime_day,sim,1,nao,,sim,nao,,cancelado,
AMZ-00943,2025-01-18,goiânia,go,C574,sim,livros,Livro Técnico,amazon,2446.72,0,1,7,18,1,68,nublado,nenhum,sim,4.0,nao,,,sim,,,
AMZ-00944,08-03-2025,Uberlândia,MG,C229,nao,vestuario,Jaqueta,marketplace,"3322,43",76.69,10,14,14,46.71,88,sol,natal,sim,3.7,nao,,sim,nao,,devolvido,
AMZ-00945,2025-06-08,Uberaba,MG,C116,nao,supermercado,Detergente,marketplace,2624.35,9.34,5,7,36,"182,09",69,chuva,nenhum,nao,5,nao,,nao,nao,,cancelado,
AMZ-00946,04-05-2025,Uberaba,MG,C150,nao,casa,Panela,amazon,2016.66,"84,68",10,15,35,"180,9",139,chuva,natal,sim,1,sim,NA,sim,nao,sim,procesado,
AMZ-00947,2025-03-21,Goiânia,GO,C81,nao,livros,HQ Colecionável,marketplace,3429.85,68.11,5,18,56,"94,0",118,chuva,black_friday,nao,3.3,nao,,nao,nao,nao,devolvido,
AMZ-00948,data_invalida,Uberlândia,mg,C7,sim,vestuario,Camiseta,amazon,1091.54,56.68,7,18,8,195.53,79,sol,nenhum,nao,3.5,nao,,nao,nao,nao,cancelado,
AMZ-00949,2025-07-24,Uberaba,MG,C413,nao,supermercado,Sabonete,marketplace,"217,07",88.33,4,8,27,1,51,temporal,nenhum,nao,2.8,nao,,sim,nao,nao,devolvido,
AMZ-00950,08-24-2025,São Paulo,SP,C500,nao,livros,Livro Técnico,amazon,1569.49,80.82,3,11,2,64.35,47,chuva,nenhum,sim,2.5,nao,,,sim,,procesado,
AMZ-00951,2025-03-08,Curitiba,PR,C480,sim,casa,Lâmpada LED,marketplace,560.83,0,5,12,57,38.85,110,chuva,nenhum,nao,4.0,nao,,nao,nao,sim,devolvido,
AMZ-00952,2025-04-10,Curitiba,PR,C3,nao,eletronico,Tênis,amazon,1727.13,57.79,3,13,20,54.47,64,sol,nenhum,sim,"1,3",nao,,sim,sim,,entregue,
AMZ-00953,2025-08-12,Goiânia,GO,C150,nao,eletronicos,Echo Dot,amazon,2037.44,29.15,7,1,33,123.38,97,sol,nenhum,nao,3.1,nao,,,nao,,cancelado,
AMZ-00954,2025-03-22,Salvador,BA,C399,sim,vestuario,Mochila,amazon,948.8,0,3,14,33,287.54,76,nublado,black_friday,nao,3.4,sim,produto_danificado,,nao,,entregue,
AMZ-00955,2025-01-19,Rio de Janeiro,RJ,C131,sim,supermercado,Detergente,marketplace,2870.45,0,5,14,38,122.66,49,nublado,nenhum,nao,4.1,nao,,sim,nao,,procesado,
AMZ-00956,data_invalida,Rio de Janeiro,RJ,C273,nao,casa,Organizador,amazon,"200,58",78.88,10,1,70,191.93,188,sol,nenhum,nao,4.5,nao,,nao,nao,nao,procesado,
AMZ-00957,data_invalida,São Paulo,SP,C318,nao,eletronicos,Fone Bluetooth,amazon,2683.56,83.11,7,25,37,"22,48",135,sol,black_friday,nao,5,nao,,nao,nao,nao,procesado,
AMZ-00958,02-09-2025,Goiânia,GO,C126,sim,supermercado,Sabonete,marketplace,762.32,0,5,10,35,194.1,69,sol,prime_day,nao,3.3,nao,,,nao,,devolvido,
AMZ-00959,2025-05-25,Campinas,sp,C117,nao,vestuario,Jaqueta,amazon,913.78,"62,15",3,8,15,135.78,8,sol,prime_day,nao,5,nao,,,nao,sim,entregue,
AMZ-00960,2025-01-11,Rio de Janeiro,RJ,C439,nao,eletronicos,Echo Dot,marketplace,3348.54,8.88,5,7,39,"78,55",55,chuva,nenhum,sim,3.6,nao,,,nao,sim,entregue,
AMZ-00961,2025-05-28,uberaba,MG,C330,sim,eletronicos,Carregador USB-C,marketplace,"1641,85",0,5,13,2,69.88,159,chuva,nenhum,nao,4.9,sim,arrependimento,sim,nao,sim,cancelado,
AMZ-00962,2025-10-10,Uberlândia,MG,C36,nao,eletronicos,Carregador USB-C,amazon,3172.78,61.37,1,16,45,174.28,118,chuva,prime_day,sim,4.4,nao,,,nao,nao,cancelado,
AMZ-00963,2025-09-08,Rio de Janeiro,RJ,C264,nao,vestuario,Jaqueta,marketplace,2082.2,42.7,4,7,19,42.61,92,sol,nenhum,nao,4.1,nao,,,nao,,devolvido,
AMZ-00964,2025-02-07,Uberaba,MG,C89,sim,supermercado,Arroz,amazon,2503.38,0,2,4,31,22.43,2,sol,nenhum,nao,"3,6",nao,,sim,nao,,entregue,
AMZ-00965,2025-03-17,rio de janeiro,RJ,C51,sim,eletronicos,Fone Bluetooth,amazon,2026.98,59.25,10,19,61,"107,0",1,nublado,nenhum,sim,3.7,nao,,nao,nao,nao,procesado,
AMZ-00966,2025-04-15,Goiânia,GO,C592,sim,eletronicos,Carregador USB-C,amazon,1901.12,0,3,8,50,"105,33",21,chuva,nenhum,nao,3.1,sim,arrependimento,sim,nao,,,
AMZ-00967,2025-02-05,Goiânia,GO,C390,sim,supermercado,Detergente,marketplace,2611.42,0,1,26,45,45.35,36,nublado,nenhum,sim,2.2,sim,produto_errado,sim,nao,,entregue,
AMZ-00968,05-21-2025,Curitiba,PR,C133,sim,casa,Filtro de Água,marketplace,1889.58,0,1,15,33,97.61,16,chuva,nenhum,sim,4.1,nao,,sim,sim,,procesado,
AMZ-00969,14/10/2025,Curitiba,PR,C332,nao,livros,Livro Fantasia,marketplace,1545.67,"38,18",2,1,19,145.54,141,nublado,natal,nao,4.8,sim,falsificado,sim,nao,,devolvido,
AMZ-00970,2025-03-07,São Paulo,sp,C443,sim,eletronicos,Smartphone,amazon,2011.19,35.35,3,7,30,1,73,sol,nenhum,nao,5,nao,,,nao,nao,devolvido,
AMZ-00971,10-18-2025,Salvador,ba,C217,sim,livros,Livro Fantasia,amazon,3236.5,34.38,2,16,33,209.76,55,nublado,nenhum,sim,2.5,sim,falsificado,,sim,,entregue,
AMZ-00972,2025-09-26,Uberlândia,MG,C209,sim,casa,Organizador,marketplace,1397.31,47.56,4,21,4,"188,36",122,chuva,nenhum,nao,4.2,nao,,,sim,nao,cancelado,
AMZ-00973,2025-07-25,Salvador,BA,C194,nao,eletronicos,Fone Bluetooth,marketplace,629.19,21.68,2,7,38,1.91,121,chuva,nenhum,sim,"3,6",nao,,nao,nao,sim,,
AMZ-00974,2025-02-25,Uberlândia,MG,C1,sim,casa,Filtro de Água,amazon,1717.06,0,10,8,64,73.21,93,sol,nenhum,nao,3.7,nao,,,nao,nao,cancelado,
AMZ-00975,data_invalida,Uberlândia,MG,C495,sim,eletronicos,Fire TV,marketplace,2767.78,32.37,7,17,73,20.34,41,sol,black_friday,nao,3.7,nao,,sim,nao,,entregue,
AMZ-00976,2025-01-28,Salvador,BA,C181,nao,eletronicos,Fire TV,amazon,2774.05,24.87,7,15,22,"274,66",122,nublado,nenhum,nao,"4,0",nao,,,nao,sim,,
AMZ-00977,2025-10-23,Goiânia,GO,C406,sim,eletronicos,Echo Dot,amazon,129.55,0,1,20,31,83.6,98,nublado,nenhum,sim,3.2,nao,,nao,nao,nao,procesado,
AMZ-00978,2025-02-04,São Paulo,SP,C412,sim,eletronicos,Carregador USB-C,amazon,3203.32,0,7,19,47,136.8,137,chuva,nenhum,nao,3.5,nao,,,nao,,,
AMZ-00979,09-24-2025,Campinas,SP,C211,nao,livros,Livro Técnico,amazon,"776,14","71,03",2,11,78,77.94,1,sol,nenhum,sim,2.3,sim,produto_danificado,nao,nao,sim,cancelado,
AMZ-00980,2025-06-18,Goiânia,GO,C29,nao,livros,Livro Técnico,marketplace,1910.48,54.48,7,9,8,203.44,65,sol,nenhum,sim,3.7,nao,,sim,nao,sim,entregue,
AMZ-00981,2025-03-19,Curitiba,PR,C398,nao,casa,Lâmpada LED,amazon,205.37,24.63,10,26,25,29.0,1,sol,prime_day,nao,3.8,nao,,nao,nao,sim,entregue,
AMZ-00982,10-16-2025,São Paulo,sp,C475,sim,supermercado,Sabonete,amazon,1260.07,0,10,2,78,10.19,68,nublado,nenhum,nao,1.8,nao,,nao,nao,nao,devolvido,
AMZ-00983,2025-07-31,Uberaba,MG,C59,nao,livros,Livro Técnico,amazon,"1887,99",9.96,2,15,31,134.38,110,sol,nenhum,nao,3.9,nao,,sim,sim,,,
AMZ-00984,2025-08-19,Rio de Janeiro,RJ,C492,nao,eletronico,Sabonete,amazon,2792.96,40.03,1,12,4,1,115,nublado,nenhum,nao,4.9,nao,,sim,nao,nao,devolvido,
AMZ-00985,2025-07-08,Rio de Janeiro,RJ,C412,nao,livros,Livro Fantasia,marketplace,302.64,38.94,3,9,14,78.38,34,nublado,nenhum,sim,5,nao,,nao,nao,sim,entregue,
AMZ-00986,2025-04-25,São Paulo,SP,C373,sim,supermercado,Detergente,marketplace,2456.97,0,10,16,26,51.33,36,nublado,nenhum,nao,3.5,nao,,,nao,sim,,
AMZ-00987,2025-04-16,São Paulo,SP,C488,nao,casa,Panela,amazon,896.64,85.02,1,3,93,71.24,66,nublado,prime_day,sim,3.6,nao,,nao,nao,nao,devolvido,
AMZ-00988,16/08/2025,Uberaba,MG,C320,nao,eletronicos,Echo Dot,marketplace,3005.87,41.9,2,15,49,"35,4",25,nublado,prime_day,sim,3.5,nao,,sim,nao,sim,devolvido,
AMZ-00989,09/10/2025,Curitiba,PR,C366,nao,livros,Livro Fantasia,amazon,2756.54,65.24,10,20,5,144.94,29,nublado,nenhum,nao,4.4,nao,,sim,nao,nao,devolvido,
AMZ-00990,2025-02-02,curitiba,PR,C163,sim,livros,Livro Fantasia,amazon,19.68,0,7,13,53,167.64,42,sol,black_friday,nao,5,nao,,nao,nao,sim,procesado,
AMZ-00991,2025-05-02,Uberlândia,MG,C585,sim,livros,Livro Fantasia,amazon,585.53,0,7,1,45,152.41,60,nublado,nenhum,nao,5,nao,,nao,nao,,devolvido,
AMZ-00992,2025-02-24,São Paulo,SP,C115,sim,eletronicos,Echo Dot,amazon,"2787,32",0,3,13,58,112.46,70,nublado,nenhum,nao,5,nao,,nao,sim,nao,devolvido,
AMZ-00993,2025-06-03,são paulo,SP,C167,nao,livros,Kindle eBook,amazon,2354.48,87.86,10,24,2,109.66,149,sol,natal,nao,5.0,nao,,nao,nao,,entregue,
AMZ-00994,2025-05-17,Uberaba,MG,C229,sim,livros,HQ Colecionável,marketplace,"742,96",43.84,5,14,88,204.12,73,chuva,nenhum,sim,1.9,nao,,sim,nao,,devolvido,
AMZ-00995,2025-01-06,São Paulo,SP,C548,sim,casa,Panela,marketplace,2259.08,0,1,27,2,144.45,74,sol,nenhum,sim,1,nao,,,nao,nao,entregue,
AMZ-00996,2025-07-15,Goiânia,GO,C157,nao,eletronicos,Echo Dot,amazon,"1251,75","82,75",7,9,38,116.66,1,sol,nenhum,sim,1.5,nao,,sim,sim,,devolvido,
AMZ-00997,2025-03-13,Goiânia,GO,C148,nao,casa,Organizador,marketplace,2501.36,43.47,4,13,56,121.39,144,temporal,nenhum,nao,3.7,nao,,sim,sim,sim,procesado,
AMZ-00998,25/01/2025,Uberaba,MG,C534,sim,vestuario,Mochila,marketplace,2066.83,0,3,14,47,147.66,124,sol,prime_day,nao,4.6,nao,,sim,nao,sim,devolvido,
AMZ-00999,2025-06-02,Campinas,SP,C259,nao,livros,Livro Fantasia,marketplace,3320.0,73.7,1,7,37,1,18,sol,prime_day,sim,1.5,nao,,,sim,sim,cancelado,
AMZ-00000,2025-03-21,Salvador,BA,C15,nao,eletronicos,Smartphone,marketplace,1148.41,"62,03",10,11,22,160.55,70,sol,nenhum,nao,3.1,nao,,nao,sim,nao,procesado,
AMZ-00001,2025-01-25,Uberlândia,MG,C4,sim,vestuario,Jaqueta,amazon,1186.66,0,7,21,47,182.07,109,nublado,nenhum,nao,4.7,nao,,,sim,nao,entregue,
AMZ-00002,2025-01-07,São Paulo,SP,C533,nao,eletronicos,Echo Dot,marketplace,2371.36,60.98,3,5,65,1,36,chuva,nenhum,nao,3.3,nao,,nao,nao,,procesado,
AMZ-00003,2025-01-29,Campinas,SP,C198,nao,livros,HQ Colecionável,marketplace,53.3,27.9,10,6,16,38.94,154,nublado,prime_day,nao,2.9,nao,,sim,nao,sim,procesado,
AMZ-00004,2025-06-12,Goiânia,GO,C563,sim,casa,Panela,amazon,1384.0,0,1,15,55,85.74,173,sol,nenhum,sim,2.5,nao,,nao,nao,nao,cancelado,
AMZ-00005,2025-09-05,Campinas,SP,C261,sim,eletronico,Arroz,marketplace,459.74,"13,51",2,11,68,40.28,64,nublado,prime_day,sim,1.3,sim,falsificado,,nao,sim,entregue,
AMZ-00006,09-24-2025,Curitiba,PR,C460,nao,supermercado,Detergente,marketplace,331.66,83.24,5,2,72,1,50,chuva,black_friday,nao,5.0,nao,,sim,sim,sim,devolvido,
AMZ-00007,2025-04-14,Uberlândia,MG,C312,nao,vestuario,Mochila,amazon,2170.92,74.42,10,18,40,75.81,114,temporal,nenhum,sim,2.5,sim,,sim,sim,nao,cancelado,
AMZ-00008,2025-08-15,Goiânia,GO,C574,nao,vestuario,Tênis,amazon,3460.02,80.78,1,12,22,188.91,88,nublado,nenhum,sim,"1,9",sim,arrependimento,,sim,nao,devolvido,
AMZ-00009,2025-10-28,São Paulo,SP,C446,nao,livros,Livro Técnico,amazon,1088.29,40.71,5,1,55,171.29,55,chuva,nenhum,nao,2.9,nao,,nao,nao,sim,entregue,
AMZ-00010,2025-01-07,Curitiba,PR,C33,sim,eletronicos,Smartphone,amazon,1850.37,0,4,19,48,113.42,27,sol,black_friday,nao,4.8,nao,,,nao,nao,devolvido,
AMZ-00011,2025-06-08,curitiba,PR,C514,nao,vestuario,Camiseta,marketplace,2485.98,24.57,4,5,26,93.18,104,temporal,nenhum,nao,5,sim,NA,nao,nao,sim,entregue,
AMZ-00012,2025-08-12,Curitiba,PR,C242,sim,vestuario,Mochila,marketplace,2311.88,0,1,9,41,173.04,131,sol,nenhum,sim,2.8,nao,,,nao,,cancelado,
AMZ-00013,2025-07-10,curitiba,PR,C104,sim,livros,Kindle eBook,amazon,146.46,40.54,10,15,17,221.46,125,nublado,nenhum,sim,1.5,sim,produto_danificado,nao,nao,nao,entregue,
AMZ-00014,2025-05-10,Uberlândia,MG,C545,sim,supermercado,Sabonete,amazon,905.27,0,2,2,31,185.82,124,chuva,natal,nao,3.5,nao,,sim,nao,sim,entregue,
AMZ-00015,2025-10-01,São Paulo,SP,C29,sim,livros,HQ Colecionável,marketplace,2811.42,0,10,28,35,86.4,66,nublado,nenhum,nao,4.5,nao,,sim,nao,sim,procesado,
AMZ-00016,2025-05-10,Uberlândia,MG,C491,sim,super mercado,Livro Técnico,amazon,588.76,0,10,5,59,190.54,45,sol,black_friday,nao,4.0,sim,NA,,nao,,,
AMZ-00017,23/02/2025,Curitiba,PR,C175,sim,supermercado,Café,amazon,2220.42,0,10,16,50,"159,02",143,sol,natal,nao,3.4,nao,,sim,sim,,,
AMZ-00018,2025-08-20,Curitiba,PR,C445,sim,eletronicos,Echo Dot,marketplace,1006.49,0,4,12,25,133.85,5,sol,prime_day,nao,2.3,sim,falsificado,sim,nao,,cancelado,
AMZ-00019,2025-02-26,Salvador,BA,C596,nao,supermercado,Café,marketplace,2548.11,79.65,5,28,60,70.13,42,nublado,natal,nao,4.3,nao,,,nao,sim,entregue,
AMZ-00020,2025-01-30,Uberlândia,MG,C313,sim,livros,Kindle eBook,amazon,2677.72,0,5,15,8,52.55,77,sol,nenhum,nao,4.2,nao,,sim,nao,,procesado,
AMZ-00021,2025-08-06,uberaba,MG,C363,nao,eletronicos,Smartphone,amazon,"2517,07",10.79,1,14,68,1,143,chuva,prime_day,sim,2.4,sim,arrependimento,,nao,sim,,
AMZ-00022,2025-09-30,Uberaba,MG,C295,sim,eletronicos,Echo Dot,marketplace,1442.22,0,1,20,15,202.03,129,sol,nenhum,sim,2.9,sim,atraso,sim,nao,sim,cancelado,
AMZ-00023,2025-07-25,Uberlândia,MG,C457,nao,vestuario,Tênis,amazon,1026.09,"30,18",10,1,47,1,116,chuva,nenhum,nao,4.3,nao,,,nao,,,
AMZ-00024,02/03/2025,Uberaba,MG,C153,nao,casa,Lâmpada LED,marketplace,766.96,49.74,4,6,26,88.63,166,chuva,black_friday,nao,4.0,nao,,sim,nao,nao,procesado,
