registro_id,data,ativo,setor,preco,volume,pl,roe,dy,volatilidade,perfil_usuario,rentabilidade_usuario,benchmark_ibov,taxa_operacao,recomendacao_ia,status_operacao,observacao
INV-00000,2025-05-16,WEGE3,varejo,61.36,350930,8.01,21.3,9.72,4.38,conservador,5.45,1.82,4.65,comprar,pendente,
INV-00001,2025-02-03,ITUB4,industria,159.65,373481,9.5,22.76,0.03,4.78,conservador,-19.85,-5.49,4.67,comprar,procesado,
INV-00002,2025-10-05,ITUB4,varejo,106.95,236098,14.64,28.56,6.47,4.27,conservador,3.47,-5.67,4.12,manter,cancelado,
INV-00003,2025-02-25,ABEV3,mineracao,"136,67",443428,14.37,23.7,9.11,3.0,agressivo,-10.64,-7.37,2.29,comprar,cancelado,
INV-00004,2025-08-29,ABEV3,mineracao,"40,56",150359,7.36,11.98,2.93,4.98,agressivo,2.26,-6.01,1.95,compra,procesado,
INV-00005,2025-05-31,BBDC4,energia,55.47,75098,11.04,6.79,3.49,2.95,conservador,3.45,-1.1,0.76,compra,procesado,
INV-00006,01-16-2025,ITUB4,banco,177.51,261387,7.37,9.56,6.05,4.19,conservador,-1.07,-2.49,3.26,compra,pendente,
INV-00007,2025-03-11,PETR4,energia,59.2,443434,8.36,20.01,4.48,3.75,moderado,-18.14,-2.97,0.73,vend,cancelado,
INV-00008,2025-03-01,VALE3,energia,195.8,101527,14.1,28.47,8.48,2.24,agressivo,14.07,2.41,4.39,comprar,executado,
INV-00009,2025-06-16,PETR4,varejo,57.52,165575,5.95,23.69,0.92,2.01,conservador,24.94,7.54,0.22,comprar,cancelado,
INV-00010,2025-03-30,BBDC4,banco,9999.99,152513,16.42,28.42,1.02,3.45,conservador,-11.99,12.16,3.37,vend,pendente,OUTLIER preco
INV-00011,2025-08-13,WEGE3,industria,132.46,9413,36.82,22.52,9.88,4.05,conservador,3.99,-2.63,1.34,compra,procesado,
INV-00012,2025-08-15,VALE3,energia,32.52,117065,13.91,29.2,2.8,1.77,conservador,3.68,-9.89,0.4,vend,executado,
INV-00013,2025-09-23,ABEV3,industria,86.21,279130,33.33,10.86,8.49,3.2,conservador,-18.91,-6.01,1.88,venda,executado,
INV-00014,2025-04-14,WEGE3,banco,24.41,451143,34.92,16.97,7.18,0.65,conservador,12.65,13.52,3.14,vend,procesado,
INV-00015,2025-09-26,PETR4,banco,149.14,184627,38.01,13.12,6.88,2.97,conservador,18.22,-3.24,0.18,compra,cancelado,
INV-00016,12/03/2025,PETR4,mineracao,20.1,188161,29.66,27.55,8.1,1.73,moderado,9.37,12.96,0.05,venda,procesado,
INV-00017,2025-02-24,ABEV3,mineracao,"189,43",247367,24.68,16.37,9.26,4.01,conservador,5.25,13.84,3.33,manter,executado,
INV-00018,2025-05-03,VALE3,mineracao,47.77,347731,35.26,17.32,1.18,3.07,moderado,1.54,3.6,3.59,manter,pendente,
INV-00019,2025-04-29,BBDC4,varejo,88.6,276304,26.32,26.51,4.12,2.75,moderado,12.37,-1.24,2.13,venda,procesado,
INV-00020,2025-09-26,ITUB4,industria,39.75,92108,32.41,7.46,4.01,2.41,conservador,16.73,-6.21,2.54,compra,cancelado,
INV-00021,2025-03-03,WEGE3,energia,"132,06",406313,39.65,8.55,6.66,2.42,conservador,14.24,0.02,2.87,comprar,executado,
INV-00022,2025-09-27,ABEV3,industria,37.99,180349,12.68,24.58,1.96,1.94,moderado,24.38,4.84,2.62,comprar,executado,
INV-00023,2025-01-01,BBDC4,banco,"172,16",49066,30.17,11.55,7.84,4.97,moderado,-18.77,8.09,1.74,vend,cancelado,
INV-00024,2025-08-03,ABEV3,banco,117.12,163695,24.0,28.78,0.94,4.28,conservador,-12.34,6.4,0.52,venda,cancelado,
INV-00025,2025-09-27,ITUB4,mineracao,140.26,9999999,37.84,10.56,9.99,1.63,conservador,12.06,-8.68,4.84,venda,procesado,OUTLIER volume
INV-00026,2025-07-07,ABEV3,banco,125.98,73573,5.29,24.95,9.16,1.45,conservador,-17.05,-1.02,0.69,manter,cancelado,
INV-00027,2025-01-08,BBDC4,mineracao,66.46,317442,17.22,11.21,6.16,1.87,conservador,19.12,3.96,2.83,venda,executado,
INV-00028,data_invalida,MGLU3,mineracao,122.12,218113,18.76,24.97,5.94,3.44,conservador,13.29,13.15,0.48,manter,pendente,
INV-00029,2025-04-27,VALE3,banco,21.88,157033,19.98,28.84,5.49,4.79,agressivo,5.96,-6.14,0.92,comprar,procesado,
INV-00030,03/01/2025,VALE3,energia,23.62,188084,18.85,24.89,1.08,2.71,agressivo,2.15,12.5,3.1,compra,procesado,
INV-00031,2025-08-30,WEGE3,industria,129.29,434586,11.51,15.58,1.79,3.87,conservador,14.58,-7.12,0.79,venda,pendente,
INV-00032,2025-09-28,WEGE3,varejo,168.51,164114,18.47,20.73,1.26,4.09,conservador,-10.5,-6.24,1.71,venda,cancelado,
INV-00033,2025-03-19,WEGE3,varejo,168.45,29449,21.08,8.35,7.13,2.61,agressivo,19.42,7.56,2.16,comprar,pendente,
INV-00034,2025-08-23,ABEV3,mineracao,130.14,353902,14.79,17.07,3.62,0.61,conservador,-18.78,12.77,2.73,compra,procesado,
INV-00035,2025-08-29,ABEV3,varejo,"107,92",74254,17.85,8.72,5.44,0.58,conservador,4.7,-0.2,1.85,compra,pendente,
INV-00036,2025-10-07,VALE3,energia,161.16,485815,18.39,13.07,9.13,2.15,conservador,17.02,3.03,4.32,vend,cancelado,
INV-00037,2025-06-01,WEGE3,mineracao,"154,3",62737,27.51,24.76,5.78,2.52,moderado,0.79,2.37,4.36,comprar,cancelado,
INV-00038,07/04/2025,ABEV3,industria,58.73,447775,33.99,19.37,4.57,1.49,moderado,-19.76,-5.55,2.35,vend,procesado,
INV-00039,2025-10-08,WEGE3,banco,155.09,125892,25.51,22.86,1.65,4.74,conservador,-2.34,-9.38,1.38,compra,pendente,
INV-00040,2025-03-03,BBDC4,mineracao,21.81,357106,35.82,20.25,0.12,4.18,conservador,-99.99,-7.53,2.13,manter,cancelado,OUTLIER perda extrema
INV-00041,2025-06-05,ITUB4,banco,"119,07",219429,37.97,10.16,4.63,3.82,conservador,8.18,10.35,1.97,compra,pendente,
INV-00042,2025-07-17,MGLU3,mineracao,15.65,89950,33.08,11.5,6.58,3.97,conservador,-14.07,-9.84,4.47,vend,pendente,
INV-00043,25/02/2025,PETR4,energia,108.93,447735,22.68,13.93,0.11,1.92,conservador,-9.68,-1.13,4.93,vend,procesado,
INV-00044,2025-04-11,MGLU3,banco,"43,08",322436,22.1,27.66,4.26,2.61,conservador,1.88,3.73,1.21,manter,cancelado,
INV-00045,02/06/2025,MGLU3,energia,115.93,124588,29.08,12.22,2.38,4.14,conservador,9.83,-8.05,4.18,manter,procesado,
INV-00046,2025-02-19,ITUB4,industria,167.24,47955,34.75,5.78,4.81,3.17,conservador,-4.87,-4.69,2.65,compra,cancelado,
INV-00047,2025-09-19,VALE3,industria,166.28,476778,15.57,8.13,0.01,4.44,conservador,-5.29,7.57,1.47,venda,cancelado,
INV-00048,02-08-2025,ABEV3,energia,142.21,106339,35.31,16.71,5.45,2.37,conservador,-16.77,-3.5,1.04,comprar,cancelado,
INV-00049,10-22-2025,BBDC4,mineracao,117.47,52849,12.67,19.32,4.69,2.52,conservador,17.67,-3.04,0.38,manter,executado,
INV-00050,2025-03-20,PETR4,mineracao,108.42,368340,13.13,16.97,7.27,2.89,moderado,-3.18,13.35,3.68,venda,procesado,
INV-00051,2025-03-04,ITUB4,industria,"16,69",425161,26.41,20.61,9.35,4.46,conservador,-11.33,13.21,4.99,vend,procesado,
INV-00052,2025-09-04,PETR4,banco,47.47,494289,38.31,18.29,7.28,2.24,moderado,20.18,-3.81,4.03,vend,cancelado,
INV-00053,2025-03-17,VALE3,varejo,92.83,50810,16.29,27.13,8.27,1.46,moderado,-17.37,-3.87,1.15,manter,cancelado,
INV-00054,2025-07-13,BBDC4,banco,90.39,480233,24.08,24.17,3.07,2.84,moderado,-11.42,6.79,0.84,comprar,executado,
INV-00055,2025-02-02,ITUB4,banco,185.34,179200,27.4,24.5,4.01,4.5,conservador,-15.29,-2.52,25.00,vend,procesado,OUTLIER taxa alta
INV-00056,10-02-2025,MGLU3,varejo,16.55,234748,36.93,16.37,5.69,4.73,conservador,17.01,-7.62,2.53,comprar,executado,
INV-00057,2025-06-02,ABEV3,mineracao,195.08,119737,37.79,22.39,3.51,2.32,conservador,18.35,5.75,3.97,venda,pendente,
INV-00058,2025-10-03,ITUB4,banco,82.84,150720,39.06,16.67,7.42,4.78,agressivo,20.94,3.24,0.08,vend,executado,
INV-00059,29/01/2025,VALE3,mineracao,17.42,66516,26.5,6.35,5.37,2.1,moderado,10.8,-8.85,0.53,vend,cancelado,
INV-00060,2025-08-25,BBDC4,energia,"75,03",205031,32.71,22.86,6.15,0.89,conservador,10.61,-2.46,0.65,comprar,pendente,
INV-00061,2025-02-24,ITUB4,energia,8.54,2772,20.2,12.21,9.34,3.78,conservador,22.41,-8.25,2.71,comprar,cancelado,
INV-00062,12/09/2025,WEGE3,banco,116.17,46847,18.29,8.67,4.51,4.9,conservador,-5.31,1.6,2.42,vend,executado,
INV-00063,data_invalida,BBDC4,industria,190.98,304141,14.04,7.93,4.14,4.66,agressivo,-14.7,9.0,3.68,venda,cancelado,
INV-00064,2025-09-26,PETR4,mineracao,127.55,188387,30.4,6.05,5.31,3.74,moderado,8.26,9.5,1.41,comprar,executado,
INV-00065,2025-07-11,MGLU3,energia,161.17,420121,12.3,24.63,7.83,4.91,moderado,7.18,-2.94,4.42,vend,pendente,
INV-00066,2025-09-15,BBDC4,industria,137.27,434736,11.21,17.85,2.92,1.85,conservador,-2.34,1.29,4.64,manter,cancelado,
INV-00067,2025-04-12,VALE3,varejo,191.38,231088,29.31,25.48,6.12,3.05,conservador,15.13,4.04,4.2,compra,procesado,
INV-00068,2025-08-06,ITUB4,mineracao,8.7,56301,29.1,6.67,4.34,4.17,conservador,17.16,5.78,2.35,vend,cancelado,
INV-00069,2025-10-08,WEGE3,banco,144.54,140404,5.53,12.49,9.58,2.3,agressivo,12.3,5.29,4.74,vend,procesado,
INV-00070,2025-10-11,MGLU3,varejo,190.71,82381,10.48,26.9,2.02,20.00,moderado,14.84,-5.91,1.97,vend,cancelado,OUTLIER volatilidade
INV-00071,data_invalida,PETR4,energia,38.5,232053,13.36,19.0,1.59,1.53,agressivo,20.19,-9.04,2.54,manter,procesado,
INV-00072,02-27-2025,WEGE3,mineracao,166.35,110760,5.3,11.44,7.15,1.9,moderado,1.87,-2.02,3.21,venda,executado,
INV-00073,2025-05-01,ABEV3,varejo,"181,12",294651,14.29,10.07,7.27,4.7,moderado,17.63,-2.93,3.68,vend,executado,
INV-00074,2025-01-10,ITUB4,banco,123.12,208674,23.27,19.21,8.99,3.55,moderado,23.14,-1.92,4.09,vend,procesado,
INV-00075,2025-05-07,WEGE3,energia,98.88,221640,18.88,17.44,0.07,3.44,moderado,15.05,-3.22,3.6,comprar,procesado,
INV-00076,2025-09-25,ITUB4,industria,62.43,465937,16.8,28.14,7.58,3.65,conservador,13.68,11.12,2.86,vend,procesado,
INV-00077,07/08/2025,VALE3,banco,25.69,401376,10.65,8.97,6.77,1.0,conservador,-2.98,-2.6,1.41,manter,procesado,
INV-00078,2025-02-27,ITUB4,mineracao,69.73,441738,30.73,6.05,3.53,0.8,conservador,-11.83,-5.29,3.98,venda,procesado,
INV-00079,2025-04-19,ITUB4,banco,121.86,79825,11.76,10.48,9.27,2.2,agressivo,16.7,0.32,4.48,manter,pendente,
INV-00080,2025-01-04,PETR4,varejo,68.44,244938,25.32,16.04,0.34,0.64,agressivo,-9.64,-1.74,1.8,comprar,executado,
INV-00081,2025-06-28,BBDC4,mineracao,122.52,370602,15.26,15.48,1.64,4.38,moderado,8.83,6.59,0.64,vend,cancelado,
INV-00082,2025-06-08,ABEV3,varejo,102.16,421956,24.18,13.9,0.79,2.56,conservador,-0.81,-2.59,3.91,vend,cancelado,
INV-00083,01/09/2025,PETR4,banco,162.78,442805,19.36,29.4,4.36,0.51,agressivo,-13.96,-4.28,0.91,comprar,executado,
INV-00084,2025-02-13,ABEV3,mineracao,"21,41",194577,34.69,29.04,1.8,1.69,agressivo,20.89,8.76,4.39,venda,executado,
INV-00085,17/06/2025,ITUB4,banco,157.44,415444,6.04,20.03,2.98,4.63,moderado,14.92,-0.25,0.43,compra,procesado,
INV-00086,01-14-2025,PETR4,mineracao,"61,59",493649,36.78,13.16,6.85,3.66,conservador,5.2,-2.36,0.04,vend,procesado,
INV-00087,2025-04-13,ITUB4,energia,61.87,61502,36.11,23.58,5.67,4.47,conservador,11.43,-5.69,3.26,comprar,pendente,
INV-00088,2025-01-04,ABEV3,energia,45.51,282078,23.56,25.72,6.43,2.77,conservador,-3.59,-5.39,1.85,vend,executado,
INV-00089,2025-08-23,ITUB4,energia,136.06,480165,10.84,27.28,9.2,3.49,conservador,0.94,3.03,3.07,vend,cancelado,
INV-00090,2025-03-12,ITUB4,mineracao,160.59,134001,33.27,11.79,7.68,2.51,conservador,-4.36,8.61,2.06,compra,executado,
INV-00091,2025-04-28,ITUB4,banco,36.17,8613,6.66,16.67,8.45,2.75,conservador,-16.23,-0.39,2.6,venda,pendente,
INV-00092,2025-06-05,PETR4,varejo,128.17,346738,22.59,11.46,7.1,1.47,conservador,-5.08,4.64,1.0,manter,procesado,
INV-00093,08/08/2025,MGLU3,mineracao,125.74,363193,14.08,24.47,0.6,2.84,conservador,-8.49,1.7,2.58,compra,pendente,
INV-00094,2025-09-24,MGLU3,industria,113.96,61751,38.77,11.12,9.79,4.84,moderado,-6.54,12.98,4.41,vend,cancelado,
INV-00095,03-07-2025,ABEV3,industria,"64,35",240782,11.05,14.94,6.57,4.11,conservador,-18.69,3.28,0.67,compra,procesado,
INV-00096,2025-01-04,BBDC4,mineracao,71.13,162341,36.34,20.24,5.39,4.31,conservador,7.68,-5.28,3.71,manter,procesado,
INV-00097,2025-01-10,ITUB4,industria,107.09,58727,27.92,8.48,0.67,4.93,conservador,-10.54,14.4,4.69,compra,cancelado,
INV-00098,05/01/2025,BBDC4,industria,127.3,498180,31.48,5.95,4.03,1.09,moderado,-17.25,9.1,2.37,compra,pendente,
INV-00099,2025-07-09,ITUB4,energia,100.16,315556,34.4,12.75,2.84,4.64,conservador,2.66,1.79,3.42,compra,procesado,
INV-00100,2025-06-05,MGLU3,varejo,141.54,76163,28.74,28.64,5.85,3.07,conservador,2.42,-4.16,0.69,comprar,executado,
INV-00101,2025-06-20,MGLU3,energia,73.74,244305,22.72,26.98,3.43,4.76,moderado,-14.13,0.9,0.89,vend,pendente,
INV-00102,04-27-2025,PETR4,varejo,180.33,218977,36.08,15.68,1.18,4.13,conservador,22.45,13.69,3.68,comprar,procesado,
INV-00103,data_invalida,PETR4,industria,"38,36",46667,18.07,9.95,5.25,4.87,moderado,23.86,5.36,3.08,vend,executado,
INV-00104,2025-01-02,BBDC4,industria,105.13,235273,17.27,5.67,7.29,0.7,conservador,0.68,-0.64,4.68,compra,pendente,
INV-00105,2025-06-28,PETR4,banco,92.42,41448,23.89,9.98,0.26,2.89,conservador,-7.33,11.82,0.49,compra,procesado,
INV-00106,2025-07-20,ABEV3,varejo,57.46,68453,23.9,9.03,2.42,3.16,moderado,6.86,7.28,4.44,vend,procesado,
INV-00107,02/05/2025,WEGE3,industria,90.69,28025,12.75,16.7,1.39,4.01,conservador,1.41,14.59,1.1,manter,cancelado,
INV-00108,2025-10-24,MGLU3,industria,96.92,96328,38.5,21.69,8.98,1.7,agressivo,-5.47,7.78,1.43,vend,cancelado,
INV-00109,2025-09-21,WEGE3,banco,173.62,477131,5.29,13.84,2.02,1.58,conservador,9.57,-0.96,4.78,comprar,executado,
INV-00110,14/07/2025,VALE3,energia,178.46,97363,37.26,5.66,8.0,0.7,conservador,-4.67,-6.22,1.56,manter,cancelado,
INV-00111,2025-04-01,MGLU3,industria,62.7,112096,31.77,17.24,4.58,1.86,conservador,-0.61,-1.32,2.8,manter,executado,
INV-00112,10-25-2025,PETR4,industria,43.19,266931,25.92,14.52,7.38,2.58,conservador,-19.36,0.57,1.44,manter,pendente,
INV-00113,2025-05-24,VALE3,mineracao,56.7,51656,15.78,17.7,1.27,4.11,moderado,-1.04,9.06,2.0,compra,procesado,
INV-00114,2025-04-05,PETR4,energia,62.02,248087,31.8,9.82,8.01,2.84,conservador,-7.7,1.73,1.61,manter,cancelado,
INV-00115,30/05/2025,ABEV3,mineracao,"109,93",449868,21.16,12.16,7.8,3.06,moderado,-13.19,-5.94,4.53,venda,pendente,
INV-00116,2025-09-11,WEGE3,industria,134.56,414584,28.41,28.2,4.98,1.62,moderado,-5.05,13.05,0.97,compra,executado,
INV-00117,2025-07-09,MGLU3,energia,35.27,7629,11.37,19.16,5.17,2.91,agressivo,19.73,7.98,1.88,manter,cancelado,
INV-00118,2025-10-10,PETR4,varejo,40.22,41162,26.44,23.41,4.7,0.97,conservador,-3.0,-7.46,3.62,compra,cancelado,
INV-00119,2025-01-20,BBDC4,energia,170.83,77995,11.46,27.45,1.37,1.39,conservador,-5.99,6.21,2.88,vend,procesado,
INV-00120,2025-07-17,WEGE3,industria,"147,01",457078,36.89,10.44,0.78,2.06,conservador,-6.51,-2.38,4.77,compra,pendente,
INV-00121,2025-02-26,WEGE3,mineracao,77.12,46033,18.41,15.61,4.92,1.14,conservador,-14.14,3.78,3.64,compra,procesado,
INV-00122,2025-07-06,BBDC4,banco,112.89,358552,31.56,29.23,7.15,3.34,conservador,-16.78,4.6,1.29,comprar,procesado,
INV-00123,2025-03-24,VALE3,varejo,165.15,365349,12.39,18.69,6.21,4.31,conservador,-11.46,-2.51,2.76,manter,cancelado,
INV-00124,2025-03-30,VALE3,banco,"122,37",333671,23.7,9.74,2.31,3.7,conservador,18.61,13.13,4.62,compra,procesado,
INV-00125,2025-03-03,WEGE3,banco,188.68,363307,39.71,5.57,10.0,0.59,conservador,4.16,12.63,1.92,comprar,executado,
INV-00126,04-17-2025,ABEV3,varejo,"186,65",271842,21.72,14.18,2.37,1.04,conservador,13.65,1.2,4.85,venda,executado,
INV-00127,2025-04-14,PETR4,banco,177.62,161356,17.3,13.15,3.51,4.66,moderado,-9.13,14.33,3.2,comprar,cancelado,
INV-00128,2025-03-08,VALE3,varejo,"132,26",74267,10.7,13.64,6.66,3.1,agressivo,15.07,8.52,2.12,manter,procesado,
INV-00129,08-04-2025,VALE3,mineracao,19.75,101164,22.27,28.57,7.25,2.4,conservador,-13.01,7.61,2.84,venda,procesado,
INV-00130,2025-06-01,PETR4,industria,41.83,295107,31.06,22.81,1.18,2.79,moderado,-13.04,-8.54,1.48,venda,cancelado,
INV-00131,2025-07-08,PETR4,banco,153.56,51878,13.68,16.19,0.45,0.85,conservador,11.72,4.16,2.61,comprar,executado,
INV-00132,2025-02-17,ITUB4,industria,118.32,10667,9.72,9.75,3.95,1.86,conservador,15.26,-4.49,3.29,manter,cancelado,
INV-00133,2025-05-26,VALE3,industria,153.9,171263,22.88,9.88,3.16,4.34,conservador,5.5,4.99,2.24,compra,cancelado,
INV-00134,2025-02-16,BBDC4,mineracao,199.34,252907,29.71,26.3,7.03,0.51,moderado,-2.02,-6.75,1.41,venda,executado,
INV-00135,2025-07-27,VALE3,varejo,29.02,461921,14.37,20.81,4.96,2.16,moderado,21.58,13.48,1.42,comprar,procesado,
INV-00136,2025-04-24,PETR4,varejo,17.33,143331,24.94,27.09,2.35,3.7,agressivo,-16.44,13.96,2.23,compra,pendente,
INV-00137,2025-04-12,ITUB4,industria,106.46,352276,18.32,6.42,4.46,2.99,moderado,9.56,4.65,0.68,vend,executado,
INV-00138,11/06/2025,PETR4,industria,"57,16",282510,17.32,15.31,9.14,4.8,moderado,-2.45,14.1,0.49,vend,pendente,
INV-00139,2025-08-12,ABEV3,varejo,"99,85",9542,37.36,24.05,1.85,3.14,moderado,10.18,-9.2,1.0,compra,cancelado,
INV-00140,08-07-2025,ITUB4,mineracao,71.83,139336,30.35,28.55,5.08,4.68,conservador,5.15,14.67,4.89,venda,executado,
INV-00141,09-28-2025,ABEV3,industria,11.63,145542,9.6,22.01,1.85,2.99,conservador,-6.44,6.44,0.05,comprar,cancelado,
INV-00142,2025-08-14,BBDC4,industria,77.22,461522,29.72,21.63,0.21,0.59,agressivo,13.85,13.97,1.31,venda,cancelado,
INV-00143,05-28-2025,BBDC4,banco,17.29,87320,13.63,26.49,1.83,4.03,conservador,-7.41,14.75,3.51,venda,cancelado,
INV-00144,2025-05-02,ABEV3,industria,31.56,36683,10.09,5.4,5.96,2.2,agressivo,23.6,-2.92,2.46,vend,pendente,
INV-00145,2025-04-02,PETR4,varejo,106.94,343987,35.54,5.01,5.27,4.78,conservador,15.06,-3.1,0.76,venda,executado,
INV-00146,2025-09-09,ITUB4,energia,"116,18",212993,17.89,26.24,4.25,4.09,conservador,-16.47,13.59,3.34,vend,pendente,
INV-00147,2025-08-28,ABEV3,banco,197.25,97237,10.67,22.05,5.38,4.05,moderado,-11.28,-5.29,4.27,comprar,pendente,
INV-00148,2025-08-25,ABEV3,energia,25.13,182001,9.3,25.33,1.79,4.55,conservador,-14.44,-3.48,4.32,comprar,cancelado,
INV-00149,2025-10-03,BBDC4,mineracao,111.6,319568,19.79,10.6,7.31,2.26,moderado,-14.64,-6.52,4.14,venda,procesado,
INV-00150,2025-04-25,VALE3,mineracao,149.88,236570,8.51,19.1,9.49,3.43,moderado,17.25,13.44,1.74,compra,pendente,
INV-00151,2025-05-24,ABEV3,energia,"140,64",36785,10.38,23.07,2.46,2.65,conservador,-5.32,-0.39,2.48,compra,cancelado,
INV-00152,2025-08-28,ITUB4,varejo,7.55,97161,34.79,13.67,5.11,0.61,conservador,5.04,6.32,1.71,venda,executado,
INV-00153,2025-09-19,WEGE3,varejo,"196,7",200476,37.66,17.45,1.36,2.94,agressivo,1.91,-1.44,0.21,vend,cancelado,
INV-00154,2025-09-27,VALE3,varejo,130.73,371824,26.16,14.83,4.5,3.42,conservador,24.96,-2.7,2.5,compra,procesado,
INV-00155,2025-02-19,PETR4,varejo,176.18,33080,19.77,15.66,8.69,3.91,conservador,-3.81,9.68,2.11,manter,procesado,
INV-00156,2025-08-29,ITUB4,mineracao,8.86,159627,17.82,23.47,3.95,3.62,agressivo,-17.24,-4.69,3.08,vend,executado,
INV-00157,2025-03-15,PETR4,varejo,73.9,421878,36.68,11.44,2.3,2.57,conservador,14.69,6.44,2.52,manter,executado,
INV-00158,14/02/2025,WEGE3,varejo,191.38,127928,29.4,28.48,5.48,4.53,conservador,-18.16,12.7,4.02,compra,procesado,
INV-00159,2025-04-26,WEGE3,varejo,88.51,200778,35.19,19.38,4.48,3.04,moderado,11.18,3.14,1.81,venda,pendente,
INV-00160,2025-06-05,WEGE3,banco,158.93,463311,15.2,25.56,7.63,1.45,conservador,-1.55,-5.25,3.39,manter,procesado,
INV-00161,2025-01-26,WEGE3,industria,191.0,357811,12.02,15.51,8.85,2.15,moderado,7.58,1.15,3.07,manter,pendente,
INV-00162,01-28-2025,WEGE3,mineracao,73.19,458125,7.72,14.82,1.26,4.18,moderado,24.19,-6.67,2.27,vend,executado,
INV-00163,2025-06-23,WEGE3,mineracao,157.1,368704,32.26,28.92,1.21,4.72,conservador,17.15,12.33,4.79,vend,procesado,
INV-00164,2025-03-06,WEGE3,energia,11.13,430354,25.45,21.26,8.39,2.48,conservador,20.22,11.26,0.46,venda,pendente,
INV-00165,2025-02-22,BBDC4,industria,19.84,360395,37.5,26.24,0.64,0.94,conservador,-9.37,12.45,4.59,compra,executado,
INV-00166,2025-10-26,WEGE3,energia,100.97,6027,17.94,6.7,9.38,0.8,moderado,-8.32,11.2,2.23,venda,pendente,
INV-00167,2025-01-15,MGLU3,banco,101.77,300243,10.25,29.34,9.19,3.34,agressivo,-12.24,-2.92,4.92,comprar,cancelado,
INV-00168,2025-07-05,WEGE3,mineracao,172.85,335676,15.32,24.48,2.96,0.8,moderado,-8.76,14.95,1.19,manter,pendente,
INV-00169,2025-03-16,MGLU3,mineracao,"19,41",18354,30.97,9.63,1.08,1.36,conservador,14.98,-4.82,4.53,compra,pendente,
INV-00170,07-24-2025,WEGE3,energia,"65,75",337835,28.81,5.57,7.24,1.88,conservador,13.46,7.1,4.76,compra,cancelado,
INV-00171,05/01/2025,PETR4,mineracao,67.27,484287,36.35,6.32,1.0,4.61,conservador,18.33,6.93,3.66,venda,procesado,
INV-00172,2025-07-27,BBDC4,energia,92.19,15341,14.14,10.47,8.9,3.16,agressivo,-10.08,10.22,3.7,compra,procesado,
INV-00173,2025-02-10,PETR4,mineracao,26.4,211836,29.98,17.03,1.94,0.58,moderado,22.37,-5.13,4.82,manter,cancelado,
INV-00174,2025-10-21,VALE3,varejo,187.4,14514,35.97,29.86,5.09,3.4,conservador,4.74,8.46,1.5,venda,cancelado,
INV-00175,2025-08-05,ABEV3,mineracao,"31,9",33271,22.67,10.25,6.69,4.08,conservador,-1.87,8.57,2.58,vend,pendente,
INV-00176,2025-09-19,ABEV3,mineracao,19.78,13044,15.36,25.28,9.27,3.18,conservador,24.45,-6.85,3.62,compra,pendente,
INV-00177,2025-06-16,VALE3,banco,"186,47",34906,23.96,8.2,3.61,3.58,agressivo,-5.84,10.7,3.6,venda,cancelado,
INV-00178,2025-09-18,PETR4,mineracao,147.26,295572,23.73,13.63,2.73,3.28,conservador,-1.31,-0.46,0.25,comprar,procesado,
INV-00179,2025-07-12,BBDC4,industria,105.32,32936,25.41,13.34,2.21,4.54,conservador,18.57,-6.99,0.07,compra,pendente,
INV-00180,2025-03-11,WEGE3,energia,"166,86",47867,38.29,27.16,5.17,2.0,moderado,8.27,1.89,0.41,compra,procesado,
INV-00181,2025-07-12,ABEV3,mineracao,147.67,108359,38.28,27.79,4.42,1.97,conservador,-19.47,-2.0,4.19,compra,cancelado,
INV-00182,19/10/2025,MGLU3,banco,113.18,165725,30.45,23.65,5.89,3.13,agressivo,11.93,-3.22,2.94,venda,cancelado,
INV-00183,2025-07-24,ITUB4,mineracao,41.08,20721,27.89,18.15,3.12,2.17,moderado,15.59,-2.59,3.08,venda,cancelado,
INV-00184,2025-02-03,ABEV3,energia,"54,37",310989,35.03,13.61,8.64,4.66,conservador,-18.28,10.57,2.79,compra,pendente,
INV-00185,2025-10-02,ABEV3,banco,31.49,30299,17.79,9.85,7.16,4.1,conservador,5.88,7.05,2.19,compra,executado,
INV-00186,2025-09-23,BBDC4,varejo,64.93,356228,32.79,17.62,8.5,2.31,conservador,-6.64,-2.32,0.75,comprar,cancelado,
INV-00187,data_invalida,ABEV3,industria,77.57,173881,33.34,11.89,5.48,4.53,moderado,15.88,-2.6,2.73,venda,cancelado,
INV-00188,2025-07-02,ABEV3,banco,194.99,338718,7.08,5.42,3.92,4.46,moderado,16.87,-8.23,0.26,manter,procesado,
INV-00189,2025-08-31,MGLU3,varejo,89.98,438361,7.71,22.65,3.31,2.15,conservador,-14.42,2.83,4.17,venda,pendente,
INV-00190,2025-10-26,ABEV3,mineracao,86.43,98338,17.93,11.65,9.69,2.45,moderado,8.99,-1.26,0.02,compra,procesado,
INV-00191,2025-02-07,ABEV3,industria,43.97,49708,10.48,10.47,9.5,3.2,moderado,18.84,-6.41,3.24,manter,cancelado,
INV-00192,2025-08-14,PETR4,industria,40.16,77928,8.1,5.82,2.24,2.24,conservador,-7.67,3.56,1.19,venda,procesado,
INV-00193,2025-01-10,WEGE3,banco,"83,42",88138,35.78,8.83,5.55,2.82,conservador,-11.28,9.78,1.06,vend,cancelado,
INV-00194,2025-08-27,VALE3,industria,10.62,220472,27.56,28.74,6.86,4.41,conservador,17.46,7.58,1.2,vend,cancelado,
INV-00195,2025-08-31,MGLU3,industria,155.63,172211,30.39,8.88,2.7,1.06,conservador,16.45,-4.08,1.27,vend,cancelado,
INV-00196,2025-02-28,MGLU3,varejo,197.8,396504,7.47,21.08,8.05,4.88,conservador,9.88,14.96,4.56,manter,procesado,
INV-00197,2025-03-03,PETR4,energia,175.32,56756,13.16,14.0,4.74,3.1,conservador,-17.31,12.67,4.91,manter,procesado,
INV-00198,2025-07-24,ABEV3,mineracao,"76,35",22582,23.52,8.05,5.96,1.09,conservador,22.34,10.49,3.8,compra,procesado,
INV-00199,2025-10-10,MGLU3,mineracao,197.48,270783,34.18,26.94,4.82,4.91,agressivo,23.82,0.76,4.31,manter,procesado,
INV-00200,2025-06-19,ITUB4,banco,166.38,381469,31.98,21.0,9.56,0.57,agressivo,21.27,7.05,0.7,vend,executado,
INV-00201,2025-08-01,VALE3,banco,"120,3",68062,7.97,18.16,3.57,3.4,moderado,22.65,-9.2,4.66,compra,procesado,
INV-00202,2025-09-24,MGLU3,varejo,145.91,77485,19.45,17.81,2.83,3.4,conservador,3.52,11.03,1.94,manter,executado,
INV-00203,2025-02-21,VALE3,banco,53.87,324003,32.15,29.72,6.24,0.67,agressivo,0.25,-6.38,3.03,venda,cancelado,
INV-00204,2025-02-04,PETR4,banco,96.94,51704,35.66,10.81,3.92,1.01,conservador,-11.11,2.65,3.8,comprar,cancelado,
INV-00205,2025-02-19,MGLU3,varejo,146.91,262956,8.09,5.12,4.44,2.28,conservador,18.91,5.98,0.57,venda,cancelado,
INV-00206,2025-06-03,PETR4,banco,150.62,335906,26.21,15.02,2.83,0.96,conservador,12.17,-3.71,1.87,compra,procesado,
INV-00207,2025-08-07,PETR4,mineracao,80.72,465724,30.9,20.49,2.62,0.83,conservador,15.86,3.17,0.48,vend,executado,
INV-00208,2025-03-31,ABEV3,industria,20.96,495819,20.26,28.14,6.75,4.43,conservador,17.08,-2.12,1.23,vend,pendente,
INV-00209,10/01/2025,MGLU3,industria,"179,47",303523,23.0,13.33,8.04,1.75,agressivo,14.11,9.8,2.58,manter,procesado,
INV-00210,2025-01-25,WEGE3,energia,22.77,220720,35.31,19.26,5.42,4.4,conservador,2.73,3.58,0.42,comprar,pendente,
INV-00211,2025-02-15,VALE3,banco,94.5,144087,5.02,11.77,9.43,2.76,moderado,17.86,-9.09,0.53,compra,cancelado,
INV-00212,2025-02-15,MGLU3,varejo,105.81,41624,10.27,25.95,6.96,0.75,conservador,24.62,14.63,1.01,venda,cancelado,
INV-00213,2025-10-15,MGLU3,mineracao,30.29,62467,7.73,7.53,0.09,4.71,conservador,-13.96,1.55,4.05,compra,pendente,
INV-00214,2025-05-14,VALE3,varejo,133.97,15518,39.8,25.94,4.85,4.99,agressivo,-13.87,13.14,2.17,manter,cancelado,
INV-00215,2025-08-01,PETR4,banco,150.88,433284,22.32,13.03,8.69,2.33,conservador,-16.52,8.8,2.63,comprar,procesado,
INV-00216,2025-04-08,WEGE3,banco,"176,36",173224,7.31,17.34,4.53,3.97,agressivo,-3.67,-0.37,0.64,compra,pendente,
INV-00217,2025-06-14,PETR4,banco,116.98,15268,13.67,10.07,8.64,1.91,conservador,12.49,-4.58,4.47,manter,executado,
INV-00218,2025-09-17,PETR4,industria,66.45,44439,21.05,14.71,9.67,4.99,conservador,8.71,6.17,3.53,manter,executado,
INV-00219,2025-05-12,BBDC4,mineracao,"170,33",155144,20.32,9.61,4.55,2.16,moderado,17.74,2.13,4.48,compra,procesado,
INV-00220,2025-04-13,BBDC4,banco,"94,78",487931,16.57,7.24,8.16,2.61,moderado,-14.69,12.83,1.06,vend,executado,
INV-00221,19/04/2025,ITUB4,industria,17.87,496476,30.39,11.03,1.8,1.01,moderado,18.62,1.69,4.97,venda,cancelado,
INV-00222,22/07/2025,PETR4,mineracao,175.76,193596,5.96,28.14,6.44,3.42,moderado,-13.28,-0.32,2.05,comprar,pendente,
INV-00223,2025-03-09,BBDC4,banco,68.83,19582,26.18,16.69,6.34,4.19,conservador,7.1,-2.47,1.53,comprar,procesado,
INV-00224,2025-01-02,MGLU3,mineracao,138.61,399780,25.43,13.54,6.22,1.55,agressivo,-4.0,-9.37,2.02,venda,pendente,
INV-00225,2025-02-12,VALE3,mineracao,172.75,405547,5.75,13.64,7.85,1.61,moderado,9.89,9.02,3.35,compra,pendente,
INV-00226,2025-08-11,VALE3,industria,141.44,461134,14.28,14.92,5.17,1.57,conservador,8.08,-5.47,0.07,comprar,pendente,
INV-00227,2025-01-03,PETR4,industria,146.95,174460,21.14,19.17,9.69,4.45,moderado,-10.79,5.39,0.21,manter,cancelado,
INV-00228,11/07/2025,BBDC4,banco,149.38,283291,16.17,19.34,3.21,2.23,moderado,9.9,8.82,0.47,venda,executado,
INV-00229,18/02/2025,WEGE3,mineracao,"99,49",292744,27.09,16.07,6.65,2.94,conservador,23.66,-9.57,1.98,compra,procesado,
INV-00230,2025-10-08,MGLU3,mineracao,108.13,313881,27.34,15.64,4.01,0.87,conservador,-0.41,-0.9,3.53,compra,cancelado,
INV-00231,2025-02-06,ABEV3,banco,174.6,354268,27.57,11.54,4.21,1.69,conservador,0.37,0.29,3.25,vend,executado,
INV-00232,2025-05-15,PETR4,varejo,112.66,287258,19.15,23.32,3.27,1.71,moderado,-12.98,-5.96,3.36,venda,executado,
INV-00233,2025-08-15,ABEV3,industria,17.36,402630,18.34,19.4,9.89,2.56,conservador,-9.95,5.23,0.44,comprar,procesado,
INV-00234,2025-04-22,MGLU3,banco,38.13,186787,10.62,9.6,2.45,3.15,conservador,14.04,5.04,0.5,compra,cancelado,
INV-00235,2025-03-27,PETR4,energia,118.63,358801,32.92,17.78,0.81,3.46,moderado,-6.23,12.84,3.51,compra,cancelado,
INV-00236,2025-03-10,ITUB4,mineracao,"5,85",350123,7.37,21.01,5.68,0.96,moderado,9.45,4.61,1.25,venda,pendente,
INV-00237,2025-05-04,ITUB4,mineracao,95.04,14761,32.31,22.4,4.91,2.91,conservador,-11.03,7.12,0.31,vend,cancelado,
INV-00238,2025-05-11,ABEV3,industria,187.81,140366,26.24,24.03,0.34,0.58,agressivo,-15.75,-0.47,3.56,manter,executado,
INV-00239,2025-02-20,ABEV3,energia,43.25,61275,23.69,20.08,9.87,2.68,conservador,-3.77,10.55,3.96,vend,executado,
INV-00240,2025-09-20,VALE3,industria,"35,13",453376,18.6,18.38,1.92,3.06,conservador,0.55,2.24,0.64,venda,cancelado,
INV-00241,2025-03-07,WEGE3,energia,175.27,173748,37.75,22.23,5.12,3.29,conservador,-6.94,-9.8,1.22,manter,executado,
INV-00242,2025-02-04,BBDC4,energia,"12,14",384258,34.07,18.72,6.2,3.14,agressivo,10.94,-9.67,0.54,venda,procesado,
INV-00243,2025-09-21,BBDC4,energia,157.2,470177,23.75,11.81,5.9,4.01,conservador,-8.83,-2.92,2.54,manter,cancelado,
INV-00244,02/07/2025,MGLU3,varejo,49.53,369967,38.83,23.64,1.8,1.88,conservador,-2.85,10.82,2.87,venda,executado,
INV-00245,2025-03-04,MGLU3,energia,83.82,98521,22.18,11.31,9.52,1.4,conservador,6.36,-8.2,2.62,venda,pendente,
INV-00246,2025-06-10,WEGE3,energia,79.05,397118,15.04,5.29,3.03,4.22,moderado,-5.69,14.5,4.81,vend,procesado,
INV-00247,2025-01-24,BBDC4,industria,56.62,57779,26.66,8.53,9.14,0.57,conservador,-1.94,12.6,3.53,comprar,pendente,
INV-00248,data_invalida,MGLU3,mineracao,"187,97",164987,24.38,18.58,5.35,0.79,agressivo,-9.59,12.64,1.08,vend,pendente,
INV-00249,2025-05-15,ABEV3,banco,119.87,136919,26.44,18.49,2.51,0.98,moderado,16.05,-8.58,1.58,venda,pendente,
INV-00250,02/06/2025,ABEV3,energia,"22,57",275570,14.34,21.48,4.7,2.27,moderado,-11.29,-2.52,3.23,comprar,pendente,
INV-00251,04-03-2025,VALE3,energia,36.53,382216,13.11,20.5,4.15,1.6,moderado,-17.64,-0.59,3.56,venda,cancelado,
INV-00252,2025-05-30,BBDC4,mineracao,"62,77",473653,36.75,9.34,3.93,4.41,conservador,-4.2,5.42,1.4,compra,cancelado,
INV-00253,09-07-2025,WEGE3,banco,63.96,341983,20.69,8.11,8.83,0.92,conservador,-18.34,-8.62,4.63,comprar,pendente,
INV-00254,2025-08-05,ABEV3,mineracao,140.63,2056,7.87,7.99,1.75,2.14,agressivo,-5.55,3.66,1.1,comprar,executado,
INV-00255,2025-08-07,ITUB4,banco,90.6,275834,35.96,9.47,7.36,2.42,moderado,-14.09,1.89,1.06,venda,cancelado,
INV-00256,21/05/2025,BBDC4,mineracao,38.59,98534,33.66,6.87,7.68,3.4,conservador,2.56,-5.77,4.35,compra,cancelado,
INV-00257,2025-01-10,PETR4,mineracao,105.99,10524,23.92,6.5,1.09,3.3,conservador,2.13,10.98,3.69,comprar,pendente,
INV-00258,2025-08-17,PETR4,varejo,158.81,133741,13.43,21.03,6.21,3.13,conservador,-12.9,-4.87,3.11,vend,executado,
INV-00259,2025-07-05,VALE3,varejo,"78,07",165222,25.31,16.34,3.62,3.59,moderado,11.21,4.73,2.11,vend,procesado,
INV-00260,2025-10-02,WEGE3,industria,30.13,385042,38.4,10.31,1.87,3.39,agressivo,5.48,1.65,2.72,comprar,pendente,
INV-00261,2025-10-27,ABEV3,varejo,113.05,7761,14.2,19.26,0.22,1.04,agressivo,-14.95,5.97,4.88,comprar,pendente,
INV-00262,2025-04-05,BBDC4,varejo,67.85,446347,19.21,11.03,7.38,4.64,moderado,-5.64,2.65,3.03,venda,procesado,
INV-00263,10-22-2025,MGLU3,industria,125.42,30245,33.39,19.99,7.12,2.14,conservador,-5.69,2.65,2.91,venda,procesado,
INV-00264,2025-05-11,VALE3,varejo,60.81,222388,14.73,19.09,0.75,1.37,conservador,5.38,-6.5,3.09,manter,cancelado,
INV-00265,2025-07-30,VALE3,energia,97.5,439927,31.13,22.06,1.42,4.29,conservador,0.14,-1.87,4.68,comprar,procesado,
INV-00266,06-11-2025,WEGE3,industria,64.45,177740,19.47,19.81,1.45,2.2,conservador,14.3,-3.81,4.2,comprar,pendente,
INV-00267,23/07/2025,BBDC4,varejo,102.06,291567,25.41,24.35,4.16,3.96,conservador,-2.66,-0.24,4.73,venda,executado,
INV-00268,2025-10-17,BBDC4,energia,71.0,68567,7.29,27.8,7.47,3.18,conservador,-19.81,3.35,3.63,compra,pendente,
INV-00269,2025-04-08,BBDC4,mineracao,109.7,193444,6.85,28.73,1.97,1.19,agressivo,-15.45,8.3,3.27,vend,executado,
INV-00270,08-10-2025,BBDC4,mineracao,"127,98",245975,10.7,24.29,0.56,1.55,moderado,-12.66,13.62,0.19,compra,executado,
INV-00271,2025-01-14,PETR4,banco,184.18,77456,5.26,9.59,5.36,0.52,agressivo,11.91,-7.76,1.59,venda,procesado,
INV-00272,data_invalida,BBDC4,varejo,35.42,415552,11.49,29.66,2.65,1.25,conservador,11.15,-3.8,0.2,vend,executado,
INV-00273,2025-04-20,MGLU3,mineracao,189.26,196926,21.15,18.23,8.2,0.63,conservador,9.14,13.24,4.2,venda,pendente,
INV-00274,2025-09-27,PETR4,mineracao,"104,97",334139,37.69,21.15,5.81,2.39,conservador,-13.76,-3.43,0.12,venda,executado,
INV-00275,2025-06-03,BBDC4,varejo,88.38,221855,18.44,25.29,8.29,2.96,conservador,8.6,7.94,4.1,vend,pendente,
INV-00276,2025-10-16,BBDC4,varejo,106.12,40601,12.82,12.84,5.01,2.13,conservador,-6.56,0.16,3.91,comprar,executado,
INV-00277,2025-02-02,ITUB4,energia,14.17,454117,28.76,26.31,4.73,1.2,conservador,-4.53,-9.51,3.07,vend,cancelado,
INV-00278,2025-09-01,ITUB4,varejo,156.69,367330,15.62,12.74,2.22,3.53,agressivo,20.51,6.21,4.75,manter,cancelado,
INV-00279,30/09/2025,PETR4,banco,150.91,398153,5.02,8.5,3.67,4.38,conservador,10.77,-8.19,1.83,venda,cancelado,
INV-00280,2025-04-25,ITUB4,banco,"82,53",160672,7.46,21.07,1.08,3.56,conservador,8.89,12.15,2.12,compra,cancelado,
INV-00281,2025-02-22,VALE3,energia,"198,69",497291,18.14,5.52,8.33,3.09,moderado,10.42,-7.71,4.27,manter,executado,
INV-00282,2025-05-21,MGLU3,industria,"116,23",35603,8.66,23.26,8.38,2.85,moderado,-0.13,1.06,1.47,compra,cancelado,
INV-00283,2025-08-23,MGLU3,banco,185.22,387804,17.36,21.08,4.0,1.58,agressivo,2.57,-4.87,3.65,comprar,pendente,
INV-00284,data_invalida,WEGE3,industria,147.17,16749,17.84,13.31,4.52,2.37,agressivo,1.71,-5.45,3.62,comprar,cancelado,
INV-00285,12/01/2025,PETR4,varejo,13.92,143806,15.51,24.59,7.83,1.01,agressivo,0.31,-6.61,3.69,venda,executado,
INV-00286,2025-07-17,ITUB4,mineracao,60.02,437099,24.61,18.22,0.72,3.18,conservador,23.79,6.62,0.06,comprar,procesado,
INV-00287,26/08/2025,PETR4,banco,74.73,100774,8.23,24.99,1.27,0.92,agressivo,-19.78,-2.29,3.94,compra,executado,
INV-00288,2025-05-15,BBDC4,industria,30.09,67086,35.02,13.73,0.46,3.63,moderado,6.35,6.04,4.28,manter,pendente,
INV-00289,2025-09-15,ABEV3,banco,29.14,453673,11.04,18.59,0.48,3.32,agressivo,3.42,14.74,2.55,venda,procesado,
INV-00290,data_invalida,BBDC4,banco,21.24,23895,34.8,6.14,5.77,2.52,agressivo,5.93,-7.34,4.65,vend,procesado,
INV-00291,06-16-2025,MGLU3,industria,"100,61",158759,29.08,21.53,8.83,2.54,conservador,0.14,12.1,3.13,manter,procesado,
INV-00292,2025-04-07,WEGE3,banco,150.3,136593,35.03,17.15,6.79,1.97,agressivo,21.55,-4.74,4.11,manter,pendente,
INV-00293,2025-08-19,VALE3,banco,141.94,158487,13.54,12.16,4.45,2.13,conservador,-9.15,0.6,1.45,vend,cancelado,
INV-00294,06-23-2025,MGLU3,banco,8.1,29453,33.26,11.64,8.99,3.3,conservador,10.7,8.95,3.71,manter,executado,
INV-00295,2025-10-08,PETR4,energia,"42,64",434039,6.24,23.78,8.19,4.02,agressivo,13.62,0.29,1.43,compra,procesado,
INV-00296,2025-01-03,BBDC4,energia,59.25,60559,25.06,26.79,6.32,4.35,conservador,15.71,-2.1,3.1,comprar,procesado,
INV-00297,05-16-2025,PETR4,mineracao,123.82,470768,14.42,26.65,0.1,2.29,conservador,-4.27,-5.54,0.69,comprar,cancelado,
INV-00298,2025-04-03,MGLU3,mineracao,152.65,349946,35.77,11.48,3.22,4.86,conservador,-9.66,-9.88,0.44,manter,procesado,
INV-00299,2025-05-28,BBDC4,industria,124.47,7596,9.29,18.8,5.61,2.6,moderado,-6.34,-0.77,1.37,vend,procesado,
INV-00300,08/10/2025,WEGE3,mineracao,67.28,120977,13.69,20.59,5.4,3.75,moderado,0.08,3.81,3.84,compra,cancelado,
INV-00301,31/08/2025,PETR4,mineracao,168.08,27528,9.49,8.34,4.58,1.09,conservador,9.5,6.65,2.04,vend,procesado,
INV-00302,10-14-2025,VALE3,banco,131.34,376562,36.16,16.29,0.58,1.13,conservador,21.84,0.49,2.86,vend,executado,
INV-00303,15/01/2025,ITUB4,energia,"22,95",46944,39.68,11.7,5.72,4.69,moderado,22.6,3.86,0.29,manter,cancelado,
INV-00304,2025-10-04,ABEV3,industria,185.69,294981,27.61,18.58,9.13,2.84,moderado,-16.62,11.2,1.89,compra,cancelado,
INV-00305,2025-06-30,ITUB4,industria,"15,17",393365,34.82,9.52,2.41,2.54,conservador,-11.26,-0.63,0.32,venda,cancelado,
INV-00306,2025-05-12,ITUB4,mineracao,104.72,378454,17.74,5.75,5.3,1.24,moderado,-5.34,-4.5,4.4,vend,pendente,
INV-00307,08-19-2025,ABEV3,energia,161.95,266081,18.07,7.18,0.04,1.66,agressivo,13.36,6.88,3.16,manter,procesado,
INV-00308,2025-04-09,WEGE3,banco,89.87,343968,22.31,14.69,8.96,3.07,moderado,-18.65,-8.01,4.73,comprar,executado,
INV-00309,2025-05-27,WEGE3,banco,"97,76",256255,39.2,12.67,3.01,3.18,conservador,22.27,4.37,2.87,vend,cancelado,
INV-00310,2025-08-04,ITUB4,industria,155.95,64481,31.57,18.0,2.69,1.27,conservador,10.41,-0.37,1.76,vend,pendente,
INV-00311,2025-05-01,PETR4,energia,187.39,120090,23.7,29.95,7.7,3.36,moderado,22.58,-6.81,0.85,compra,pendente,
INV-00312,2025-08-07,MGLU3,varejo,73.35,117051,16.34,6.48,1.19,4.12,conservador,16.76,6.15,0.72,venda,procesado,
INV-00313,2025-06-18,WEGE3,energia,157.66,293614,26.2,17.13,8.66,3.77,agressivo,-15.64,5.07,1.12,vend,pendente,
INV-00314,06-07-2025,PETR4,varejo,123.79,257955,23.07,28.24,0.96,0.61,agressivo,-10.92,1.67,0.11,venda,procesado,
INV-00315,2025-04-04,VALE3,varejo,20.02,305307,24.66,11.09,3.16,1.56,agressivo,-14.93,9.18,1.63,venda,pendente,
INV-00316,2025-07-15,VALE3,banco,157.27,5474,31.17,10.73,8.86,1.34,agressivo,-17.87,2.62,4.09,venda,procesado,
INV-00317,10/08/2025,WEGE3,industria,108.86,480897,36.33,17.76,6.09,4.05,conservador,13.34,2.45,3.98,vend,cancelado,
INV-00318,2025-08-10,ITUB4,mineracao,167.85,467936,12.29,7.73,9.11,3.18,moderado,12.76,-8.08,2.96,manter,cancelado,
INV-00319,2025-01-15,MGLU3,energia,"109,18",305536,39.64,6.18,9.37,3.74,moderado,1.98,11.7,4.05,manter,cancelado,
INV-00320,2025-02-05,BBDC4,varejo,21.13,463664,27.71,10.32,3.34,1.88,conservador,18.31,10.21,3.57,manter,cancelado,
INV-00321,2025-03-01,ABEV3,varejo,199.41,93875,26.33,28.18,9.53,4.61,agressivo,1.96,10.34,4.24,comprar,executado,
INV-00322,2025-06-28,VALE3,energia,112.48,22153,28.87,26.23,0.31,2.44,conservador,-16.16,13.25,3.03,comprar,procesado,
INV-00323,2025-04-13,BBDC4,industria,"24,45",128048,33.68,13.22,3.25,4.15,moderado,19.42,2.38,0.12,manter,executado,
INV-00324,2025-02-16,MGLU3,varejo,"108,53",215520,8.86,13.54,3.04,4.66,conservador,0.21,10.11,0.58,venda,executado,
INV-00325,07-30-2025,VALE3,banco,184.26,69279,14.83,16.73,9.87,3.85,moderado,16.42,-9.82,0.12,venda,procesado,
INV-00326,03-24-2025,PETR4,mineracao,60.06,201954,28.69,7.47,9.46,2.17,agressivo,9.64,-9.45,1.5,vend,procesado,
INV-00327,18/05/2025,BBDC4,mineracao,148.77,479334,37.16,9.09,1.72,1.59,moderado,-18.1,-9.2,2.48,compra,procesado,
INV-00328,2025-09-11,ITUB4,industria,48.0,431128,30.51,25.53,5.81,3.31,moderado,-17.06,-9.23,4.7,manter,cancelado,
INV-00329,04-14-2025,BBDC4,industria,"37,79",20683,22.12,19.08,7.28,4.89,conservador,7.47,-1.27,2.72,venda,pendente,
INV-00330,2025-08-28,ABEV3,energia,38.57,236818,20.65,24.44,9.01,3.02,moderado,12.51,3.53,3.51,compra,pendente,
INV-00331,2025-09-27,MGLU3,mineracao,"107,31",93093,7.07,20.82,1.76,4.19,conservador,12.08,2.28,0.56,venda,cancelado,
INV-00332,2025-08-22,ITUB4,mineracao,170.19,486520,26.22,17.8,2.42,1.39,conservador,-11.22,1.81,2.81,vend,pendente,
INV-00333,2025-03-05,VALE3,industria,"55,22",299426,13.85,26.77,0.66,0.86,conservador,-6.32,-3.38,3.91,vend,procesado,
INV-00334,2025-04-10,BBDC4,mineracao,113.62,85032,17.64,19.84,3.31,0.59,agressivo,-1.27,10.43,0.94,venda,executado,
INV-00335,2025-05-02,PETR4,industria,"198,71",100321,12.84,15.57,8.35,2.75,conservador,21.69,12.29,4.27,manter,executado,
INV-00336,06-03-2025,BBDC4,varejo,155.87,35912,12.95,18.05,5.6,0.81,conservador,-9.55,10.24,4.66,compra,pendente,
INV-00337,2025-04-02,PETR4,banco,82.02,192418,5.26,27.67,6.83,1.35,moderado,-17.9,-7.16,4.5,comprar,executado,
INV-00338,2025-01-06,PETR4,varejo,"125,37",120704,21.78,29.22,3.7,2.45,conservador,-5.01,-0.5,2.01,manter,procesado,
INV-00339,08-13-2025,ITUB4,industria,195.11,479829,38.44,15.04,0.34,2.32,conservador,24.8,13.58,1.13,manter,executado,
INV-00340,2025-03-13,WEGE3,banco,34.81,315689,23.86,29.6,8.83,0.91,agressivo,7.89,-4.93,1.45,manter,pendente,
INV-00341,2025-06-06,WEGE3,industria,154.83,199570,11.43,6.2,2.08,4.07,conservador,13.45,-2.08,3.37,comprar,pendente,
INV-00342,2025-03-27,PETR4,varejo,98.78,231588,34.99,14.4,6.42,3.46,conservador,6.67,-3.85,1.87,compra,cancelado,
INV-00343,01-09-2025,ABEV3,varejo,57.59,443680,5.67,17.86,3.55,4.35,conservador,20.23,-8.0,3.9,venda,procesado,
INV-00344,2025-06-08,ABEV3,varejo,174.94,206480,10.9,28.25,6.28,1.75,conservador,12.54,-5.39,1.76,compra,executado,
INV-00345,15/08/2025,ABEV3,banco,82.88,235061,15.83,28.98,2.32,2.73,conservador,19.07,4.57,1.22,comprar,procesado,
INV-00346,2025-01-29,ITUB4,banco,138.96,323110,18.34,17.28,9.97,1.79,conservador,-7.04,3.34,3.52,compra,procesado,
INV-00347,2025-05-30,VALE3,mineracao,90.05,487472,33.23,28.46,2.5,3.39,conservador,19.78,-3.24,2.87,comprar,pendente,
INV-00348,05/05/2025,ITUB4,industria,94.52,475961,22.93,29.36,6.75,2.37,agressivo,9.3,13.39,3.49,manter,pendente,
INV-00349,2025-09-26,PETR4,industria,171.77,321743,7.47,26.08,3.88,1.34,conservador,10.73,8.86,1.85,manter,executado,
INV-00350,2025-10-23,ITUB4,varejo,99.61,298878,18.09,5.21,3.11,1.36,moderado,20.93,14.65,1.6,compra,pendente,
INV-00351,2025-07-15,VALE3,mineracao,172.08,459708,21.94,29.55,7.43,3.28,moderado,-18.84,0.83,4.52,compra,procesado,
INV-00352,2025-08-16,MGLU3,banco,74.62,376779,37.26,11.87,3.16,1.41,conservador,-1.48,-8.1,1.91,manter,cancelado,
INV-00353,02-08-2025,BBDC4,varejo,"14,02",373764,22.58,23.49,5.76,4.89,conservador,18.85,7.05,3.13,comprar,executado,
INV-00354,2025-03-10,BBDC4,mineracao,"26,4",480170,25.34,21.68,9.21,4.69,conservador,10.96,-6.68,2.83,compra,pendente,
INV-00355,2025-02-26,PETR4,varejo,"140,07",171267,26.34,8.37,1.29,1.38,conservador,21.77,5.62,0.42,venda,cancelado,
INV-00356,2025-03-26,PETR4,varejo,156.84,2343,33.62,24.07,6.87,3.41,moderado,3.72,-3.9,1.33,compra,procesado,
INV-00357,2025-06-23,ITUB4,energia,194.81,230846,9.24,12.38,1.52,2.8,agressivo,-18.83,10.01,4.46,manter,procesado,
INV-00358,20/01/2025,PETR4,industria,168.94,470158,27.48,7.19,1.96,4.38,conservador,18.89,9.81,1.17,compra,executado,
INV-00359,2025-02-24,VALE3,banco,"63,03",466499,36.44,22.95,1.32,4.47,conservador,16.1,1.64,3.93,manter,cancelado,
INV-00360,2025-01-08,ITUB4,energia,149.42,424778,9.31,11.52,5.36,2.77,moderado,2.15,-5.33,1.21,vend,procesado,
INV-00361,2025-06-03,PETR4,banco,69.31,493389,37.74,9.25,9.7,2.02,conservador,20.29,9.22,4.35,manter,procesado,
INV-00362,2025-06-06,BBDC4,varejo,112.96,120642,37.36,16.62,9.42,1.25,conservador,18.07,8.17,4.07,manter,pendente,
INV-00363,2025-05-26,VALE3,energia,"91,51",124868,29.21,25.73,7.6,2.15,moderado,-8.99,-4.66,0.67,vend,executado,
INV-00364,2025-06-04,ABEV3,mineracao,"65,71",316410,32.88,10.04,7.59,4.51,conservador,4.34,1.28,0.03,comprar,executado,
INV-00365,04-13-2025,ITUB4,industria,34.58,108331,37.09,11.22,2.43,2.39,conservador,-9.61,13.09,4.89,venda,procesado,
INV-00366,01-31-2025,WEGE3,varejo,27.5,310510,33.87,24.81,1.55,2.62,conservador,4.83,-9.38,1.31,venda,executado,
INV-00367,2025-07-20,PETR4,energia,15.58,191733,29.44,18.74,2.53,2.22,agressivo,-8.18,2.9,2.75,manter,cancelado,
INV-00368,2025-10-26,MGLU3,banco,154.85,261062,8.5,6.07,8.96,4.69,agressivo,-1.54,-1.83,0.13,compra,cancelado,
INV-00369,2025-09-14,PETR4,varejo,11.42,66891,12.44,8.31,5.93,2.32,conservador,7.79,-2.61,0.47,vend,procesado,
INV-00370,2025-04-05,PETR4,varejo,163.58,341799,34.8,18.13,3.9,2.48,conservador,-9.78,12.22,4.45,vend,pendente,
INV-00371,2025-02-10,PETR4,industria,76.12,456350,33.43,11.67,5.86,4.67,conservador,23.77,-5.63,2.62,comprar,executado,
INV-00372,2025-08-17,ABEV3,industria,35.21,198370,31.04,27.06,5.3,4.31,conservador,6.06,-9.21,1.59,comprar,pendente,
INV-00373,2025-07-10,BBDC4,banco,48.15,466725,37.63,29.94,6.05,4.4,conservador,7.75,9.16,2.62,comprar,pendente,
INV-00374,2025-04-25,ABEV3,energia,144.22,399393,28.47,13.94,6.41,2.37,conservador,6.03,-9.23,3.18,venda,procesado,
INV-00375,2025-08-25,ITUB4,energia,131.43,394637,20.08,24.58,2.36,0.57,conservador,13.46,-7.04,3.5,compra,procesado,
INV-00376,2025-08-03,ITUB4,varejo,"16,94",465885,31.37,9.0,8.35,2.73,moderado,-10.77,3.05,2.73,compra,pendente,
INV-00377,01-25-2025,ABEV3,varejo,139.16,331250,28.89,9.18,7.76,1.27,agressivo,0.81,11.07,3.84,compra,cancelado,
INV-00378,2025-04-11,MGLU3,energia,"85,45",242609,14.83,21.73,9.38,3.86,moderado,-8.72,7.25,2.42,venda,pendente,
INV-00379,04-06-2025,MGLU3,industria,85.31,247546,28.36,8.56,8.49,1.36,moderado,-12.25,10.42,3.36,compra,pendente,
INV-00380,data_invalida,BBDC4,industria,"168,61",135612,33.83,28.16,3.89,3.27,moderado,-6.81,-2.31,0.96,vend,pendente,
INV-00381,2025-08-03,ABEV3,industria,130.42,74132,16.33,24.94,9.09,2.59,agressivo,-4.91,10.39,3.27,venda,procesado,
INV-00382,28/01/2025,ITUB4,energia,186.56,225934,11.44,8.99,3.2,1.55,agressivo,2.07,7.42,2.01,manter,pendente,
INV-00383,2025-02-26,PETR4,varejo,24.39,199770,24.75,16.18,9.97,2.06,conservador,2.44,-0.02,1.62,manter,executado,
INV-00384,data_invalida,ITUB4,mineracao,"171,12",291710,37.73,20.73,5.98,3.44,agressivo,-6.67,-3.55,1.06,vend,cancelado,
INV-00385,02-18-2025,PETR4,industria,13.93,264007,13.34,26.78,8.75,1.76,agressivo,-15.24,-0.44,4.41,venda,cancelado,
INV-00386,2025-07-31,PETR4,industria,"45,8",100086,20.79,9.43,1.33,4.22,agressivo,-15.88,0.96,0.93,compra,pendente,
INV-00387,2025-10-05,WEGE3,energia,"130,82",459280,34.1,22.84,4.17,2.1,conservador,1.1,6.26,4.15,vend,procesado,
INV-00388,2025-08-12,BBDC4,energia,160.24,124282,6.82,29.08,0.96,1.78,conservador,-3.63,14.96,4.08,vend,executado,
INV-00389,2025-09-02,BBDC4,energia,29.97,87320,31.88,21.73,2.01,2.76,agressivo,-0.2,12.15,3.03,compra,procesado,
INV-00390,2025-04-20,WEGE3,energia,113.75,115333,34.92,19.69,5.87,0.65,conservador,-18.11,6.72,3.02,compra,executado,
INV-00391,2025-01-24,WEGE3,industria,147.21,326830,25.48,27.3,3.99,1.55,moderado,-15.36,2.71,1.16,manter,executado,
INV-00392,2025-08-31,ABEV3,mineracao,"132,32",230144,23.93,29.85,5.13,4.71,conservador,-3.38,3.1,1.22,venda,cancelado,
INV-00393,2025-05-24,MGLU3,mineracao,"29,68",34167,7.37,7.76,1.67,1.62,conservador,16.54,2.43,2.48,manter,executado,
INV-00394,2025-03-21,MGLU3,energia,50.62,284875,19.89,25.11,5.54,4.49,conservador,-19.01,12.58,1.17,vend,procesado,
INV-00395,2025-02-25,BBDC4,banco,29.92,434301,27.04,26.68,6.68,3.17,conservador,17.7,2.89,3.7,manter,procesado,
INV-00396,2025-01-06,WEGE3,energia,88.48,476843,6.73,13.85,1.78,2.59,conservador,-8.38,8.85,4.79,manter,procesado,
INV-00397,2025-02-08,BBDC4,energia,101.96,321240,31.97,23.41,3.8,1.02,moderado,10.29,-1.54,4.75,venda,procesado,
INV-00398,2025-05-11,WEGE3,mineracao,125.32,210057,23.73,18.71,3.01,0.96,moderado,-4.42,-2.08,3.27,compra,pendente,
INV-00399,2025-04-28,PETR4,banco,184.01,150415,15.33,17.25,8.58,0.86,conservador,20.14,-0.4,3.02,compra,executado,
INV-00400,2025-10-11,PETR4,banco,22.04,243791,24.54,23.31,9.0,3.83,conservador,2.29,9.32,0.13,venda,pendente,
INV-00401,data_invalida,VALE3,banco,101.4,442351,38.85,5.34,9.32,4.55,conservador,-3.81,-1.36,4.31,comprar,procesado,
INV-00402,2025-06-24,PETR4,banco,63.31,248915,5.54,6.53,5.0,2.64,conservador,-19.33,-8.23,1.21,comprar,executado,
INV-00403,2025-04-08,VALE3,varejo,"57,32",215036,9.09,8.86,7.35,4.31,agressivo,21.74,-9.46,3.51,compra,executado,
INV-00404,2025-08-08,MGLU3,energia,143.71,296978,39.41,28.24,2.8,1.1,conservador,15.61,6.16,0.18,venda,executado,
INV-00405,2025-04-25,ABEV3,energia,21.06,375054,14.62,12.15,5.3,0.66,conservador,-4.09,12.18,0.31,comprar,executado,
INV-00406,05-17-2025,BBDC4,varejo,177.72,452362,25.36,27.89,2.81,0.83,conservador,22.06,9.96,1.23,compra,pendente,
INV-00407,2025-03-15,VALE3,industria,143.03,175955,20.38,14.19,1.75,1.86,agressivo,-17.32,14.62,4.28,manter,procesado,
INV-00408,2025-09-13,ITUB4,banco,"58,71",423808,27.56,15.87,8.16,4.12,agressivo,-17.25,-1.44,0.98,manter,executado,
INV-00409,data_invalida,ITUB4,varejo,98.7,195522,17.6,7.38,9.6,4.24,agressivo,20.83,-0.05,1.73,comprar,executado,
INV-00410,2025-05-29,WEGE3,energia,95.32,429061,36.33,13.14,3.75,2.86,moderado,-9.27,8.37,4.31,vend,cancelado,
INV-00411,2025-08-11,ABEV3,energia,"198,15",428890,11.1,27.35,4.43,2.59,agressivo,-0.85,-9.3,3.68,manter,cancelado,
INV-00412,2025-10-27,ABEV3,varejo,33.34,64020,11.81,7.29,5.31,1.02,conservador,11.22,-7.24,4.28,manter,procesado,
INV-00413,2025-06-08,PETR4,industria,186.07,142016,12.65,12.72,9.34,4.47,conservador,24.28,-8.2,1.58,comprar,cancelado,
INV-00414,2025-08-07,MGLU3,mineracao,70.18,195689,29.86,7.96,8.31,2.63,conservador,2.87,-4.8,2.62,vend,executado,
INV-00415,2025-04-29,VALE3,energia,26.0,215707,26.64,28.52,1.02,2.61,moderado,-12.73,-6.52,0.46,vend,pendente,
INV-00416,2025-06-21,PETR4,varejo,124.05,13261,13.66,23.63,8.83,4.75,conservador,1.93,7.87,2.24,compra,pendente,
INV-00417,2025-08-07,PETR4,industria,149.67,400149,38.13,21.11,1.94,3.86,conservador,15.96,-6.05,1.32,compra,cancelado,
INV-00418,2025-05-01,MGLU3,mineracao,"31,1",167006,5.81,8.25,9.52,2.8,conservador,3.86,9.35,4.77,venda,executado,
INV-00419,2025-07-08,BBDC4,varejo,"42,18",74857,16.91,9.34,8.38,4.83,conservador,18.75,-6.32,4.33,comprar,cancelado,
INV-00420,2025-05-29,PETR4,energia,"11,52",363578,14.06,25.34,2.2,2.76,moderado,1.86,2.18,3.61,vend,pendente,
INV-00421,2025-08-21,ABEV3,varejo,8.96,55412,38.45,20.91,3.19,1.51,moderado,9.4,2.93,2.26,comprar,pendente,
INV-00422,08-11-2025,PETR4,varejo,"94,82",229403,28.0,14.11,4.75,4.88,conservador,-1.6,14.34,3.54,comprar,cancelado,
INV-00423,28/10/2025,ITUB4,varejo,176.96,216142,31.26,11.76,2.89,4.38,agressivo,-13.05,12.43,3.04,manter,procesado,
INV-00424,2025-07-09,VALE3,banco,122.74,378793,18.77,20.04,8.72,1.83,agressivo,24.5,-3.85,4.04,compra,procesado,
INV-00425,2025-09-17,ITUB4,industria,"137,31",383011,31.49,18.66,9.49,3.18,conservador,8.68,10.08,2.84,comprar,pendente,
INV-00426,2025-09-06,ABEV3,mineracao,99.2,470970,27.46,6.83,8.91,4.14,agressivo,3.45,-9.25,1.42,manter,executado,
INV-00427,2025-08-02,VALE3,banco,23.57,12013,9.67,27.18,6.09,3.11,moderado,6.93,-1.5,0.7,vend,pendente,
INV-00428,2025-05-12,WEGE3,varejo,69.0,274565,5.22,6.01,2.41,2.43,conservador,8.21,4.94,4.02,compra,procesado,
INV-00429,2025-03-04,WEGE3,energia,"61,15",94636,18.52,18.02,6.42,1.97,conservador,1.17,10.84,1.62,manter,cancelado,
INV-00430,2025-01-20,PETR4,varejo,135.82,183080,37.19,5.96,4.99,2.82,conservador,21.56,6.86,2.45,venda,cancelado,
INV-00431,2025-10-12,ITUB4,mineracao,186.08,19994,37.07,23.68,4.71,4.83,moderado,23.13,-3.74,4.75,vend,executado,
INV-00432,2025-06-20,BBDC4,banco,104.53,453850,36.89,26.39,4.91,4.76,agressivo,-19.32,7.78,0.35,compra,pendente,
INV-00433,09-24-2025,WEGE3,industria,110.2,409009,35.0,10.14,5.24,0.71,moderado,-2.17,0.33,1.15,compra,executado,
INV-00434,2025-03-15,PETR4,banco,"148,95",20855,33.62,23.54,3.57,2.72,moderado,-3.96,-1.07,2.46,manter,pendente,
INV-00435,2025-09-12,BBDC4,varejo,29.36,263401,5.17,21.57,1.55,1.3,agressivo,21.61,-2.5,2.01,comprar,executado,
INV-00436,2025-08-06,MGLU3,energia,153.94,48397,9.64,21.2,0.62,4.2,moderado,-10.66,-1.01,2.03,comprar,procesado,
INV-00437,2025-02-03,ABEV3,industria,121.87,65380,27.23,17.44,1.56,3.39,conservador,21.76,13.26,4.3,manter,procesado,
INV-00438,2025-09-13,VALE3,varejo,"24,12",254830,28.24,9.88,3.48,1.64,conservador,-12.79,10.07,0.96,venda,cancelado,
INV-00439,2025-08-12,ITUB4,energia,"67,36",242832,31.67,27.03,8.66,1.67,moderado,1.66,7.19,3.04,venda,pendente,
INV-00440,06-10-2025,MGLU3,energia,145.96,49781,30.43,20.41,8.61,3.25,conservador,-17.02,4.7,0.12,venda,procesado,
INV-00441,15/07/2025,VALE3,banco,15.72,481536,32.43,5.48,1.0,3.74,moderado,6.86,-2.13,1.05,manter,procesado,
INV-00442,2025-02-22,VALE3,varejo,166.73,103401,39.91,21.65,3.98,1.21,conservador,14.31,8.95,2.82,vend,pendente,
INV-00443,2025-07-30,WEGE3,banco,73.88,374411,39.5,9.86,0.93,2.01,conservador,2.38,10.89,2.6,compra,cancelado,
INV-00444,21/06/2025,PETR4,varejo,138.09,70340,18.84,28.69,9.32,1.87,conservador,6.12,14.27,4.47,manter,procesado,
INV-00445,2025-03-23,WEGE3,varejo,37.89,349132,11.9,28.28,9.87,2.4,moderado,-17.49,-1.86,3.89,comprar,pendente,
INV-00446,2025-04-03,ITUB4,varejo,17.88,132336,39.16,19.74,2.32,3.45,conservador,-18.11,-0.92,0.49,venda,pendente,
INV-00447,2025-10-24,ABEV3,banco,168.01,497834,21.85,13.46,2.54,3.38,conservador,-4.78,-3.68,1.4,comprar,procesado,
INV-00448,2025-07-13,PETR4,mineracao,167.54,25495,5.46,27.69,7.04,3.79,conservador,-8.39,1.58,2.32,comprar,cancelado,
INV-00449,02/01/2025,ABEV3,banco,"114,6",481706,39.63,22.79,1.67,1.54,agressivo,1.91,8.82,0.42,vend,procesado,
INV-00450,08/06/2025,WEGE3,banco,"47,59",401833,37.62,22.21,4.41,4.38,moderado,-1.94,-8.99,2.19,comprar,cancelado,
INV-00451,2025-06-19,MGLU3,varejo,"172,76",299167,35.24,17.26,1.18,4.09,conservador,15.7,3.47,3.03,manter,procesado,
INV-00452,2025-02-08,PETR4,mineracao,"155,52",60168,27.51,9.3,2.68,2.69,moderado,14.82,7.08,1.82,venda,executado,
INV-00453,2025-01-30,ABEV3,industria,48.98,72300,18.38,28.13,4.87,4.68,moderado,-13.97,-3.63,2.41,venda,pendente,
INV-00454,2025-04-11,WEGE3,industria,"179,67",340173,11.95,28.14,5.01,4.91,conservador,2.0,-7.36,0.82,manter,cancelado,
INV-00455,2025-02-16,ABEV3,energia,69.88,416548,24.33,18.74,7.78,1.91,agressivo,-8.56,8.64,4.58,venda,procesado,
INV-00456,2025-02-06,PETR4,mineracao,65.62,233925,35.54,5.81,6.49,4.36,conservador,-10.67,3.63,4.86,comprar,cancelado,
INV-00457,2025-05-16,WEGE3,mineracao,36.81,231558,7.62,21.28,6.59,1.09,conservador,-15.46,12.92,1.28,comprar,pendente,
INV-00458,2025-01-02,ABEV3,banco,"156,36",450743,5.64,22.44,5.67,0.82,conservador,20.95,-5.08,1.87,manter,executado,
INV-00459,2025-01-13,VALE3,industria,178.36,451115,23.76,24.78,4.98,2.36,moderado,-1.26,1.41,3.56,comprar,cancelado,
INV-00460,data_invalida,WEGE3,banco,41.19,200086,13.43,23.96,9.38,4.06,moderado,-11.66,3.86,0.88,manter,pendente,
INV-00461,14/03/2025,ITUB4,mineracao,138.06,186623,23.45,21.54,8.37,1.02,conservador,-7.48,-2.32,4.71,manter,pendente,
INV-00462,data_invalida,PETR4,banco,48.16,296369,28.81,27.77,4.99,4.71,conservador,-0.87,0.55,3.07,venda,executado,
INV-00463,2025-09-07,MGLU3,energia,192.38,469529,17.06,9.41,3.05,4.35,conservador,-0.65,3.06,1.41,vend,procesado,
INV-00464,08-13-2025,ITUB4,industria,90.99,101249,5.08,5.14,7.28,1.62,conservador,17.16,-9.44,4.31,compra,executado,
INV-00465,07-19-2025,MGLU3,varejo,10.6,274635,34.39,12.29,9.35,0.58,moderado,7.23,3.47,1.95,manter,procesado,
INV-00466,2025-03-16,VALE3,energia,64.59,254659,7.4,27.81,0.76,4.3,conservador,-2.68,4.9,3.53,comprar,procesado,
INV-00467,2025-10-23,ABEV3,varejo,150.76,180556,22.46,10.01,5.02,2.54,moderado,23.88,6.13,3.27,compra,pendente,
INV-00468,2025-04-03,VALE3,industria,45.88,311877,20.39,19.16,7.09,2.34,agressivo,9.09,-4.85,3.38,venda,procesado,
INV-00469,09-18-2025,ABEV3,energia,191.15,415756,28.78,13.34,9.47,0.96,conservador,19.39,13.89,0.73,compra,procesado,
INV-00470,2025-04-12,MGLU3,energia,198.53,242272,27.23,29.34,8.02,2.65,conservador,-6.12,-5.16,4.56,compra,executado,
INV-00471,2025-01-11,WEGE3,industria,109.42,229083,27.38,5.71,5.37,4.51,conservador,21.95,6.21,4.81,vend,pendente,
INV-00472,26/08/2025,ABEV3,industria,"115,2",113032,16.83,16.53,7.81,3.06,conservador,14.36,-1.75,0.98,manter,executado,
INV-00473,2025-08-25,BBDC4,energia,191.31,247748,16.9,25.94,1.94,0.52,agressivo,-8.27,-3.2,3.18,compra,cancelado,
INV-00474,06-04-2025,ITUB4,industria,129.85,284904,12.29,11.05,7.76,2.78,conservador,-11.61,8.49,0.97,compra,pendente,
INV-00475,2025-09-15,BBDC4,energia,40.52,208807,38.11,11.85,7.09,3.06,agressivo,-8.64,-2.46,2.63,vend,executado,
INV-00476,2025-09-09,BBDC4,energia,47.44,414441,20.91,9.86,3.77,3.08,conservador,14.33,1.06,2.81,vend,procesado,
INV-00477,2025-10-04,BBDC4,energia,"192,09",15588,8.67,13.56,3.02,3.53,conservador,14.74,7.95,1.83,venda,procesado,
INV-00478,2025-10-01,MGLU3,banco,179.99,488794,31.86,11.09,1.53,1.44,agressivo,-0.83,-1.9,5.0,vend,cancelado,
INV-00479,2025-04-26,VALE3,banco,122.44,143222,7.54,9.43,3.8,3.28,conservador,-19.78,10.59,3.95,manter,cancelado,
INV-00480,04-16-2025,PETR4,varejo,21.59,492462,13.2,9.57,4.81,2.45,conservador,-16.67,-2.72,4.23,compra,pendente,
INV-00481,19/04/2025,PETR4,energia,198.35,393388,25.56,18.89,1.09,3.24,conservador,-6.65,10.8,0.63,comprar,cancelado,
INV-00482,data_invalida,MGLU3,industria,"97,96",38639,29.84,8.62,4.12,3.64,agressivo,-8.7,-1.52,3.32,vend,cancelado,
INV-00483,2025-07-29,MGLU3,banco,135.54,375552,15.15,15.08,0.84,2.95,conservador,2.33,-4.27,3.22,comprar,procesado,
INV-00484,2025-07-18,BBDC4,energia,181.25,142030,23.87,16.89,3.11,0.62,agressivo,5.78,7.95,2.45,manter,cancelado,
INV-00485,2025-08-12,BBDC4,mineracao,"42,07",42340,34.25,22.37,1.81,3.26,conservador,-11.21,-7.11,4.44,compra,pendente,
INV-00486,2025-02-06,WEGE3,varejo,"184,21",498450,24.87,6.73,2.67,3.85,agressivo,22.12,7.99,3.87,manter,procesado,
INV-00487,2025-05-23,WEGE3,banco,44.44,167018,9.78,24.47,4.44,4.12,conservador,-11.14,1.63,0.09,comprar,procesado,
INV-00488,06-16-2025,WEGE3,banco,151.5,9505,13.61,14.66,4.13,4.09,conservador,-2.08,-1.95,4.98,comprar,cancelado,
INV-00489,2025-01-28,VALE3,banco,"120,52",231552,17.96,21.31,2.92,2.84,conservador,-12.68,10.06,2.3,comprar,pendente,
INV-00490,2025-02-12,WEGE3,banco,88.8,392622,10.92,24.86,1.83,3.78,agressivo,19.58,5.77,3.88,manter,executado,
INV-00491,2025-07-07,MGLU3,varejo,137.36,41250,9.16,19.78,6.07,3.13,agressivo,15.84,-0.75,2.94,vend,executado,
INV-00492,data_invalida,ITUB4,mineracao,"74,5",20180,27.95,17.2,4.92,4.25,conservador,-18.46,-1.34,2.57,compra,cancelado,
INV-00493,05-21-2025,PETR4,varejo,187.24,494939,14.29,5.8,6.35,1.89,agressivo,5.71,-4.9,1.15,venda,procesado,
INV-00494,07-20-2025,BBDC4,mineracao,63.13,38121,25.48,8.78,5.79,3.59,moderado,8.01,-5.61,2.88,manter,procesado,
INV-00495,2025-08-09,PETR4,mineracao,124.59,445067,14.18,9.42,2.44,4.3,conservador,-16.4,-4.88,2.38,comprar,executado,
INV-00496,2025-02-10,PETR4,mineracao,147.88,374362,16.84,19.66,2.36,1.99,conservador,11.86,-0.61,2.1,manter,procesado,
INV-00497,02-04-2025,BBDC4,banco,93.97,188196,36.77,8.27,0.69,4.36,agressivo,4.07,-2.66,2.65,compra,executado,
INV-00498,2025-01-09,BBDC4,industria,"158,51",235750,38.64,18.91,2.21,1.98,conservador,9.8,-4.35,0.99,compra,procesado,
INV-00499,04-06-2025,ABEV3,banco,75.07,79852,22.19,28.49,7.53,4.59,moderado,6.34,14.83,4.8,vend,pendente,
INV-00500,2025-02-04,ABEV3,banco,139.37,397188,9.07,19.35,1.08,4.67,conservador,5.74,-2.59,0.62,venda,procesado,
INV-00501,09-27-2025,VALE3,energia,113.72,294929,34.32,22.03,3.7,3.63,conservador,-18.72,-7.32,2.32,manter,procesado,
INV-00502,2025-01-20,BBDC4,industria,"18,19",168346,13.29,14.46,0.63,5.0,conservador,-10.18,2.0,4.73,vend,cancelado,
INV-00503,2025-01-17,PETR4,mineracao,"11,69",411717,19.86,21.09,9.78,3.31,conservador,14.55,-1.86,0.5,manter,cancelado,
INV-00504,2025-04-06,BBDC4,mineracao,"30,08",444631,7.06,5.41,4.56,1.88,conservador,18.97,1.24,2.34,vend,pendente,
INV-00505,2025-05-03,PETR4,banco,"32,03",398374,20.83,9.13,9.6,4.74,agressivo,-4.08,0.81,2.88,comprar,executado,
INV-00506,2025-07-14,ITUB4,industria,"10,41",325037,8.03,27.38,2.6,1.0,conservador,14.01,-8.27,3.95,manter,procesado,
INV-00507,01-02-2025,VALE3,energia,145.69,475797,32.98,8.05,9.61,1.95,agressivo,-5.24,-8.69,3.44,comprar,cancelado,
INV-00508,2025-07-25,VALE3,energia,54.05,377683,15.33,28.96,9.69,4.47,conservador,-15.85,14.54,3.8,comprar,cancelado,
INV-00509,01-12-2025,WEGE3,industria,131.73,457954,33.72,12.69,5.44,0.56,moderado,19.94,10.23,2.03,comprar,pendente,
INV-00510,data_invalida,ABEV3,mineracao,148.8,227943,18.96,15.17,7.59,3.36,agressivo,-11.74,-5.06,0.29,venda,procesado,
INV-00511,data_invalida,BBDC4,industria,154.55,405067,10.65,29.34,1.34,3.76,conservador,-13.24,2.93,0.18,manter,executado,
INV-00512,2025-05-13,PETR4,industria,196.25,19324,7.41,10.25,7.3,1.41,conservador,-12.13,0.36,0.66,venda,pendente,
INV-00513,07/05/2025,WEGE3,energia,64.15,221700,33.88,8.72,3.74,2.59,agressivo,-13.85,8.0,1.02,manter,procesado,
INV-00514,2025-01-13,VALE3,energia,155.62,55021,15.77,20.84,7.41,3.45,conservador,8.2,-5.1,2.95,manter,pendente,
INV-00515,2025-05-05,WEGE3,banco,186.27,391590,17.54,23.93,8.03,4.8,conservador,7.96,3.39,2.49,vend,cancelado,
INV-00516,2025-08-03,ITUB4,banco,"110,82",400736,14.68,16.57,0.05,4.76,conservador,-12.08,-9.33,4.14,compra,pendente,
INV-00517,2025-09-28,ITUB4,industria,91.64,303536,16.85,25.51,7.73,1.09,moderado,19.99,-2.67,4.19,venda,executado,
INV-00518,01-04-2025,PETR4,mineracao,23.16,463774,10.64,13.46,6.61,0.94,conservador,-2.76,10.44,0.22,manter,executado,
INV-00519,2025-06-29,MGLU3,energia,62.5,452850,37.51,6.16,6.43,1.41,conservador,15.37,-1.13,3.09,comprar,pendente,
INV-00520,2025-01-24,PETR4,banco,"87,75",383184,11.71,18.98,3.5,4.03,moderado,13.44,-9.39,4.76,venda,cancelado,
INV-00521,2025-04-23,ITUB4,varejo,86.39,267977,33.3,18.79,2.18,2.97,agressivo,21.29,-3.93,4.27,manter,procesado,
INV-00522,2025-06-29,MGLU3,mineracao,20.78,161998,17.11,18.85,5.33,3.06,moderado,4.86,1.98,3.29,comprar,executado,
INV-00523,2025-06-13,BBDC4,energia,"6,93",100160,18.4,14.34,5.53,0.83,conservador,12.25,-2.24,4.91,manter,cancelado,
INV-00524,2025-05-10,MGLU3,industria,97.45,194086,31.84,10.39,6.93,2.58,conservador,4.85,0.68,1.46,compra,executado,
INV-00525,2025-07-22,BBDC4,mineracao,20.03,343337,17.24,27.48,0.56,4.34,agressivo,15.02,-6.02,2.17,manter,cancelado,
INV-00526,2025-03-08,BBDC4,banco,179.53,1108,18.5,21.81,1.17,2.65,conservador,-14.0,2.03,1.99,venda,cancelado,
INV-00527,03-21-2025,ABEV3,energia,"109,13",347498,5.27,20.38,1.79,3.15,moderado,-13.85,9.49,0.23,manter,cancelado,
INV-00528,27/05/2025,ITUB4,mineracao,64.97,331988,18.7,27.05,2.21,3.85,conservador,20.95,4.32,2.82,comprar,procesado,
INV-00529,2025-05-25,ABEV3,mineracao,"169,02",377827,20.91,11.93,6.85,0.51,agressivo,22.76,4.41,4.77,vend,procesado,
INV-00530,01-08-2025,BBDC4,banco,124.33,95514,10.87,7.93,2.71,5.0,conservador,-13.01,-7.88,2.89,vend,pendente,
INV-00531,08-24-2025,VALE3,mineracao,173.56,363800,6.05,20.3,9.85,3.72,conservador,-6.08,-9.29,1.67,venda,pendente,
INV-00532,data_invalida,PETR4,mineracao,102.32,476753,19.91,29.8,8.9,3.12,moderado,1.92,10.39,4.66,vend,cancelado,
INV-00533,2025-03-05,BBDC4,banco,46.44,214791,14.33,11.04,8.92,4.89,conservador,-15.75,1.62,4.91,manter,cancelado,
INV-00534,03-25-2025,MGLU3,energia,198.44,188377,29.76,6.75,1.28,1.52,moderado,0.84,-4.62,4.43,manter,procesado,
INV-00535,2025-07-26,PETR4,industria,20.96,16743,36.96,23.55,1.38,1.16,agressivo,-4.43,-2.86,3.58,compra,cancelado,
INV-00536,2025-04-30,MGLU3,banco,93.26,436271,16.5,16.23,9.68,0.92,agressivo,8.21,-0.0,4.09,vend,procesado,
INV-00537,2025-08-07,ABEV3,varejo,144.02,94464,38.66,18.05,3.02,0.67,moderado,12.95,12.93,4.73,comprar,procesado,
INV-00538,06-20-2025,VALE3,mineracao,168.56,381828,8.83,9.75,1.56,2.15,moderado,4.09,9.15,4.19,vend,cancelado,
INV-00539,2025-04-18,PETR4,energia,21.24,101413,35.64,6.51,4.43,4.06,moderado,14.71,11.09,2.05,vend,procesado,
INV-00540,27/03/2025,ABEV3,varejo,51.03,316155,12.33,27.31,2.29,3.57,conservador,-19.93,5.46,3.91,compra,procesado,
INV-00541,10-09-2025,WEGE3,industria,109.21,186888,10.3,11.18,6.17,2.04,moderado,-3.17,13.51,3.07,manter,executado,
INV-00542,09-10-2025,ITUB4,banco,35.07,179229,24.73,25.28,7.38,2.21,conservador,4.15,-5.21,2.64,compra,procesado,
INV-00543,2025-10-11,VALE3,industria,194.65,201587,38.4,15.72,4.84,2.54,agressivo,-16.06,-9.29,1.29,manter,executado,
INV-00544,2025-07-02,ABEV3,energia,74.66,108030,9.7,23.05,9.51,3.45,moderado,13.46,-7.77,0.87,manter,executado,
INV-00545,2025-09-26,VALE3,energia,66.1,214101,11.61,23.11,2.24,2.52,moderado,8.26,-5.05,3.09,manter,procesado,
INV-00546,02-04-2025,ITUB4,mineracao,188.78,496998,11.21,27.44,0.08,3.18,conservador,-3.59,-4.15,4.81,compra,cancelado,
INV-00547,data_invalida,ABEV3,mineracao,160.76,304247,21.79,15.71,6.59,0.53,agressivo,0.62,3.89,3.88,comprar,executado,
INV-00548,2025-06-28,ABEV3,mineracao,136.08,10365,13.45,20.08,7.85,1.73,conservador,-2.1,8.53,4.22,manter,cancelado,
INV-00549,07-22-2025,VALE3,banco,89.09,160119,32.14,11.34,3.35,1.75,moderado,3.28,-0.0,3.36,venda,cancelado,
INV-00550,2025-04-06,BBDC4,mineracao,25.13,32530,5.09,17.71,1.61,1.57,agressivo,-9.67,6.57,2.78,compra,cancelado,
INV-00551,2025-10-14,ITUB4,varejo,165.8,353566,5.37,9.89,1.22,4.9,agressivo,24.0,4.61,4.69,vend,executado,
INV-00552,2025-10-02,MGLU3,varejo,90.48,238479,31.27,13.16,9.57,4.94,moderado,5.59,14.18,4.01,compra,cancelado,
INV-00553,2025-09-08,ITUB4,banco,98.93,378424,7.3,25.8,2.5,3.47,moderado,6.17,10.56,2.75,manter,cancelado,
INV-00554,2025-07-19,ABEV3,varejo,"91,26",361268,13.07,7.29,7.56,0.54,agressivo,7.6,-0.62,3.3,vend,executado,
INV-00555,2025-05-04,WEGE3,energia,35.36,35234,25.96,9.74,1.35,1.55,agressivo,11.4,-4.74,0.86,vend,pendente,
INV-00556,2025-03-24,ITUB4,varejo,105.06,91600,29.95,8.98,8.35,1.33,moderado,1.65,-3.85,4.06,venda,cancelado,
INV-00557,data_invalida,WEGE3,banco,"78,14",423475,22.49,20.78,9.6,3.22,conservador,-9.76,-7.91,1.59,comprar,pendente,
INV-00558,2025-01-11,PETR4,varejo,186.14,290048,19.06,28.66,0.9,1.0,moderado,20.6,-4.02,0.74,manter,cancelado,
INV-00559,03-22-2025,MGLU3,industria,197.88,124482,17.38,27.05,6.98,3.92,conservador,-4.01,1.29,0.51,comprar,procesado,
INV-00560,2025-01-02,BBDC4,industria,98.17,156378,14.69,28.04,1.47,2.95,conservador,-5.33,10.31,3.23,manter,executado,
INV-00561,2025-06-24,VALE3,industria,94.57,229723,38.79,18.36,9.95,4.79,conservador,-0.19,-0.2,0.8,compra,executado,
INV-00562,2025-10-28,WEGE3,mineracao,"17,5",266220,29.76,18.72,6.04,1.19,conservador,6.28,3.2,1.42,compra,procesado,
INV-00563,04-18-2025,WEGE3,mineracao,11.22,433875,38.35,14.76,8.94,0.9,conservador,-11.6,6.22,1.04,compra,cancelado,
INV-00564,2025-07-18,PETR4,varejo,158.11,471069,5.96,22.3,9.15,1.24,moderado,-5.44,-0.39,0.5,compra,pendente,
INV-00565,2025-10-16,BBDC4,varejo,24.79,419816,7.03,24.52,2.61,3.83,agressivo,7.61,-4.68,4.69,comprar,executado,
INV-00566,2025-09-21,VALE3,banco,"37,37",417130,22.52,24.06,0.71,3.02,conservador,0.2,6.27,0.41,vend,executado,
INV-00567,2025-01-20,BBDC4,varejo,105.75,386870,27.07,16.9,0.39,1.62,conservador,9.54,-6.66,0.43,comprar,pendente,
INV-00568,2025-05-27,PETR4,banco,89.15,253691,24.07,16.06,3.62,3.01,conservador,24.35,8.91,4.87,vend,procesado,
INV-00569,2025-07-17,ITUB4,industria,67.12,371465,23.92,20.84,9.92,1.53,moderado,2.96,-9.44,0.44,venda,pendente,
INV-00570,2025-08-20,ITUB4,mineracao,118.2,442435,25.81,11.09,9.04,4.33,conservador,-1.57,2.88,2.13,venda,pendente,
INV-00571,2025-07-16,VALE3,mineracao,"170,87",191993,20.83,27.02,1.22,1.79,moderado,-3.96,12.41,3.66,manter,cancelado,
INV-00572,2025-07-30,ABEV3,varejo,179.07,399686,9.89,26.41,1.13,4.95,moderado,-15.58,-9.73,0.46,comprar,pendente,
INV-00573,2025-09-05,ITUB4,energia,28.29,441231,13.74,9.93,7.53,4.77,conservador,0.98,2.1,2.65,vend,cancelado,
INV-00574,10-13-2025,MGLU3,varejo,22.56,182482,28.03,24.05,5.0,3.63,moderado,17.7,0.94,0.92,manter,procesado,
INV-00575,2025-09-06,PETR4,energia,82.44,263741,35.95,13.41,5.04,3.56,moderado,-11.74,-9.97,3.84,venda,executado,
INV-00576,2025-02-03,PETR4,industria,"34,81",487174,38.31,27.09,6.39,2.04,conservador,4.9,11.94,0.13,venda,procesado,
INV-00577,12/03/2025,BBDC4,varejo,110.18,37936,30.1,11.35,4.23,4.28,conservador,4.9,0.62,3.41,comprar,executado,
INV-00578,06-17-2025,ITUB4,energia,69.6,195304,12.73,24.25,9.33,1.25,moderado,-9.92,7.27,0.86,compra,cancelado,
INV-00579,2025-07-31,VALE3,mineracao,"45,62",260454,21.63,22.69,3.81,4.01,conservador,23.22,-1.43,1.23,manter,cancelado,
INV-00580,data_invalida,VALE3,energia,74.66,393408,27.06,22.72,4.26,4.59,conservador,-15.41,-2.09,3.57,venda,pendente,
INV-00581,2025-08-21,BBDC4,varejo,29.9,403628,32.46,17.96,2.57,4.93,conservador,-18.89,-6.6,1.26,comprar,pendente,
INV-00582,2025-10-01,WEGE3,banco,89.7,468504,9.68,22.03,2.76,3.94,agressivo,21.93,-9.33,3.15,venda,pendente,
INV-00583,2025-05-31,WEGE3,energia,129.16,300799,34.81,18.14,7.87,1.69,moderado,6.54,3.01,4.45,manter,cancelado,
INV-00584,data_invalida,BBDC4,industria,158.91,213830,5.88,15.36,0.23,2.19,moderado,22.81,-9.55,0.0,venda,procesado,
INV-00585,2025-03-13,BBDC4,industria,182.36,189136,7.54,11.51,7.25,1.86,moderado,15.22,5.3,0.6,vend,pendente,
INV-00586,2025-05-01,ITUB4,varejo,170.0,417585,6.82,23.3,1.81,1.37,conservador,17.46,-2.83,0.04,manter,pendente,
INV-00587,2025-05-13,MGLU3,mineracao,131.22,349833,13.56,29.82,4.46,1.76,moderado,16.63,-8.54,0.66,comprar,executado,
INV-00588,2025-02-11,VALE3,industria,"65,46",168269,28.3,27.09,3.77,3.18,conservador,-17.7,-5.89,3.51,venda,pendente,
INV-00589,15/08/2025,ITUB4,energia,34.54,66462,31.76,10.57,6.4,4.1,conservador,19.3,9.22,3.21,comprar,cancelado,
INV-00590,2025-02-24,VALE3,banco,179.87,130093,21.63,29.3,7.3,4.79,moderado,5.61,4.74,4.06,vend,cancelado,
INV-00591,06/09/2025,VALE3,varejo,165.51,159114,38.19,28.05,1.92,0.84,conservador,-10.85,0.18,3.13,manter,procesado,
INV-00592,2025-07-13,ABEV3,varejo,152.62,378447,22.67,14.2,3.12,0.51,agressivo,-7.43,2.77,3.66,compra,executado,
INV-00593,2025-07-08,BBDC4,banco,48.09,109652,35.61,15.78,1.86,3.37,moderado,-6.15,-0.7,4.02,comprar,executado,
INV-00594,2025-01-06,ITUB4,mineracao,137.07,109421,14.39,17.82,9.78,4.14,moderado,17.06,-8.29,1.2,vend,cancelado,
INV-00595,2025-05-03,VALE3,banco,40.65,193422,39.71,5.19,1.43,2.16,conservador,8.72,-5.21,1.17,vend,executado,
INV-00596,2025-03-03,VALE3,industria,113.6,274683,26.51,7.91,9.29,1.38,conservador,-6.54,-9.51,2.74,comprar,executado,
INV-00597,2025-05-28,WEGE3,industria,"22,56",142171,32.92,20.82,0.88,3.99,agressivo,13.47,9.07,3.95,vend,pendente,
INV-00598,2025-06-26,PETR4,varejo,138.11,154899,28.11,22.82,0.05,1.26,agressivo,-9.05,-9.74,0.05,comprar,executado,
INV-00599,2025-02-04,BBDC4,energia,"5,13",412066,35.58,19.7,3.14,4.51,conservador,23.62,5.2,4.42,venda,cancelado,
INV-00600,2025-09-28,ABEV3,energia,157.92,263907,25.18,5.6,6.41,4.02,moderado,5.61,2.27,1.71,manter,executado,
INV-00601,2025-03-12,BBDC4,banco,189.18,145336,20.06,25.51,8.58,0.93,agressivo,-6.08,-3.16,2.81,vend,executado,
INV-00602,26/09/2025,VALE3,energia,15.1,136837,7.35,22.24,1.33,3.79,moderado,-18.33,6.6,4.28,comprar,executado,
INV-00603,2025-05-14,VALE3,energia,"106,28",269641,25.11,19.35,2.38,1.74,conservador,9.79,8.76,0.51,vend,executado,
INV-00604,20/08/2025,ABEV3,varejo,161.09,70974,24.79,10.74,5.48,1.94,moderado,23.17,8.06,1.38,compra,executado,
INV-00605,2025-08-20,ABEV3,banco,50.65,186907,30.5,19.81,0.51,4.01,conservador,-5.28,0.39,4.71,comprar,pendente,
INV-00606,24/04/2025,ITUB4,varejo,90.83,481992,39.59,8.71,7.3,1.57,agressivo,-19.78,-7.37,0.15,comprar,procesado,
INV-00607,02-20-2025,PETR4,energia,"18,13",324405,23.17,6.11,4.0,2.93,conservador,-1.51,-6.76,0.28,comprar,cancelado,
INV-00608,2025-01-13,BBDC4,mineracao,"125,28",26708,26.34,24.13,9.78,2.56,agressivo,0.55,3.77,4.51,compra,pendente,
INV-00609,2025-09-29,BBDC4,varejo,102.8,233583,36.13,24.15,9.63,3.29,agressivo,14.72,-2.45,4.62,vend,cancelado,
INV-00610,2025-09-19,PETR4,industria,128.84,180073,35.05,22.48,6.04,3.51,conservador,11.69,12.05,3.15,vend,pendente,
INV-00611,2025-09-25,WEGE3,banco,196.36,471175,8.52,10.65,5.51,0.77,conservador,2.21,4.69,3.15,comprar,executado,
INV-00612,05-14-2025,WEGE3,banco,135.11,276160,5.91,21.02,3.84,4.23,moderado,22.89,1.1,4.06,comprar,pendente,
INV-00613,2025-04-14,BBDC4,mineracao,182.71,34458,6.51,14.55,3.47,2.91,agressivo,-1.14,12.88,2.68,venda,procesado,
INV-00614,2025-09-05,WEGE3,energia,16.07,102066,17.28,13.35,1.74,2.88,conservador,21.77,-2.71,4.16,compra,cancelado,
INV-00615,28/08/2025,VALE3,banco,147.02,498254,11.99,27.17,0.05,3.42,agressivo,4.22,10.53,4.13,vend,procesado,
INV-00616,2025-06-22,WEGE3,banco,147.5,139062,11.53,26.98,7.12,2.39,conservador,-4.87,-2.77,3.3,venda,pendente,
INV-00617,2025-01-20,ITUB4,banco,71.87,276847,31.82,9.84,3.53,1.57,conservador,-17.13,6.03,4.84,vend,cancelado,
INV-00618,2025-08-03,BBDC4,energia,14.13,215621,16.97,6.21,3.46,0.68,agressivo,-10.39,0.89,0.7,manter,pendente,
INV-00619,2025-07-07,ITUB4,banco,"133,3",242598,27.05,5.94,3.01,0.65,agressivo,-11.86,12.5,0.39,comprar,pendente,
INV-00620,2025-06-01,PETR4,banco,12.04,326210,16.43,18.57,2.2,4.88,conservador,-13.99,-9.21,3.64,manter,procesado,
INV-00621,2025-09-23,ITUB4,mineracao,96.85,196914,36.99,11.29,2.66,3.3,conservador,11.24,2.3,1.92,comprar,procesado,
INV-00622,2025-01-30,PETR4,mineracao,35.65,11326,14.96,21.75,4.73,3.03,conservador,12.98,10.29,0.96,venda,executado,
INV-00623,2025-02-16,ABEV3,banco,"25,77",407230,35.16,7.26,6.35,1.58,conservador,15.27,3.18,1.49,compra,cancelado,
INV-00624,2025-09-30,ABEV3,mineracao,170.89,51247,15.41,19.64,4.22,4.53,agressivo,24.3,-9.55,1.79,compra,procesado,
INV-00625,2025-03-30,VALE3,banco,"27,7",244398,12.57,14.19,1.37,2.54,agressivo,-9.82,-1.87,1.55,compra,cancelado,
INV-00626,30/06/2025,VALE3,mineracao,169.1,124982,13.36,22.09,8.39,2.48,moderado,0.94,12.84,2.23,manter,pendente,
INV-00627,2025-03-03,MGLU3,banco,156.57,273176,8.75,8.3,8.16,3.67,conservador,-11.88,6.24,5.0,vend,cancelado,
INV-00628,2025-06-25,ITUB4,varejo,128.82,468160,15.3,26.89,9.15,0.86,agressivo,18.57,12.8,1.67,manter,pendente,
INV-00629,06-12-2025,WEGE3,industria,40.04,266394,9.14,9.13,4.34,0.69,moderado,13.05,0.91,3.43,venda,executado,
INV-00630,2025-03-20,MGLU3,mineracao,84.84,364676,13.63,25.29,4.49,1.08,agressivo,19.0,-6.06,1.5,comprar,procesado,
INV-00631,data_invalida,MGLU3,industria,181.69,154669,36.36,5.14,3.01,3.02,conservador,14.28,3.17,4.49,compra,executado,
INV-00632,2025-05-01,WEGE3,varejo,"25,12",301218,9.11,20.73,2.32,2.93,moderado,4.5,-2.27,4.2,manter,procesado,
INV-00633,2025-01-19,ITUB4,banco,174.89,395645,38.48,11.29,6.17,3.05,conservador,-16.37,8.06,2.04,vend,pendente,
INV-00634,2025-10-11,VALE3,energia,106.14,391541,32.82,23.2,8.37,3.75,conservador,-19.9,4.19,0.97,compra,pendente,
INV-00635,2025-09-24,ABEV3,energia,35.85,171551,25.46,8.93,0.19,1.66,agressivo,4.99,-8.77,1.33,comprar,pendente,
INV-00636,2025-04-06,WEGE3,energia,155.49,238068,21.47,12.75,5.31,3.01,moderado,-15.79,2.59,4.93,compra,executado,
INV-00637,2025-01-28,ABEV3,varejo,139.58,211020,32.36,19.92,1.31,2.49,conservador,19.13,5.6,2.14,venda,pendente,
INV-00638,2025-04-22,ABEV3,industria,111.09,321328,14.41,8.14,3.32,2.23,agressivo,1.4,1.5,3.92,comprar,procesado,
INV-00639,06-27-2025,PETR4,energia,"148,61",228394,21.01,28.12,2.44,1.73,agressivo,-0.43,3.1,0.7,vend,cancelado,
INV-00640,25/05/2025,ITUB4,industria,"104,67",404768,9.3,8.11,3.59,4.17,agressivo,22.11,8.63,0.56,compra,cancelado,
INV-00641,2025-04-02,ABEV3,energia,77.12,92882,25.66,12.96,7.01,3.9,agressivo,15.75,-9.3,2.31,manter,pendente,
INV-00642,09/05/2025,VALE3,mineracao,149.9,73105,16.85,25.87,6.21,4.2,conservador,-0.78,9.56,2.75,manter,pendente,
INV-00643,2025-01-11,ABEV3,industria,121.29,316523,33.53,13.91,4.34,3.28,conservador,20.65,2.4,2.43,compra,cancelado,
INV-00644,2025-02-28,MGLU3,industria,134.99,39176,31.77,27.56,2.48,0.76,conservador,-4.71,14.58,2.71,venda,cancelado,
INV-00645,13/06/2025,VALE3,varejo,66.59,161519,33.87,7.18,4.32,0.6,conservador,-16.56,13.33,0.67,manter,executado,
INV-00646,2025-07-13,MGLU3,banco,113.63,417056,31.95,17.65,4.48,1.18,conservador,12.18,-8.2,4.14,manter,executado,
INV-00647,2025-09-14,ITUB4,mineracao,18.22,357757,23.54,9.23,2.52,3.93,moderado,-7.7,9.88,0.93,venda,pendente,
INV-00648,06-28-2025,BBDC4,industria,53.27,90386,30.94,9.96,9.89,1.4,agressivo,-11.14,1.06,4.35,venda,executado,
INV-00649,06-30-2025,ABEV3,industria,46.11,196127,7.67,7.35,3.06,3.12,agressivo,-19.81,-2.43,0.27,comprar,executado,
INV-00650,10-24-2025,PETR4,mineracao,163.1,275140,21.43,15.47,1.59,1.66,conservador,17.36,-8.66,2.88,vend,procesado,
INV-00651,2025-08-21,BBDC4,mineracao,11.41,174664,38.75,20.98,3.96,4.6,agressivo,7.31,-6.14,4.31,manter,executado,
INV-00652,2025-06-20,BBDC4,mineracao,171.42,309219,24.85,8.94,0.95,4.95,agressivo,-0.72,-7.31,4.4,compra,cancelado,
INV-00653,2025-03-04,PETR4,banco,191.67,454235,30.17,23.78,0.1,3.41,conservador,22.63,-4.56,3.93,venda,cancelado,
INV-00654,2025-05-27,MGLU3,varejo,114.2,259904,37.13,16.58,5.54,3.31,conservador,-8.09,3.84,1.97,comprar,cancelado,
INV-00655,04-13-2025,ITUB4,energia,52.16,144309,15.1,10.98,8.32,1.07,agressivo,-5.28,1.88,0.61,manter,executado,
INV-00656,21/03/2025,BBDC4,energia,20.98,220049,34.55,22.98,9.17,2.86,conservador,-12.8,-7.1,3.73,manter,cancelado,
INV-00657,2025-04-05,ITUB4,varejo,197.81,362441,23.4,21.61,8.19,3.16,conservador,8.27,-6.63,0.79,compra,pendente,
INV-00658,2025-07-02,WEGE3,industria,28.35,442743,11.72,7.33,6.92,3.45,agressivo,-12.2,-4.16,4.02,manter,pendente,
INV-00659,2025-04-27,MGLU3,banco,120.03,201815,27.54,18.56,4.22,1.16,conservador,2.2,0.36,1.13,manter,procesado,
INV-00660,2025-01-28,BBDC4,industria,39.07,244155,8.89,15.03,6.27,0.88,moderado,20.61,-5.55,2.34,vend,pendente,
INV-00661,2025-04-30,BBDC4,banco,133.31,263313,35.34,28.6,5.99,1.91,moderado,22.3,12.99,1.98,comprar,pendente,
INV-00662,2025-07-25,MGLU3,mineracao,19.99,424535,25.53,15.99,2.63,3.41,agressivo,-4.92,2.06,4.44,venda,procesado,
INV-00663,2025-10-23,WEGE3,industria,145.09,104169,5.73,9.47,7.27,0.76,conservador,-2.22,14.94,2.44,manter,cancelado,
INV-00664,2025-07-17,BBDC4,mineracao,71.46,102906,17.94,25.42,2.62,4.4,conservador,-16.65,0.4,1.62,manter,executado,
INV-00665,02-19-2025,VALE3,industria,109.05,339001,24.55,21.41,1.09,1.24,moderado,2.14,5.53,1.58,manter,cancelado,
INV-00666,2025-06-20,ITUB4,industria,139.6,229202,36.21,18.8,3.36,5.0,moderado,-10.1,11.94,0.9,comprar,procesado,
INV-00667,2025-05-09,WEGE3,energia,181.67,81125,20.24,10.57,8.93,0.88,moderado,15.3,7.47,4.12,compra,pendente,
INV-00668,2025-03-09,ABEV3,banco,87.01,484680,17.84,24.09,6.87,2.77,conservador,6.91,13.98,3.4,vend,executado,
INV-00669,2025-02-20,MGLU3,varejo,65.51,99606,31.95,18.75,3.71,1.16,conservador,-9.52,-9.74,4.58,compra,cancelado,
INV-00670,2025-06-28,PETR4,mineracao,"172,5",394930,15.2,29.09,1.42,0.78,conservador,-0.28,9.95,1.98,venda,procesado,
INV-00671,2025-08-14,BBDC4,mineracao,35.96,495837,27.47,8.43,7.01,2.6,agressivo,1.21,-7.18,3.82,comprar,executado,
INV-00672,2025-06-25,PETR4,mineracao,24.44,351764,33.78,18.86,0.17,1.04,conservador,8.36,1.96,3.5,comprar,procesado,
INV-00673,data_invalida,PETR4,varejo,178.74,255658,19.74,16.58,9.62,3.39,moderado,2.71,-7.17,1.24,vend,pendente,
INV-00674,03-29-2025,WEGE3,energia,113.09,160661,15.48,11.0,7.73,2.4,conservador,8.03,-8.1,4.39,venda,pendente,
INV-00675,2025-05-23,WEGE3,banco,36.49,218138,9.58,19.71,3.27,1.82,moderado,-17.03,-2.89,4.88,vend,cancelado,
INV-00676,2025-04-15,BBDC4,mineracao,197.84,124450,32.81,13.67,0.1,3.49,moderado,14.33,7.66,2.93,vend,cancelado,
INV-00677,2025-10-01,BBDC4,banco,7.19,124225,33.83,24.89,6.78,3.21,conservador,5.13,10.84,3.47,manter,procesado,
INV-00678,18/06/2025,MGLU3,industria,61.12,457349,15.75,27.41,1.38,4.99,conservador,-8.51,4.33,3.72,vend,procesado,
INV-00679,2025-02-09,ABEV3,energia,40.32,357254,12.59,19.33,7.32,1.11,agressivo,12.16,-2.71,4.15,manter,procesado,
INV-00680,2025-04-11,PETR4,energia,9.7,41280,20.39,6.26,7.62,3.58,agressivo,-16.17,-2.53,3.82,compra,pendente,
INV-00681,26/06/2025,VALE3,energia,162.05,496866,16.45,14.71,3.47,2.09,conservador,-14.89,-9.64,3.3,vend,cancelado,
INV-00682,2025-09-07,PETR4,energia,105.23,442950,31.95,16.5,6.41,3.31,moderado,-11.13,-5.0,3.86,compra,executado,
INV-00683,2025-04-02,VALE3,banco,199.79,346624,20.52,6.78,1.38,0.56,moderado,5.99,1.03,0.64,manter,cancelado,
INV-00684,2025-07-04,MGLU3,energia,61.82,447892,11.05,7.78,9.05,0.58,moderado,-10.98,-9.23,2.15,compra,executado,
INV-00685,2025-01-29,BBDC4,energia,90.31,460669,26.2,10.02,7.25,3.95,conservador,-11.2,9.39,3.25,venda,pendente,
INV-00686,2025-08-27,MGLU3,energia,115.44,236889,31.88,17.55,9.93,1.24,conservador,-8.83,-8.32,2.82,compra,cancelado,
INV-00687,01-16-2025,VALE3,mineracao,126.04,422086,31.76,5.26,1.81,1.12,conservador,-16.57,1.63,4.83,manter,procesado,
INV-00688,2025-01-08,WEGE3,energia,"144,05",188100,27.28,7.93,9.23,4.55,moderado,8.52,-3.45,3.59,manter,pendente,
INV-00689,2025-02-13,PETR4,varejo,"186,42",497575,21.77,5.19,1.08,2.11,conservador,-8.91,7.08,2.18,venda,procesado,
INV-00690,2025-06-16,ITUB4,industria,"155,33",122543,5.42,23.07,4.1,2.96,agressivo,20.43,5.54,1.07,comprar,pendente,
INV-00691,20/01/2025,ITUB4,industria,63.07,182197,11.51,26.7,6.85,1.7,conservador,-18.12,1.22,4.98,compra,procesado,
INV-00692,data_invalida,MGLU3,banco,13.42,474069,6.39,27.52,2.53,1.37,moderado,-4.32,-5.95,4.21,manter,executado,
INV-00693,2025-06-21,VALE3,varejo,95.31,161706,33.64,22.45,1.75,0.53,agressivo,4.11,10.15,4.32,venda,executado,
INV-00694,07/09/2025,MGLU3,varejo,156.41,39648,11.17,8.76,3.55,4.93,conservador,-18.04,7.19,2.72,venda,cancelado,
INV-00695,data_invalida,BBDC4,banco,166.46,442018,19.03,22.45,2.43,4.16,conservador,9.04,4.57,3.97,venda,executado,
INV-00696,2025-09-28,ITUB4,mineracao,177.03,220957,22.02,28.01,3.35,0.85,moderado,-7.9,3.59,1.34,manter,pendente,
INV-00697,2025-07-19,WEGE3,industria,101.72,22071,20.48,26.32,6.19,3.43,agressivo,-9.61,5.23,3.14,venda,procesado,
INV-00698,2025-07-11,WEGE3,energia,114.62,1480,13.78,22.83,7.73,4.48,moderado,-6.68,2.73,0.79,venda,pendente,
INV-00699,2025-03-27,ABEV3,banco,"69,11",355557,32.32,23.37,5.55,4.72,conservador,3.81,2.99,3.16,comprar,procesado,
INV-00700,2025-03-16,ITUB4,banco,28.94,155116,12.27,6.88,9.8,1.16,conservador,8.08,-9.16,1.18,manter,cancelado,
INV-00701,2025-05-23,MGLU3,energia,77.11,412770,36.18,28.23,4.86,3.84,moderado,9.83,4.51,1.87,comprar,executado,
INV-00702,2025-05-16,VALE3,mineracao,58.4,105212,14.25,29.28,1.85,4.74,conservador,20.25,-8.08,3.98,manter,cancelado,
INV-00703,2025-06-26,VALE3,energia,113.36,214038,16.05,13.02,0.21,1.97,conservador,11.21,-4.48,4.87,compra,cancelado,
INV-00704,2025-04-29,VALE3,industria,53.42,212420,28.78,22.68,4.08,3.32,conservador,-7.64,-4.96,2.66,manter,pendente,
INV-00705,2025-07-23,ITUB4,industria,161.45,427976,33.05,19.2,0.64,1.28,agressivo,-8.71,9.96,2.25,venda,pendente,
INV-00706,29/04/2025,ABEV3,industria,123.58,146659,39.78,19.02,2.36,4.0,conservador,1.48,-2.36,0.91,manter,executado,
INV-00707,2025-06-06,ITUB4,energia,157.04,249611,26.18,15.66,2.05,3.08,conservador,-3.54,13.22,2.05,comprar,pendente,
INV-00708,2025-10-07,ABEV3,energia,105.69,485161,24.69,28.4,2.72,4.13,moderado,8.34,-9.51,1.09,comprar,pendente,
INV-00709,31/05/2025,BBDC4,banco,"146,15",176872,34.28,29.39,5.78,3.6,agressivo,-15.05,13.64,1.09,vend,procesado,
INV-00710,2025-05-10,MGLU3,banco,138.48,392890,7.02,19.21,9.81,4.29,moderado,-5.94,6.82,0.14,vend,executado,
INV-00711,data_invalida,ABEV3,industria,20.91,392329,35.6,21.71,0.32,2.21,moderado,-1.96,0.21,0.63,comprar,pendente,
INV-00712,2025-09-15,MGLU3,industria,19.83,95142,24.15,26.1,10.0,2.44,conservador,17.66,-2.44,0.88,venda,executado,
INV-00713,2025-04-16,MGLU3,energia,20.55,65956,22.27,12.88,4.98,2.04,conservador,-14.81,8.15,3.31,comprar,cancelado,
INV-00714,2025-06-14,ITUB4,mineracao,31.95,399852,13.65,24.26,0.31,1.61,conservador,-12.89,-6.14,4.47,compra,procesado,
INV-00715,2025-05-17,PETR4,energia,16.15,200822,15.98,14.51,2.12,2.42,moderado,-18.32,-6.81,0.12,vend,procesado,
INV-00716,2025-08-01,ITUB4,varejo,87.74,276614,33.48,17.29,7.83,3.09,moderado,-1.05,9.25,3.46,vend,pendente,
INV-00717,2025-07-02,WEGE3,varejo,"8,81",85917,36.07,23.12,0.8,1.16,moderado,14.66,6.44,0.39,compra,executado,
INV-00718,09/03/2025,BBDC4,energia,42.32,371159,32.47,28.62,9.37,3.83,moderado,17.94,7.94,4.99,manter,procesado,
INV-00719,21/10/2025,ITUB4,banco,48.73,246050,5.7,27.83,2.98,1.33,moderado,11.01,1.25,3.8,comprar,cancelado,
INV-00720,24/07/2025,ITUB4,energia,95.36,40040,16.78,11.65,7.09,1.53,conservador,-13.48,-4.17,2.23,compra,cancelado,
INV-00721,2025-06-13,BBDC4,energia,48.61,485624,12.07,24.56,8.78,4.0,conservador,16.05,-1.91,0.4,compra,procesado,
INV-00722,2025-09-02,VALE3,energia,129.15,375383,39.56,21.23,4.23,4.52,conservador,-3.82,7.94,2.18,vend,cancelado,
INV-00723,2025-06-29,BBDC4,banco,38.52,31402,9.81,7.86,7.67,4.74,moderado,-19.65,10.12,3.51,comprar,pendente,
INV-00724,2025-07-26,PETR4,banco,62.71,182853,11.0,23.55,1.32,4.14,moderado,13.45,12.49,3.55,comprar,cancelado,
INV-00725,2025-04-28,ITUB4,energia,70.25,38632,5.11,13.21,4.86,3.67,conservador,5.04,4.97,2.24,comprar,procesado,
INV-00726,2025-06-14,BBDC4,energia,44.39,425956,17.79,26.17,1.44,4.18,conservador,17.37,4.62,0.23,manter,executado,
INV-00727,data_invalida,VALE3,varejo,186.56,371436,9.24,24.99,0.17,4.43,conservador,-1.43,13.34,2.82,vend,pendente,
INV-00728,2025-10-24,WEGE3,banco,57.37,68234,11.7,18.72,3.9,4.94,agressivo,21.48,1.66,0.09,comprar,pendente,
INV-00729,2025-07-20,ABEV3,industria,"114,83",433382,13.96,17.37,2.31,1.49,conservador,21.7,-1.77,2.34,manter,pendente,
INV-00730,2025-03-04,VALE3,industria,52.35,58125,34.68,11.12,5.12,0.83,moderado,16.48,5.16,2.37,venda,executado,
INV-00731,2025-08-13,ITUB4,industria,170.7,277999,25.75,22.29,0.58,2.21,moderado,-4.22,12.82,2.58,vend,executado,
INV-00732,data_invalida,PETR4,industria,13.51,142112,16.43,23.47,9.45,3.95,moderado,13.91,14.12,0.39,comprar,pendente,
INV-00733,2025-09-14,ABEV3,industria,"130,72",380433,27.81,18.06,6.28,4.27,agressivo,-10.82,-6.32,0.76,venda,cancelado,
INV-00734,2025-08-10,MGLU3,varejo,"102,79",360256,31.73,27.16,7.57,2.4,agressivo,2.16,-8.18,1.79,comprar,procesado,
INV-00735,2025-06-22,BBDC4,varejo,175.05,356609,32.85,11.72,1.96,4.3,moderado,11.55,5.65,3.2,manter,executado,
INV-00736,2025-01-05,WEGE3,varejo,61.93,285607,9.56,16.18,5.56,4.75,agressivo,-18.71,2.15,4.35,manter,procesado,
INV-00737,2025-09-03,VALE3,varejo,140.14,407372,21.16,12.26,2.79,0.69,conservador,22.71,1.54,3.03,vend,executado,
INV-00738,2025-06-29,ITUB4,mineracao,197.51,211830,30.11,20.99,4.63,1.76,conservador,-1.12,-6.02,3.83,vend,cancelado,
INV-00739,2025-02-17,VALE3,varejo,60.67,208674,32.58,26.99,3.79,2.63,moderado,10.45,14.36,3.63,venda,pendente,
INV-00740,01-22-2025,BBDC4,banco,104.89,260318,30.6,17.01,7.44,4.57,agressivo,-1.21,-6.53,4.85,venda,procesado,
INV-00741,2025-03-18,WEGE3,varejo,110.15,296063,34.34,24.52,2.69,4.66,conservador,0.1,-1.66,1.19,comprar,executado,
INV-00742,01/08/2025,VALE3,mineracao,"162,79",422436,15.53,25.62,5.06,3.9,moderado,-12.25,-7.25,0.72,manter,pendente,
INV-00743,2025-03-17,PETR4,energia,82.0,21670,28.59,16.0,7.38,4.69,conservador,-18.03,-2.96,1.33,vend,cancelado,
INV-00744,2025-01-22,MGLU3,energia,149.62,150188,15.46,11.62,3.7,1.59,conservador,-0.11,-1.76,2.88,manter,executado,
INV-00745,2025-06-11,BBDC4,energia,145.13,420148,35.56,21.0,6.36,0.69,agressivo,-15.67,-6.86,4.16,manter,cancelado,
INV-00746,data_invalida,ABEV3,energia,54.45,374172,21.8,19.57,3.4,0.99,conservador,9.43,-1.24,3.51,vend,procesado,
INV-00747,09-16-2025,ITUB4,mineracao,167.22,194518,6.12,8.39,9.31,1.26,moderado,14.79,14.16,3.41,compra,cancelado,
INV-00748,2025-09-08,MGLU3,varejo,9.72,461336,17.73,11.7,8.08,2.08,conservador,-17.82,5.59,3.8,manter,pendente,
INV-00749,2025-05-07,MGLU3,varejo,82.26,52293,26.26,26.69,1.79,1.92,conservador,19.6,-8.74,0.39,comprar,executado,
INV-00750,2025-07-09,VALE3,varejo,20.56,100705,9.76,17.46,9.66,4.12,conservador,-4.42,12.52,2.48,venda,pendente,
INV-00751,2025-05-04,ABEV3,mineracao,83.49,54265,6.04,8.33,4.9,2.53,moderado,12.25,-4.37,3.47,venda,procesado,
INV-00752,2025-09-19,VALE3,mineracao,132.3,233200,35.28,23.22,7.01,4.68,conservador,4.35,13.54,4.16,compra,pendente,
INV-00753,2025-07-16,PETR4,mineracao,17.04,69077,29.13,22.41,6.47,2.02,agressivo,15.75,-8.8,3.0,venda,pendente,
INV-00754,2025-10-18,ABEV3,mineracao,136.39,386623,7.24,29.81,0.11,2.05,moderado,-7.32,7.91,3.14,compra,procesado,
INV-00755,2025-01-15,ABEV3,mineracao,58.24,135610,29.26,25.31,4.77,4.98,conservador,-15.61,3.19,4.33,manter,cancelado,
INV-00756,2025-05-28,WEGE3,industria,"25,21",472759,23.84,14.35,8.71,1.74,moderado,-14.15,-8.52,3.54,venda,cancelado,
INV-00757,2025-04-08,MGLU3,industria,184.44,339966,21.4,5.37,5.16,1.49,conservador,15.74,3.5,2.17,vend,cancelado,
INV-00758,2025-02-27,WEGE3,banco,155.21,123813,38.81,24.88,1.37,2.5,agressivo,-2.98,10.63,4.99,manter,cancelado,
INV-00759,2025-06-04,WEGE3,mineracao,181.79,428023,39.06,20.94,0.64,2.18,moderado,-13.27,10.22,0.93,manter,executado,
INV-00760,28/09/2025,PETR4,industria,81.86,473658,16.99,12.12,2.63,0.91,agressivo,22.55,8.25,4.19,compra,procesado,
INV-00761,2025-09-01,VALE3,varejo,"103,81",62599,38.29,28.46,5.89,1.16,conservador,-19.31,-1.15,1.49,comprar,pendente,
INV-00762,2025-10-05,VALE3,energia,"79,46",7105,6.09,22.09,5.37,4.45,moderado,6.74,14.76,0.5,compra,cancelado,
INV-00763,03-03-2025,PETR4,energia,6.26,178197,17.2,19.87,0.32,4.85,conservador,-14.88,2.43,3.67,venda,pendente,
INV-00764,2025-09-30,VALE3,mineracao,"72,92",409904,25.73,24.84,7.47,3.36,conservador,-17.3,9.52,3.69,comprar,cancelado,
INV-00765,2025-10-17,BBDC4,energia,"192,89",211597,18.14,12.65,3.96,1.69,conservador,-13.55,1.27,2.63,venda,executado,
INV-00766,2025-02-08,WEGE3,banco,83.19,425532,15.57,7.43,1.87,2.74,agressivo,24.99,10.28,2.83,compra,procesado,
INV-00767,2025-04-15,ITUB4,banco,117.03,151280,27.14,8.98,9.84,1.86,moderado,3.12,-6.59,3.36,venda,cancelado,
INV-00768,2025-09-18,VALE3,industria,161.94,92298,20.4,24.69,7.23,1.92,conservador,-0.08,4.36,1.59,compra,pendente,
INV-00769,2025-02-11,MGLU3,industria,52.88,210820,28.83,20.83,8.55,2.42,moderado,-7.35,8.64,3.42,venda,procesado,
INV-00770,2025-10-16,WEGE3,industria,"21,6",460290,20.97,15.66,2.26,2.95,conservador,-3.07,-8.54,0.68,manter,executado,
INV-00771,2025-03-23,BBDC4,varejo,46.15,122660,11.22,23.1,2.6,4.39,agressivo,17.11,13.8,4.03,comprar,procesado,
INV-00772,2025-08-18,WEGE3,energia,174.15,478195,16.8,25.29,4.11,0.6,moderado,-15.8,-0.49,2.04,manter,pendente,
INV-00773,02/09/2025,MGLU3,energia,"199,86",124990,38.51,9.04,6.66,2.74,conservador,5.47,9.43,0.51,venda,procesado,
INV-00774,data_invalida,ITUB4,industria,85.62,209693,26.19,8.1,0.84,3.04,conservador,4.94,9.35,0.75,vend,pendente,
INV-00775,2025-02-28,MGLU3,energia,"51,71",388655,28.18,17.7,1.22,1.94,conservador,22.53,-1.16,4.51,vend,pendente,
INV-00776,2025-06-03,ABEV3,varejo,"193,14",476977,22.58,20.69,3.4,1.74,agressivo,-12.9,8.95,1.59,vend,cancelado,
INV-00777,2025-05-01,MGLU3,energia,191.94,17636,16.87,17.16,9.68,4.37,moderado,0.52,11.53,4.77,comprar,procesado,
INV-00778,2025-08-13,BBDC4,banco,160.39,71957,6.02,6.19,6.69,2.66,moderado,-13.08,-8.32,1.29,comprar,procesado,
INV-00779,2025-07-13,VALE3,mineracao,52.75,167069,16.4,25.5,2.54,1.19,agressivo,-10.8,-0.26,3.99,compra,cancelado,
INV-00780,2025-03-05,VALE3,industria,121.42,267624,16.27,29.63,9.94,1.98,agressivo,4.03,11.35,1.35,manter,executado,
INV-00781,2025-10-25,MGLU3,energia,5.6,245758,5.91,21.82,1.11,3.73,conservador,-11.54,-4.22,3.98,venda,procesado,
INV-00782,2025-09-28,PETR4,energia,91.14,369784,10.74,14.69,4.27,3.15,moderado,-10.99,1.07,4.57,comprar,cancelado,
INV-00783,2025-06-15,MGLU3,industria,115.76,76654,22.09,14.42,3.73,1.44,conservador,24.88,5.69,1.02,compra,pendente,
INV-00784,2025-03-26,ITUB4,banco,"22,38",357080,25.74,12.0,3.1,1.37,agressivo,19.19,-1.53,1.68,compra,executado,
INV-00785,2025-03-20,VALE3,mineracao,43.13,128833,12.45,9.04,9.09,3.7,agressivo,-7.63,5.52,3.56,compra,executado,
INV-00786,2025-03-20,ABEV3,varejo,30.6,199834,32.83,9.46,7.13,4.59,conservador,-19.38,6.06,1.47,vend,pendente,
INV-00787,2025-02-17,VALE3,banco,177.65,317563,5.72,10.07,2.47,2.7,agressivo,19.79,10.48,4.39,manter,procesado,
INV-00788,data_invalida,PETR4,mineracao,157.06,492655,20.32,15.24,6.67,2.81,moderado,0.61,-8.18,2.86,compra,cancelado,
INV-00789,2025-08-15,WEGE3,industria,97.63,83533,30.36,28.65,5.37,3.35,conservador,19.04,-6.92,0.8,manter,executado,
INV-00790,2025-09-09,ABEV3,industria,111.45,236356,5.68,28.82,9.78,3.04,moderado,15.1,-2.72,0.44,manter,procesado,
INV-00791,08-18-2025,PETR4,energia,87.38,37448,39.31,8.24,6.84,4.15,moderado,-8.7,14.77,3.31,manter,pendente,
INV-00792,2025-03-07,ITUB4,industria,104.32,317885,37.1,25.77,5.44,2.97,conservador,2.11,4.78,2.33,manter,procesado,
INV-00793,2025-07-15,ITUB4,varejo,"79,79",336401,20.46,19.8,7.68,3.66,conservador,-19.4,10.18,3.05,compra,cancelado,
INV-00794,2025-10-01,WEGE3,banco,8.75,183121,17.86,11.02,1.27,0.76,moderado,8.35,-8.99,2.55,vend,pendente,
INV-00795,2025-01-16,PETR4,industria,18.56,254148,11.06,24.87,5.08,3.45,moderado,5.84,1.25,3.46,comprar,pendente,
INV-00796,2025-08-06,ABEV3,energia,196.01,149805,30.64,19.4,9.45,3.03,conservador,11.0,13.71,3.39,comprar,cancelado,
INV-00797,2025-06-03,VALE3,varejo,83.85,388368,37.53,24.91,8.63,0.76,conservador,-17.41,-8.63,3.5,vend,cancelado,
INV-00798,data_invalida,PETR4,mineracao,83.84,187395,24.62,23.27,4.57,3.61,moderado,12.95,12.77,2.71,comprar,cancelado,
INV-00799,2025-09-04,ABEV3,banco,72.84,377958,13.62,29.93,3.1,0.54,agressivo,20.92,2.18,3.28,manter,executado,
INV-00800,2025-08-27,BBDC4,industria,"90,68",256571,22.58,12.92,8.21,2.29,moderado,-3.86,1.81,1.48,venda,executado,
INV-00801,2025-03-27,ITUB4,varejo,39.79,313694,22.31,21.96,5.46,2.72,conservador,-18.87,14.44,4.39,comprar,pendente,
INV-00802,2025-04-23,MGLU3,mineracao,"199,43",67164,32.38,7.15,7.6,2.79,moderado,9.38,-8.27,0.6,vend,executado,
INV-00803,10-25-2025,MGLU3,industria,42.6,214161,19.67,10.49,5.67,3.1,moderado,-3.39,2.86,1.16,vend,procesado,
INV-00804,2025-02-12,VALE3,energia,30.88,365698,32.63,13.01,8.39,3.84,conservador,23.37,0.62,2.4,compra,executado,
INV-00805,2025-10-01,BBDC4,varejo,86.89,473846,16.02,12.55,3.98,3.72,conservador,-1.12,13.17,2.22,manter,cancelado,
INV-00806,2025-01-10,PETR4,energia,190.31,253907,16.1,29.46,5.06,4.18,conservador,-1.95,-3.05,3.8,vend,procesado,
INV-00807,2025-06-28,WEGE3,varejo,15.37,19173,38.62,24.93,2.89,2.99,moderado,9.32,7.94,2.69,vend,pendente,
INV-00808,2025-06-23,PETR4,industria,102.69,352316,19.62,28.35,4.63,1.2,conservador,-2.78,-4.68,1.65,venda,procesado,
INV-00809,2025-01-26,WEGE3,mineracao,5.29,453257,18.07,20.6,4.08,3.75,agressivo,8.66,-5.71,2.98,compra,executado,
INV-00810,2025-09-05,ABEV3,varejo,"157,03",461406,16.53,28.82,5.97,3.91,conservador,-15.45,1.91,2.97,comprar,procesado,
INV-00811,2025-03-08,PETR4,mineracao,"184,33",182318,38.06,24.69,3.77,0.52,moderado,9.78,1.17,0.81,comprar,cancelado,
INV-00812,2025-04-24,VALE3,varejo,197.36,165382,6.07,21.08,9.45,2.06,conservador,-13.43,2.59,2.67,venda,executado,
INV-00813,2025-09-09,MGLU3,energia,146.14,361809,14.4,25.03,5.37,4.91,moderado,23.19,13.04,0.95,vend,pendente,
INV-00814,2025-05-23,PETR4,banco,"157,52",110951,29.14,26.51,4.43,1.17,conservador,-5.63,-2.15,3.4,manter,executado,
INV-00815,2025-06-17,ABEV3,energia,187.83,460913,32.52,10.17,0.09,2.65,moderado,6.38,-4.54,0.54,venda,executado,
INV-00816,data_invalida,BBDC4,banco,72.04,115287,11.52,15.35,2.03,1.4,moderado,-3.17,-8.19,4.41,comprar,procesado,
INV-00817,2025-08-04,BBDC4,mineracao,171.2,451793,21.74,8.07,9.19,1.37,conservador,-12.37,8.56,3.61,venda,pendente,
INV-00818,2025-01-22,WEGE3,banco,15.59,48285,27.38,22.8,7.93,2.26,conservador,-0.18,-2.56,4.61,compra,procesado,
INV-00819,2025-04-15,MGLU3,varejo,124.41,211014,23.14,9.01,1.18,2.1,agressivo,24.07,6.77,2.4,compra,cancelado,
INV-00820,2025-06-25,BBDC4,energia,100.87,275115,11.99,21.97,8.52,3.36,conservador,-19.07,10.24,2.04,manter,cancelado,
INV-00821,2025-06-27,WEGE3,banco,"112,54",259052,30.75,6.6,2.73,2.6,moderado,21.63,2.93,4.5,comprar,procesado,
INV-00822,2025-05-14,ITUB4,varejo,81.96,346091,24.94,6.22,4.12,3.78,moderado,-8.34,14.49,0.25,comprar,executado,
INV-00823,2025-09-09,VALE3,energia,69.6,56430,28.93,7.95,5.55,4.55,agressivo,-18.0,9.18,1.34,comprar,executado,
INV-00824,2025-02-28,VALE3,varejo,82.41,360491,30.66,22.26,8.49,1.31,conservador,-11.93,-7.02,0.17,compra,pendente,
INV-00825,2025-04-18,WEGE3,energia,72.53,382756,35.15,12.99,2.76,0.9,agressivo,-19.82,-6.5,1.74,compra,procesado,
INV-00826,2025-07-20,ITUB4,varejo,"176,94",28380,12.8,21.09,4.01,3.78,conservador,-0.58,8.32,1.34,compra,procesado,
INV-00827,2025-08-11,ABEV3,varejo,15.33,476479,23.35,15.42,5.93,4.83,moderado,-16.8,-3.46,2.65,manter,pendente,
INV-00828,2025-10-18,BBDC4,banco,"125,55",470964,29.89,5.71,1.35,3.59,agressivo,-8.48,7.48,0.07,venda,procesado,
INV-00829,10/08/2025,PETR4,industria,119.47,427459,38.72,27.26,0.39,2.54,conservador,-4.12,7.47,0.12,compra,executado,
INV-00830,2025-09-13,BBDC4,industria,65.23,5185,23.05,11.45,0.25,4.46,conservador,-6.57,12.88,4.81,vend,pendente,
INV-00831,05-12-2025,BBDC4,mineracao,74.39,175281,11.87,21.73,1.77,4.03,moderado,0.56,0.04,0.19,vend,cancelado,
INV-00832,2025-09-16,ABEV3,energia,30.65,460607,9.56,15.41,4.9,0.95,agressivo,-1.84,-4.88,1.15,venda,cancelado,
INV-00833,2025-03-21,BBDC4,varejo,"87,61",294942,25.48,23.71,5.18,3.94,moderado,-16.55,14.62,0.01,compra,cancelado,
INV-00834,2025-08-13,MGLU3,varejo,"113,11",355087,33.97,11.36,3.56,3.23,moderado,21.66,5.8,1.96,compra,executado,
INV-00835,2025-05-24,ITUB4,industria,"29,27",43968,22.87,19.82,5.73,3.07,moderado,6.22,-1.16,1.82,manter,procesado,
INV-00836,21/04/2025,MGLU3,industria,85.95,475988,15.7,11.44,4.23,3.08,moderado,24.55,2.92,3.02,venda,cancelado,
INV-00837,2025-04-18,PETR4,energia,"104,93",294567,30.11,24.25,3.59,3.67,conservador,4.18,12.11,4.81,vend,pendente,
INV-00838,2025-04-18,BBDC4,mineracao,31.5,463270,23.95,22.04,9.5,0.97,conservador,2.97,8.65,2.2,comprar,procesado,
INV-00839,14/04/2025,WEGE3,banco,27.75,390800,29.84,29.29,1.25,4.76,conservador,-1.01,5.94,4.34,manter,pendente,
INV-00840,2025-07-16,PETR4,mineracao,"85,78",82499,39.2,9.53,0.14,1.44,conservador,18.69,12.02,2.92,manter,executado,
INV-00841,2025-03-03,VALE3,mineracao,133.56,345195,39.67,27.26,4.45,2.28,moderado,20.33,-5.43,3.21,vend,pendente,
INV-00842,2025-01-13,MGLU3,varejo,159.0,320874,8.98,10.46,3.55,4.51,moderado,3.02,1.22,0.03,comprar,procesado,
INV-00843,2025-10-27,PETR4,energia,"53,02",225172,35.81,9.75,6.16,2.36,moderado,-19.18,-3.02,2.67,vend,executado,
INV-00844,21/03/2025,PETR4,mineracao,71.62,42136,19.48,6.24,1.98,4.46,conservador,-0.22,13.39,2.37,compra,pendente,
INV-00845,2025-02-21,ITUB4,varejo,103.15,223312,27.3,14.18,2.18,1.98,conservador,16.8,0.43,1.31,vend,pendente,
INV-00846,2025-06-06,ABEV3,energia,129.43,153319,35.69,17.77,2.58,3.84,conservador,16.13,-8.36,0.7,vend,pendente,
INV-00847,2025-09-08,BBDC4,banco,58.97,414940,9.24,7.78,7.16,3.02,moderado,19.57,-9.25,3.88,manter,executado,
INV-00848,2025-01-25,ITUB4,banco,108.44,84426,37.62,19.08,7.39,4.74,agressivo,21.01,10.11,2.01,comprar,executado,
INV-00849,2025-05-13,BBDC4,varejo,36.57,235287,25.21,24.13,3.92,2.95,conservador,1.97,-1.96,4.58,manter,procesado,
INV-00850,2025-06-12,BBDC4,industria,137.05,18173,18.47,14.31,7.47,4.48,conservador,-3.83,-1.19,2.49,compra,pendente,
INV-00851,2025-06-24,BBDC4,banco,"36,81",138373,12.7,11.03,9.94,3.35,conservador,-15.56,-8.27,1.45,venda,pendente,
INV-00852,2025-09-25,BBDC4,varejo,131.97,329911,36.23,20.82,0.51,2.97,conservador,-4.38,10.69,3.1,compra,executado,
INV-00853,2025-02-09,ITUB4,mineracao,"40,78",201798,13.08,21.9,6.78,1.75,agressivo,19.45,-7.75,0.34,compra,executado,
INV-00854,04/10/2025,VALE3,varejo,192.2,471844,9.08,14.05,2.87,0.93,agressivo,1.03,3.03,3.41,vend,cancelado,
INV-00855,2025-09-28,WEGE3,banco,153.31,364628,35.2,13.58,6.5,4.36,conservador,-4.83,-7.04,1.43,venda,procesado,
INV-00856,2025-06-02,PETR4,energia,192.06,332480,39.79,28.61,2.35,0.84,conservador,-7.91,3.72,4.65,manter,procesado,
INV-00857,2025-08-07,PETR4,energia,78.73,96625,18.06,28.35,8.63,4.0,conservador,9.99,13.06,3.67,vend,executado,
INV-00858,2025-06-21,BBDC4,mineracao,131.84,109418,6.0,15.19,9.35,2.4,conservador,-17.24,8.31,1.84,venda,pendente,
INV-00859,2025-08-28,VALE3,varejo,58.42,232416,35.35,24.96,9.04,2.84,conservador,1.84,-7.57,4.61,compra,executado,
INV-00860,17/10/2025,VALE3,mineracao,123.35,47769,30.37,16.23,8.06,0.54,moderado,-1.32,12.05,2.26,vend,executado,
INV-00861,2025-08-18,ITUB4,mineracao,76.18,403519,28.24,8.73,2.45,4.17,moderado,3.17,2.3,0.19,comprar,pendente,
INV-00862,2025-06-06,BBDC4,varejo,125.1,230757,31.01,8.36,2.18,3.68,moderado,15.63,13.07,1.32,comprar,cancelado,
INV-00863,27/05/2025,VALE3,varejo,45.99,78799,5.41,25.74,0.66,2.35,moderado,-3.53,9.47,4.67,comprar,cancelado,
INV-00864,2025-09-06,PETR4,banco,37.39,209022,32.18,11.77,9.68,2.72,moderado,14.29,-0.6,2.04,venda,pendente,
INV-00865,2025-05-19,ABEV3,energia,29.08,187334,8.1,19.48,5.18,4.95,agressivo,-0.74,4.39,0.61,comprar,pendente,
INV-00866,2025-06-28,WEGE3,varejo,104.74,81562,24.08,22.68,3.14,1.89,moderado,-16.37,-1.48,0.46,vend,executado,
INV-00867,data_invalida,ITUB4,mineracao,130.43,62221,26.01,13.24,3.26,1.8,conservador,13.98,10.44,4.38,vend,executado,
INV-00868,2025-06-12,ITUB4,industria,173.26,361236,32.49,9.08,4.86,1.5,moderado,-19.28,-8.74,0.58,vend,executado,
INV-00869,2025-07-07,PETR4,industria,107.31,48570,38.6,5.12,8.5,1.56,conservador,17.43,-7.44,3.18,venda,executado,
INV-00870,2025-04-10,BBDC4,varejo,112.92,29441,26.72,15.29,6.01,1.44,moderado,-2.73,-6.09,1.87,comprar,procesado,
INV-00871,2025-06-18,ITUB4,varejo,91.08,419535,16.61,28.55,0.24,2.09,conservador,-6.88,-3.52,4.17,manter,executado,
INV-00872,2025-05-22,VALE3,industria,"148,19",337054,32.66,6.49,5.6,4.55,conservador,-0.22,0.3,2.2,manter,pendente,
INV-00873,2025-01-25,WEGE3,industria,134.55,413667,16.85,23.39,5.91,1.42,conservador,13.6,6.48,4.8,manter,pendente,
INV-00874,2025-03-18,BBDC4,energia,"46,55",126339,21.73,15.53,0.21,3.56,conservador,18.46,-1.88,1.35,compra,pendente,
INV-00875,2025-04-16,PETR4,mineracao,48.45,222655,20.98,18.17,5.16,1.08,moderado,-0.85,-3.02,0.28,vend,pendente,
INV-00876,03/02/2025,WEGE3,energia,"130,1",135213,5.48,6.54,1.51,2.77,conservador,-7.51,-7.1,1.02,venda,executado,
INV-00877,data_invalida,ABEV3,energia,148.08,280926,15.04,17.13,0.02,2.25,moderado,-17.32,8.02,3.49,vend,cancelado,
INV-00878,2025-02-08,BBDC4,banco,"159,99",488482,21.62,21.41,3.06,2.32,moderado,19.84,7.34,4.82,compra,procesado,
INV-00879,2025-03-29,MGLU3,energia,150.03,353825,37.21,26.15,5.44,4.1,conservador,18.05,6.58,3.2,comprar,procesado,
INV-00880,2025-08-20,PETR4,energia,35.77,303331,18.74,7.6,9.47,4.02,moderado,0.12,9.37,1.38,manter,cancelado,
INV-00881,2025-03-26,BBDC4,varejo,"42,33",276021,25.59,24.91,0.09,0.78,agressivo,-4.61,12.33,3.32,compra,pendente,
INV-00882,2025-06-08,VALE3,mineracao,137.95,150413,26.26,10.8,6.48,1.73,moderado,-16.79,9.17,0.24,comprar,pendente,
INV-00883,2025-04-16,MGLU3,industria,104.52,47918,39.39,10.4,8.52,4.61,moderado,11.61,9.55,1.42,vend,cancelado,
INV-00884,2025-07-01,ITUB4,varejo,194.4,51790,19.95,18.09,3.14,1.75,agressivo,5.05,-3.4,1.51,compra,cancelado,
INV-00885,11/09/2025,VALE3,banco,97.34,491786,22.64,8.9,0.29,4.72,moderado,22.32,6.96,0.87,vend,executado,
INV-00886,2025-05-26,WEGE3,varejo,"155,13",378903,18.53,29.44,9.61,3.7,conservador,-14.84,0.25,3.88,vend,cancelado,
INV-00887,05-28-2025,MGLU3,varejo,111.65,91970,30.82,17.8,6.01,1.77,conservador,-8.1,13.42,2.3,vend,cancelado,
INV-00888,02/03/2025,ABEV3,varejo,93.84,170850,14.57,8.91,9.59,1.94,conservador,3.89,-6.39,2.56,compra,pendente,
INV-00889,2025-05-20,ITUB4,banco,35.73,273719,13.61,29.09,8.5,0.56,agressivo,23.62,12.69,4.81,vend,executado,
INV-00890,2025-02-02,MGLU3,varejo,130.43,167439,21.62,22.48,0.7,4.54,conservador,0.23,-9.38,2.42,compra,procesado,
INV-00891,2025-04-07,VALE3,mineracao,"63,51",29006,6.81,9.62,7.02,4.77,moderado,14.82,-2.33,0.22,manter,procesado,
INV-00892,2025-03-09,MGLU3,varejo,167.3,335416,39.31,19.52,5.43,4.96,conservador,-15.41,14.56,4.44,manter,pendente,
INV-00893,2025-10-13,ABEV3,banco,194.88,332761,14.77,9.6,3.84,4.58,conservador,13.09,6.14,4.43,manter,cancelado,
INV-00894,2025-02-05,ABEV3,mineracao,56.57,368994,5.43,25.76,6.23,3.89,agressivo,13.69,-1.24,4.92,vend,procesado,
INV-00895,2025-01-24,PETR4,varejo,121.03,211440,27.87,14.31,5.5,3.2,conservador,5.61,-6.37,2.75,venda,executado,
INV-00896,data_invalida,ABEV3,energia,43.33,236145,29.3,19.69,7.91,4.83,conservador,24.13,-5.57,3.57,comprar,pendente,
INV-00897,2025-06-06,ITUB4,banco,120.36,471466,17.39,5.86,6.91,4.7,moderado,13.13,4.69,2.29,compra,procesado,
INV-00898,2025-07-05,MGLU3,industria,191.18,179067,7.48,16.46,2.98,4.16,moderado,17.54,6.07,2.35,comprar,executado,
INV-00899,08-15-2025,WEGE3,mineracao,"124,08",481353,18.94,10.76,9.49,1.62,conservador,0.43,14.99,2.62,comprar,executado,
INV-00900,2025-06-01,WEGE3,industria,114.04,28314,22.14,15.18,1.26,2.08,agressivo,15.1,-7.02,3.12,manter,pendente,
INV-00901,2025-10-08,BBDC4,banco,24.61,347133,39.58,11.31,1.09,0.68,agressivo,-2.07,11.6,2.06,manter,executado,
INV-00902,2025-05-11,PETR4,energia,155.44,418478,23.58,18.39,8.06,1.81,conservador,5.52,8.52,2.12,vend,procesado,
INV-00903,2025-06-11,ABEV3,industria,5.13,467052,23.74,9.05,6.44,4.75,moderado,-2.27,-7.47,3.75,venda,cancelado,
INV-00904,2025-09-01,ITUB4,banco,"131,92",446397,39.67,26.04,3.68,3.33,conservador,-4.45,8.01,0.07,comprar,pendente,
INV-00905,23/06/2025,ABEV3,energia,156.69,39262,8.96,14.76,8.82,2.31,conservador,-14.81,11.99,4.5,manter,executado,
INV-00906,2025-08-18,WEGE3,mineracao,63.56,467241,8.88,16.71,2.94,0.87,agressivo,-10.58,4.17,2.01,venda,cancelado,
INV-00907,2025-02-19,PETR4,industria,31.92,43777,25.35,12.05,4.32,2.73,conservador,22.01,11.33,2.17,venda,pendente,
INV-00908,2025-07-22,ABEV3,industria,97.2,261626,32.28,29.39,0.22,3.3,conservador,-11.77,7.11,0.18,compra,executado,
INV-00909,15/03/2025,MGLU3,banco,24.7,305970,23.58,15.06,2.89,4.69,conservador,22.52,10.93,4.38,venda,executado,
INV-00910,2025-05-09,ABEV3,varejo,"180,16",119405,9.6,14.09,1.65,4.11,conservador,-13.19,14.03,3.84,compra,executado,
INV-00911,2025-03-14,ITUB4,industria,"35,79",74068,5.43,21.51,2.24,3.72,moderado,-6.99,11.61,1.54,comprar,executado,
INV-00912,2025-02-24,WEGE3,banco,155.21,328704,24.59,23.81,3.85,2.86,conservador,9.15,-5.24,3.02,compra,cancelado,
INV-00913,data_invalida,VALE3,banco,123.58,358597,13.68,10.13,7.44,1.66,moderado,-6.33,1.36,3.34,manter,cancelado,
INV-00914,2025-08-07,PETR4,industria,36.96,220137,19.86,25.12,4.69,2.17,conservador,-5.53,-4.77,3.96,compra,executado,
INV-00915,2025-06-16,ITUB4,industria,24.28,335946,18.66,14.54,2.7,4.09,conservador,11.95,-4.97,0.2,compra,cancelado,
INV-00916,2025-10-04,VALE3,industria,75.82,145460,7.56,17.79,5.46,4.98,agressivo,11.3,-5.79,2.7,vend,cancelado,
INV-00917,data_invalida,MGLU3,varejo,"55,54",314899,9.06,24.93,4.25,0.71,moderado,24.56,5.28,3.2,vend,pendente,
INV-00918,28/07/2025,MGLU3,industria,86.09,395269,21.2,10.99,8.64,3.94,conservador,-0.64,-6.58,0.03,comprar,procesado,
INV-00919,2025-08-31,PETR4,varejo,181.7,339070,32.49,8.89,3.96,1.1,conservador,0.15,-0.4,0.35,comprar,cancelado,
INV-00920,2025-05-14,VALE3,mineracao,46.03,145659,32.02,18.4,4.55,0.7,agressivo,14.32,-2.84,4.74,comprar,procesado,
INV-00921,2025-08-30,MGLU3,banco,134.91,311305,19.45,22.16,9.29,0.94,agressivo,13.62,11.81,3.45,vend,executado,
INV-00922,2025-08-09,BBDC4,mineracao,61.51,87770,29.32,8.42,4.77,4.61,conservador,-0.24,1.39,4.49,vend,cancelado,
INV-00923,01-05-2025,BBDC4,mineracao,132.4,361606,13.17,28.18,5.2,1.55,conservador,-1.6,13.35,3.97,comprar,executado,
INV-00924,2025-10-12,PETR4,mineracao,189.33,22320,5.04,11.87,1.39,4.01,agressivo,8.67,-8.95,2.06,venda,procesado,
INV-00925,2025-07-08,MGLU3,mineracao,160.86,261355,21.71,13.7,0.4,4.13,moderado,6.57,7.21,4.64,compra,executado,
INV-00926,05-02-2025,ITUB4,banco,"80,32",303014,34.8,7.39,1.85,2.74,moderado,-1.7,-5.74,1.3,compra,pendente,
INV-00927,2025-04-07,ABEV3,varejo,165.95,191061,30.72,9.2,2.3,0.62,conservador,-7.21,-4.35,2.12,venda,pendente,
INV-00928,2025-01-02,PETR4,varejo,"161,2",214483,16.97,22.56,1.99,4.29,conservador,12.42,4.29,4.27,venda,procesado,
INV-00929,2025-09-25,MGLU3,mineracao,141.01,495399,21.71,29.34,3.75,4.24,agressivo,-12.67,-7.86,1.07,venda,procesado,
INV-00930,2025-05-19,ABEV3,mineracao,41.97,254512,17.92,14.04,6.93,0.76,agressivo,12.97,-3.88,3.33,compra,pendente,
INV-00931,27/04/2025,BBDC4,banco,47.2,139437,35.92,16.35,7.87,1.19,conservador,-18.48,7.51,4.04,compra,cancelado,
INV-00932,2025-06-05,BBDC4,industria,16.21,49823,23.85,11.54,2.41,3.7,agressivo,-18.04,7.6,4.31,compra,executado,
INV-00933,2025-01-26,ITUB4,banco,"164,99",392518,24.17,12.77,1.88,1.48,conservador,-8.45,14.28,1.25,venda,cancelado,
INV-00934,2025-07-15,ITUB4,varejo,127.93,119774,35.19,23.24,8.62,4.85,moderado,5.48,-8.06,2.56,venda,procesado,
INV-00935,04-28-2025,ITUB4,industria,164.04,62180,14.97,14.84,5.92,2.62,conservador,0.03,-4.81,1.81,venda,pendente,
INV-00936,2025-03-28,WEGE3,banco,41.33,310924,24.35,6.02,6.97,1.16,agressivo,-2.46,4.62,4.69,venda,pendente,
INV-00937,03-31-2025,VALE3,energia,170.07,484316,27.41,10.77,8.47,0.71,conservador,2.85,-7.58,0.9,vend,pendente,
INV-00938,2025-03-07,PETR4,industria,22.76,49201,9.22,7.03,9.43,4.29,conservador,0.65,-7.32,3.51,compra,pendente,
INV-00939,2025-04-01,BBDC4,mineracao,"93,92",403978,24.66,28.17,4.91,3.93,moderado,22.93,-4.3,0.48,vend,executado,
INV-00940,2025-04-22,WEGE3,energia,"101,55",464000,32.2,22.36,9.88,0.73,conservador,13.88,3.19,4.91,venda,executado,
INV-00941,2025-05-17,BBDC4,banco,179.95,389989,28.1,15.33,3.14,3.07,moderado,24.64,-5.8,4.75,manter,pendente,
INV-00942,2025-04-22,MGLU3,industria,175.43,136652,39.48,5.59,2.79,4.09,moderado,-11.57,0.01,2.15,manter,cancelado,
INV-00943,data_invalida,ABEV3,energia,130.29,467842,7.14,13.87,3.97,1.67,moderado,-5.85,1.91,4.28,manter,cancelado,
INV-00944,2025-10-06,ITUB4,industria,187.06,435289,12.91,19.5,9.54,4.83,conservador,-18.15,3.36,4.01,venda,procesado,
INV-00945,2025-03-05,WEGE3,mineracao,"112,79",91119,10.28,10.83,5.63,2.95,conservador,20.26,3.03,2.04,venda,cancelado,
INV-00946,2025-05-18,VALE3,varejo,56.83,112276,8.36,8.99,6.83,4.08,moderado,17.36,-1.38,2.1,manter,cancelado,
INV-00947,03-21-2025,ABEV3,energia,84.56,440608,28.41,26.03,9.95,1.45,moderado,-7.6,9.42,3.16,vend,cancelado,
INV-00948,2025-06-05,BBDC4,energia,131.09,446348,32.26,16.83,1.52,2.33,conservador,-3.02,-7.84,3.32,manter,executado,
INV-00949,2025-04-17,VALE3,banco,159.27,426568,29.93,12.16,3.23,1.5,conservador,-17.78,-3.98,1.22,comprar,executado,
INV-00950,2025-01-14,PETR4,mineracao,149.11,406239,19.62,8.14,1.56,4.6,moderado,7.82,-8.9,0.76,vend,executado,
INV-00951,2025-01-03,PETR4,energia,"106,56",65228,36.6,19.35,8.93,3.07,moderado,18.6,-3.69,4.49,comprar,executado,
INV-00952,2025-03-04,MGLU3,varejo,169.45,379481,34.95,8.68,5.78,1.07,moderado,0.52,7.31,4.31,vend,procesado,
INV-00953,2025-07-08,VALE3,industria,41.25,42739,16.36,17.86,3.7,4.82,conservador,-5.19,5.41,4.74,manter,pendente,
INV-00954,2025-05-01,VALE3,banco,"43,09",444594,11.99,10.02,1.31,2.52,conservador,-6.4,4.44,4.5,vend,procesado,
INV-00955,2025-09-13,BBDC4,banco,"193,13",377201,27.93,25.84,3.49,3.08,agressivo,6.44,13.4,3.68,vend,cancelado,
INV-00956,05/08/2025,VALE3,varejo,"137,88",148280,19.83,6.16,2.59,3.39,moderado,-16.49,10.36,1.79,vend,executado,
INV-00957,2025-05-19,MGLU3,energia,106.67,200455,10.02,10.67,8.76,0.95,moderado,23.73,11.75,4.81,venda,procesado,
INV-00958,2025-05-04,ITUB4,energia,47.11,176616,19.46,24.22,2.69,4.48,moderado,-11.37,14.82,2.19,compra,procesado,
INV-00959,23/05/2025,ITUB4,mineracao,"97,3",269751,25.78,10.71,1.76,4.52,agressivo,-17.5,1.83,3.98,manter,pendente,
INV-00960,2025-04-19,PETR4,mineracao,"107,02",451499,32.79,27.6,1.15,1.37,conservador,-15.42,5.77,2.36,comprar,procesado,
INV-00961,2025-02-11,PETR4,energia,12.23,426758,25.3,7.37,4.66,2.5,moderado,-3.57,4.74,2.52,compra,cancelado,
INV-00962,2025-09-07,VALE3,energia,16.96,316006,15.16,9.88,8.24,1.43,conservador,-2.71,9.7,2.64,vend,cancelado,
INV-00963,2025-04-09,BBDC4,varejo,66.94,90585,5.11,17.98,9.88,4.6,conservador,18.77,5.69,1.58,manter,procesado,
INV-00964,2025-08-28,ITUB4,industria,61.68,224515,21.75,18.99,3.92,3.36,moderado,7.02,6.8,3.78,vend,pendente,
INV-00965,2025-07-24,ITUB4,mineracao,157.56,88155,23.72,19.8,4.64,3.96,moderado,-15.92,2.79,1.36,venda,cancelado,
INV-00966,2025-01-27,BBDC4,energia,162.74,132570,16.1,16.26,6.08,0.51,conservador,-1.24,-4.34,3.96,vend,executado,
INV-00967,12/04/2025,BBDC4,industria,130.55,381935,6.16,22.45,5.26,3.51,conservador,6.86,-8.77,0.83,compra,cancelado,
INV-00968,2025-01-17,PETR4,mineracao,27.44,393985,35.16,24.41,3.87,2.35,conservador,-10.45,-1.16,2.61,comprar,cancelado,
INV-00969,2025-01-17,PETR4,banco,27.81,133907,30.22,15.0,1.72,2.14,conservador,5.45,-1.31,0.33,venda,procesado,
INV-00970,2025-05-20,ABEV3,industria,"142,25",182725,37.92,23.84,3.01,1.34,conservador,-0.16,2.44,2.57,manter,cancelado,
INV-00971,09-02-2025,WEGE3,mineracao,174.86,122535,36.13,13.4,6.93,2.5,conservador,-7.35,-0.22,0.13,venda,procesado,
INV-00972,2025-05-10,MGLU3,banco,90.5,58477,17.96,7.29,5.7,3.1,moderado,8.88,-5.96,1.62,manter,pendente,
INV-00973,2025-08-25,PETR4,industria,136.97,75785,5.69,6.71,3.8,3.86,moderado,3.12,-3.33,0.16,comprar,cancelado,
INV-00974,02/08/2025,BBDC4,industria,180.72,349232,20.99,9.92,5.64,3.45,conservador,19.53,-1.61,3.07,manter,cancelado,
INV-00975,2025-04-25,ITUB4,banco,20.6,446646,32.63,20.14,2.42,3.85,conservador,-13.25,-6.07,2.79,vend,executado,
INV-00976,2025-08-07,PETR4,energia,104.75,403915,21.0,12.52,0.8,2.46,moderado,12.77,3.47,3.45,comprar,executado,
INV-00977,05-03-2025,WEGE3,energia,183.6,203306,27.18,8.73,1.88,2.94,moderado,-14.86,-9.78,0.15,compra,pendente,
INV-00978,2025-02-19,WEGE3,mineracao,109.88,170308,35.52,8.02,0.03,3.88,conservador,-3.99,14.2,2.96,manter,cancelado,
INV-00979,data_invalida,ABEV3,industria,"87,56",123188,13.18,28.93,0.56,2.27,conservador,17.13,-7.41,4.5,comprar,procesado,
INV-00980,04/04/2025,BBDC4,energia,191.61,365868,32.42,17.75,0.9,0.67,conservador,-2.7,4.99,0.54,comprar,executado,
INV-00981,05/08/2025,PETR4,varejo,73.83,27201,12.38,25.32,0.27,4.89,agressivo,17.83,12.68,1.26,manter,cancelado,
INV-00982,2025-08-02,MGLU3,varejo,65.73,69489,28.83,20.36,1.16,4.87,conservador,-9.69,11.49,0.05,manter,pendente,
INV-00983,2025-09-20,WEGE3,industria,127.16,167003,22.71,19.86,6.0,2.28,agressivo,19.83,-5.89,3.87,vend,cancelado,
INV-00984,2025-01-14,ITUB4,mineracao,125.2,431711,18.41,28.13,2.79,2.99,conservador,-7.16,8.1,1.08,manter,procesado,
INV-00985,2025-05-02,PETR4,energia,152.56,402942,14.61,27.03,0.43,3.21,conservador,-2.93,8.05,3.82,venda,procesado,
INV-00986,2025-08-15,ABEV3,industria,113.19,104532,21.11,11.53,0.45,4.05,moderado,-11.39,5.68,1.95,compra,pendente,
INV-00987,2025-04-21,PETR4,industria,26.21,260878,21.74,6.12,4.45,3.25,agressivo,-13.42,4.18,1.24,venda,executado,
INV-00988,2025-09-20,BBDC4,energia,"60,91",105120,25.23,8.27,2.54,0.54,moderado,18.35,-2.58,4.5,comprar,cancelado,
INV-00989,2025-03-11,BBDC4,varejo,194.52,33600,34.75,14.04,2.71,4.24,conservador,23.95,-5.72,2.76,vend,pendente,
INV-00990,05-29-2025,VALE3,energia,196.33,132892,20.06,7.8,9.0,3.86,conservador,-9.25,8.11,0.44,manter,pendente,
INV-00991,2025-02-01,MGLU3,energia,147.38,338590,35.73,11.74,4.05,2.05,moderado,-9.02,13.51,0.78,manter,procesado,
INV-00992,2025-03-25,BBDC4,varejo,126.64,155494,30.19,18.24,7.08,2.47,agressivo,-1.76,9.03,4.65,comprar,procesado,
INV-00993,2025-08-08,WEGE3,mineracao,102.7,60960,16.34,17.11,3.56,4.28,moderado,20.24,-2.27,1.29,vend,procesado,
INV-00994,2025-06-27,MGLU3,banco,166.57,185909,36.64,29.82,5.61,2.85,conservador,-9.94,4.59,2.55,comprar,pendente,
INV-00995,2025-08-04,PETR4,mineracao,55.15,391808,34.16,6.3,9.27,3.13,conservador,11.56,12.46,4.8,comprar,pendente,
INV-00996,2025-07-14,MGLU3,mineracao,157.87,146169,27.08,17.59,2.63,0.8,moderado,2.59,-2.12,0.59,vend,cancelado,
INV-00997,03/08/2025,ABEV3,varejo,60.58,322665,38.28,21.42,3.9,1.07,conservador,2.39,-6.43,2.53,compra,executado,
INV-00998,2025-04-25,ITUB4,energia,68.05,338509,9.01,28.45,3.0,1.31,moderado,17.99,-5.66,4.18,venda,cancelado,
INV-00999,2025-06-29,WEGE3,mineracao,82.39,432867,37.5,21.9,7.9,0.99,moderado,20.02,11.35,4.81,compra,cancelado,
INV-00000,2025-05-16,WEGE3,varejo,61.36,350930,8.01,21.3,9.72,4.38,conservador,5.45,1.82,4.65,comprar,pendente,
INV-00001,2025-02-03,ITUB4,industria,159.65,373481,9.5,22.76,0.03,4.78,conservador,-19.85,-5.49,4.67,comprar,procesado,
INV-00002,2025-10-05,ITUB4,varejo,106.95,236098,14.64,28.56,6.47,4.27,conservador,3.47,-5.67,4.12,manter,cancelado,
INV-00003,2025-02-25,ABEV3,mineracao,"136,67",443428,14.37,23.7,9.11,3.0,agressivo,-10.64,-7.37,2.29,comprar,cancelado,
INV-00004,2025-08-29,ABEV3,mineracao,"40,56",150359,7.36,11.98,2.93,4.98,agressivo,2.26,-6.01,1.95,compra,procesado,
INV-00005,2025-05-31,BBDC4,energia,55.47,75098,11.04,6.79,3.49,2.95,conservador,3.45,-1.1,0.76,compra,procesado,
INV-00006,01-16-2025,ITUB4,banco,177.51,261387,7.37,9.56,6.05,4.19,conservador,-1.07,-2.49,3.26,compra,pendente,
INV-00007,2025-03-11,PETR4,energia,59.2,443434,8.36,20.01,4.48,3.75,moderado,-18.14,-2.97,0.73,vend,cancelado,
INV-00008,2025-03-01,VALE3,energia,195.8,101527,14.1,28.47,8.48,2.24,agressivo,14.07,2.41,4.39,comprar,executado,
INV-00009,2025-06-16,PETR4,varejo,57.52,165575,5.95,23.69,0.92,2.01,conservador,24.94,7.54,0.22,comprar,cancelado,
INV-00010,2025-03-30,BBDC4,banco,146.08,152513,16.42,28.42,1.02,3.45,conservador,-11.99,12.16,3.37,vend,pendente,
INV-00011,2025-08-13,WEGE3,industria,132.46,9413,36.82,22.52,9.88,4.05,conservador,3.99,-2.63,1.34,compra,procesado,
INV-00012,2025-08-15,VALE3,energia,32.52,117065,13.91,29.2,2.8,1.77,conservador,3.68,-9.89,0.4,vend,executado,
INV-00013,2025-09-23,ABEV3,industria,86.21,279130,33.33,10.86,8.49,3.2,conservador,-18.91,-6.01,1.88,venda,executado,
INV-00014,2025-04-14,WEGE3,banco,24.41,451143,34.92,16.97,7.18,0.65,conservador,12.65,13.52,3.14,vend,procesado,
INV-00015,2025-09-26,PETR4,banco,149.14,184627,38.01,13.12,6.88,2.97,conservador,18.22,-3.24,0.18,compra,cancelado,
INV-00016,12/03/2025,PETR4,mineracao,20.1,188161,29.66,27.55,8.1,1.73,moderado,9.37,12.96,0.05,venda,procesado,
INV-00017,2025-02-24,ABEV3,mineracao,"189,43",247367,24.68,16.37,9.26,4.01,conservador,5.25,13.84,3.33,manter,executado,
INV-00018,2025-05-03,VALE3,mineracao,47.77,347731,35.26,17.32,1.18,3.07,moderado,1.54,3.6,3.59,manter,pendente,
INV-00019,2025-04-29,BBDC4,varejo,88.6,276304,26.32,26.51,4.12,2.75,moderado,12.37,-1.24,2.13,venda,procesado,
