registro_id,data_pedido,cidade,uf,sku,categoria_peca,curva_abc,estoque_atual,demanda_mensal,lead_time_dias,custo_aquisicao,preco_venda,imposto_pct,custo_frete,tempo_entrega_dias,status_entrega,avaria,devolucao,margem_lucro,observacao
AUTO-00000,2025-10-28,uberaba,MG,SKU5936,eixo,A,45,139,12,"738,33",1763.45,12.33,102.06,4,atrasado,nao,nao,58.13,
AUTO-00001,data_invalida,São Paulo,SP,SKU4474,eixo,C,99,39,11,"497,53",711.2,24.99,56.04,9,procesado,sim,sim,30.04,
AUTO-00002,2025-05-15,Campinas,SP,SKU1691,rolamnto,A,75,90,1,576.74,1275.13,9.33,10.58,9,,nao,nao,54.77,
AUTO-00003,2025-03-24,são paulo,SP,SKU5607,correia,C,43,46,11,763.3,1241.88,9.35,96.68,14,,nao,sim,38.54,
AUTO-00004,2025-06-23,Uberlândia,MG,SKU6717,correiaa,A,95,105,12,570.32,1149.78,18.82,48.5,6,,sim,sim,50.4,
AUTO-00005,2025-04-16,Campinas,SP,SKU7890,rolamento,C,90,119,4,726.49,1627.75,18.63,148.84,2,,sim,sim,55.37,
AUTO-00006,04/03/2025,Campinas,SP,SKU3637,correia,C,32,30,10,647.85,854.71,17.57,17.79,7,entregue,nao,nao,24.2,
AUTO-00007,2025-10-09,Uberlândia,MG,SKU9325,correia,C,101,46,17,401.05,589.51,24.08,38.93,5,atrasado,sim,sim,31.97,
AUTO-00008,2025-05-25,Campinas,SP,SKU8821,correiaa,C,91,67,5,116.75,180.79,19.61,46.02,5,procesado,sim,nao,35.42,
AUTO-00009,10-16-2025,Campinas,SP,SKU2145,correiaa,C,72,126,11,603.19,713.87,9.37,128.33,11,atrasado,nao,nao,15.5,
AUTO-00010,2025-08-18,são paulo,SP,SKU3969,correiaa,A,10000,21,3,307.07,478.93,20.57,143.62,7,,sim,nao,35.88,OUTLIER estoque
AUTO-00011,2025-04-22,Uberlândia,MG,SKU5763,rolamnto,C,99,49,5,122.98,211.21,13.61,175.71,6,atrasado,nao,sim,41.77,
AUTO-00012,2025-06-14,Uberlândia,MG,SKU1772,outros,B,39,107,12,"457,98",811.62,24.49,30.11,1,procesado,sim,sim,43.57,
AUTO-00013,2025-02-22,São Paulo,sp,SKU2297,correiaa,B,80,68,10,279.9,378.0,23.76,142.91,3,,sim,nao,25.95,
AUTO-00014,2025-08-20,São Paulo,SP,SKU9923,engrenagem,B,93,129,3,708.91,1470.73,8.18,140.72,8,entregue,nao,sim,51.8,
AUTO-00015,data_invalida,Campinas,SP,SKU7133,rolamnto,A,0,12,10,543.93,1115.96,11.4,140.01,6,procesado,sim,sim,51.26,
AUTO-00016,2025-01-29,Uberaba,MG,SKU4739,correiaa,B,53,76,15,365.81,742.62,23.77,46.64,12,,sim,sim,50.74,
AUTO-00017,2025-03-20,Campinas,SP,SKU1581,rolamnto,B,170,136,14,"464,3",702.24,8.57,50.63,6,,sim,sim,33.88,
AUTO-00018,04-11-2025,Uberlândia,MG,SKU5233,eixo,C,38,7,8,130.74,216.36,11.34,64.3,7,procesado,sim,sim,39.57,
AUTO-00019,data_invalida,Campinas,SP,SKU8601,correiaa,A,137,13,9,148.17,171.22,15.5,38.5,9,atrasado,nao,sim,13.46,
AUTO-00020,2025-04-07,São Paulo,SP,SKU3231,rolamento,C,137,121,10,658.45,1395.73,19.48,50.94,4,atrasado,sim,sim,52.82,
AUTO-00021,2025-07-31,Uberaba,MG,SKU8024,rolamnto,C,25,15,15,301.69,618.87,10.53,188.03,1,atrasado,sim,sim,51.25,
AUTO-00022,2025-09-24,Uberaba,MG,SKU7085,correia,C,40,136,6,203.44,504.76,6.18,117.01,8,atrasado,nao,nao,59.7,
AUTO-00023,2025-03-19,Campinas,SP,SKU9477,rolamnto,B,15,48,11,593.35,1073.74,20.91,62.51,7,atrasado,nao,sim,44.74,
AUTO-00024,2025-06-13,São Paulo,SP,SKU3050,rolamnto,B,8,52,16,129.2,254.74,8.97,107.6,4,entregue,sim,sim,49.28,
AUTO-00025,2025-02-12,Uberlândia,mg,SKU1381,rolamnto,B,42,0,16,460.21,899.96,19.75,199.81,11,entregue,sim,nao,48.86,OUTLIER sem demanda
AUTO-00026,2025-07-10,Uberlândia,MG,SKU3903,rolamnto,B,7,14,11,689.12,1677.11,7.3,34.73,6,procesado,sim,sim,58.91,
AUTO-00027,2025-03-22,São Paulo,SP,SKU1932,rolamento,B,63,65,8,438.05,736.56,16.44,32.76,8,atrasado,nao,nao,40.53,
AUTO-00028,2025-05-07,Uberaba,MG,SKU8101,eixo,B,65,90,1,313.78,502.23,24.09,111.06,8,procesado,sim,sim,37.52,
AUTO-00029,2025-09-21,Uberlândia,MG,SKU5551,engrenagem,C,46,71,7,"729,29",1622.81,10.41,66.93,11,atrasado,sim,nao,55.06,
AUTO-00030,2025-08-16,Campinas,SP,SKU9375,rolamnto,A,22,112,15,644.91,1305.14,18.92,129.35,7,atrasado,sim,nao,50.59,
AUTO-00031,data_invalida,Campinas,SP,SKU3344,engrenagem,C,12,45,12,"524,72",788.35,20.43,175.87,10,,nao,sim,33.44,
AUTO-00032,2025-07-20,campinas,sp,SKU8419,rolamnto,C,55,3,13,367.03,543.09,11.29,129.76,5,,sim,sim,32.42,
AUTO-00033,2025-10-20,Uberlândia,MG,SKU1024,engrenagem,C,35,35,11,639.89,1258.12,20.68,184.16,9,entregue,sim,sim,49.14,
AUTO-00034,2025-03-02,Uberlândia,MG,SKU8381,correia,A,137,88,16,122.67,288.32,18.76,122.5,7,atrasado,sim,sim,57.45,
AUTO-00035,2025-06-24,São Paulo,SP,SKU6295,rolamento,B,38,96,4,609.22,1410.3,18.02,49.35,10,procesado,nao,nao,56.8,
AUTO-00036,22/08/2025,Campinas,SP,SKU7305,engrenagem,C,139,105,17,367.63,772.61,20.33,33.13,8,,sim,nao,52.42,
AUTO-00037,2025-04-25,Uberlândia,MG,SKU7758,engrenagem,A,21,58,7,722.86,815.14,17.66,196.81,12,procesado,sim,nao,11.32,
AUTO-00038,2025-06-07,Campinas,SP,SKU3626,eixo,C,4,43,13,611.33,1107.93,13.0,106.98,7,entregue,sim,sim,44.82,
AUTO-00039,2025-08-20,Campinas,SP,SKU2309,correiaa,B,71,129,19,488.5,582.71,19.74,33.24,2,atrasado,nao,nao,16.17,
AUTO-00040,2025-02-27,Uberlândia,MG,SKU3756,eixo,B,30,48,21,-50,662.81,14.9,67.21,1,procesado,sim,sim,30.63,VALOR INVALIDO
AUTO-00041,05-03-2025,Uberaba,mg,SKU1186,rolamnto,C,0,53,11,462.46,815.72,6.18,87.38,6,,nao,nao,43.31,
AUTO-00042,2025-10-25,Campinas,SP,SKU5068,rolamnto,B,241,162,14,457.96,688.24,7.05,138.7,1,,nao,nao,33.46,
AUTO-00043,10-14-2025,São Paulo,SP,SKU1177,eixo,C,106,48,15,324.36,772.67,5.51,157.45,4,,nao,nao,58.02,
AUTO-00044,2025-03-25,Uberlândia,MG,SKU1461,correiaa,C,86,15,7,486.03,801.33,20.67,186.14,7,entregue,nao,sim,39.35,
AUTO-00045,09/08/2025,São Paulo,SP,SKU1013,rolamnto,A,23,41,10,622.47,749.93,12.49,183.27,7,atrasado,nao,sim,17.0,
AUTO-00046,2025-07-03,Uberlândia,MG,SKU3244,correiaa,C,40,95,8,671.22,1029.56,15.72,175.68,5,procesado,sim,sim,34.81,
AUTO-00047,05-17-2025,Campinas,SP,SKU7235,rolamnto,C,145,117,13,58.96,103.76,18.52,98.47,7,atrasado,nao,sim,43.18,
AUTO-00048,2025-09-28,uberlândia,MG,SKU4725,correiaa,B,18,77,9,"376,13",925.2,9.56,181.46,3,entregue,sim,nao,59.35,
AUTO-00049,data_invalida,São Paulo,SP,SKU7407,eixo,C,63,63,8,690.01,1078.11,23.14,126.14,6,procesado,sim,nao,36.0,
AUTO-00050,2025-10-20,Uberaba,MG,SKU8895,correiaa,C,110,123,11,725.69,829.75,15.34,199.29,4,atrasado,sim,sim,12.54,
AUTO-00051,2025-09-27,são paulo,SP,SKU9063,rolamnto,B,79,61,11,579.9,658.43,5.21,91.95,3,,nao,sim,11.93,
AUTO-00052,2025-04-05,uberlândia,MG,SKU7456,rolamnto,C,51,43,4,424.16,918.84,12.05,63.34,11,entregue,sim,sim,53.84,
AUTO-00053,2025-02-23,campinas,SP,SKU8019,correiaa,B,90,132,1,"473,93",1174.93,21.47,164.44,4,entregue,nao,nao,59.66,
AUTO-00054,2025-08-27,São Paulo,sp,SKU2315,engrenagem,C,16,47,17,299.76,549.28,23.42,47.16,6,atrasado,nao,nao,45.43,
AUTO-00055,2025-04-19,campinas,SP,SKU1343,outros,B,71,61,7,"78,07",118.77,19.96,179.86,90,atrasado,sim,sim,34.27,OUTLIER atraso
AUTO-00056,2025-09-04,Uberaba,MG,SKU5369,rolamento,B,15,118,4,156.92,188.09,14.55,66.78,5,,nao,sim,16.57,
AUTO-00057,2025-10-26,Campinas,SP,SKU8972,rolamnto,C,84,86,7,318.74,419.29,5.77,141.0,5,entregue,sim,sim,23.98,
AUTO-00058,2025-06-03,Campinas,SP,SKU8501,correia,C,87,109,10,68.77,142.96,7.56,168.05,6,atrasado,nao,sim,51.9,
AUTO-00059,2025-04-04,Uberlândia,MG,SKU5749,rolamento,C,79,48,13,"698,19",871.92,11.13,51.34,3,entregue,nao,sim,19.92,
AUTO-00060,2025-04-28,Uberlândia,MG,SKU6551,correiaa,B,91,72,6,725.16,1459.36,21.69,23.16,11,entregue,sim,nao,50.31,
AUTO-00061,2025-01-16,Campinas,sp,SKU1193,rolamnto,C,47,97,15,614.64,1316.11,10.32,164.72,11,atrasado,sim,sim,53.3,
AUTO-00062,2025-03-30,São Paulo,SP,SKU1361,outros,A,77,128,1,"362,62",711.41,15.78,147.04,1,atrasado,nao,nao,49.03,
AUTO-00063,09/10/2025,Uberaba,MG,SKU1644,engrenagem,A,83,90,10,44.62,67.49,11.3,103.47,12,procesado,sim,sim,33.89,
AUTO-00064,2025-02-14,Uberlândia,MG,SKU5022,correiaa,A,49,61,11,147.74,346.09,18.2,150.74,7,atrasado,nao,sim,57.31,
AUTO-00065,2025-09-04,São Paulo,SP,SKU5709,rolamnto,B,74,61,12,262.46,568.24,5.97,128.42,6,,nao,nao,53.81,
AUTO-00066,2025-01-01,Uberlândia,MG,SKU1497,correiaa,C,76,135,17,532.54,832.92,8.18,125.82,7,entregue,sim,sim,36.06,
AUTO-00067,data_invalida,Campinas,SP,SKU4773,rolamnto,C,7,110,3,"380,79",439.37,18.24,99.94,1,entregue,sim,nao,13.33,
AUTO-00068,2025-08-20,campinas,SP,SKU1521,outros,B,21,36,6,194.31,455.6,21.01,77.75,15,procesado,nao,sim,57.35,
AUTO-00069,08-26-2025,Campinas,SP,SKU3366,rolamento,C,0,71,11,290.74,711.57,13.63,166.12,6,,nao,nao,59.14,
AUTO-00070,2025-10-08,São Paulo,SP,SKU6208,rolamnto,B,64,59,19,704.82,1558.2,5.7,133.58,5,,nao,sim,200,OUTLIER margem
AUTO-00071,data_invalida,São Paulo,SP,SKU1916,correiaa,A,77,95,9,360.75,762.15,22.19,119.19,15,atrasado,nao,sim,52.67,
AUTO-00072,2025-01-25,uberlândia,MG,SKU8320,rolamnto,A,13,34,9,325.43,774.63,9.14,118.71,10,procesado,nao,sim,57.99,
AUTO-00073,2025-05-27,Campinas,SP,SKU8074,rolamento,B,37,1,8,224.57,438.76,17.83,92.38,8,,sim,nao,48.82,
AUTO-00074,2025-01-22,Uberaba,MG,SKU8675,rolamnto,A,49,80,8,570.3,1179.7,7.96,115.18,11,,sim,nao,51.66,
AUTO-00075,2025-01-24,Campinas,SP,SKU8181,correiaa,B,9,106,7,"291,61",693.63,23.91,135.97,9,entregue,sim,nao,57.96,
AUTO-00076,2025-03-25,São Paulo,SP,SKU8487,correia,B,94,23,10,639.75,1448.33,21.78,104.53,2,procesado,sim,nao,55.83,
AUTO-00077,2025-05-29,Uberlândia,MG,SKU3780,rolamnto,C,52,116,13,"288,68",529.64,12.48,69.62,2,atrasado,sim,nao,45.5,
AUTO-00078,2025-05-19,Uberaba,MG,SKU9101,rolamnto,C,42,34,10,678.85,1384.94,15.43,181.08,12,procesado,sim,nao,50.98,
AUTO-00079,2025-10-26,São Paulo,SP,SKU4874,correia,C,136,82,15,429.25,1062.83,15.08,63.13,11,,nao,nao,59.61,
AUTO-00080,2025-06-19,Uberlândia,MG,SKU6760,correiaa,B,0,46,13,328.51,382.02,19.08,93.39,10,atrasado,sim,nao,14.01,
AUTO-00081,2025-04-07,uberlândia,MG,SKU7770,engrenagem,C,5,65,1,665.55,1056.7,20.09,71.85,1,,nao,sim,37.02,
AUTO-00082,2025-09-13,São Paulo,SP,SKU6526,correiaa,B,105,84,6,"723,2",949.34,11.74,181.42,9,atrasado,nao,nao,23.82,
AUTO-00083,2025-04-24,uberaba,MG,SKU7161,correiaa,C,98,102,13,51.46,125.34,11.51,197.52,8,entregue,sim,sim,58.94,
AUTO-00084,2025-08-23,Uberlândia,MG,SKU6531,rolamnto,B,0,55,15,694.66,1254.55,8.43,111.34,2,atrasado,nao,nao,44.63,
AUTO-00085,2025-09-14,Campinas,SP,SKU9114,engrenagem,C,109,101,13,"232,93",411.83,7.79,188.49,6,entregue,nao,nao,43.44,
AUTO-00086,data_invalida,Uberaba,MG,SKU9434,rolamnto,A,57,126,4,319.87,687.61,9.97,82.9,3,entregue,sim,sim,53.48,
AUTO-00087,24/06/2025,Campinas,SP,SKU2563,correia,C,112,72,13,346.15,628.74,24.42,15.62,4,atrasado,nao,sim,44.95,
AUTO-00088,2025-09-13,Campinas,sp,SKU3659,correiaa,C,105,100,14,149.63,166.85,9.8,160.06,3,procesado,sim,nao,10.32,
AUTO-00089,2025-01-27,Uberlândia,MG,SKU3446,correia,A,144,56,9,281.78,629.73,6.63,149.58,3,,nao,sim,55.25,
AUTO-00090,21/01/2025,Uberaba,MG,SKU3410,rolamnto,B,108,37,11,"365,49",807.36,22.97,26.35,6,procesado,nao,sim,54.73,
AUTO-00091,2025-01-16,Uberlândia,MG,SKU8455,correiaa,C,0,39,11,597.14,1429.75,15.92,72.62,3,,nao,sim,58.23,
AUTO-00092,2025-03-27,Uberlândia,mg,SKU3176,engrenagem,C,11,0,17,"590,87",942.99,18.08,39.53,6,entregue,sim,nao,37.34,
AUTO-00093,2025-02-16,Uberaba,MG,SKU5158,rolamnto,B,127,127,8,335.88,802.45,11.65,191.29,11,procesado,sim,nao,58.14,
AUTO-00094,2025-02-05,São Paulo,SP,SKU8298,rolamento,C,88,100,8,177.53,290.84,9.54,174.03,11,procesado,nao,sim,38.96,
AUTO-00095,2025-05-15,Uberaba,MG,SKU8241,rolamnto,A,33,80,17,642.24,1272.73,7.01,109.22,1,atrasado,sim,nao,49.54,
AUTO-00096,11/09/2025,São Paulo,SP,SKU3805,correiaa,C,145,138,12,52.46,72.86,7.43,47.82,11,procesado,nao,nao,28.0,
AUTO-00097,2025-01-02,Uberaba,MG,SKU8726,correiaa,A,28,96,2,587.62,986.01,5.06,40.92,17,entregue,nao,sim,40.4,
AUTO-00098,2025-06-04,Campinas,SP,SKU6134,rolamnto,B,15,125,8,"181,38",387.39,19.85,77.54,5,atrasado,sim,sim,53.18,
AUTO-00099,2025-02-03,São Paulo,SP,SKU6240,rolamnto,C,34,74,11,733.53,1595.55,17.58,32.53,12,entregue,sim,nao,54.03,
AUTO-00100,04/07/2025,Campinas,SP,SKU7990,rolamnto,A,0,126,15,34.62,48.95,18.0,59.97,9,procesado,nao,sim,29.27,
AUTO-00101,data_invalida,Uberaba,MG,SKU9778,rolamnto,C,94,27,9,"507,31",1183.97,22.04,134.62,1,,nao,nao,57.15,
AUTO-00102,data_invalida,Uberaba,MG,SKU2709,correiaa,C,74,110,8,199.08,234.91,19.71,195.88,8,,nao,nao,15.25,
AUTO-00103,31/07/2025,São Paulo,SP,SKU2531,rolamnto,C,61,74,1,529.46,701.45,11.48,22.35,7,entregue,sim,sim,24.52,
AUTO-00104,2025-04-16,Campinas,SP,SKU5681,engrenagem,C,0,88,13,703.93,954.25,11.12,192.53,6,,nao,nao,26.23,
AUTO-00105,2025-09-20,uberaba,MG,SKU4902,rolamnto,C,32,122,18,396.98,838.4,5.67,127.4,1,procesado,sim,sim,52.65,
AUTO-00106,2025-03-18,São Paulo,SP,SKU8610,rolamento,B,166,103,14,781.06,1241.92,19.03,116.75,10,atrasado,nao,sim,37.11,
AUTO-00107,2025-06-19,São Paulo,SP,SKU6757,rolamento,A,106,0,6,"327,26",650.97,7.0,116.2,7,entregue,sim,sim,49.73,
AUTO-00108,2025-01-11,São Paulo,SP,SKU5224,correia,C,45,122,13,197.9,233.78,10.12,141.36,4,atrasado,sim,nao,15.35,
AUTO-00109,2025-07-30,São Paulo,SP,SKU7651,rolamento,A,53,58,9,318.95,642.29,14.55,182.06,8,,sim,nao,50.34,
AUTO-00110,2025-04-23,Uberaba,mg,SKU4339,correiaa,A,10,89,10,"65,1",132.5,17.53,160.58,2,procesado,nao,nao,50.87,
AUTO-00111,2025-07-24,Campinas,SP,SKU7902,rolamento,A,0,21,3,"496,31",626.72,17.41,97.74,4,entregue,nao,sim,20.81,
AUTO-00112,2025-08-05,Uberaba,MG,SKU4011,engrenagem,C,194,58,11,"485,86",958.11,14.23,112.98,3,entregue,nao,nao,49.29,
AUTO-00113,2025-09-25,São Paulo,SP,SKU1691,correia,C,34,59,10,288.59,327.92,9.68,31.02,8,atrasado,nao,sim,11.99,
AUTO-00114,2025-08-26,Uberlândia,MG,SKU8721,eixo,C,28,36,12,540.92,1246.22,23.54,168.49,9,entregue,nao,nao,56.6,
AUTO-00115,2025-04-28,campinas,SP,SKU2825,rolamnto,B,43,46,5,"525,25",707.36,17.17,95.16,7,entregue,sim,sim,25.75,
AUTO-00116,data_invalida,São Paulo,SP,SKU9313,correiaa,B,21,92,9,511.51,895.72,6.59,121.28,7,entregue,nao,nao,42.89,
AUTO-00117,2025-05-09,Uberaba,MG,SKU5446,eixo,A,0,96,10,154.71,303.94,21.83,107.81,7,entregue,nao,nao,49.1,
AUTO-00118,2025-07-25,São Paulo,SP,SKU1589,correiaa,A,52,101,10,"51,71",123.81,19.78,114.28,10,atrasado,nao,nao,58.23,
AUTO-00119,2025-05-20,Uberaba,MG,SKU8610,rolamento,B,34,68,16,457.71,924.11,5.9,91.76,5,procesado,nao,sim,50.47,
AUTO-00120,10-23-2025,Uberlândia,mg,SKU3878,correiaa,C,0,78,10,299.03,557.63,13.18,104.49,3,entregue,sim,nao,46.37,
AUTO-00121,2025-08-04,São Paulo,SP,SKU2543,rolamento,C,12,100,3,34.73,58.57,24.54,120.4,11,atrasado,nao,nao,40.7,
AUTO-00122,2025-10-08,Uberlândia,MG,SKU7076,correiaa,A,122,29,9,410.03,932.01,12.51,80.5,10,procesado,nao,sim,56.01,
AUTO-00123,2025-01-15,Campinas,SP,SKU8196,engrenagem,A,65,170,3,190.7,424.49,17.17,75.64,12,atrasado,sim,nao,55.08,
AUTO-00124,2025-07-16,Campinas,SP,SKU8500,rolamnto,C,90,70,8,"502,0",799.93,11.78,20.47,3,,nao,nao,37.24,
AUTO-00125,2025-09-15,Campinas,SP,SKU9004,outros,B,18,85,6,292.61,474.44,6.08,76.87,6,entregue,sim,nao,38.33,
AUTO-00126,2025-06-04,Uberlândia,MG,SKU1230,rolamnto,B,97,69,11,704.03,1626.53,24.07,160.03,3,entregue,nao,nao,56.72,
AUTO-00127,data_invalida,Uberlândia,MG,SKU5050,correiaa,A,135,91,10,297.34,505.0,9.18,62.03,8,,sim,nao,41.12,
AUTO-00128,2025-08-03,Uberaba,MG,SKU9611,correiaa,B,54,92,14,579.6,828.77,7.72,12.9,8,procesado,nao,sim,30.07,
AUTO-00129,2025-07-05,Uberaba,MG,SKU9859,correia,A,97,112,9,262.79,580.33,24.43,20.31,13,procesado,sim,sim,54.72,
AUTO-00130,2025-10-13,Uberaba,MG,SKU9507,correiaa,B,3,101,10,"798,81",1029.19,8.83,20.89,7,,sim,nao,22.38,
AUTO-00131,06-25-2025,Campinas,SP,SKU6293,rolamnto,B,115,146,11,347.31,410.48,10.41,165.94,14,,sim,nao,15.39,
AUTO-00132,08-07-2025,Campinas,SP,SKU6158,correiaa,A,58,98,18,"33,09",39.94,21.62,128.85,3,atrasado,sim,sim,17.15,
AUTO-00133,2025-03-30,São Paulo,SP,SKU9012,rolamnto,C,37,117,3,543.02,1324.16,21.64,169.26,10,entregue,sim,nao,58.99,
AUTO-00134,2025-07-29,São Paulo,SP,SKU5186,correiaa,C,145,105,12,518.31,926.79,13.13,190.59,11,,sim,nao,44.07,
AUTO-00135,2025-05-08,Uberaba,MG,SKU9846,correiaa,B,79,57,17,522.17,995.79,5.43,139.51,8,,nao,nao,47.56,
AUTO-00136,2025-08-22,Uberaba,MG,SKU4006,engrenagem,B,63,79,10,408.68,856.56,21.45,14.75,15,procesado,nao,sim,52.29,
AUTO-00137,21/03/2025,Campinas,SP,SKU1883,rolamnto,C,48,64,6,713.23,1189.63,16.64,89.51,8,procesado,nao,nao,40.05,
AUTO-00138,2025-10-12,Uberlândia,MG,SKU4568,correiaa,C,126,91,9,651.44,741.45,10.35,154.44,4,,nao,sim,12.14,
AUTO-00139,data_invalida,Uberlândia,MG,SKU3746,correiaa,B,109,64,6,235.38,340.86,5.22,153.16,1,procesado,nao,sim,30.95,
AUTO-00140,12/03/2025,Campinas,SP,SKU3029,correiaa,B,90,13,7,107.44,221.14,19.97,20.69,5,atrasado,sim,nao,51.42,
AUTO-00141,2025-08-06,São Paulo,SP,SKU5451,correiaa,A,119,128,3,430.86,865.5,10.75,44.98,7,entregue,sim,nao,50.22,
AUTO-00142,2025-10-28,uberlândia,mg,SKU8325,correiaa,C,56,59,14,703.87,833.16,18.24,82.1,7,procesado,nao,sim,15.52,
AUTO-00143,2025-09-02,Uberlândia,MG,SKU1315,engrenagem,A,19,109,16,638.74,1167.88,9.77,165.62,7,,sim,sim,45.31,
AUTO-00144,2025-09-03,uberlândia,MG,SKU3778,eixo,C,32,67,8,212.13,244.53,7.18,49.57,9,,sim,sim,13.25,
AUTO-00145,2025-04-14,Uberaba,MG,SKU5752,rolamento,B,37,57,8,67.71,99.02,19.0,168.38,12,procesado,sim,sim,31.62,
AUTO-00146,2025-02-10,São Paulo,SP,SKU4256,rolamnto,B,155,140,9,49.65,107.23,5.47,46.63,3,,nao,nao,53.7,
AUTO-00147,05-03-2025,Uberlândia,MG,SKU4394,correiaa,A,75,73,10,112.69,214.88,23.4,30.84,9,atrasado,sim,sim,47.56,
AUTO-00148,12/08/2025,Uberaba,MG,SKU1130,rolamento,C,4,67,15,220.43,257.89,7.17,167.25,10,entregue,sim,nao,14.53,
AUTO-00149,2025-06-21,campinas,SP,SKU4019,correiaa,B,35,31,8,597.21,858.0,16.62,46.84,6,atrasado,sim,nao,30.4,
AUTO-00150,data_invalida,Uberaba,MG,SKU2778,correiaa,C,122,60,14,221.82,387.57,12.33,157.83,12,entregue,nao,nao,42.77,
AUTO-00151,2025-01-23,Uberaba,MG,SKU1881,correiaa,C,102,97,9,60.49,148.49,23.06,48.96,9,entregue,nao,nao,59.26,
AUTO-00152,2025-03-08,Uberlândia,MG,SKU8255,rolamento,A,87,31,7,169.36,371.41,24.01,93.93,1,procesado,nao,sim,54.4,
AUTO-00153,2025-05-01,São Paulo,SP,SKU2289,rolamnto,B,61,10,12,77.77,143.38,5.99,195.57,9,procesado,sim,sim,45.76,
AUTO-00154,2025-01-01,São Paulo,SP,SKU6744,outros,A,93,107,5,647.5,1117.21,14.61,133.92,8,atrasado,nao,sim,42.04,
AUTO-00155,2025-02-02,Uberlândia,MG,SKU6346,correiaa,C,93,68,6,262.52,575.39,19.75,62.86,7,procesado,sim,nao,54.38,
AUTO-00156,2025-02-22,São Paulo,SP,SKU7468,rolamnto,C,0,57,15,174.76,393.82,20.4,31.27,12,entregue,nao,nao,55.62,
AUTO-00157,2025-10-22,Campinas,SP,SKU3083,rolamento,C,32,125,11,286.14,319.33,16.85,107.17,4,,nao,nao,10.39,
AUTO-00158,2025-08-11,Campinas,SP,SKU2796,outros,B,59,130,4,275.32,346.1,9.05,47.45,12,atrasado,sim,nao,20.45,
AUTO-00159,2025-02-12,São Paulo,SP,SKU8572,correiaa,B,25,60,12,"385,32",906.29,5.32,19.58,1,entregue,sim,nao,57.48,
AUTO-00160,2025-06-27,São Paulo,SP,SKU3197,rolamnto,C,15,79,8,342.31,636.72,5.25,130.36,11,,nao,sim,46.24,
AUTO-00161,2025-05-27,Uberlândia,MG,SKU5749,correiaa,B,37,127,6,384.14,903.76,23.59,35.21,9,,nao,sim,57.5,
AUTO-00162,2025-06-29,Uberaba,MG,SKU7488,rolamnto,A,36,180,12,355.3,392.02,12.74,149.99,5,procesado,nao,nao,9.37,
AUTO-00163,2025-07-15,Uberlândia,MG,SKU1911,correia,C,82,103,9,268.12,492.18,18.89,19.56,12,procesado,sim,nao,45.52,
AUTO-00164,2025-08-15,São Paulo,SP,SKU4017,rolamnto,B,35,114,1,"291,2",610.95,7.58,145.25,7,entregue,nao,nao,52.34,
AUTO-00165,data_invalida,Uberlândia,MG,SKU9200,rolamnto,B,0,101,8,134.42,245.15,16.8,191.64,6,entregue,sim,nao,45.17,
AUTO-00166,2025-04-18,Campinas,SP,SKU5842,rolamnto,B,115,68,3,398.18,566.22,23.24,62.69,5,procesado,nao,sim,29.68,
AUTO-00167,2025-08-19,campinas,SP,SKU5602,rolamnto,C,42,0,5,84.58,154.73,12.94,40.73,5,atrasado,nao,sim,45.34,
AUTO-00168,28/05/2025,Campinas,SP,SKU8315,rolamnto,B,72,135,7,744.82,1210.21,9.04,28.96,6,,nao,sim,38.46,
AUTO-00169,03-09-2025,Campinas,SP,SKU6185,correiaa,C,121,62,17,280.03,422.51,10.48,114.47,11,entregue,sim,sim,33.72,
AUTO-00170,2025-01-09,Uberlândia,MG,SKU4513,rolamnto,C,63,73,10,138.32,315.92,18.87,16.08,7,,sim,sim,56.22,
AUTO-00171,05-14-2025,Uberaba,MG,SKU3004,correiaa,C,99,62,1,390.86,588.94,22.86,23.09,2,,nao,sim,33.63,
AUTO-00172,2025-01-05,Uberaba,MG,SKU7376,engrenagem,C,102,74,6,486.09,1057.64,8.27,11.81,9,entregue,nao,nao,54.04,
AUTO-00173,2025-07-12,são paulo,SP,SKU7817,correiaa,A,0,63,14,578.7,1318.16,16.76,116.93,2,entregue,sim,sim,56.1,
AUTO-00174,2025-06-06,Uberlândia,MG,SKU5566,rolamnto,B,41,31,3,637.47,902.42,18.6,33.66,3,atrasado,sim,nao,29.36,
AUTO-00175,2025-04-11,São Paulo,SP,SKU2877,correiaa,B,0,58,15,279.35,652.75,5.53,16.51,3,procesado,sim,nao,57.2,
AUTO-00176,2025-06-05,Campinas,SP,SKU3074,rolamento,C,36,103,17,"527,25",1192.92,13.51,132.35,6,atrasado,nao,nao,55.8,
AUTO-00177,2025-09-07,Uberaba,MG,SKU2881,rolamnto,C,4,113,19,430.59,927.26,24.6,142.25,10,procesado,nao,sim,53.56,
AUTO-00178,06/04/2025,Uberaba,MG,SKU4874,eixo,A,23,89,7,134.0,156.33,11.01,185.86,7,procesado,nao,nao,14.28,
AUTO-00179,2025-06-08,Uberaba,MG,SKU2344,rolamnto,A,162,89,18,239.94,305.76,9.59,93.13,6,entregue,nao,sim,21.53,
AUTO-00180,2025-06-03,uberaba,MG,SKU5998,correiaa,B,34,74,7,"463,12",554.69,13.92,162.89,1,,nao,nao,16.51,
AUTO-00181,2025-02-17,Uberaba,MG,SKU1257,rolamento,B,145,164,7,38.13,59.26,7.4,140.58,2,entregue,nao,sim,35.66,
AUTO-00182,12/05/2025,Campinas,SP,SKU3602,correia,A,76,147,1,392.9,536.24,21.97,21.43,7,,nao,sim,26.73,
AUTO-00183,2025-03-23,Uberaba,MG,SKU1598,correiaa,B,121,113,8,415.65,718.96,8.9,123.75,6,procesado,sim,sim,42.19,
AUTO-00184,2025-01-03,São Paulo,sp,SKU1984,rolamento,A,16,95,1,671.51,1003.32,19.58,28.48,1,atrasado,nao,sim,33.07,
AUTO-00185,2025-07-13,Uberaba,MG,SKU5379,correiaa,B,0,71,7,649.1,1386.03,12.25,104.55,12,,sim,nao,53.17,
AUTO-00186,2025-08-21,São Paulo,SP,SKU4149,rolamnto,C,109,146,6,90.87,156.74,8.2,16.85,8,procesado,sim,nao,42.03,
AUTO-00187,2025-10-10,Uberlândia,MG,SKU3492,engrenagem,A,75,93,10,781.6,1656.64,21.05,15.25,9,procesado,sim,sim,52.82,
AUTO-00188,2025-10-09,São Paulo,SP,SKU7709,rolamento,C,19,100,11,786.96,1326.85,21.66,196.49,3,atrasado,nao,nao,40.69,
AUTO-00189,2025-08-11,Campinas,SP,SKU9759,outros,B,22,63,11,480.47,664.24,16.05,146.52,6,procesado,sim,nao,27.67,
AUTO-00190,2025-02-08,Uberaba,MG,SKU7656,correiaa,C,52,90,7,307.75,688.41,21.85,18.64,9,,sim,sim,55.3,
AUTO-00191,2025-10-16,Uberlândia,MG,SKU4982,rolamnto,A,39,61,6,549.54,843.81,14.33,74.24,7,procesado,nao,nao,34.87,
AUTO-00192,2025-04-28,Campinas,SP,SKU7563,correiaa,B,53,88,6,298.26,686.96,24.61,94.6,2,procesado,sim,nao,56.58,
AUTO-00193,2025-01-14,Campinas,SP,SKU1121,rolamnto,C,52,68,9,"463,3",689.73,24.75,182.62,12,,nao,sim,32.83,
AUTO-00194,06/04/2025,Campinas,SP,SKU3147,correiaa,C,21,0,24,758.77,1501.08,14.2,106.25,8,procesado,nao,nao,49.45,
AUTO-00195,07-07-2025,São Paulo,SP,SKU2441,rolamnto,A,145,93,14,153.69,220.15,19.97,85.14,13,,sim,sim,30.19,
AUTO-00196,2025-08-23,Uberaba,mg,SKU3973,eixo,C,36,142,12,177.52,314.23,19.53,49.35,2,procesado,nao,nao,43.51,
AUTO-00197,2025-06-13,Uberlândia,MG,SKU4763,rolamnto,A,70,103,14,424.81,707.64,10.31,120.14,8,atrasado,nao,sim,39.97,
AUTO-00198,data_invalida,uberaba,MG,SKU4041,rolamnto,C,51,72,15,714.64,1219.67,13.79,153.35,8,,sim,sim,41.41,
AUTO-00199,2025-01-29,Uberaba,MG,SKU7403,outros,B,57,99,6,618.34,931.12,13.21,122.87,4,entregue,nao,nao,33.59,
AUTO-00200,2025-02-09,Uberaba,MG,SKU8682,correiaa,C,69,37,11,563.19,706.25,22.41,122.07,12,,sim,sim,20.26,
AUTO-00201,2025-10-16,Campinas,SP,SKU1986,rolamnto,C,70,16,8,"67,89",115.9,15.89,188.55,5,,sim,nao,41.42,
AUTO-00202,05-15-2025,campinas,SP,SKU6699,rolamnto,B,30,87,9,740.49,997.93,7.16,95.17,7,,nao,nao,25.8,
AUTO-00203,2025-04-04,Campinas,sp,SKU1583,correiaa,B,52,0,9,"706,01",864.95,5.04,127.95,9,procesado,nao,nao,18.38,
AUTO-00204,data_invalida,Uberlândia,MG,SKU9986,correiaa,B,52,65,14,743.03,828.69,7.76,39.07,9,procesado,nao,nao,10.34,
AUTO-00205,2025-04-01,Uberaba,MG,SKU6180,correiaa,C,154,48,19,278.05,670.06,13.42,94.47,6,atrasado,nao,nao,58.5,
AUTO-00206,data_invalida,Uberlândia,MG,SKU1300,correiaa,C,44,35,11,188.34,402.8,6.09,31.65,1,procesado,sim,nao,53.24,
AUTO-00207,2025-04-24,Campinas,SP,SKU9206,rolamnto,B,36,84,5,512.21,1015.77,7.05,184.32,8,procesado,sim,sim,49.57,
AUTO-00208,2025-04-19,São Paulo,SP,SKU1439,correiaa,B,71,87,4,368.85,872.59,7.76,198.02,8,entregue,sim,nao,57.73,
AUTO-00209,03-03-2025,São Paulo,SP,SKU1573,rolamnto,C,32,59,14,487.03,875.01,8.3,118.58,1,procesado,nao,nao,44.34,
AUTO-00210,2025-06-18,São Paulo,SP,SKU6715,correiaa,C,23,110,9,749.55,1277.13,6.69,191.28,9,entregue,nao,sim,41.31,
AUTO-00211,2025-04-25,Campinas,SP,SKU2683,correiaa,C,109,68,1,517.54,1120.38,17.18,156.51,9,atrasado,sim,nao,53.81,
AUTO-00212,18/01/2025,Campinas,SP,SKU9900,rolamnto,B,132,65,9,"197,55",416.83,12.58,130.63,1,atrasado,sim,nao,52.61,
AUTO-00213,2025-09-23,Campinas,SP,SKU1849,correiaa,B,173,109,11,"280,32",665.7,14.44,152.49,7,atrasado,sim,sim,57.89,
AUTO-00214,2025-07-11,São Paulo,SP,SKU4132,rolamento,B,105,73,1,449.16,632.66,10.76,164.09,8,entregue,nao,sim,29.0,
AUTO-00215,2025-08-10,uberaba,MG,SKU7484,correia,C,62,73,9,519.86,1128.66,21.92,156.82,9,entregue,sim,sim,53.94,
AUTO-00216,02/10/2025,Uberaba,mg,SKU2251,eixo,C,59,50,3,"129,41",321.71,24.76,189.97,6,atrasado,sim,sim,59.77,
AUTO-00217,2025-04-30,São Paulo,SP,SKU7084,rolamento,B,52,80,10,507.49,1069.02,12.26,160.47,3,atrasado,sim,nao,52.53,
AUTO-00218,08/04/2025,Uberaba,MG,SKU6964,correiaa,C,83,32,16,172.44,388.26,20.72,168.87,1,atrasado,sim,sim,55.59,
AUTO-00219,2025-09-20,Campinas,SP,SKU8310,rolamnto,C,37,0,8,650.98,1565.16,10.53,119.65,9,atrasado,sim,sim,58.41,
AUTO-00220,2025-04-26,Uberlândia,mg,SKU8788,correia,C,37,61,16,662.34,1140.95,13.24,89.34,4,,nao,sim,41.95,
AUTO-00221,2025-08-15,Uberaba,MG,SKU8525,rolamento,C,35,122,14,"293,89",337.8,18.15,138.86,9,,sim,nao,13.0,
AUTO-00222,04/03/2025,campinas,sp,SKU9981,correia,C,71,108,7,553.67,1018.11,18.99,110.02,9,,nao,nao,45.62,
AUTO-00223,2025-01-26,São Paulo,SP,SKU4711,rolamnto,C,26,73,7,74.65,90.09,17.93,188.87,5,,sim,sim,17.14,
AUTO-00224,2025-10-04,são paulo,sp,SKU2477,correiaa,C,0,49,13,120.45,132.54,6.25,149.24,8,procesado,nao,nao,9.12,
AUTO-00225,2025-08-08,Uberlândia,mg,SKU9506,correiaa,B,21,141,9,322.75,417.59,21.25,177.52,10,entregue,nao,sim,22.71,
AUTO-00226,2025-08-06,Campinas,SP,SKU6924,correiaa,C,51,22,15,143.47,299.71,16.18,97.61,11,,nao,nao,52.13,
AUTO-00227,07-21-2025,campinas,SP,SKU6921,rolamnto,B,44,134,10,735.09,1081.18,9.55,16.34,13,procesado,nao,nao,32.01,
AUTO-00228,2025-09-10,Uberaba,MG,SKU4681,rolamento,B,42,12,1,400.66,593.49,12.0,76.51,5,entregue,sim,nao,32.49,
AUTO-00229,10-03-2025,são paulo,SP,SKU4190,engrenagem,A,123,116,12,706.94,1000.2,9.04,51.91,12,atrasado,nao,nao,29.32,
AUTO-00230,2025-05-22,Campinas,SP,SKU6783,correiaa,A,7,158,12,793.34,1466.02,14.26,178.02,10,,sim,sim,45.88,
AUTO-00231,2025-06-13,Uberlândia,MG,SKU9468,engrenagem,C,6,65,7,242.85,274.34,22.84,62.33,8,entregue,nao,nao,11.48,
AUTO-00232,06/08/2025,Uberaba,mg,SKU3723,correiaa,B,11,99,9,379.23,588.54,17.83,93.51,7,,nao,nao,35.56,
AUTO-00233,05-24-2025,São Paulo,SP,SKU5266,correia,C,39,66,6,544.43,1080.55,21.17,134.69,6,procesado,sim,nao,49.62,
AUTO-00234,2025-10-19,Campinas,sp,SKU8327,correiaa,C,66,141,8,525.9,1061.15,24.62,99.93,9,atrasado,sim,nao,50.44,
AUTO-00235,2025-06-15,São Paulo,SP,SKU5481,rolamnto,C,48,29,8,"648,7",1146.18,6.74,46.08,1,procesado,sim,sim,43.4,
AUTO-00236,2025-01-20,Uberaba,MG,SKU7069,engrenagem,B,12,92,10,"258,75",342.71,18.26,40.06,9,entregue,sim,nao,24.5,
AUTO-00237,2025-06-07,Campinas,SP,SKU9973,rolamnto,B,34,105,12,708.75,1082.41,15.4,94.94,7,atrasado,nao,nao,34.52,
AUTO-00238,2025-05-13,Uberaba,MG,SKU6181,correiaa,A,56,139,9,353.49,711.55,11.41,24.27,5,atrasado,sim,sim,50.32,
AUTO-00239,2025-09-08,São Paulo,SP,SKU3083,correiaa,C,73,75,18,60.98,126.49,15.63,22.95,8,,nao,sim,51.79,
AUTO-00240,2025-06-08,Uberlândia,MG,SKU7552,eixo,C,0,109,6,469.61,532.72,11.26,178.11,7,entregue,sim,sim,11.85,
AUTO-00241,2025-05-23,Uberaba,MG,SKU3806,correiaa,B,77,128,7,110.81,269.16,7.74,78.38,1,atrasado,sim,sim,58.83,
AUTO-00242,2025-01-27,São Paulo,SP,SKU7708,rolamnto,B,75,80,9,164.66,288.71,23.94,124.56,12,entregue,nao,nao,42.97,
AUTO-00243,2025-07-25,Campinas,SP,SKU9479,rolamnto,C,108,155,17,493.56,644.36,12.98,61.32,9,entregue,sim,nao,23.4,
AUTO-00244,2025-08-09,Campinas,sp,SKU8807,correiaa,B,8,47,6,206.58,476.91,12.61,41.15,1,entregue,sim,sim,56.68,
AUTO-00245,2025-01-24,Campinas,SP,SKU6108,rolamnto,C,143,84,20,553.2,901.81,7.64,99.4,7,entregue,sim,nao,38.66,
AUTO-00246,2025-02-02,São Paulo,SP,SKU2765,correiaa,B,55,109,17,"141,58",166.45,20.85,30.28,1,,nao,sim,14.94,
AUTO-00247,2025-02-19,Uberlândia,mg,SKU5243,rolamnto,B,14,44,1,557.98,963.97,11.4,133.89,8,atrasado,nao,nao,42.12,
AUTO-00248,2025-09-29,Uberaba,MG,SKU3943,engrenagem,C,90,66,3,738.11,897.32,8.54,194.76,11,procesado,nao,nao,17.74,
AUTO-00249,2025-06-19,São Paulo,sp,SKU8931,rolamnto,C,22,0,8,632.17,1088.71,23.93,151.58,10,,sim,nao,41.93,
AUTO-00250,2025-03-30,Uberaba,mg,SKU6177,correiaa,C,62,64,12,"659,53",1622.29,11.44,95.34,8,procesado,nao,nao,59.35,
AUTO-00251,2025-07-01,uberaba,MG,SKU7750,rolamento,A,1,84,14,118.17,157.02,19.27,117.24,12,entregue,nao,nao,24.74,
AUTO-00252,2025-08-16,Uberaba,MG,SKU8037,engrenagem,A,147,143,11,"245,04",407.39,17.83,43.86,8,,sim,sim,39.85,
AUTO-00253,data_invalida,uberaba,MG,SKU3746,correiaa,C,157,90,14,191.14,338.69,14.0,173.84,7,atrasado,nao,sim,43.56,
AUTO-00254,2025-07-03,São Paulo,SP,SKU1224,rolamnto,C,76,82,9,340.58,828.63,8.93,105.07,9,procesado,nao,nao,58.9,
AUTO-00255,2025-05-19,Uberlândia,MG,SKU1895,correiaa,C,51,59,9,768.52,1288.61,11.8,140.98,5,atrasado,sim,nao,40.36,
AUTO-00256,data_invalida,Campinas,SP,SKU6312,correiaa,B,91,100,11,703.09,1249.18,24.79,13.52,7,procesado,sim,nao,43.72,
AUTO-00257,2025-06-03,Campinas,SP,SKU5115,correiaa,A,0,88,13,"206,55",361.54,15.55,35.15,12,entregue,sim,nao,42.87,
AUTO-00258,2025-05-10,São Paulo,SP,SKU8116,engrenagem,C,81,68,9,"158,61",364.65,19.27,124.74,7,procesado,nao,nao,56.5,
AUTO-00259,2025-01-23,Campinas,SP,SKU4660,rolamnto,A,2,131,6,"337,92",749.17,14.53,136.74,8,entregue,sim,nao,54.89,
AUTO-00260,09-10-2025,Campinas,SP,SKU9877,rolamento,B,164,52,10,"224,31",289.89,12.88,58.48,11,procesado,nao,nao,22.62,
AUTO-00261,2025-03-03,Campinas,SP,SKU4823,correiaa,A,70,141,2,169.47,376.15,17.61,81.24,3,,nao,nao,54.95,
AUTO-00262,06-11-2025,Campinas,SP,SKU3635,rolamnto,C,133,45,12,230.21,337.18,11.61,112.24,7,atrasado,nao,nao,31.72,
AUTO-00263,2025-03-01,Uberaba,mg,SKU4484,engrenagem,B,0,70,9,542.73,1342.34,16.65,124.02,17,atrasado,sim,nao,59.57,
AUTO-00264,2025-10-20,Campinas,SP,SKU3011,rolamento,A,106,61,19,191.92,229.58,24.81,69.6,4,,sim,nao,16.4,
AUTO-00265,data_invalida,Campinas,sp,SKU8112,rolamnto,B,3,62,14,67.93,103.08,20.49,26.29,7,atrasado,nao,sim,34.1,
AUTO-00266,2025-02-19,Uberlândia,MG,SKU6665,rolamnto,B,105,80,9,82.94,112.08,21.04,155.26,11,procesado,nao,nao,26.0,
AUTO-00267,11/07/2025,São Paulo,SP,SKU3094,rolamnto,B,49,59,8,649.42,1603.22,20.26,59.64,5,,sim,sim,59.49,
AUTO-00268,2025-09-16,Uberaba,MG,SKU9384,rolamento,C,130,72,6,"626,27",912.13,6.4,48.03,3,,nao,sim,31.34,
AUTO-00269,02-19-2025,São Paulo,SP,SKU9030,engrenagem,C,3,71,8,222.89,548.23,17.7,157.19,4,atrasado,nao,nao,59.34,
AUTO-00270,2025-08-23,São Paulo,SP,SKU4734,correiaa,C,62,71,12,550.38,1091.99,6.15,187.94,13,procesado,nao,sim,49.6,
AUTO-00271,2025-09-28,São Paulo,SP,SKU4578,rolamnto,C,81,42,6,337.14,785.09,16.24,51.35,3,entregue,sim,sim,57.06,
AUTO-00272,2025-06-07,Campinas,sp,SKU4085,correiaa,C,123,107,8,619.28,1208.27,5.15,180.88,9,procesado,sim,sim,48.75,
AUTO-00273,2025-07-08,Campinas,SP,SKU8362,rolamnto,A,0,51,8,417.42,505.05,8.27,125.97,6,procesado,sim,sim,17.35,
AUTO-00274,2025-03-17,campinas,SP,SKU9755,correiaa,A,46,98,9,543.65,972.01,23.12,129.38,10,entregue,sim,nao,44.07,
AUTO-00275,2025-07-18,Campinas,SP,SKU5078,rolamnto,B,14,49,11,321.48,541.82,20.79,196.35,8,atrasado,nao,nao,40.67,
AUTO-00276,24/04/2025,São Paulo,SP,SKU6297,correia,C,20,87,9,788.88,1752.73,15.32,11.92,5,entregue,nao,nao,54.99,
AUTO-00277,2025-04-15,São Paulo,SP,SKU1779,rolamnto,B,37,136,8,214.98,487.85,7.49,185.28,4,procesado,nao,sim,55.93,
AUTO-00278,2025-07-14,Campinas,SP,SKU6397,rolamnto,C,0,75,11,212.83,497.9,8.39,134.5,12,,nao,nao,57.25,
AUTO-00279,09-05-2025,Uberlândia,MG,SKU6043,rolamnto,C,38,105,16,694.58,1092.31,16.77,33.74,6,atrasado,sim,nao,36.41,
AUTO-00280,2025-10-27,Uberaba,MG,SKU5019,correia,C,21,79,8,375.64,809.91,12.08,154.78,12,procesado,nao,nao,53.62,
AUTO-00281,2025-06-27,Campinas,SP,SKU4670,rolamnto,B,23,73,6,277.31,389.35,13.09,120.0,1,,sim,nao,28.78,
AUTO-00282,2025-08-06,Uberaba,mg,SKU3794,correiaa,A,44,102,11,"752,79",1511.7,5.29,156.44,4,,nao,sim,50.2,
AUTO-00283,2025-08-22,Uberlândia,MG,SKU8320,engrenagem,B,0,66,14,420.21,755.49,22.79,117.87,8,,sim,nao,44.38,
AUTO-00284,2025-08-02,são paulo,SP,SKU9641,engrenagem,C,130,75,12,130.5,194.0,13.05,169.42,7,procesado,nao,nao,32.73,
AUTO-00285,2025-01-02,Uberaba,MG,SKU7482,rolamento,B,0,75,6,532.32,1000.07,24.96,67.86,5,atrasado,nao,nao,46.77,
AUTO-00286,2025-01-11,São Paulo,SP,SKU4984,rolamento,B,18,20,11,792.91,1446.65,19.57,47.79,1,,nao,nao,45.19,
AUTO-00287,2025-09-01,São Paulo,SP,SKU8948,correiaa,B,149,39,7,"537,47",667.51,7.8,162.77,1,,sim,sim,19.48,
AUTO-00288,03-24-2025,São Paulo,SP,SKU2807,correiaa,C,43,69,11,429.47,759.08,22.62,156.55,13,procesado,nao,nao,43.42,
AUTO-00289,2025-08-17,Uberlândia,MG,SKU9268,rolamento,A,32,62,17,364.07,459.6,21.18,177.99,10,atrasado,nao,sim,20.79,
AUTO-00290,2025-09-25,Campinas,sp,SKU5577,rolamnto,C,0,156,13,520.86,838.98,19.59,123.55,3,atrasado,nao,nao,37.92,
AUTO-00291,data_invalida,Campinas,SP,SKU8026,rolamnto,B,24,166,5,740.3,1735.23,23.85,97.74,3,entregue,nao,sim,57.34,
AUTO-00292,2025-01-26,Uberlândia,MG,SKU3760,rolamnto,C,84,71,9,"521,89",820.26,17.61,40.86,3,procesado,nao,sim,36.38,
AUTO-00293,2025-09-25,campinas,SP,SKU3341,rolamnto,B,87,38,5,672.97,1662.94,15.05,187.66,5,entregue,nao,sim,59.53,
AUTO-00294,09-28-2025,Campinas,SP,SKU7946,eixo,C,97,77,5,763.61,1383.47,10.27,15.69,10,entregue,nao,sim,44.8,
AUTO-00295,2025-02-09,São Paulo,SP,SKU8467,correiaa,A,27,19,13,"740,66",1425.42,25.0,190.92,5,,nao,nao,48.04,
AUTO-00296,2025-10-18,Campinas,SP,SKU4966,engrenagem,B,13,87,8,"63,21",103.3,9.12,197.46,2,procesado,sim,sim,38.81,
AUTO-00297,2025-03-17,Uberlândia,MG,SKU9456,rolamento,C,20,52,20,148.9,328.8,5.96,39.11,9,procesado,sim,nao,54.71,
AUTO-00298,2025-02-18,Campinas,SP,SKU2879,rolamnto,B,72,139,8,"526,73",646.27,8.21,94.06,13,atrasado,sim,sim,18.5,
AUTO-00299,2025-06-29,Uberaba,MG,SKU9060,rolamento,C,16,85,13,782.53,866.49,12.33,181.52,5,,sim,nao,9.69,
AUTO-00300,2025-07-13,Uberaba,MG,SKU3961,rolamnto,A,32,7,14,205.6,500.7,5.36,76.78,3,atrasado,nao,sim,58.94,
AUTO-00301,2025-03-02,Campinas,SP,SKU5421,rolamnto,B,97,33,13,22.66,39.88,15.49,130.42,1,,nao,nao,43.18,
AUTO-00302,2025-01-18,São Paulo,sp,SKU3798,rolamnto,B,3,102,14,568.63,1168.31,10.6,28.75,1,atrasado,sim,sim,51.33,
AUTO-00303,2025-04-24,são paulo,SP,SKU5951,rolamnto,C,0,91,6,708.61,1552.32,22.94,59.02,9,atrasado,nao,sim,54.35,
AUTO-00304,data_invalida,Uberaba,MG,SKU9021,rolamnto,B,51,60,4,"179,26",256.48,10.15,82.22,2,atrasado,sim,nao,30.11,
AUTO-00305,2025-07-30,Uberaba,MG,SKU5230,rolamento,C,77,116,14,"618,62",1210.82,17.49,105.21,12,atrasado,nao,sim,48.91,
AUTO-00306,2025-01-19,Uberaba,MG,SKU3244,eixo,C,33,73,16,38.69,73.42,22.95,83.16,10,procesado,nao,nao,47.3,
AUTO-00307,13/03/2025,São Paulo,SP,SKU5926,rolamnto,C,0,87,16,137.93,166.37,7.96,149.42,8,atrasado,nao,sim,17.09,
AUTO-00308,2025-03-08,Uberaba,MG,SKU7293,rolamnto,A,0,68,9,32.22,78.21,21.74,121.91,6,atrasado,nao,sim,58.8,
AUTO-00309,2025-02-26,Uberlândia,MG,SKU3577,outros,C,43,131,13,197.09,349.7,15.31,25.96,14,procesado,nao,sim,43.64,
AUTO-00310,2025-02-19,uberlândia,MG,SKU4967,rolamnto,C,107,24,3,"302,06",527.18,17.23,44.41,6,entregue,nao,sim,42.7,
AUTO-00311,2025-04-29,São Paulo,SP,SKU4465,eixo,B,0,112,6,152.12,318.97,24.24,68.38,11,procesado,sim,sim,52.31,
AUTO-00312,2025-01-01,Campinas,sp,SKU3350,rolamnto,C,0,126,5,574.62,1168.09,22.85,138.79,7,entregue,sim,nao,50.81,
AUTO-00313,2025-02-25,Campinas,SP,SKU4123,eixo,C,68,73,15,792.19,981.03,22.42,63.89,12,atrasado,sim,sim,19.25,
AUTO-00314,2025-02-04,Uberaba,mg,SKU6728,correiaa,B,77,115,19,"247,43",290.57,17.24,61.81,5,entregue,nao,sim,14.85,
AUTO-00315,2025-01-05,Uberlândia,mg,SKU8611,correiaa,C,72,76,5,"285,0",372.18,16.25,12.1,11,,sim,sim,23.42,
AUTO-00316,18/10/2025,São Paulo,SP,SKU4007,engrenagem,C,100,117,7,773.32,1725.58,11.67,91.69,1,entregue,nao,nao,55.18,
AUTO-00317,2025-10-08,Uberaba,MG,SKU2337,correia,B,94,26,2,195.01,468.24,18.9,193.02,5,procesado,nao,sim,58.35,
AUTO-00318,2025-10-10,são paulo,SP,SKU6130,rolamnto,C,0,34,3,215.69,349.78,14.0,15.62,8,procesado,nao,nao,38.34,
AUTO-00319,08/04/2025,Uberlândia,MG,SKU7151,correiaa,C,109,39,3,125.69,314.19,7.18,177.39,8,atrasado,sim,nao,60.0,
AUTO-00320,2025-09-15,São Paulo,SP,SKU9206,eixo,B,77,77,5,554.81,1208.81,8.51,108.48,11,procesado,nao,nao,54.1,
AUTO-00321,2025-10-09,São Paulo,SP,SKU4884,eixo,B,22,20,10,468.72,568.11,20.49,69.91,7,procesado,sim,sim,17.49,
AUTO-00322,2025-08-25,Uberlândia,MG,SKU6964,rolamento,C,25,113,11,443.64,561.37,19.0,192.71,9,entregue,sim,nao,20.97,
AUTO-00323,2025-08-20,São Paulo,SP,SKU7265,rolamnto,C,36,151,7,346.87,440.28,9.99,134.19,8,procesado,nao,nao,21.22,
AUTO-00324,2025-04-12,Uberaba,mg,SKU5808,correiaa,C,64,60,8,"94,15",110.65,14.35,131.86,11,procesado,sim,nao,14.91,
AUTO-00325,2025-01-10,Uberlândia,MG,SKU1008,correiaa,B,30,40,10,85.53,123.43,14.58,45.71,4,procesado,nao,sim,30.71,
AUTO-00326,28/03/2025,Campinas,SP,SKU1927,engrenagem,B,19,95,10,695.02,1699.57,23.66,178.05,1,procesado,sim,nao,59.11,
AUTO-00327,2025-01-13,São Paulo,SP,SKU5109,rolamnto,C,106,30,14,690.92,1467.02,24.41,39.24,14,entregue,sim,sim,52.9,
AUTO-00328,2025-01-18,são paulo,SP,SKU5838,correiaa,C,112,94,10,"608,74",715.79,22.79,62.08,11,atrasado,nao,nao,14.96,
AUTO-00329,2025-09-09,São Paulo,SP,SKU9423,rolamento,C,29,121,8,407.83,557.13,5.99,181.17,7,atrasado,sim,nao,26.8,
AUTO-00330,2025-09-21,Uberlândia,MG,SKU2809,eixo,C,72,106,11,526.57,856.0,13.67,168.36,9,,nao,sim,38.48,
AUTO-00331,2025-01-19,Uberaba,MG,SKU5487,correiaa,B,63,65,13,540.82,1323.75,16.82,52.91,4,entregue,sim,sim,59.14,
AUTO-00332,2025-01-24,Campinas,SP,SKU1263,rolamnto,C,61,54,6,441.3,1097.31,23.65,50.35,10,entregue,nao,sim,59.78,
AUTO-00333,2025-09-12,São Paulo,SP,SKU3373,rolamnto,A,0,52,11,314.02,779.77,13.47,155.81,5,procesado,sim,sim,59.73,
AUTO-00334,2025-05-16,São Paulo,SP,SKU5009,rolamnto,B,96,96,11,205.01,449.25,18.02,130.45,7,atrasado,sim,sim,54.37,
AUTO-00335,2025-03-21,uberaba,MG,SKU1036,rolamento,A,7,91,8,44.64,77.25,18.68,65.4,1,atrasado,nao,nao,42.21,
AUTO-00336,2025-01-31,Campinas,SP,SKU8573,correia,C,21,68,15,560.67,1297.08,7.43,120.49,1,procesado,nao,sim,56.77,
AUTO-00337,2025-05-28,São Paulo,SP,SKU6845,rolamnto,B,40,153,11,696.61,827.09,15.04,182.61,7,entregue,sim,sim,15.78,
AUTO-00338,2025-03-11,Uberlândia,mg,SKU2196,rolamnto,B,134,85,10,789.27,1846.2,9.58,118.68,5,entregue,sim,sim,57.25,
AUTO-00339,2025-02-14,São Paulo,SP,SKU3630,correiaa,A,0,71,3,200.35,447.07,14.89,189.35,5,procesado,nao,sim,55.19,
AUTO-00340,2025-01-08,Campinas,SP,SKU9787,rolamnto,B,150,8,16,21.28,29.27,18.05,144.8,5,procesado,sim,nao,27.3,
AUTO-00341,2025-08-24,Uberlândia,MG,SKU3255,rolamnto,C,45,34,7,351.92,700.24,10.11,73.01,8,procesado,sim,nao,49.74,
AUTO-00342,2025-10-11,são paulo,SP,SKU9946,correia,C,35,130,1,396.74,731.4,21.67,134.46,7,procesado,sim,sim,45.76,
AUTO-00343,2025-06-27,uberaba,MG,SKU2059,correiaa,C,73,41,9,"529,71",818.04,19.15,122.19,6,,nao,sim,35.25,
AUTO-00344,2025-10-17,Uberaba,MG,SKU8508,correiaa,C,69,51,21,257.39,400.34,14.02,169.72,13,,sim,sim,35.71,
AUTO-00345,07-29-2025,Uberlândia,MG,SKU2593,correia,B,136,110,9,94.9,170.0,12.34,62.96,1,atrasado,sim,nao,44.18,
AUTO-00346,04-11-2025,Uberaba,MG,SKU7552,rolamnto,A,79,91,10,422.23,533.22,20.29,96.77,8,entregue,sim,nao,20.82,
AUTO-00347,2025-01-27,São Paulo,SP,SKU1025,rolamnto,C,87,138,12,550.45,987.02,12.47,68.46,8,procesado,nao,nao,44.23,
AUTO-00348,2025-06-06,São Paulo,SP,SKU4915,correiaa,C,50,69,7,633.01,1493.33,20.0,103.6,7,atrasado,sim,nao,57.61,
AUTO-00349,2025-07-11,Campinas,sp,SKU3036,outros,C,24,153,12,783.67,968.57,22.0,17.81,14,procesado,sim,nao,19.09,
AUTO-00350,07-16-2025,São Paulo,SP,SKU9599,engrenagem,C,37,111,9,259.1,368.39,14.81,12.82,15,procesado,sim,nao,29.67,
AUTO-00351,2025-01-11,Uberaba,MG,SKU2518,rolamnto,B,152,55,6,193.17,302.46,10.4,25.31,8,atrasado,nao,sim,36.13,
AUTO-00352,2025-03-17,São Paulo,SP,SKU8257,correia,A,72,68,3,753.47,1260.07,19.25,112.91,6,atrasado,nao,nao,40.2,
AUTO-00353,2025-02-22,Uberaba,MG,SKU6546,correiaa,B,89,96,16,683.45,1170.03,20.57,149.29,7,,nao,nao,41.59,
AUTO-00354,07-08-2025,São Paulo,SP,SKU7488,correiaa,C,21,52,9,236.68,379.31,18.87,40.8,13,,nao,sim,37.6,
AUTO-00355,2025-06-25,Campinas,SP,SKU6320,correiaa,B,73,42,11,436.67,812.4,20.26,24.34,8,,sim,nao,46.25,
AUTO-00356,2025-04-25,Campinas,SP,SKU9689,correiaa,B,0,112,2,199.48,458.88,17.14,71.84,6,procesado,nao,sim,56.53,
AUTO-00357,2025-08-23,Uberaba,MG,SKU2408,correiaa,C,38,79,16,"147,07",183.42,12.53,24.95,11,procesado,sim,nao,19.82,
AUTO-00358,2025-02-18,Campinas,SP,SKU7343,rolamento,C,102,113,5,689.76,1391.49,11.05,187.85,8,procesado,nao,sim,50.43,
AUTO-00359,22/02/2025,uberaba,MG,SKU2460,rolamnto,A,117,77,27,345.64,384.43,8.01,55.22,7,,nao,nao,10.09,
AUTO-00360,2025-10-13,São Paulo,SP,SKU2712,rolamnto,C,94,70,4,60.98,118.96,11.18,156.41,5,entregue,sim,nao,48.74,
AUTO-00361,2025-04-09,Uberaba,MG,SKU7944,correiaa,C,23,87,12,362.5,775.74,13.08,34.69,9,entregue,nao,sim,53.27,
AUTO-00362,2025-06-24,Campinas,SP,SKU1372,correiaa,B,0,87,5,"534,93",748.48,16.06,104.38,7,,nao,sim,28.53,
AUTO-00363,2025-01-14,Uberaba,MG,SKU9516,eixo,B,107,123,14,500.21,826.84,21.03,80.99,9,entregue,sim,nao,39.5,
AUTO-00364,2025-07-19,Uberlândia,MG,SKU8822,rolamnto,C,123,29,1,563.69,691.92,10.09,83.7,14,,nao,nao,18.53,
AUTO-00365,2025-10-05,são paulo,SP,SKU8768,rolamnto,B,0,40,16,678.56,1134.13,11.15,12.89,11,atrasado,nao,nao,40.17,
AUTO-00366,04-27-2025,São Paulo,SP,SKU6576,eixo,C,23,107,5,"206,27",437.85,9.06,119.86,3,,sim,nao,52.89,
AUTO-00367,2025-08-09,Uberlândia,MG,SKU9878,correiaa,C,115,101,1,698.66,1454.35,7.17,112.61,8,entregue,nao,nao,51.96,
AUTO-00368,2025-08-01,Uberaba,MG,SKU2912,engrenagem,A,81,69,15,578.97,860.43,7.05,31.6,8,procesado,sim,sim,32.71,
AUTO-00369,09-29-2025,Uberaba,MG,SKU8905,outros,C,37,96,11,29.83,62.58,24.76,29.88,5,procesado,nao,nao,52.33,
AUTO-00370,2025-08-03,São Paulo,SP,SKU7403,correiaa,A,54,13,9,212.59,255.4,12.5,73.13,11,atrasado,nao,nao,16.76,
AUTO-00371,08-06-2025,Campinas,SP,SKU4008,rolamnto,C,70,52,8,649.37,1355.74,10.02,190.54,11,procesado,sim,nao,52.1,
AUTO-00372,01-05-2025,Campinas,SP,SKU8416,rolamnto,B,46,109,1,495.68,816.25,24.44,41.07,6,,sim,sim,39.27,
AUTO-00373,2025-05-15,Campinas,SP,SKU7972,rolamnto,C,2,147,5,208.12,394.75,23.11,105.65,6,atrasado,sim,sim,47.28,
AUTO-00374,06-17-2025,Uberlândia,MG,SKU6579,rolamnto,C,39,139,21,692.48,1279.05,15.14,64.99,11,,nao,sim,45.86,
AUTO-00375,2025-05-09,Campinas,SP,SKU1181,rolamnto,C,16,126,14,496.68,822.0,10.99,188.25,2,atrasado,sim,sim,39.58,
AUTO-00376,2025-04-08,uberaba,MG,SKU3591,rolamnto,C,117,100,6,304.53,439.8,16.67,78.9,3,atrasado,nao,nao,30.76,
AUTO-00377,data_invalida,Campinas,SP,SKU6396,correia,A,33,0,14,634.19,1442.42,13.02,166.87,1,,nao,sim,56.03,
AUTO-00378,data_invalida,são paulo,SP,SKU5697,rolamnto,A,120,78,11,97.24,151.87,19.61,40.78,5,procesado,nao,nao,35.97,
AUTO-00379,2025-06-09,Uberaba,MG,SKU3802,correiaa,B,83,77,7,172.38,272.0,24.45,54.51,8,entregue,sim,nao,36.62,
AUTO-00380,2025-01-08,Campinas,SP,SKU1976,correia,C,0,49,10,551.18,1283.4,15.04,10.62,6,atrasado,sim,sim,57.05,
AUTO-00381,data_invalida,Uberlândia,MG,SKU7026,rolamento,C,23,67,15,493.15,606.57,23.83,173.78,2,atrasado,nao,nao,18.7,
AUTO-00382,2025-01-07,Uberlândia,MG,SKU5286,correiaa,C,55,40,11,606.25,1402.04,16.49,180.48,11,entregue,nao,nao,56.76,
AUTO-00383,data_invalida,Campinas,SP,SKU9475,rolamnto,C,61,32,14,512.12,824.64,10.19,171.11,1,procesado,nao,sim,37.9,
AUTO-00384,2025-04-13,Campinas,SP,SKU5071,rolamnto,C,97,93,2,352.41,582.02,17.95,112.24,1,atrasado,sim,nao,39.45,
AUTO-00385,2025-10-21,Uberlândia,MG,SKU9264,rolamnto,A,40,36,4,536.56,725.49,6.45,129.96,3,,nao,nao,26.04,
AUTO-00386,08-21-2025,São Paulo,SP,SKU2453,correiaa,C,37,65,10,659.27,1480.92,22.19,22.55,10,atrasado,sim,nao,55.48,
AUTO-00387,2025-10-07,São Paulo,SP,SKU8528,correiaa,B,9,81,6,121.79,162.56,19.74,76.28,10,,sim,sim,25.08,
AUTO-00388,2025-01-04,Campinas,SP,SKU6214,rolamnto,C,186,103,10,599.21,795.8,21.91,162.99,6,,nao,sim,24.7,
AUTO-00389,2025-06-10,Campinas,SP,SKU2971,rolamnto,C,71,128,13,651.09,1097.79,15.21,32.44,10,procesado,sim,nao,40.69,
AUTO-00390,2025-02-26,Campinas,SP,SKU7430,rolamnto,A,108,140,11,"769,24",1428.33,6.42,40.11,2,atrasado,sim,nao,46.14,
AUTO-00391,04/07/2025,uberaba,MG,SKU5950,rolamento,C,76,107,6,414.49,834.58,17.58,105.31,2,atrasado,sim,nao,50.34,
AUTO-00392,2025-09-15,Campinas,SP,SKU9620,rolamnto,C,149,62,16,187.02,426.03,22.84,24.14,9,,nao,sim,56.1,
AUTO-00393,04-04-2025,Uberlândia,MG,SKU1710,correiaa,B,148,91,7,"151,52",320.7,18.33,164.08,7,,nao,sim,52.75,
AUTO-00394,2025-06-08,Uberlândia,MG,SKU8041,correia,C,111,132,18,"291,37",497.23,6.87,32.62,10,entregue,nao,sim,41.4,
AUTO-00395,2025-04-08,Uberlândia,MG,SKU1535,rolamnto,A,0,61,16,"713,21",1494.63,9.02,165.98,17,procesado,sim,nao,52.28,
AUTO-00396,25/03/2025,Campinas,SP,SKU4718,engrenagem,B,64,47,12,709.21,1158.18,16.85,93.61,8,procesado,nao,sim,38.77,
AUTO-00397,2025-06-06,campinas,SP,SKU5298,eixo,C,0,0,12,45.91,61.9,20.68,87.5,1,entregue,sim,sim,25.83,
AUTO-00398,2025-03-28,Campinas,SP,SKU6600,correia,B,108,106,11,536.85,1078.0,16.91,56.86,8,,nao,sim,50.2,
AUTO-00399,2025-08-23,Uberlândia,MG,SKU7055,rolamento,C,125,11,2,398.08,967.22,18.08,110.84,1,,nao,nao,58.84,
AUTO-00400,2025-10-26,Uberaba,MG,SKU7267,rolamnto,B,4,107,7,235.5,447.44,24.0,26.8,5,,nao,sim,47.37,
AUTO-00401,2025-05-04,Campinas,SP,SKU3289,rolamento,B,85,74,10,"790,45",1836.73,9.83,67.98,8,procesado,nao,nao,56.96,
AUTO-00402,2025-06-20,Campinas,SP,SKU8396,correia,C,23,131,7,734.65,866.65,10.34,171.7,7,entregue,sim,sim,15.23,
AUTO-00403,2025-01-21,Uberaba,MG,SKU5106,correia,B,23,57,12,195.08,255.11,22.38,71.68,11,procesado,sim,sim,23.53,
AUTO-00404,2025-05-12,uberlândia,MG,SKU5500,rolamnto,B,41,99,9,784.33,1588.89,13.19,33.31,10,procesado,nao,sim,50.64,
AUTO-00405,13/03/2025,Campinas,SP,SKU3747,rolamento,B,36,113,12,"302,85",653.21,23.09,118.53,6,,nao,sim,53.64,
AUTO-00406,2025-01-31,uberlândia,mg,SKU9701,rolamnto,B,84,113,4,230.63,522.69,14.3,137.5,12,,nao,nao,55.88,
AUTO-00407,2025-06-14,uberlândia,MG,SKU4316,eixo,B,88,92,13,475.66,935.46,9.92,47.44,1,atrasado,sim,nao,49.15,
AUTO-00408,2025-09-20,Campinas,sp,SKU8520,correia,C,94,85,1,453.12,567.49,15.87,123.6,9,atrasado,sim,nao,20.15,
AUTO-00409,2025-04-25,Uberlândia,MG,SKU4864,rolamnto,A,67,40,9,433.92,889.63,16.1,104.26,5,,sim,nao,51.22,
AUTO-00410,2025-08-30,São Paulo,SP,SKU4043,eixo,C,0,0,12,267.77,353.18,20.28,137.38,3,procesado,sim,sim,24.18,
AUTO-00411,2025-07-20,campinas,SP,SKU3589,correiaa,C,48,47,17,232.48,450.6,8.74,44.28,7,entregue,nao,nao,48.41,
AUTO-00412,2025-05-21,São Paulo,SP,SKU1356,eixo,A,29,101,1,"276,35",532.23,21.57,180.49,15,,sim,nao,48.08,
AUTO-00413,data_invalida,Uberlândia,MG,SKU4076,correia,C,0,35,4,47.21,59.48,24.5,32.37,3,atrasado,sim,nao,20.63,
AUTO-00414,2025-03-16,uberlândia,MG,SKU8859,correiaa,B,25,101,14,643.12,887.87,20.95,42.21,9,,nao,sim,27.57,
AUTO-00415,2025-08-28,Campinas,SP,SKU8854,correiaa,A,0,59,6,613.29,1285.67,16.38,90.94,13,entregue,sim,sim,52.3,
AUTO-00416,2025-08-08,uberlândia,MG,SKU4515,rolamnto,B,0,76,14,526.21,1040.65,15.61,180.89,11,entregue,sim,nao,49.43,
AUTO-00417,18/07/2025,Uberaba,MG,SKU4025,rolamnto,B,104,79,14,204.09,427.37,23.51,122.53,4,procesado,nao,nao,52.25,
AUTO-00418,2025-05-28,Uberlândia,MG,SKU5310,outros,A,73,145,17,354.82,742.68,14.86,129.49,10,,nao,nao,52.22,
AUTO-00419,2025-03-12,Uberlândia,MG,SKU4092,rolamento,B,0,33,12,674.1,1225.45,15.96,93.11,4,,nao,sim,44.99,
AUTO-00420,2025-10-04,Uberaba,MG,SKU3123,correiaa,A,62,34,1,"518,64",946.57,8.91,87.48,11,,sim,sim,45.21,
AUTO-00421,2025-01-21,Uberaba,MG,SKU4408,rolamento,C,110,71,13,415.02,805.14,9.18,62.36,5,,sim,nao,48.45,
AUTO-00422,2025-02-25,Uberaba,MG,SKU8002,rolamento,A,116,137,11,637.43,813.14,7.89,27.08,2,procesado,nao,nao,21.61,
AUTO-00423,2025-01-13,Uberaba,MG,SKU4245,correiaa,C,19,86,13,510.97,949.39,8.53,127.63,8,atrasado,sim,nao,46.18,
AUTO-00424,08-29-2025,Uberaba,MG,SKU1109,engrenagem,A,67,100,11,"321,22",502.31,15.86,63.35,1,,nao,nao,36.05,
AUTO-00425,data_invalida,São Paulo,SP,SKU9609,rolamnto,C,18,28,8,"483,97",929.72,18.05,123.03,9,entregue,sim,nao,47.94,
AUTO-00426,2025-01-27,São Paulo,SP,SKU8260,rolamnto,C,109,97,7,"363,07",646.74,7.08,40.1,12,entregue,sim,nao,43.86,
AUTO-00427,2025-07-05,Campinas,SP,SKU3278,rolamnto,A,162,91,13,661.52,1636.68,14.0,149.13,4,procesado,nao,nao,59.58,
AUTO-00428,2025-05-22,São Paulo,SP,SKU5077,rolamnto,C,95,103,12,619.45,1213.31,12.45,141.77,5,atrasado,nao,sim,48.95,
AUTO-00429,2025-06-09,Uberaba,MG,SKU6845,correiaa,C,44,0,9,"750,15",844.6,7.78,20.32,4,atrasado,nao,sim,11.18,
AUTO-00430,28/04/2025,Uberlândia,mg,SKU8645,rolamnto,B,43,120,13,775.82,1817.4,15.57,180.23,10,,sim,nao,57.31,
AUTO-00431,2025-07-25,São Paulo,SP,SKU2851,correia,A,41,43,13,532.03,857.79,18.88,182.03,5,entregue,sim,sim,37.98,
AUTO-00432,2025-09-04,Uberaba,MG,SKU2715,rolamnto,B,120,94,14,"614,0",724.88,14.06,76.57,3,procesado,sim,sim,15.3,
AUTO-00433,05-09-2025,Uberaba,MG,SKU3511,correiaa,A,87,138,17,89.18,185.2,9.24,199.49,13,atrasado,nao,sim,51.85,
AUTO-00434,2025-04-07,São Paulo,SP,SKU4852,engrenagem,C,51,125,7,404.24,815.51,9.24,72.69,13,entregue,sim,nao,50.43,
AUTO-00435,2025-05-19,Uberlândia,MG,SKU3819,rolamnto,A,36,54,8,"154,71",294.34,7.47,191.19,9,procesado,nao,sim,47.44,
AUTO-00436,2025-02-09,Uberaba,MG,SKU7526,engrenagem,C,125,54,9,115.44,230.62,12.96,184.54,3,entregue,sim,sim,49.94,
AUTO-00437,2025-02-17,Campinas,SP,SKU1557,correiaa,C,21,70,12,595.54,1163.31,23.8,143.91,8,atrasado,sim,sim,48.81,
AUTO-00438,2025-07-25,Campinas,sp,SKU9610,rolamento,C,75,112,6,789.86,1507.31,5.84,99.8,3,procesado,sim,sim,47.6,
AUTO-00439,2025-09-21,Uberlândia,MG,SKU4497,correiaa,C,91,84,13,305.93,564.35,8.0,96.46,10,atrasado,sim,nao,45.79,
AUTO-00440,2025-01-25,Campinas,SP,SKU7449,correia,C,8,99,8,425.08,726.2,19.65,45.88,5,atrasado,sim,nao,41.47,
AUTO-00441,2025-07-09,Uberaba,MG,SKU4657,correiaa,B,117,85,15,"387,24",609.24,18.61,176.23,2,atrasado,sim,nao,36.44,
AUTO-00442,2025-09-17,Uberlândia,MG,SKU3191,rolamnto,A,23,107,10,"227,32",504.46,15.84,183.4,9,,nao,sim,54.94,
AUTO-00443,2025-07-09,Uberlândia,MG,SKU2451,engrenagem,C,66,81,20,452.2,825.09,7.0,196.67,10,procesado,sim,nao,45.19,
AUTO-00444,07-02-2025,São Paulo,SP,SKU2080,rolamento,C,119,41,13,"734,14",941.13,19.5,180.75,7,entregue,nao,nao,21.99,
AUTO-00445,2025-06-03,São Paulo,SP,SKU5045,rolamento,A,71,115,2,"594,6",661.73,14.69,70.57,4,entregue,nao,sim,10.14,
AUTO-00446,2025-06-20,uberlândia,MG,SKU9679,correiaa,C,79,131,9,108.72,247.01,6.97,33.37,6,entregue,nao,sim,55.99,
AUTO-00447,2025-01-01,Uberlândia,mg,SKU6420,engrenagem,A,0,61,8,"331,79",744.49,21.69,23.7,10,,nao,sim,55.43,
AUTO-00448,2025-09-12,Campinas,SP,SKU7371,rolamnto,A,134,44,17,"29,33",55.8,21.45,127.21,10,entregue,sim,sim,47.44,
AUTO-00449,2025-03-24,Uberaba,MG,SKU1454,rolamnto,A,0,10,9,433.83,978.67,15.39,31.03,1,,sim,sim,55.67,
AUTO-00450,13/10/2025,São Paulo,SP,SKU1780,correiaa,B,42,62,12,528.95,594.18,24.92,117.42,12,procesado,nao,nao,10.98,
AUTO-00451,2025-10-04,São Paulo,SP,SKU6297,rolamnto,B,40,111,9,333.83,419.76,16.33,130.93,4,atrasado,sim,sim,20.47,
AUTO-00452,data_invalida,Uberlândia,mg,SKU4715,rolamnto,C,70,31,10,"400,96",810.3,13.29,102.74,6,entregue,nao,sim,50.52,
AUTO-00453,08-12-2025,São Paulo,SP,SKU4990,correiaa,C,112,77,1,"641,96",1571.35,19.38,186.59,7,atrasado,sim,nao,59.15,
AUTO-00454,03-05-2025,Uberlândia,MG,SKU7667,engrenagem,C,84,50,6,618.65,1183.75,14.31,176.46,1,,nao,sim,47.74,
AUTO-00455,2025-03-26,uberlândia,MG,SKU6879,rolamnto,C,90,37,17,203.6,293.39,7.98,164.84,15,procesado,sim,sim,30.6,
AUTO-00456,2025-10-08,São Paulo,SP,SKU5280,correiaa,B,70,44,9,180.62,362.83,11.63,10.73,7,atrasado,nao,sim,50.22,
AUTO-00457,2025-08-20,campinas,SP,SKU6643,correiaa,C,78,100,5,427.23,594.2,15.95,180.62,8,atrasado,sim,nao,28.1,
AUTO-00458,2025-01-25,São Paulo,SP,SKU3246,rolamnto,C,101,75,13,138.65,254.28,23.29,41.77,10,,nao,sim,45.47,
AUTO-00459,23/02/2025,Uberaba,MG,SKU7492,rolamnto,C,47,92,12,689.56,1314.09,15.27,97.8,8,procesado,nao,nao,47.53,
AUTO-00460,2025-10-28,Campinas,SP,SKU8893,outros,C,143,40,6,83.25,105.56,14.77,198.2,8,entregue,nao,sim,21.13,
AUTO-00461,data_invalida,Uberlândia,mg,SKU8855,rolamnto,C,74,165,5,157.14,341.22,8.42,192.05,9,,nao,nao,53.95,
AUTO-00462,2025-10-28,campinas,SP,SKU6578,rolamnto,B,60,107,8,"246,89",308.33,15.47,11.27,11,atrasado,sim,sim,19.93,
AUTO-00463,2025-07-21,Uberaba,MG,SKU1545,rolamento,A,68,8,15,375.95,771.05,14.79,68.04,6,,nao,nao,51.24,
AUTO-00464,2025-04-25,Campinas,SP,SKU3926,engrenagem,B,126,139,16,257.56,590.11,18.51,115.53,12,atrasado,nao,nao,56.35,
AUTO-00465,02-10-2025,São Paulo,SP,SKU5203,correiaa,C,56,86,6,796.99,1232.57,23.01,90.99,6,procesado,sim,sim,35.34,
AUTO-00466,2025-03-21,Uberlândia,MG,SKU8616,rolamento,C,0,168,6,"113,65",258.66,15.59,101.9,1,entregue,nao,sim,56.06,
AUTO-00467,2025-05-19,Uberlândia,MG,SKU1240,rolamnto,B,0,84,9,364.02,905.54,9.11,53.16,2,,nao,nao,59.8,
AUTO-00468,08/09/2025,Campinas,SP,SKU3302,correiaa,C,24,59,2,242.85,606.77,21.17,141.21,6,,nao,sim,59.98,
AUTO-00469,2025-08-04,Uberlândia,MG,SKU4418,correiaa,C,26,41,9,205.76,428.73,13.61,160.45,8,procesado,nao,nao,52.01,
AUTO-00470,2025-08-23,Uberlândia,MG,SKU6347,engrenagem,C,96,32,3,"75,13",158.97,19.38,144.84,7,atrasado,nao,nao,52.74,
AUTO-00471,2025-04-23,São Paulo,SP,SKU5051,rolamento,B,109,72,25,784.43,1670.5,7.0,39.15,8,,nao,sim,53.04,
AUTO-00472,2025-06-12,Campinas,SP,SKU5046,rolamnto,C,52,35,21,644.99,1586.42,15.69,128.73,8,procesado,sim,sim,59.34,
AUTO-00473,2025-03-19,Uberaba,MG,SKU4372,correia,A,70,49,10,581.86,1396.65,17.21,31.88,5,,nao,sim,58.34,
AUTO-00474,2025-03-10,Campinas,SP,SKU9761,correiaa,B,103,112,11,68.25,132.13,11.64,20.97,1,atrasado,nao,sim,48.35,
AUTO-00475,2025-07-20,Uberlândia,MG,SKU8087,correia,C,43,55,5,760.37,1770.28,14.82,167.73,6,entregue,nao,nao,57.05,
AUTO-00476,07-23-2025,Uberlândia,MG,SKU2439,correiaa,C,66,111,7,"374,99",750.38,15.17,35.27,5,procesado,sim,nao,50.03,
AUTO-00477,2025-03-26,Campinas,SP,SKU5224,correiaa,C,57,56,13,490.44,1008.17,15.42,109.78,10,atrasado,nao,sim,51.35,
AUTO-00478,2025-09-21,São Paulo,SP,SKU6216,correiaa,B,0,107,1,643.22,1079.1,22.88,13.09,1,,nao,sim,40.39,
AUTO-00479,2025-02-11,São Paulo,sp,SKU9472,rolamnto,B,0,55,18,41.49,97.94,18.95,150.74,10,procesado,sim,nao,57.64,
AUTO-00480,2025-06-02,Uberaba,MG,SKU4097,outros,A,35,77,12,"465,27",1055.48,11.68,128.63,7,procesado,sim,sim,55.92,
AUTO-00481,2025-04-29,Uberaba,MG,SKU9939,rolamento,A,35,78,7,175.13,277.3,15.4,73.85,8,atrasado,nao,nao,36.84,
AUTO-00482,29/01/2025,são paulo,SP,SKU4362,rolamento,A,59,112,5,"610,35",1121.83,14.17,29.76,9,atrasado,sim,sim,45.59,
AUTO-00483,2025-02-26,São Paulo,SP,SKU9230,correiaa,B,25,59,3,646.09,1280.24,16.55,43.63,15,atrasado,sim,nao,49.53,
AUTO-00484,2025-05-30,Uberlândia,MG,SKU2231,rolamento,C,83,19,11,"154,66",371.86,23.13,53.94,8,entregue,sim,nao,58.41,
AUTO-00485,2025-06-28,Campinas,SP,SKU7111,rolamnto,C,0,62,4,"730,9",1213.25,19.74,48.67,8,,sim,nao,39.76,
AUTO-00486,2025-04-21,Uberaba,MG,SKU2091,correia,B,45,136,18,304.74,414.43,16.01,190.11,5,atrasado,nao,sim,26.47,
AUTO-00487,2025-02-23,uberlândia,MG,SKU5897,correia,A,74,179,4,177.28,389.94,14.74,19.83,11,,sim,sim,54.54,
AUTO-00488,2025-01-25,campinas,SP,SKU4924,rolamnto,A,61,174,10,354.79,708.73,11.56,161.12,13,entregue,nao,sim,49.94,
AUTO-00489,2025-05-12,Uberaba,MG,SKU8087,rolamnto,A,21,108,11,607.85,851.86,11.06,109.89,1,atrasado,sim,sim,28.64,
AUTO-00490,2025-02-23,Uberlândia,MG,SKU7390,correiaa,A,74,49,10,128.92,259.04,20.97,188.84,2,entregue,sim,nao,50.23,
AUTO-00491,04-07-2025,Campinas,SP,SKU4039,rolamnto,B,50,62,9,213.95,502.11,10.56,181.98,2,,nao,nao,57.39,
AUTO-00492,2025-05-08,Uberaba,MG,SKU6570,correiaa,A,59,83,17,490.54,589.33,22.93,27.13,9,atrasado,sim,sim,16.76,
AUTO-00493,data_invalida,São Paulo,SP,SKU2111,correia,C,12,84,11,719.92,969.63,13.67,64.73,5,atrasado,nao,sim,25.75,
AUTO-00494,2025-04-22,São Paulo,SP,SKU1340,rolamnto,C,5,84,7,742.54,1414.07,11.89,27.68,15,atrasado,nao,sim,47.49,
AUTO-00495,2025-04-01,Campinas,SP,SKU4972,correiaa,B,56,75,1,384.43,621.58,19.76,52.94,11,procesado,sim,nao,38.15,
AUTO-00496,2025-03-03,Campinas,SP,SKU6903,correia,B,97,35,7,430.59,644.64,14.67,127.69,4,entregue,nao,nao,33.2,
AUTO-00497,30/09/2025,Uberlândia,MG,SKU1051,rolamnto,C,3,130,20,382.28,583.8,16.23,61.56,7,atrasado,sim,nao,34.52,
AUTO-00498,2025-03-20,São Paulo,SP,SKU5677,rolamento,A,130,93,10,302.03,554.52,21.45,92.6,2,procesado,nao,sim,45.53,
AUTO-00499,2025-06-11,Campinas,SP,SKU9595,rolamnto,C,71,60,23,139.06,192.78,5.72,196.09,6,,nao,sim,27.87,
AUTO-00500,05-13-2025,Uberlândia,MG,SKU3077,rolamnto,B,69,78,9,153.43,368.61,16.68,147.24,17,atrasado,nao,sim,58.38,
AUTO-00501,2025-01-23,Campinas,SP,SKU7040,correiaa,C,120,56,12,474.94,1004.12,18.13,194.93,2,entregue,nao,nao,52.7,
AUTO-00502,2025-09-19,Campinas,SP,SKU2819,engrenagem,B,151,156,14,284.26,551.35,22.47,39.15,13,,sim,nao,48.44,
AUTO-00503,2025-06-27,Uberaba,mg,SKU9786,correiaa,B,79,44,6,240.54,388.2,9.09,133.13,17,,nao,sim,38.04,
AUTO-00504,2025-10-07,Uberlândia,MG,SKU1857,correia,B,7,55,10,490.87,1100.28,14.4,12.41,3,procesado,nao,nao,55.39,
AUTO-00505,2025-03-14,Uberlândia,MG,SKU6225,rolamnto,B,108,78,13,"168,88",253.81,11.5,58.34,6,atrasado,sim,sim,33.46,
AUTO-00506,2025-10-16,Uberaba,MG,SKU3224,correia,C,0,137,6,773.76,928.76,21.24,135.79,6,atrasado,sim,sim,16.69,
AUTO-00507,2025-05-15,Uberlândia,MG,SKU9582,rolamnto,C,51,59,7,516.57,682.1,10.88,183.6,8,,nao,sim,24.27,
AUTO-00508,2025-02-11,Campinas,SP,SKU6992,engrenagem,A,0,100,12,123.2,188.86,10.52,173.65,9,,nao,nao,34.77,
AUTO-00509,2025-08-05,São Paulo,SP,SKU6317,rolamnto,C,120,0,6,252.26,509.93,15.44,60.19,11,entregue,sim,nao,50.53,
AUTO-00510,01-01-2025,São Paulo,SP,SKU5007,rolamnto,A,52,64,15,571.21,700.95,21.15,178.6,2,atrasado,nao,nao,18.51,
AUTO-00511,2025-04-05,Uberlândia,MG,SKU9674,correiaa,C,96,94,2,317.85,790.91,20.18,43.36,10,procesado,nao,sim,59.81,
AUTO-00512,2025-10-17,Uberaba,MG,SKU4541,correia,B,84,33,11,747.69,1070.02,5.65,125.58,1,,nao,nao,30.12,
AUTO-00513,2025-05-29,Uberaba,MG,SKU8757,correiaa,C,29,100,7,715.77,997.98,19.25,88.29,7,atrasado,sim,sim,28.28,
AUTO-00514,04-29-2025,São Paulo,SP,SKU1823,correiaa,C,87,40,3,58.88,131.38,22.38,53.96,4,procesado,sim,sim,55.18,
AUTO-00515,2025-01-13,São Paulo,SP,SKU4378,correiaa,B,110,0,7,735.58,867.34,19.21,70.78,2,procesado,nao,sim,15.19,
AUTO-00516,2025-10-25,São Paulo,SP,SKU2125,engrenagem,C,77,82,6,292.1,567.58,5.86,13.09,9,atrasado,sim,sim,48.54,
AUTO-00517,2025-03-13,Uberaba,MG,SKU8097,rolamento,C,101,42,17,233.4,292.36,18.16,58.59,9,procesado,sim,nao,20.17,
AUTO-00518,2025-07-19,Uberlândia,MG,SKU7069,rolamento,B,133,65,12,484.1,734.14,22.82,39.02,12,procesado,nao,sim,34.06,
AUTO-00519,data_invalida,São Paulo,SP,SKU2108,rolamnto,C,41,160,1,210.22,509.03,19.23,145.54,6,atrasado,sim,sim,58.7,
AUTO-00520,2025-09-14,Uberaba,MG,SKU1540,rolamnto,C,63,82,9,481.7,817.4,24.91,54.21,10,procesado,sim,nao,41.07,
AUTO-00521,2025-06-28,Uberaba,MG,SKU2993,correiaa,C,41,83,9,"780,87",875.2,19.05,105.4,7,procesado,sim,nao,10.78,
AUTO-00522,2025-04-24,Campinas,SP,SKU3858,rolamnto,C,147,113,10,685.77,1064.16,21.75,91.64,9,atrasado,sim,sim,35.56,
AUTO-00523,04-22-2025,Uberlândia,MG,SKU4922,rolamnto,C,67,57,7,530.89,631.73,22.91,120.87,9,procesado,sim,nao,15.96,
AUTO-00524,2025-07-07,São Paulo,SP,SKU6726,rolamnto,C,47,116,13,280.58,508.94,10.23,100.34,7,atrasado,sim,nao,44.87,
AUTO-00525,2025-10-19,Uberaba,MG,SKU3855,correiaa,A,32,148,14,45.84,66.65,15.28,11.4,1,atrasado,nao,nao,31.22,
AUTO-00526,2025-09-30,Uberaba,MG,SKU6477,rolamnto,C,49,53,1,590.18,893.43,19.61,39.67,1,,nao,nao,33.94,
AUTO-00527,2025-02-14,Uberaba,MG,SKU4692,rolamnto,A,0,70,11,631.27,1246.03,6.23,199.21,8,,sim,nao,49.34,
AUTO-00528,12/04/2025,Uberaba,MG,SKU1206,rolamento,C,20,67,12,520.4,594.34,11.15,93.01,8,procesado,sim,nao,12.44,
AUTO-00529,2025-01-22,Uberaba,MG,SKU4487,outros,C,86,191,11,44.71,84.32,16.83,114.14,10,entregue,nao,nao,46.98,
AUTO-00530,2025-05-10,Uberlândia,MG,SKU2926,rolamnto,C,0,117,19,339.59,720.38,19.56,63.84,9,procesado,nao,sim,52.86,
AUTO-00531,2025-04-01,Uberaba,MG,SKU3906,rolamnto,C,157,89,1,677.18,1432.23,8.83,90.98,5,,nao,nao,52.72,
AUTO-00532,2025-05-18,campinas,SP,SKU2262,correiaa,A,99,38,6,739.92,1472.73,23.22,184.42,7,,sim,nao,49.76,
AUTO-00533,06-11-2025,Campinas,sp,SKU2248,correiaa,C,30,91,14,"647,6",1359.98,5.59,89.81,5,atrasado,nao,sim,52.38,
AUTO-00534,2025-05-12,Uberaba,MG,SKU1125,correia,B,19,97,8,218.91,429.06,22.59,152.23,1,,sim,sim,48.98,
AUTO-00535,2025-10-11,Uberlândia,MG,SKU9508,rolamnto,B,86,50,10,757.19,1027.03,15.61,166.65,3,atrasado,nao,sim,26.27,
AUTO-00536,2025-06-11,São Paulo,SP,SKU3833,rolamnto,B,78,85,4,"736,06",1674.28,14.92,28.87,6,procesado,sim,nao,56.04,
AUTO-00537,2025-02-27,uberaba,MG,SKU2753,correiaa,C,0,67,10,260.06,567.1,22.91,133.02,15,procesado,sim,sim,54.14,
AUTO-00538,04/10/2025,Campinas,SP,SKU8824,eixo,A,10,111,10,90.48,104.66,6.45,38.99,7,atrasado,nao,sim,13.55,
AUTO-00539,2025-08-24,Campinas,SP,SKU6409,rolamnto,B,70,150,10,740.91,993.99,9.21,15.56,2,entregue,sim,sim,25.46,
AUTO-00540,2025-02-24,Campinas,SP,SKU3752,rolamento,A,32,103,4,221.53,508.53,7.98,158.18,9,procesado,nao,nao,56.44,
AUTO-00541,data_invalida,são paulo,SP,SKU9434,correia,B,57,26,9,44.64,107.41,21.27,45.76,2,procesado,sim,sim,58.44,
AUTO-00542,2025-05-24,São Paulo,SP,SKU1175,engrenagem,A,0,58,7,410.29,767.07,10.3,122.79,1,procesado,sim,sim,46.51,
AUTO-00543,2025-09-01,uberlândia,MG,SKU5766,rolamnto,C,51,75,9,579.59,869.51,17.65,94.78,12,entregue,nao,sim,33.34,
AUTO-00544,data_invalida,Uberaba,MG,SKU5379,rolamento,C,69,85,14,322.18,504.24,5.68,50.4,7,procesado,nao,sim,36.11,
AUTO-00545,2025-05-03,Uberaba,MG,SKU4980,rolamnto,A,133,38,1,741.27,917.58,17.02,191.05,1,procesado,nao,nao,19.21,
AUTO-00546,04/03/2025,São Paulo,SP,SKU8012,correiaa,B,45,46,12,268.61,391.37,20.2,187.54,8,,nao,nao,31.37,
AUTO-00547,2025-01-01,São Paulo,SP,SKU6160,rolamento,C,77,58,9,574.52,849.03,13.39,190.97,10,atrasado,sim,nao,32.33,
AUTO-00548,2025-08-24,Campinas,SP,SKU9384,rolamento,B,16,10,7,264.98,640.68,17.38,129.71,8,atrasado,nao,sim,58.64,
AUTO-00549,2025-10-01,Campinas,SP,SKU7184,correiaa,C,10,76,19,113.89,217.82,24.64,158.27,7,procesado,nao,sim,47.71,
AUTO-00550,2025-07-22,Uberlândia,MG,SKU5712,correia,B,67,23,18,44.5,86.24,18.82,147.68,9,entregue,sim,nao,48.4,
AUTO-00551,2025-09-29,Uberaba,MG,SKU8920,rolamnto,B,141,77,16,235.34,499.45,15.34,45.25,9,entregue,sim,nao,52.88,
AUTO-00552,01/02/2025,São Paulo,SP,SKU4385,engrenagem,A,33,78,8,"594,08",1008.55,22.86,166.5,6,procesado,sim,sim,41.1,
AUTO-00553,27/07/2025,São Paulo,SP,SKU3729,rolamnto,A,107,23,10,"736,23",1493.85,24.98,140.42,4,atrasado,sim,nao,50.72,
AUTO-00554,2025-02-04,Uberaba,MG,SKU2996,correiaa,C,126,73,7,588.42,897.76,19.58,143.26,2,,nao,nao,34.46,
AUTO-00555,2025-02-10,são paulo,SP,SKU2872,correiaa,C,0,96,6,554.26,1351.46,5.3,20.0,7,entregue,nao,nao,58.99,
AUTO-00556,02/02/2025,São Paulo,SP,SKU9499,rolamnto,A,70,64,17,610.7,974.26,13.5,51.82,7,entregue,nao,sim,37.32,
AUTO-00557,2025-10-01,Uberlândia,MG,SKU8145,correiaa,C,21,18,7,760.48,1017.83,15.37,136.49,9,,sim,nao,25.28,
AUTO-00558,2025-02-23,Uberlândia,MG,SKU8062,outros,B,123,17,1,163.81,216.05,7.61,127.15,7,entregue,nao,nao,24.18,
AUTO-00559,2025-05-06,Uberlândia,MG,SKU1243,rolamento,C,77,77,9,105.45,224.63,22.42,23.34,9,entregue,nao,nao,53.06,
AUTO-00560,2025-02-09,São Paulo,SP,SKU6658,rolamnto,C,56,69,9,549.56,1341.04,20.91,187.82,3,atrasado,sim,sim,59.02,
AUTO-00561,02-05-2025,Uberlândia,mg,SKU7207,correiaa,A,74,77,1,792.89,1652.18,20.82,95.78,5,,nao,nao,52.01,
AUTO-00562,2025-04-22,Uberaba,MG,SKU6966,outros,C,8,37,8,248.55,275.95,21.08,192.21,6,procesado,sim,sim,9.93,
AUTO-00563,2025-04-14,Uberaba,MG,SKU1543,rolamento,C,12,51,19,607.74,1165.05,20.44,181.8,3,entregue,sim,sim,47.84,
AUTO-00564,2025-09-13,Uberlândia,MG,SKU9855,correia,A,39,66,17,232.94,514.65,5.23,147.66,1,atrasado,sim,nao,54.74,
AUTO-00565,02/09/2025,Campinas,SP,SKU8089,correiaa,C,30,95,4,472.24,612.82,13.43,48.95,7,procesado,sim,sim,22.94,
AUTO-00566,2025-04-15,São Paulo,SP,SKU5869,correiaa,C,94,46,11,77.75,150.33,6.18,139.07,2,atrasado,sim,nao,48.28,
AUTO-00567,2025-01-31,Campinas,SP,SKU3764,correia,C,16,174,13,365.15,492.53,17.1,33.06,1,atrasado,nao,sim,25.86,
AUTO-00568,2025-05-10,Campinas,SP,SKU4685,rolamnto,C,0,81,9,55.29,135.81,9.54,169.41,11,procesado,nao,nao,59.29,
AUTO-00569,07-09-2025,Campinas,SP,SKU4242,correia,B,0,42,10,"355,43",878.35,19.58,180.05,9,procesado,sim,sim,59.53,
AUTO-00570,2025-09-01,Uberlândia,MG,SKU2423,correiaa,A,85,39,7,54.59,105.05,8.83,61.7,4,entregue,nao,sim,48.03,
AUTO-00571,2025-04-21,Uberaba,MG,SKU2931,correiaa,C,0,34,7,734.01,1178.98,8.79,36.24,8,entregue,nao,sim,37.74,
AUTO-00572,2025-10-06,uberlândia,MG,SKU7520,rolamnto,C,71,100,13,467.68,829.45,8.52,88.45,3,entregue,nao,nao,43.62,
AUTO-00573,2025-04-30,São Paulo,SP,SKU9816,rolamnto,C,92,76,10,787.48,1462.91,16.03,144.08,12,,nao,nao,46.17,
AUTO-00574,2025-01-19,São Paulo,SP,SKU7559,rolamnto,C,84,58,18,"503,03",1131.97,17.29,81.04,7,atrasado,sim,sim,55.56,
AUTO-00575,2025-03-23,São Paulo,SP,SKU5032,rolamnto,C,73,6,4,754.81,1729.17,11.42,116.68,4,atrasado,nao,sim,56.35,
AUTO-00576,07-06-2025,Uberlândia,mg,SKU9550,correiaa,B,124,58,1,"758,44",1247.22,21.55,149.73,8,procesado,nao,sim,39.19,
AUTO-00577,2025-04-23,Campinas,SP,SKU7398,rolamento,C,72,67,9,681.88,1541.5,8.18,144.11,3,entregue,nao,sim,55.77,
AUTO-00578,2025-03-25,Uberaba,MG,SKU9153,correiaa,C,88,144,9,699.08,1337.18,10.34,29.01,5,,nao,sim,47.72,
AUTO-00579,2025-10-06,Campinas,SP,SKU7818,outros,B,72,85,6,520.56,1112.87,7.95,170.46,5,entregue,nao,sim,53.22,
AUTO-00580,2025-08-29,são paulo,SP,SKU7889,outros,B,108,69,7,240.44,536.59,19.59,79.13,1,atrasado,sim,nao,55.19,
AUTO-00581,2025-09-10,São Paulo,SP,SKU7237,correiaa,C,65,29,7,395.28,699.53,8.43,193.59,6,entregue,nao,nao,43.49,
AUTO-00582,2025-01-21,São Paulo,SP,SKU4176,engrenagem,C,85,108,3,55.61,84.28,19.29,111.44,5,procesado,sim,nao,34.02,
AUTO-00583,2025-09-25,Campinas,SP,SKU6088,outros,A,99,55,12,476.82,716.25,6.82,82.83,14,entregue,nao,sim,33.43,
AUTO-00584,2025-03-14,Campinas,SP,SKU4602,eixo,C,81,134,8,"214,89",359.11,20.05,94.06,10,atrasado,nao,nao,40.16,
AUTO-00585,2025-07-18,Uberaba,MG,SKU3778,correiaa,C,80,46,9,785.53,1026.92,15.93,63.53,11,atrasado,nao,sim,23.51,
AUTO-00586,data_invalida,Uberlândia,MG,SKU7320,correia,C,69,111,9,"36,01",60.48,10.93,103.04,12,procesado,sim,sim,40.46,
AUTO-00587,10-01-2025,Campinas,SP,SKU3741,rolamento,C,176,92,16,415.78,529.6,12.32,55.15,8,entregue,sim,sim,21.49,
AUTO-00588,data_invalida,Uberaba,MG,SKU1958,correiaa,B,64,39,9,580.93,1351.8,15.87,115.62,10,entregue,nao,sim,57.03,
AUTO-00589,07-18-2025,Campinas,SP,SKU6406,correiaa,A,20,72,13,"661,46",941.73,5.2,185.18,6,procesado,sim,sim,29.76,
AUTO-00590,07-01-2025,uberaba,MG,SKU4513,rolamento,A,60,50,9,53.28,112.26,24.41,76.39,6,,sim,nao,52.54,
AUTO-00591,2025-01-28,São Paulo,SP,SKU7903,correia,C,119,143,11,690.24,1187.57,8.2,132.83,6,entregue,nao,nao,41.88,
AUTO-00592,2025-03-07,São Paulo,SP,SKU5800,correiaa,C,47,34,7,"89,81",112.18,10.68,66.94,1,,nao,sim,19.94,
AUTO-00593,2025-08-03,Uberaba,MG,SKU3940,rolamnto,B,40,54,6,601.88,767.83,11.53,153.04,6,entregue,nao,sim,21.61,
AUTO-00594,2025-02-19,Uberaba,MG,SKU1952,rolamnto,C,143,111,16,402.57,528.43,16.7,174.26,4,atrasado,nao,nao,23.82,
AUTO-00595,2025-02-24,uberlândia,MG,SKU8066,correiaa,A,54,98,11,698.73,966.48,17.17,37.94,1,procesado,sim,sim,27.7,
AUTO-00596,2025-10-10,Uberlândia,mg,SKU6168,rolamento,A,28,18,12,176.96,437.63,14.83,97.57,9,atrasado,nao,nao,59.56,
AUTO-00597,05-05-2025,Campinas,sp,SKU4461,correiaa,B,107,54,9,312.94,515.25,19.97,68.06,9,atrasado,nao,nao,39.26,
AUTO-00598,26/07/2025,Uberaba,mg,SKU6780,outros,A,55,135,7,200.33,268.35,8.72,102.8,7,entregue,sim,sim,25.35,
AUTO-00599,2025-07-01,São Paulo,SP,SKU3157,outros,B,0,55,13,"153,83",212.38,7.37,77.63,3,procesado,sim,nao,27.57,
AUTO-00600,2025-09-26,são paulo,SP,SKU6338,rolamnto,C,140,76,4,323.59,363.01,9.86,112.87,4,entregue,sim,sim,10.86,
AUTO-00601,2025-04-10,Campinas,SP,SKU2589,engrenagem,A,60,50,5,"429,17",1011.47,22.83,15.02,5,entregue,nao,nao,57.57,
AUTO-00602,2025-08-24,Campinas,SP,SKU5142,outros,C,56,46,15,66.33,120.71,8.15,13.46,6,procesado,nao,sim,45.05,
AUTO-00603,2025-06-16,Uberaba,mg,SKU8519,correiaa,B,149,15,16,129.03,229.63,6.44,24.83,1,procesado,sim,sim,43.81,
AUTO-00604,2025-10-15,Uberaba,MG,SKU2459,correiaa,A,110,103,13,"455,29",1100.55,10.21,150.82,13,entregue,sim,sim,58.63,
AUTO-00605,06-21-2025,São Paulo,SP,SKU1447,eixo,A,74,38,15,483.94,889.42,17.8,30.28,4,procesado,sim,sim,45.59,
AUTO-00606,2025-05-17,Uberlândia,MG,SKU4299,correiaa,A,0,95,6,567.01,1309.75,11.96,103.6,9,,sim,nao,56.71,
AUTO-00607,02/03/2025,Uberaba,MG,SKU4952,engrenagem,C,0,81,11,544.61,1277.15,8.48,60.83,11,,sim,nao,57.36,
AUTO-00608,2025-08-13,Uberlândia,MG,SKU7163,correiaa,B,9,112,3,792.09,1449.64,16.79,133.99,4,procesado,nao,nao,45.36,
AUTO-00609,2025-04-26,Uberlândia,MG,SKU7837,engrenagem,A,69,6,4,"26,24",58.05,14.25,20.51,10,procesado,nao,nao,54.8,
AUTO-00610,2025-05-23,Uberaba,MG,SKU6849,correiaa,C,35,150,7,584.65,1367.67,6.25,137.88,6,atrasado,sim,nao,57.25,
AUTO-00611,2025-08-25,Uberaba,MG,SKU6128,correiaa,A,79,114,9,617.49,1169.12,15.94,90.57,7,,nao,nao,47.18,
AUTO-00612,2025-08-24,Uberlândia,MG,SKU5597,rolamnto,A,49,33,19,256.46,319.18,9.75,160.33,1,procesado,sim,sim,19.65,
AUTO-00613,2025-02-10,Uberaba,MG,SKU9841,correiaa,C,54,118,21,753.38,1324.45,17.92,77.28,6,atrasado,sim,sim,43.12,
AUTO-00614,2025-07-27,Campinas,SP,SKU6151,rolamento,B,46,17,6,241.3,556.16,23.51,130.0,3,entregue,sim,sim,56.61,
AUTO-00615,09-19-2025,São Paulo,SP,SKU3370,rolamnto,B,69,118,12,282.4,333.8,20.53,52.23,13,atrasado,nao,nao,15.4,
AUTO-00616,2025-04-05,Uberlândia,mg,SKU3791,rolamento,C,76,52,12,672.46,1618.83,9.54,112.49,6,atrasado,nao,sim,58.46,
AUTO-00617,2025-03-08,Uberlândia,MG,SKU3428,rolamnto,C,15,80,13,260.48,628.19,16.38,197.21,10,atrasado,nao,sim,58.53,
AUTO-00618,2025-08-15,Uberaba,MG,SKU3153,engrenagem,A,102,49,9,"669,96",1510.01,12.92,27.97,11,atrasado,sim,nao,55.63,
AUTO-00619,2025-07-27,Campinas,SP,SKU5020,engrenagem,C,0,84,12,"789,24",1583.74,12.53,155.89,4,atrasado,nao,nao,50.17,
AUTO-00620,2025-04-11,São Paulo,SP,SKU9284,rolamnto,C,33,78,10,755.61,991.28,13.91,60.15,7,procesado,nao,nao,23.77,
AUTO-00621,2025-05-05,Uberlândia,MG,SKU8072,rolamento,B,119,92,5,"399,69",537.31,9.51,14.0,9,entregue,nao,sim,25.61,
AUTO-00622,09-18-2025,Campinas,SP,SKU4162,rolamnto,B,78,47,17,408.99,869.3,7.31,24.35,3,,nao,sim,52.95,
AUTO-00623,2025-04-08,São Paulo,SP,SKU1284,correiaa,A,77,97,11,191.51,316.09,7.61,174.43,5,procesado,nao,sim,39.41,
AUTO-00624,2025-10-13,Campinas,SP,SKU1165,outros,C,13,48,12,57.24,105.58,12.13,147.18,6,atrasado,sim,nao,45.79,
AUTO-00625,07-28-2025,Campinas,SP,SKU1898,rolamento,A,57,36,8,259.89,529.05,13.0,199.07,5,atrasado,sim,nao,50.88,
AUTO-00626,09/02/2025,Uberlândia,MG,SKU1800,rolamnto,C,94,77,8,357.87,569.7,17.94,60.84,4,procesado,sim,nao,37.18,
AUTO-00627,2025-06-04,Uberlândia,MG,SKU5740,correiaa,A,28,60,9,579.54,1367.99,16.73,93.6,11,entregue,nao,nao,57.64,
AUTO-00628,2025-08-26,Uberlândia,mg,SKU7274,correia,A,77,125,18,164.58,244.28,17.2,130.08,2,atrasado,nao,sim,32.63,
AUTO-00629,2025-06-28,São Paulo,SP,SKU6702,rolamnto,C,0,18,9,504.03,827.21,5.24,174.13,9,procesado,sim,sim,39.07,
AUTO-00630,2025-10-10,São Paulo,SP,SKU7465,correiaa,C,69,37,9,518.91,1193.34,11.44,24.67,8,entregue,sim,nao,56.52,
AUTO-00631,2025-01-10,Uberaba,MG,SKU5926,rolamnto,C,38,99,15,748.95,1164.11,10.24,176.26,3,,nao,sim,35.66,
AUTO-00632,25/04/2025,Uberaba,mg,SKU9803,rolamnto,C,0,0,18,323.59,550.81,17.74,25.84,10,procesado,nao,nao,41.25,
AUTO-00633,2025-07-06,Campinas,SP,SKU1194,correiaa,B,46,99,13,200.13,414.7,16.83,118.67,3,atrasado,nao,nao,51.74,
AUTO-00634,2025-01-11,Uberlândia,MG,SKU5396,rolamnto,B,0,85,16,"235,38",314.06,8.44,87.12,16,procesado,sim,nao,25.05,
AUTO-00635,14/07/2025,Uberlândia,MG,SKU6432,rolamnto,A,97,99,1,"419,3",839.71,19.33,59.23,8,atrasado,nao,nao,50.07,
AUTO-00636,01-20-2025,São Paulo,SP,SKU8254,correiaa,B,14,26,8,286.53,520.92,9.57,158.53,9,entregue,nao,sim,45.0,
AUTO-00637,2025-08-27,Campinas,sp,SKU7541,correiaa,B,26,70,15,790.69,1013.78,7.61,118.34,6,atrasado,nao,nao,22.01,
AUTO-00638,2025-05-21,Campinas,SP,SKU2755,rolamnto,B,8,80,4,534.64,1249.77,10.39,47.99,5,entregue,sim,sim,57.22,
AUTO-00639,2025-07-16,São Paulo,SP,SKU1774,rolamento,C,141,25,18,68.24,78.52,21.71,133.91,1,,nao,nao,13.09,
AUTO-00640,2025-07-30,Uberaba,MG,SKU1528,rolamnto,C,14,107,2,356.95,517.78,8.12,150.75,4,atrasado,sim,nao,31.06,
AUTO-00641,2025-10-20,Campinas,SP,SKU4767,rolamnto,A,50,72,2,684.56,986.96,21.1,80.92,8,entregue,sim,nao,30.64,
AUTO-00642,08-26-2025,São Paulo,SP,SKU7802,eixo,C,14,56,8,781.38,1301.61,21.53,120.16,8,entregue,nao,sim,39.97,
AUTO-00643,2025-02-27,São Paulo,SP,SKU3757,rolamento,B,65,100,16,"98,8",141.75,21.23,137.84,10,entregue,nao,sim,30.3,
AUTO-00644,2025-07-14,Uberlândia,MG,SKU7098,rolamnto,A,65,92,13,386.09,870.72,23.99,191.73,6,entregue,sim,sim,55.66,
AUTO-00645,2025-10-08,Uberlândia,MG,SKU8017,correiaa,B,15,53,16,67.01,79.97,13.89,72.49,11,entregue,nao,nao,16.21,
AUTO-00646,2025-09-19,Campinas,SP,SKU4258,rolamnto,C,111,107,8,407.9,508.65,22.67,66.12,3,atrasado,sim,sim,19.81,
AUTO-00647,2025-07-25,Uberlândia,MG,SKU9407,correia,C,53,140,1,565.78,729.26,19.55,20.29,12,atrasado,nao,nao,22.42,
AUTO-00648,2025-03-15,Uberaba,mg,SKU5066,rolamento,A,94,83,13,359.65,500.02,14.0,128.34,6,entregue,sim,sim,28.07,
AUTO-00649,2025-05-19,Uberaba,MG,SKU7193,rolamento,B,97,83,16,532.57,767.72,20.38,85.44,1,entregue,sim,nao,30.63,
AUTO-00650,21/04/2025,Uberaba,MG,SKU3830,correiaa,C,153,105,16,509.62,854.5,12.4,140.11,8,entregue,sim,nao,40.36,
AUTO-00651,2025-01-09,Campinas,SP,SKU6065,correiaa,C,66,68,9,432.67,487.72,12.97,195.95,7,atrasado,sim,nao,11.29,
AUTO-00652,10-06-2025,uberlândia,MG,SKU6631,correiaa,C,131,79,13,633.81,994.77,11.88,84.81,8,,nao,sim,36.29,
AUTO-00653,2025-06-13,Uberaba,MG,SKU1664,rolamnto,C,54,82,1,600.72,748.66,10.32,131.97,4,,sim,nao,19.76,
AUTO-00654,2025-10-26,Uberlândia,MG,SKU3612,rolamento,C,67,19,4,302.47,722.78,21.36,89.22,7,atrasado,nao,sim,58.15,
AUTO-00655,04/10/2025,Uberaba,MG,SKU1207,correiaa,B,78,104,1,"383,98",736.33,5.07,172.58,16,entregue,nao,sim,47.85,
AUTO-00656,2025-08-22,São Paulo,SP,SKU8851,rolamnto,B,151,126,4,"414,55",892.05,12.38,19.92,9,entregue,sim,nao,53.53,
AUTO-00657,2025-10-10,Uberaba,MG,SKU4484,engrenagem,C,124,88,14,710.72,1310.16,6.17,194.14,1,entregue,sim,nao,45.75,
AUTO-00658,24/06/2025,Uberlândia,MG,SKU8142,rolamnto,C,150,90,4,758.86,1172.52,15.92,31.78,6,atrasado,sim,sim,35.28,
AUTO-00659,10-23-2025,Campinas,SP,SKU6748,outros,C,20,9,7,700.85,1140.02,16.28,164.51,8,procesado,nao,sim,38.52,
AUTO-00660,2025-09-14,Uberaba,MG,SKU6347,correiaa,C,43,85,2,"164,09",206.58,11.4,44.4,3,atrasado,sim,sim,20.57,
AUTO-00661,2025-05-26,São Paulo,SP,SKU7856,eixo,B,73,17,17,236.67,430.58,11.75,13.86,9,entregue,sim,sim,45.03,
AUTO-00662,2025-07-08,Uberlândia,MG,SKU4193,correiaa,A,26,70,6,767.06,1730.1,6.5,73.52,5,procesado,sim,sim,55.66,
AUTO-00663,2025-08-13,Uberlândia,MG,SKU8100,eixo,B,0,71,12,500.94,1186.27,16.37,116.64,11,atrasado,sim,nao,57.77,
AUTO-00664,2025-07-08,Uberlândia,MG,SKU1918,rolamnto,C,138,0,7,"306,67",696.47,20.28,116.01,9,procesado,sim,nao,55.97,
AUTO-00665,03/03/2025,Campinas,sp,SKU7835,rolamnto,B,54,75,16,343.85,832.59,7.35,150.1,4,,sim,sim,58.7,
AUTO-00666,2025-10-26,Campinas,SP,SKU8458,engrenagem,C,70,107,11,106.77,220.62,23.6,141.27,14,,sim,sim,51.6,
AUTO-00667,03-18-2025,Campinas,SP,SKU7763,rolamnto,B,78,107,4,755.14,1349.72,14.81,182.03,10,,sim,nao,44.05,
AUTO-00668,2025-08-26,São Paulo,SP,SKU4780,rolamnto,B,69,24,13,615.38,1099.28,25.0,62.37,14,,nao,sim,44.02,
AUTO-00669,2025-03-11,São Paulo,SP,SKU6801,rolamnto,A,0,135,15,"659,18",1170.8,6.39,137.08,1,atrasado,nao,sim,43.7,
AUTO-00670,2025-02-14,São Paulo,SP,SKU7206,rolamnto,B,90,95,9,620.44,744.38,15.1,159.84,2,atrasado,sim,nao,16.65,
AUTO-00671,01-28-2025,Uberaba,MG,SKU5288,eixo,C,2,47,8,679.33,826.84,13.75,73.2,1,,nao,sim,17.84,
AUTO-00672,2025-02-01,Uberaba,MG,SKU3018,correia,B,45,141,7,"199,83",295.71,7.25,94.52,4,procesado,nao,nao,32.42,
AUTO-00673,2025-02-01,São Paulo,SP,SKU3033,correiaa,A,0,81,11,"569,08",1411.51,22.03,153.04,3,entregue,sim,nao,59.68,
AUTO-00674,data_invalida,São Paulo,SP,SKU4628,rolamnto,B,101,7,1,496.34,1232.63,10.6,181.49,9,atrasado,sim,nao,59.73,
AUTO-00675,2025-08-03,Campinas,SP,SKU4024,correiaa,C,92,21,10,603.38,803.59,24.52,165.89,3,atrasado,nao,nao,24.91,
AUTO-00676,2025-10-20,Uberaba,MG,SKU1161,rolamnto,C,0,71,16,765.67,1442.8,10.96,115.3,12,entregue,sim,sim,46.93,
AUTO-00677,2025-06-28,Uberaba,MG,SKU1924,correiaa,A,125,63,7,697.31,1098.19,9.01,103.45,3,,sim,sim,36.5,
AUTO-00678,2025-01-28,Campinas,SP,SKU3081,rolamnto,B,97,57,14,212.33,490.62,7.22,29.18,7,atrasado,nao,nao,56.72,
AUTO-00679,2025-02-07,Campinas,SP,SKU7229,rolamnto,B,47,117,4,328.99,646.89,10.84,27.84,4,entregue,nao,sim,49.14,
AUTO-00680,2025-02-21,São Paulo,SP,SKU3588,rolamnto,C,61,100,13,578.22,909.33,11.04,102.6,12,,nao,sim,36.41,
AUTO-00681,2025-04-11,Campinas,SP,SKU8998,correiaa,C,20,150,10,580.16,672.47,24.1,178.98,4,procesado,sim,sim,13.73,
AUTO-00682,2025-06-29,São Paulo,SP,SKU2400,rolamnto,C,120,80,8,56.81,75.48,9.79,193.75,14,procesado,sim,sim,24.74,
AUTO-00683,2025-01-17,Campinas,SP,SKU3232,engrenagem,B,0,94,14,188.67,384.65,18.04,141.33,1,atrasado,sim,nao,50.95,
AUTO-00684,03/05/2025,São Paulo,SP,SKU6397,correiaa,B,46,139,1,"530,98",921.49,15.66,145.41,6,,sim,nao,42.38,
AUTO-00685,2025-08-15,Campinas,SP,SKU9191,correiaa,C,114,128,2,"616,23",1097.24,18.62,83.49,11,procesado,sim,nao,43.84,
AUTO-00686,05-02-2025,Campinas,SP,SKU3355,correiaa,B,85,0,8,193.3,329.57,15.97,100.51,10,atrasado,sim,sim,41.35,
AUTO-00687,2025-01-22,São Paulo,SP,SKU6553,correiaa,A,89,123,16,609.16,1166.85,18.18,111.77,9,procesado,sim,nao,47.79,
AUTO-00688,10-11-2025,Uberaba,MG,SKU3750,correiaa,C,17,7,8,"648,57",1480.91,21.41,180.21,4,,sim,nao,56.2,
AUTO-00689,09/10/2025,São Paulo,SP,SKU8965,rolamento,A,134,125,1,350.15,529.21,23.84,47.34,14,,nao,nao,33.84,
AUTO-00690,2025-08-16,Campinas,SP,SKU4836,rolamento,C,44,63,8,435.28,642.03,14.95,68.88,19,,nao,sim,32.2,
AUTO-00691,2025-06-09,uberaba,MG,SKU8235,correiaa,A,38,42,13,"116,59",265.43,13.07,199.06,1,,sim,sim,56.08,
AUTO-00692,2025-02-26,uberaba,MG,SKU6581,eixo,C,154,102,6,691.83,822.65,24.29,159.45,10,,nao,nao,15.9,
AUTO-00693,2025-08-09,São Paulo,SP,SKU4654,correiaa,C,50,121,11,756.37,1487.74,7.18,157.86,11,,sim,nao,49.16,
AUTO-00694,2025-08-29,Uberaba,MG,SKU1927,correiaa,C,82,86,6,453.86,848.03,22.69,22.86,4,entregue,nao,nao,46.48,
AUTO-00695,2025-02-07,Campinas,SP,SKU3382,correiaa,C,0,41,8,40.76,60.22,13.77,109.24,10,procesado,sim,nao,32.31,
AUTO-00696,2025-09-15,Uberlândia,MG,SKU6661,correiaa,C,106,45,8,312.93,345.76,17.26,196.87,1,procesado,sim,nao,9.5,
AUTO-00697,2025-10-04,Uberaba,MG,SKU1921,rolamento,C,67,138,1,509.31,838.03,15.93,25.55,3,procesado,sim,sim,39.23,
AUTO-00698,2025-08-28,Uberaba,MG,SKU3956,rolamnto,C,40,64,14,"21,91",49.35,18.77,42.48,6,atrasado,nao,sim,55.6,
AUTO-00699,2025-01-07,Uberlândia,MG,SKU7244,correiaa,B,186,123,14,148.99,168.09,14.59,111.95,11,,nao,sim,11.36,
AUTO-00700,2025-05-08,Campinas,SP,SKU5764,correiaa,C,141,151,19,310.16,661.48,16.11,17.48,3,,nao,sim,53.11,
AUTO-00701,2025-07-14,Uberaba,MG,SKU7725,rolamnto,A,0,47,15,"441,54",971.08,9.25,154.04,10,entregue,sim,sim,54.53,
AUTO-00702,2025-06-22,São Paulo,sp,SKU5770,rolamnto,C,54,89,9,139.32,245.52,5.45,164.98,6,entregue,nao,nao,43.26,
AUTO-00703,2025-07-02,São Paulo,SP,SKU4699,correiaa,B,51,83,23,523.18,737.82,14.57,158.0,1,atrasado,sim,sim,29.09,
AUTO-00704,2025-02-10,Campinas,SP,SKU3541,correiaa,C,0,45,10,605.43,1382.36,21.32,51.25,7,entregue,nao,nao,56.2,
AUTO-00705,07-14-2025,uberaba,MG,SKU3093,rolamnto,B,162,111,11,689.44,1710.21,10.82,13.05,7,,nao,sim,59.69,
AUTO-00706,2025-03-18,São Paulo,SP,SKU3920,rolamento,C,0,92,7,"635,12",1141.57,10.86,79.89,14,,nao,nao,44.36,
AUTO-00707,30/03/2025,uberaba,MG,SKU2441,engrenagem,B,12,0,6,427.64,635.23,19.06,177.42,5,,nao,nao,32.68,
AUTO-00708,2025-10-04,Uberaba,MG,SKU6192,rolamnto,C,101,0,7,"658,35",1138.09,10.8,198.05,5,,sim,nao,42.15,
AUTO-00709,2025-09-17,São Paulo,SP,SKU4633,correia,B,157,77,10,"209,39",298.46,18.66,40.3,12,procesado,nao,nao,29.84,
AUTO-00710,2025-04-05,São Paulo,SP,SKU4436,correiaa,B,9,121,4,366.44,871.08,15.65,24.21,11,atrasado,nao,sim,57.93,
AUTO-00711,2025-01-01,São Paulo,SP,SKU4243,rolamnto,B,0,83,9,347.49,724.28,11.91,21.61,6,procesado,sim,sim,52.02,
AUTO-00712,2025-03-08,Uberaba,MG,SKU4989,rolamnto,A,0,27,7,99.03,167.53,7.49,36.44,7,atrasado,nao,nao,40.89,
AUTO-00713,2025-01-03,Uberaba,mg,SKU6099,rolamnto,C,21,40,8,758.26,1776.66,17.94,68.51,11,,nao,nao,57.32,
AUTO-00714,21/03/2025,Campinas,SP,SKU1915,correiaa,C,47,99,9,"708,57",1077.18,17.03,166.65,6,procesado,sim,sim,34.22,
AUTO-00715,2025-07-25,São Paulo,SP,SKU2884,correiaa,C,56,82,8,331.27,581.69,5.82,21.96,7,procesado,sim,sim,43.05,
AUTO-00716,data_invalida,São Paulo,sp,SKU9911,rolamnto,C,6,138,13,"281,7",485.38,11.03,75.28,1,procesado,sim,sim,41.96,
AUTO-00717,07-22-2025,Uberlândia,MG,SKU5462,rolamento,C,19,110,2,"34,2",70.02,24.02,143.49,5,entregue,sim,nao,51.16,
AUTO-00718,data_invalida,Uberaba,MG,SKU8361,rolamnto,A,42,59,14,794.31,1516.85,11.77,61.0,5,,sim,sim,47.63,
AUTO-00719,2025-10-25,Campinas,SP,SKU2430,rolamnto,C,122,30,14,243.81,548.55,17.82,25.66,1,procesado,nao,sim,55.55,
AUTO-00720,2025-05-05,Uberaba,MG,SKU5775,rolamnto,B,67,143,6,"241,2",556.19,13.11,181.29,9,entregue,sim,sim,56.63,
AUTO-00721,02/10/2025,Uberlândia,MG,SKU8655,rolamnto,C,28,85,13,614.15,1056.07,16.77,55.93,10,,nao,nao,41.85,
AUTO-00722,data_invalida,Uberaba,MG,SKU8650,rolamnto,B,84,170,10,657.3,1129.74,14.69,25.46,1,procesado,nao,sim,41.82,
AUTO-00723,03/01/2025,Uberlândia,MG,SKU4100,rolamnto,B,26,124,15,669.75,759.15,10.41,79.8,12,entregue,nao,sim,11.78,
AUTO-00724,2025-06-05,campinas,SP,SKU4783,correiaa,C,3,122,8,"50,11",92.19,10.22,152.45,9,procesado,sim,nao,45.64,
AUTO-00725,2025-06-03,Uberlândia,MG,SKU2853,rolamnto,A,67,72,11,297.42,662.6,12.14,58.77,10,entregue,nao,nao,55.11,
AUTO-00726,2025-03-29,Uberlândia,mg,SKU5378,rolamento,B,30,104,1,694.54,1400.83,12.75,140.55,1,,nao,nao,50.42,
AUTO-00727,2025-07-19,Campinas,SP,SKU4648,engrenagem,B,47,75,15,605.03,711.89,23.38,105.98,9,entregue,sim,sim,15.01,
AUTO-00728,2025-01-16,Uberlândia,MG,SKU9825,correia,C,0,168,9,797.95,1171.39,23.08,130.2,14,procesado,sim,nao,31.88,
AUTO-00729,05/06/2025,Uberlândia,mg,SKU5577,correia,C,35,33,6,"314,44",394.27,13.63,40.3,12,entregue,sim,sim,20.25,
AUTO-00730,2025-01-06,Uberaba,MG,SKU1375,correia,B,0,51,13,589.07,1207.69,21.54,154.48,10,,nao,sim,51.22,
AUTO-00731,2025-08-21,Uberlândia,mg,SKU1468,correiaa,C,62,63,14,560.77,639.42,17.9,150.0,4,entregue,sim,sim,12.3,
AUTO-00732,2025-06-07,Uberaba,MG,SKU1737,rolamnto,B,94,87,8,518.03,910.1,14.79,123.24,7,,nao,sim,43.08,
AUTO-00733,2025-10-12,São Paulo,SP,SKU3783,rolamnto,B,96,119,15,45.09,102.78,14.07,61.14,5,procesado,nao,sim,56.13,
AUTO-00734,2025-08-29,Campinas,SP,SKU4470,correiaa,B,0,82,13,601.72,1476.88,19.92,79.8,10,,sim,sim,59.26,
AUTO-00735,data_invalida,Uberaba,MG,SKU4569,rolamnto,C,74,117,6,381.96,954.62,15.78,130.4,9,entregue,sim,sim,59.99,
AUTO-00736,2025-07-13,Campinas,SP,SKU5317,correiaa,A,24,115,1,443.19,522.2,10.48,21.97,6,,nao,nao,15.13,
AUTO-00737,2025-04-08,Uberlândia,MG,SKU9289,eixo,C,85,97,14,"30,71",46.59,5.98,196.42,4,,sim,nao,34.08,
AUTO-00738,04/08/2025,uberaba,MG,SKU8576,engrenagem,C,74,94,16,686.02,1670.24,13.19,24.51,7,,sim,nao,58.93,
AUTO-00739,05-31-2025,São Paulo,SP,SKU7285,rolamento,C,124,49,8,580.15,1339.98,6.46,114.99,1,procesado,nao,nao,56.7,
AUTO-00740,2025-09-21,São Paulo,SP,SKU3126,correiaa,C,50,110,14,592.88,1146.18,5.83,145.54,6,atrasado,nao,sim,48.27,
AUTO-00741,2025-02-13,Campinas,SP,SKU9247,eixo,A,88,89,11,146.06,164.84,10.28,153.82,6,,sim,nao,11.39,
AUTO-00742,2025-03-28,São Paulo,SP,SKU3115,rolamnto,B,2,93,6,"303,78",453.2,24.42,90.11,8,entregue,nao,nao,32.97,
AUTO-00743,07-04-2025,São Paulo,sp,SKU9027,correiaa,C,41,59,9,335.33,546.23,20.86,169.87,2,atrasado,sim,nao,38.61,
AUTO-00744,2025-04-18,Uberlândia,MG,SKU1982,correiaa,B,0,95,12,217.95,265.25,5.5,94.23,7,,sim,nao,17.83,
AUTO-00745,2025-09-03,Uberlândia,MG,SKU6859,rolamnto,B,31,94,5,703.68,1551.17,23.3,36.22,8,atrasado,nao,nao,54.64,
AUTO-00746,2025-03-30,uberaba,MG,SKU6966,correiaa,A,77,112,16,"405,85",584.92,12.89,57.14,10,atrasado,sim,sim,30.61,
AUTO-00747,2025-04-24,Uberlândia,MG,SKU5489,correiaa,C,79,98,8,72.8,98.41,17.23,47.54,5,entregue,sim,sim,26.02,
AUTO-00748,2025-03-29,Uberlândia,MG,SKU2019,eixo,C,60,70,8,333.42,513.94,7.51,192.42,7,,sim,nao,35.12,
AUTO-00749,2025-09-22,São Paulo,SP,SKU9887,rolamnto,B,89,120,10,"183,85",246.78,19.56,154.75,13,,nao,nao,25.5,
AUTO-00750,2025-07-08,campinas,SP,SKU6254,outros,C,87,157,1,393.64,955.06,13.13,197.04,7,atrasado,sim,sim,58.78,
AUTO-00751,28/06/2025,Campinas,SP,SKU1046,correiaa,C,0,117,15,255.24,340.38,8.64,145.92,3,atrasado,sim,sim,25.01,
AUTO-00752,18/03/2025,Campinas,sp,SKU3781,engrenagem,A,44,81,12,167.31,330.09,14.46,20.45,11,entregue,nao,nao,49.31,
AUTO-00753,2025-08-21,Campinas,SP,SKU8223,eixo,C,23,77,13,80.36,149.44,6.61,62.86,10,entregue,nao,nao,46.23,
AUTO-00754,2025-08-14,Campinas,SP,SKU9958,outros,A,57,45,8,229.08,460.9,5.92,87.29,8,,nao,sim,50.3,
AUTO-00755,2025-03-30,Uberlândia,MG,SKU7687,rolamnto,B,119,111,1,600.55,1195.28,10.7,152.13,2,,sim,sim,49.76,
AUTO-00756,2025-03-08,Uberlândia,MG,SKU4148,rolamento,A,55,39,9,768.67,1500.1,15.33,38.02,11,,nao,nao,48.76,
AUTO-00757,2025-08-25,Uberlândia,MG,SKU5473,correiaa,C,53,133,17,640.05,1590.16,9.73,96.36,9,,nao,nao,59.75,
AUTO-00758,24/06/2025,Uberaba,MG,SKU5647,correia,C,69,128,13,"29,8",52.47,8.81,173.78,1,atrasado,nao,sim,43.21,
AUTO-00759,2025-01-09,São Paulo,SP,SKU7557,correiaa,C,86,128,10,631.59,977.16,11.45,169.99,8,,sim,sim,35.36,
AUTO-00760,07/05/2025,Uberlândia,MG,SKU3805,eixo,B,94,73,9,509.55,766.11,12.16,97.11,3,procesado,sim,nao,33.49,
AUTO-00761,data_invalida,Uberlândia,MG,SKU5705,rolamnto,A,0,1,7,"698,43",1257.45,12.62,50.96,14,entregue,sim,nao,44.46,
AUTO-00762,2025-09-20,campinas,SP,SKU7039,correia,A,101,115,16,"664,89",921.3,15.59,86.19,2,entregue,sim,nao,27.83,
AUTO-00763,2025-04-08,São Paulo,SP,SKU2506,rolamnto,B,0,80,20,359.32,821.66,18.6,180.56,2,entregue,sim,sim,56.27,
AUTO-00764,08-24-2025,uberaba,MG,SKU1539,correiaa,B,29,125,10,667.81,1596.41,12.38,71.62,13,procesado,sim,nao,58.17,
AUTO-00765,2025-10-16,Uberlândia,MG,SKU3349,rolamnto,C,30,117,17,699.53,841.91,23.99,185.91,10,entregue,sim,nao,16.91,
AUTO-00766,25/10/2025,Uberaba,MG,SKU1833,correiaa,B,40,64,3,39.85,82.55,11.9,104.22,5,atrasado,sim,nao,51.73,
AUTO-00767,02-25-2025,Uberaba,MG,SKU1747,rolamnto,C,99,53,21,"309,08",748.98,11.38,73.87,5,atrasado,sim,sim,58.73,
AUTO-00768,2025-03-11,campinas,SP,SKU6184,correiaa,C,0,87,1,295.75,525.19,7.63,57.85,8,,sim,sim,43.69,
AUTO-00769,2025-05-16,Uberlândia,MG,SKU8524,rolamnto,B,27,31,8,466.42,1132.48,19.05,28.05,9,,sim,sim,58.81,
AUTO-00770,2025-05-09,Uberlândia,MG,SKU8276,correiaa,B,29,137,13,549.58,749.71,18.63,14.36,9,entregue,sim,sim,26.69,
AUTO-00771,15/01/2025,Uberaba,MG,SKU4720,correiaa,C,83,9,1,438.17,488.39,17.53,141.68,8,entregue,nao,sim,10.28,
AUTO-00772,2025-02-19,uberaba,mg,SKU5210,rolamnto,A,138,21,8,"52,94",106.05,21.96,97.53,1,,nao,nao,50.08,
AUTO-00773,2025-03-10,Uberlândia,mg,SKU6515,correiaa,C,105,0,7,"709,67",906.31,24.29,13.7,16,procesado,nao,sim,21.7,
AUTO-00774,2025-07-17,Uberlândia,MG,SKU9453,rolamnto,C,157,50,13,"623,11",1356.55,12.87,73.63,1,,sim,sim,54.07,
AUTO-00775,03-21-2025,Uberlândia,MG,SKU8977,rolamnto,A,124,83,3,558.89,619.76,21.19,93.7,3,procesado,nao,nao,9.82,
AUTO-00776,2025-01-13,Uberaba,MG,SKU5196,rolamento,A,28,47,13,235.59,526.35,15.25,154.67,5,,sim,nao,55.24,
AUTO-00777,2025-01-14,Campinas,SP,SKU4905,correia,A,94,57,16,619.09,1130.75,21.88,49.01,3,entregue,nao,sim,45.25,
AUTO-00778,2025-06-23,Uberaba,mg,SKU2282,correiaa,B,122,37,11,648.75,833.09,7.47,75.1,9,,sim,sim,22.13,
AUTO-00779,data_invalida,Campinas,SP,SKU9117,correia,A,0,105,9,723.04,1471.84,7.76,110.97,5,entregue,nao,nao,50.88,
AUTO-00780,2025-10-21,São Paulo,SP,SKU7589,correiaa,B,98,77,11,780.78,1016.79,11.75,28.67,10,procesado,nao,sim,23.21,
AUTO-00781,2025-08-02,São Paulo,SP,SKU1574,correia,A,43,73,9,360.9,401.24,7.26,155.46,5,,nao,nao,10.05,
AUTO-00782,2025-07-13,Campinas,SP,SKU7071,correiaa,B,35,136,7,159.65,270.56,21.38,84.2,1,procesado,sim,sim,40.99,
AUTO-00783,2025-08-05,Campinas,SP,SKU8390,correiaa,A,150,53,10,545.47,1260.88,7.63,144.87,11,atrasado,nao,sim,56.74,
AUTO-00784,2025-05-09,Uberlândia,MG,SKU7410,correiaa,C,53,80,10,58.48,73.79,7.01,190.47,6,entregue,sim,sim,20.75,
AUTO-00785,2025-08-24,Campinas,SP,SKU6416,rolamento,A,37,106,10,588.96,1321.5,14.14,59.72,13,procesado,sim,sim,55.43,
AUTO-00786,2025-06-12,Uberlândia,MG,SKU2753,eixo,A,15,132,8,793.97,1738.88,18.01,181.05,8,,nao,nao,54.34,
AUTO-00787,10-02-2025,são paulo,SP,SKU8838,rolamnto,C,109,131,16,21.47,51.95,9.22,64.92,7,atrasado,nao,nao,58.67,
AUTO-00788,2025-10-22,Campinas,SP,SKU3987,rolamnto,C,42,48,9,"664,02",1390.31,15.03,105.17,5,atrasado,sim,nao,52.24,
AUTO-00789,02-09-2025,Campinas,SP,SKU1665,correiaa,C,101,122,10,762.22,866.05,18.45,185.63,7,atrasado,nao,nao,11.99,
AUTO-00790,2025-05-17,São Paulo,SP,SKU5370,rolamento,C,68,116,11,448.47,630.72,11.52,167.6,11,procesado,nao,sim,28.9,
AUTO-00791,2025-02-05,Uberlândia,MG,SKU6324,correiaa,C,102,57,4,278.05,618.07,6.73,66.94,13,atrasado,nao,nao,55.01,
AUTO-00792,2025-09-01,São Paulo,SP,SKU8303,eixo,A,76,52,16,572.96,730.24,9.51,89.63,10,atrasado,sim,nao,21.54,
AUTO-00793,data_invalida,São Paulo,sp,SKU9794,rolamnto,B,38,78,13,709.15,936.6,11.68,98.63,5,procesado,sim,nao,24.28,
AUTO-00794,2025-01-01,Uberaba,MG,SKU2222,correiaa,A,100,73,15,"784,62",1313.78,7.73,29.61,5,,sim,nao,40.28,
AUTO-00795,15/01/2025,uberaba,MG,SKU9425,engrenagem,B,138,95,9,742.8,1690.45,14.1,23.99,12,procesado,nao,sim,56.06,
AUTO-00796,2025-04-16,Uberlândia,MG,SKU6015,rolamnto,B,88,60,10,478.88,822.78,24.04,196.86,11,,sim,nao,41.8,
AUTO-00797,2025-09-11,Uberaba,MG,SKU9265,correiaa,A,38,53,12,418.05,720.58,24.68,108.34,16,,nao,sim,41.98,
AUTO-00798,10-08-2025,São Paulo,SP,SKU7855,correiaa,C,91,77,13,311.51,636.53,19.96,149.93,11,procesado,sim,sim,51.06,
AUTO-00799,2025-05-14,Uberlândia,MG,SKU3728,rolamnto,A,20,121,16,344.64,518.73,24.71,78.83,1,,nao,sim,33.56,
AUTO-00800,2025-02-06,Uberaba,MG,SKU8374,rolamnto,B,117,50,9,"516,37",1036.41,13.96,145.96,16,,nao,sim,50.18,
AUTO-00801,2025-03-19,Uberlândia,MG,SKU6908,engrenagem,C,46,7,5,223.28,361.17,20.75,179.23,2,,sim,sim,38.18,
AUTO-00802,20/06/2025,Uberlândia,MG,SKU5367,outros,B,83,67,19,"115,28",143.19,18.39,90.39,12,,nao,nao,19.49,
AUTO-00803,data_invalida,Uberaba,MG,SKU5012,outros,A,32,59,1,407.22,675.32,11.38,56.17,12,procesado,nao,sim,39.7,
AUTO-00804,2025-05-29,São Paulo,SP,SKU7328,rolamento,C,73,64,12,745.18,1464.12,8.41,105.99,9,atrasado,sim,nao,49.1,
AUTO-00805,2025-02-22,São Paulo,SP,SKU3667,engrenagem,A,55,223,9,682.05,777.95,6.64,88.25,7,,sim,nao,12.33,
AUTO-00806,2025-03-07,São Paulo,SP,SKU8350,rolamnto,C,121,141,1,523.94,1275.27,6.13,81.27,6,procesado,sim,sim,58.92,
AUTO-00807,03-04-2025,Uberlândia,MG,SKU3932,correiaa,A,50,27,4,"682,49",1010.95,11.85,32.04,5,procesado,nao,sim,32.49,
AUTO-00808,2025-03-02,Uberaba,MG,SKU1592,correiaa,A,67,43,14,700.05,1639.37,17.78,114.06,10,atrasado,sim,sim,57.3,
AUTO-00809,09-14-2025,são paulo,SP,SKU3234,correia,C,23,116,4,298.4,643.75,20.2,164.05,4,procesado,sim,nao,53.65,
AUTO-00810,2025-01-13,são paulo,SP,SKU1091,outros,C,0,43,8,50.47,113.05,21.67,134.6,2,atrasado,nao,nao,55.36,
AUTO-00811,2025-05-26,Campinas,SP,SKU6204,rolamnto,A,64,54,12,"491,2",1036.38,12.36,77.9,3,procesado,sim,sim,52.6,
AUTO-00812,10-01-2025,Uberaba,MG,SKU8177,rolamnto,C,17,0,11,173.34,257.69,11.21,132.99,7,procesado,sim,nao,32.73,
AUTO-00813,2025-04-05,campinas,SP,SKU4184,rolamnto,C,64,20,11,242.01,293.02,23.32,12.68,10,procesado,sim,sim,17.41,
AUTO-00814,2025-04-02,Campinas,SP,SKU2159,rolamnto,C,0,91,18,"162,57",362.67,7.26,126.55,4,entregue,sim,sim,55.17,
AUTO-00815,27/02/2025,Uberlândia,MG,SKU4323,rolamnto,B,116,4,17,"176,84",341.22,11.43,160.84,7,atrasado,nao,nao,48.17,
AUTO-00816,05-20-2025,Uberaba,mg,SKU2522,rolamnto,B,88,97,14,578.94,1265.44,13.17,188.49,7,atrasado,sim,nao,54.25,
AUTO-00817,2025-08-28,uberlândia,MG,SKU3522,correiaa,A,77,85,10,497.27,953.3,8.55,32.63,10,atrasado,nao,nao,47.84,
AUTO-00818,2025-03-22,Uberlândia,MG,SKU5898,correiaa,A,51,98,6,342.03,437.27,15.5,123.12,10,entregue,sim,nao,21.78,
AUTO-00819,2025-01-14,Uberaba,MG,SKU2655,rolamnto,C,140,103,7,"794,91",1587.69,21.17,112.83,12,procesado,nao,nao,49.93,
AUTO-00820,2025-07-17,Uberlândia,MG,SKU7837,rolamento,B,71,137,1,610.55,1122.44,6.42,146.87,4,atrasado,nao,sim,45.61,
AUTO-00821,2025-08-16,Uberlândia,MG,SKU3834,rolamento,C,45,80,9,652.59,1612.19,17.17,185.88,12,atrasado,nao,nao,59.52,
AUTO-00822,2025-03-16,São Paulo,SP,SKU7164,outros,C,67,40,13,767.75,1714.47,17.55,98.36,7,,sim,sim,55.22,
AUTO-00823,2025-04-04,Campinas,SP,SKU9542,correiaa,C,146,25,12,106.82,168.27,6.11,64.35,10,,sim,sim,36.52,
AUTO-00824,2025-07-31,uberaba,MG,SKU4917,correiaa,B,174,39,6,73.61,90.76,18.12,76.1,7,,sim,nao,18.9,
AUTO-00825,2025-03-22,Uberaba,MG,SKU2380,rolamnto,A,99,120,10,271.71,462.38,8.77,56.65,8,entregue,nao,sim,41.24,
AUTO-00826,2025-08-20,São Paulo,SP,SKU1622,rolamento,A,99,58,15,"379,65",488.05,17.44,59.58,7,entregue,nao,sim,22.21,
AUTO-00827,2025-08-13,São Paulo,SP,SKU5893,correiaa,C,117,92,7,"633,83",721.77,23.74,34.63,9,entregue,sim,nao,12.18,
AUTO-00828,2025-04-06,Uberaba,MG,SKU5427,rolamnto,C,119,103,13,602.0,952.95,21.16,175.93,1,atrasado,sim,sim,36.83,
AUTO-00829,2025-06-12,Uberlândia,MG,SKU2496,rolamnto,C,0,111,10,269.37,328.88,20.84,120.85,11,atrasado,sim,sim,18.09,
AUTO-00830,2025-02-08,Uberaba,MG,SKU6656,correia,C,17,146,9,787.51,1775.7,16.46,58.84,7,,sim,sim,55.65,
AUTO-00831,2025-06-12,Uberlândia,MG,SKU9195,rolamento,C,69,85,10,769.88,1057.63,18.58,158.43,1,atrasado,sim,nao,27.21,
AUTO-00832,2025-01-18,São Paulo,sp,SKU3874,engrenagem,A,84,50,9,106.41,117.49,16.72,59.27,2,,nao,sim,9.43,
AUTO-00833,26/10/2025,Uberaba,mg,SKU3031,rolamnto,B,0,10,15,522.45,1121.28,7.27,82.98,8,atrasado,sim,sim,53.41,
AUTO-00834,2025-06-13,Uberlândia,MG,SKU9143,correiaa,C,37,52,15,736.33,1420.23,23.99,78.8,7,atrasado,sim,sim,48.15,
AUTO-00835,2025-06-06,Uberaba,MG,SKU7040,correiaa,C,43,28,13,"722,35",1680.96,10.09,175.8,7,,nao,nao,57.03,
AUTO-00836,05-14-2025,Campinas,SP,SKU6625,rolamnto,A,125,76,9,646.32,1534.42,19.61,154.88,10,atrasado,sim,sim,57.88,
AUTO-00837,03/05/2025,Uberaba,MG,SKU1969,correiaa,A,119,89,4,"660,95",1289.96,7.79,172.41,5,procesado,nao,sim,48.76,
AUTO-00838,2025-03-14,São Paulo,SP,SKU8923,correiaa,A,0,144,12,"315,48",612.92,7.37,46.98,2,procesado,nao,sim,48.53,
AUTO-00839,2025-02-21,Uberlândia,MG,SKU5191,rolamnto,B,78,72,11,61.37,145.87,20.64,38.34,7,entregue,nao,sim,57.93,
AUTO-00840,2025-08-27,Uberaba,MG,SKU2178,outros,C,88,84,3,474.93,902.98,11.63,104.34,8,procesado,sim,sim,47.4,
AUTO-00841,2025-10-16,São Paulo,SP,SKU5602,correia,C,96,111,17,273.69,442.5,8.98,33.67,6,,nao,sim,38.15,
AUTO-00842,2025-01-04,campinas,SP,SKU4518,outros,B,0,100,18,74.72,87.9,12.5,185.42,9,atrasado,nao,nao,14.99,
AUTO-00843,2025-04-11,Campinas,SP,SKU2944,correiaa,A,129,98,16,573.81,1200.59,17.51,147.87,8,procesado,nao,nao,52.21,
AUTO-00844,2025-05-29,São Paulo,SP,SKU8774,engrenagem,B,108,61,4,192.0,330.12,6.27,33.74,10,procesado,nao,sim,41.84,
AUTO-00845,02-27-2025,Uberlândia,MG,SKU7203,correiaa,B,117,163,8,469.62,683.11,17.04,150.67,1,procesado,sim,nao,31.25,
AUTO-00846,2025-06-16,Uberaba,MG,SKU1976,rolamnto,B,148,49,1,359.88,874.69,15.77,60.48,8,procesado,nao,nao,58.86,
AUTO-00847,2025-01-17,São Paulo,SP,SKU1886,rolamnto,C,131,110,7,"159,79",188.98,12.41,103.53,8,,sim,nao,15.45,
AUTO-00848,2025-06-24,Campinas,SP,SKU9765,rolamnto,A,63,13,12,477.76,1003.6,16.59,191.45,10,atrasado,nao,sim,52.4,
AUTO-00849,2025-10-13,São Paulo,SP,SKU9174,correiaa,B,96,48,10,422.54,874.48,10.87,92.87,9,,sim,nao,51.68,
AUTO-00850,2025-10-02,Uberaba,MG,SKU8050,rolamnto,A,0,88,4,784.86,1834.36,16.68,172.01,1,procesado,sim,nao,57.21,
AUTO-00851,2025-09-11,Uberlândia,MG,SKU8072,correiaa,B,64,83,11,553.06,827.0,5.49,133.21,11,,nao,sim,33.12,
AUTO-00852,02-07-2025,uberlândia,MG,SKU9226,correiaa,B,0,13,5,549.77,1160.13,21.54,194.43,11,entregue,sim,nao,52.61,
AUTO-00853,06-03-2025,São Paulo,SP,SKU1580,correiaa,C,80,48,11,640.4,1581.38,14.94,158.16,5,,nao,sim,59.5,
AUTO-00854,2025-09-19,Uberaba,MG,SKU2091,rolamento,B,107,63,12,563.32,1303.6,13.97,86.3,5,,sim,nao,56.79,
AUTO-00855,2025-10-07,Uberlândia,MG,SKU4453,correiaa,C,52,71,12,784.58,1783.49,17.07,128.38,5,entregue,nao,nao,56.01,
AUTO-00856,2025-03-14,Uberaba,MG,SKU9274,correiaa,A,91,111,7,525.86,943.56,13.06,167.24,6,entregue,sim,nao,44.27,
AUTO-00857,08/06/2025,Uberaba,MG,SKU9115,rolamnto,B,0,86,18,744.73,1686.21,12.62,69.25,8,procesado,sim,nao,55.83,
AUTO-00858,2025-04-08,São Paulo,SP,SKU3461,rolamnto,C,85,69,1,428.04,972.8,10.83,137.62,2,,sim,nao,56.0,
AUTO-00859,09/08/2025,Uberlândia,MG,SKU7572,rolamento,C,0,72,12,255.53,563.75,10.62,118.77,7,procesado,sim,nao,54.67,
AUTO-00860,data_invalida,Uberlândia,MG,SKU9942,outros,C,147,104,13,96.98,109.43,18.67,12.65,3,,sim,sim,11.38,
AUTO-00861,2025-05-20,Uberlândia,MG,SKU7838,outros,B,22,139,11,"151,84",326.29,20.29,68.96,6,procesado,sim,sim,53.46,
AUTO-00862,2025-05-09,Uberlândia,MG,SKU5200,rolamnto,B,72,58,6,503.98,640.99,18.84,198.16,2,atrasado,nao,nao,21.37,
AUTO-00863,data_invalida,Uberaba,MG,SKU1428,correia,A,103,127,4,756.04,1368.75,19.38,92.55,5,,sim,nao,44.76,
AUTO-00864,2025-06-29,Uberaba,MG,SKU3254,correia,B,86,55,21,141.15,242.83,18.14,113.41,9,atrasado,nao,sim,41.87,
AUTO-00865,2025-09-14,Uberlândia,MG,SKU2354,engrenagem,C,14,42,6,548.94,779.37,18.94,156.12,7,procesado,nao,sim,29.57,
AUTO-00866,2025-10-20,Uberaba,MG,SKU7922,rolamnto,A,102,122,10,587.09,996.86,5.79,38.43,4,procesado,sim,nao,41.11,
AUTO-00867,02-10-2025,Uberaba,MG,SKU2855,rolamnto,A,16,75,13,511.15,725.66,19.94,65.46,3,atrasado,nao,sim,29.56,
AUTO-00868,11/04/2025,São Paulo,SP,SKU1368,rolamnto,B,24,56,3,"650,62",1080.05,21.96,101.25,7,atrasado,nao,sim,39.76,
AUTO-00869,2025-09-21,Uberaba,MG,SKU7320,engrenagem,C,37,36,5,715.23,1722.92,10.99,179.81,1,entregue,nao,nao,58.49,
AUTO-00870,2025-09-05,Uberaba,MG,SKU8832,rolamnto,C,0,84,10,503.25,1168.24,16.98,55.38,7,entregue,sim,nao,56.92,
AUTO-00871,2025-01-15,São Paulo,SP,SKU9705,rolamnto,C,67,127,13,"139,03",214.92,12.41,186.45,15,,nao,sim,35.31,
AUTO-00872,2025-08-05,Uberlândia,MG,SKU1210,rolamento,C,88,39,7,"40,32",46.2,5.96,101.16,3,atrasado,sim,nao,12.73,
AUTO-00873,11/01/2025,Uberaba,MG,SKU6275,correiaa,B,90,85,6,278.43,363.84,11.15,151.43,8,atrasado,sim,nao,23.47,
AUTO-00874,2025-10-15,Campinas,SP,SKU7051,correiaa,C,61,61,9,651.23,844.13,23.04,16.43,11,atrasado,sim,nao,22.85,
AUTO-00875,2025-06-29,São Paulo,sp,SKU2465,correiaa,C,80,41,18,"604,49",688.94,24.99,163.09,6,atrasado,sim,sim,12.26,
AUTO-00876,2025-05-07,Uberaba,MG,SKU9260,rolamnto,C,57,106,4,153.43,192.35,20.03,125.44,9,atrasado,sim,nao,20.23,
AUTO-00877,2025-07-25,São Paulo,SP,SKU1418,rolamnto,A,0,150,11,421.4,1048.94,12.88,37.59,4,atrasado,sim,sim,59.83,
AUTO-00878,09/10/2025,Campinas,SP,SKU9430,outros,A,64,7,12,526.53,1118.96,16.82,71.19,6,atrasado,nao,sim,52.94,
AUTO-00879,2025-03-31,uberaba,MG,SKU3079,rolamnto,B,37,74,8,"710,04",1199.81,11.52,119.91,9,procesado,nao,nao,40.82,
AUTO-00880,2025-05-08,Uberaba,MG,SKU3155,rolamnto,C,45,76,1,419.87,514.98,8.06,185.56,3,atrasado,sim,sim,18.47,
AUTO-00881,2025-07-13,Uberaba,MG,SKU9132,rolamento,C,53,93,7,242.5,411.61,5.53,145.1,12,atrasado,nao,nao,41.09,
AUTO-00882,2025-10-10,Uberlândia,MG,SKU2786,correiaa,B,79,33,4,191.82,473.07,22.26,179.72,8,procesado,nao,nao,59.45,
AUTO-00883,2025-04-11,São Paulo,SP,SKU9903,correiaa,B,0,128,9,"329,5",375.87,18.56,106.74,12,,sim,nao,12.34,
AUTO-00884,2025-06-14,Uberlândia,MG,SKU1673,correiaa,C,13,49,7,20.0,39.22,22.72,158.9,9,atrasado,nao,nao,49.01,
AUTO-00885,2025-07-03,Uberaba,MG,SKU3610,correiaa,C,30,100,1,799.0,1151.79,20.23,169.52,8,procesado,nao,nao,30.63,
AUTO-00886,2025-10-01,São Paulo,SP,SKU2261,rolamnto,A,105,48,13,444.58,886.45,12.13,182.84,11,,nao,sim,49.85,
AUTO-00887,2025-03-13,Uberlândia,MG,SKU1642,correiaa,B,116,118,1,434.57,862.4,15.53,192.68,6,,sim,sim,49.61,
AUTO-00888,2025-07-21,Campinas,SP,SKU1350,rolamnto,C,36,80,15,"614,87",1320.32,21.27,57.44,5,procesado,nao,sim,53.43,
AUTO-00889,2025-09-03,São Paulo,SP,SKU4955,eixo,A,91,46,10,186.92,381.18,18.33,49.17,1,entregue,sim,nao,50.96,
AUTO-00890,14/02/2025,São Paulo,SP,SKU4958,outros,B,62,160,17,648.75,1087.24,20.25,135.07,6,entregue,sim,sim,40.33,
AUTO-00891,2025-08-01,Uberlândia,mg,SKU5424,eixo,B,87,69,10,574.38,1163.04,6.37,29.26,1,,nao,nao,50.61,
AUTO-00892,2025-05-27,Uberlândia,MG,SKU7727,correiaa,B,75,40,15,119.48,181.63,22.78,39.0,3,,nao,sim,34.22,
AUTO-00893,data_invalida,São Paulo,SP,SKU4216,correiaa,C,0,90,12,317.78,379.13,16.94,42.28,7,atrasado,nao,nao,16.18,
AUTO-00894,2025-02-28,Campinas,SP,SKU4102,rolamnto,C,8,86,10,"313,28",345.44,12.7,62.09,12,procesado,nao,sim,9.31,
AUTO-00895,01-14-2025,Campinas,SP,SKU7954,outros,B,51,132,10,"139,52",342.9,14.96,61.29,7,procesado,sim,nao,59.31,
AUTO-00896,12/01/2025,São Paulo,SP,SKU4138,correia,A,0,127,14,194.45,396.73,11.68,35.99,6,,nao,nao,50.99,
AUTO-00897,2025-04-09,Campinas,SP,SKU9500,correiaa,A,67,88,5,243.31,606.93,5.27,146.74,5,entregue,nao,sim,59.91,
AUTO-00898,2025-08-05,Uberlândia,MG,SKU6167,correiaa,B,51,98,13,"753,78",1536.88,20.22,128.13,5,,sim,nao,50.95,
AUTO-00899,03-18-2025,Uberlândia,MG,SKU7173,rolamnto,C,28,122,10,"352,38",477.93,23.97,106.2,4,procesado,nao,sim,26.27,
AUTO-00900,10-24-2025,São Paulo,SP,SKU1525,rolamnto,A,30,117,12,727.18,1448.5,9.82,34.27,2,atrasado,nao,sim,49.8,
AUTO-00901,2025-07-29,Uberaba,MG,SKU4690,rolamento,C,13,99,9,778.87,862.61,23.05,57.63,19,procesado,nao,nao,9.71,
AUTO-00902,2025-04-27,Uberlândia,mg,SKU6391,correiaa,B,108,67,9,625.11,1502.15,17.56,29.59,9,atrasado,sim,sim,58.39,
AUTO-00903,2025-05-07,Uberaba,MG,SKU2266,rolamento,C,2,72,10,190.75,432.66,10.83,145.32,5,,nao,sim,55.91,
AUTO-00904,2025-10-22,São Paulo,SP,SKU6734,rolamnto,B,64,80,20,619.56,1057.72,10.28,153.69,5,atrasado,nao,sim,41.42,
AUTO-00905,data_invalida,São Paulo,sp,SKU3970,correia,B,0,119,8,"539,56",675.77,12.25,54.71,5,atrasado,sim,nao,20.16,
AUTO-00906,2025-09-09,Uberlândia,MG,SKU2497,rolamnto,C,159,114,4,47.32,94.06,23.49,31.85,7,entregue,nao,sim,49.69,
AUTO-00907,data_invalida,São Paulo,SP,SKU6476,correia,C,58,84,13,323.76,489.19,24.38,117.59,1,procesado,nao,nao,33.82,
AUTO-00908,2025-05-15,Uberaba,MG,SKU8575,rolamnto,C,62,118,6,"526,01",643.22,11.92,193.34,3,atrasado,nao,sim,18.22,
AUTO-00909,2025-07-22,Campinas,SP,SKU1500,correiaa,C,39,82,9,148.34,360.07,19.94,29.13,8,procesado,sim,nao,58.8,
AUTO-00910,2025-01-29,Uberaba,MG,SKU1685,rolamnto,A,34,102,6,728.36,1436.2,21.57,112.97,7,,nao,nao,49.29,
AUTO-00911,2025-06-21,uberaba,MG,SKU6049,rolamento,C,10,128,14,"468,15",1055.42,7.86,113.53,6,procesado,nao,nao,55.64,
AUTO-00912,17/02/2025,Campinas,SP,SKU3041,rolamnto,C,40,0,17,691.65,978.8,19.35,90.94,9,procesado,nao,sim,29.34,
AUTO-00913,2025-07-25,Campinas,SP,SKU5394,rolamento,B,56,61,14,299.42,704.73,14.86,198.46,1,atrasado,nao,nao,57.51,
AUTO-00914,07-01-2025,Uberaba,MG,SKU3293,rolamnto,B,0,57,8,703.24,1452.61,23.45,18.33,6,entregue,nao,nao,51.59,
AUTO-00915,2025-05-02,Uberlândia,MG,SKU9708,rolamnto,A,93,15,9,207.6,453.15,11.67,125.56,6,atrasado,nao,sim,54.19,
AUTO-00916,2025-08-08,Uberlândia,MG,SKU1304,rolamento,A,132,83,13,77.43,102.08,21.23,113.53,4,atrasado,nao,nao,24.15,
AUTO-00917,2025-07-20,Campinas,SP,SKU9466,rolamnto,B,40,32,8,684.52,827.14,11.0,84.67,1,,sim,nao,17.24,
AUTO-00918,2025-04-30,Uberaba,MG,SKU6111,eixo,A,33,39,9,40.73,65.93,9.69,25.55,1,atrasado,sim,sim,38.22,
AUTO-00919,2025-07-20,São Paulo,SP,SKU2495,rolamento,C,81,49,2,"67,17",77.13,21.8,114.07,11,procesado,sim,sim,12.91,
AUTO-00920,01-20-2025,Campinas,SP,SKU4585,correiaa,B,53,35,10,"100,12",199.78,9.99,20.96,5,,nao,sim,49.88,
AUTO-00921,15/06/2025,Uberaba,MG,SKU1289,rolamnto,B,67,101,13,661.75,1369.42,5.16,188.12,8,atrasado,nao,nao,51.68,
AUTO-00922,2025-01-16,São Paulo,SP,SKU2426,correiaa,C,60,76,1,592.51,947.05,22.88,84.39,3,,nao,nao,37.44,
AUTO-00923,2025-02-17,Uberaba,MG,SKU4242,rolamnto,C,56,59,8,188.16,271.71,22.99,139.44,1,atrasado,nao,nao,30.75,
AUTO-00924,2025-10-04,São Paulo,SP,SKU3925,rolamento,B,72,27,8,740.1,1349.84,24.71,183.17,9,atrasado,sim,sim,45.17,
AUTO-00925,05-17-2025,Campinas,SP,SKU5586,rolamento,A,18,74,7,786.91,926.98,14.46,173.84,9,entregue,sim,sim,15.11,
AUTO-00926,2025-02-23,São Paulo,sp,SKU4826,engrenagem,B,4,64,10,"575,36",1026.16,9.03,128.3,1,atrasado,sim,nao,43.93,
AUTO-00927,2025-09-08,Uberaba,MG,SKU4849,correiaa,C,49,76,14,365.5,882.37,12.62,141.62,8,entregue,sim,sim,58.58,
AUTO-00928,2025-06-03,São Paulo,SP,SKU5765,engrenagem,B,40,122,3,432.21,554.15,19.43,40.44,7,,sim,nao,22.0,
AUTO-00929,05-01-2025,Uberaba,MG,SKU1118,rolamnto,C,0,70,15,432.98,1024.58,10.54,182.76,3,entregue,nao,sim,57.74,
AUTO-00930,06-26-2025,São Paulo,SP,SKU5727,engrenagem,C,33,51,7,791.83,1600.52,11.68,74.1,8,procesado,sim,sim,50.53,
AUTO-00931,2025-03-03,Campinas,SP,SKU2346,correiaa,B,55,80,9,335.78,376.13,12.02,16.51,8,entregue,nao,nao,10.73,
AUTO-00932,02-22-2025,Campinas,SP,SKU4286,rolamnto,B,38,60,12,310.41,614.82,9.35,144.05,7,,sim,nao,49.51,
AUTO-00933,2025-04-17,Uberlândia,MG,SKU3076,rolamnto,B,62,52,1,583.07,692.7,18.63,30.94,1,atrasado,sim,sim,15.83,
AUTO-00934,2025-10-22,São Paulo,SP,SKU6380,rolamnto,C,2,73,18,682.82,1624.62,14.48,146.48,6,procesado,nao,sim,57.97,
AUTO-00935,2025-06-08,Uberaba,MG,SKU2634,rolamnto,B,43,94,6,445.6,961.73,24.98,52.65,7,entregue,sim,nao,53.67,
AUTO-00936,2025-08-18,uberaba,MG,SKU5006,rolamnto,B,35,125,13,606.14,1023.84,21.23,135.72,5,,sim,sim,40.8,
AUTO-00937,2025-07-01,Uberlândia,MG,SKU3199,correiaa,C,161,72,14,451.54,915.85,15.35,148.13,15,procesado,sim,sim,50.7,
AUTO-00938,2025-03-23,São Paulo,SP,SKU1572,rolamnto,C,21,88,8,797.35,1077.08,23.85,93.58,8,entregue,nao,sim,25.97,
AUTO-00939,2025-06-17,São Paulo,SP,SKU9044,correiaa,B,109,114,10,"598,39",774.36,19.01,168.47,9,procesado,nao,nao,22.72,
AUTO-00940,2025-10-02,Uberaba,mg,SKU8670,engrenagem,C,60,107,11,97.65,126.35,13.04,161.73,9,,sim,sim,22.71,
AUTO-00941,03-31-2025,São Paulo,SP,SKU2740,rolamnto,B,54,53,9,"759,36",1883.86,13.85,65.78,5,procesado,sim,nao,59.69,
AUTO-00942,2025-10-19,Uberaba,MG,SKU7535,rolamnto,C,88,66,11,225.13,527.83,7.75,93.52,7,atrasado,nao,sim,57.35,
AUTO-00943,2025-03-13,Uberaba,MG,SKU2092,correiaa,C,6,62,5,76.85,177.96,19.51,128.65,4,,sim,nao,56.82,
AUTO-00944,2025-08-13,Uberaba,MG,SKU9405,rolamnto,A,0,28,7,655.22,1488.63,8.48,66.99,8,,nao,nao,55.99,
AUTO-00945,2025-01-13,Uberlândia,MG,SKU4635,rolamnto,C,111,55,5,365.98,621.15,10.11,95.99,13,procesado,sim,nao,41.08,
AUTO-00946,2025-01-17,Uberaba,MG,SKU8351,correiaa,C,71,119,6,713.1,1436.53,7.05,41.33,6,entregue,sim,sim,50.36,
AUTO-00947,2025-03-13,Campinas,SP,SKU5246,correia,B,63,71,11,651.08,1004.16,18.49,45.59,10,atrasado,nao,sim,35.16,
AUTO-00948,2025-02-16,são paulo,SP,SKU5096,correiaa,C,89,83,14,465.77,585.68,6.44,88.64,7,procesado,nao,sim,20.47,
AUTO-00949,2025-04-21,São Paulo,SP,SKU5490,rolamnto,C,29,81,3,339.1,561.83,9.35,72.08,1,procesado,sim,nao,39.64,
AUTO-00950,data_invalida,Campinas,SP,SKU4367,eixo,B,91,54,13,247.93,538.67,18.44,185.35,6,atrasado,nao,nao,53.97,
AUTO-00951,2025-10-06,Campinas,SP,SKU5757,rolamnto,C,106,73,5,45.71,113.95,13.86,175.22,11,atrasado,nao,nao,59.89,
AUTO-00952,23/03/2025,São Paulo,SP,SKU1643,rolamnto,B,43,18,16,24.69,39.22,18.66,199.03,4,procesado,sim,nao,37.05,
AUTO-00953,2025-06-03,Uberaba,MG,SKU3693,correiaa,C,37,105,20,"307,34",739.69,16.56,51.87,8,,nao,sim,58.45,
AUTO-00954,2025-09-06,Campinas,SP,SKU3631,rolamnto,C,55,96,3,694.78,1343.8,9.74,119.42,10,entregue,nao,sim,48.3,
AUTO-00955,2025-05-17,Uberlândia,MG,SKU1234,rolamnto,C,198,48,11,416.59,926.76,23.92,24.97,6,entregue,nao,sim,55.05,
AUTO-00956,2025-09-24,Campinas,SP,SKU3826,correia,C,109,66,6,"287,72",436.06,20.25,16.53,2,procesado,sim,nao,34.02,
AUTO-00957,2025-09-23,Campinas,SP,SKU4292,rolamento,A,75,165,13,"154,35",229.18,16.18,175.68,7,atrasado,nao,sim,32.65,
AUTO-00958,08-18-2025,São Paulo,SP,SKU1851,correiaa,C,0,143,1,194.46,250.34,16.73,111.52,9,atrasado,nao,nao,22.32,
AUTO-00959,2025-07-14,São Paulo,SP,SKU3947,rolamento,B,110,173,10,679.64,811.28,17.48,45.06,1,atrasado,sim,sim,16.23,
AUTO-00960,2025-03-28,São Paulo,SP,SKU1786,rolamnto,C,0,165,14,576.86,1431.71,22.84,29.25,2,atrasado,nao,nao,59.71,
AUTO-00961,09-09-2025,São Paulo,SP,SKU6906,correiaa,A,69,77,6,"350,51",679.0,9.12,59.11,6,,nao,sim,48.38,
AUTO-00962,06-13-2025,Uberlândia,MG,SKU9459,correia,C,72,58,14,"102,22",144.04,13.17,52.64,8,procesado,sim,nao,29.03,
AUTO-00963,2025-09-18,Uberlândia,MG,SKU9645,rolamnto,C,61,118,15,152.31,191.72,8.69,70.36,9,,nao,sim,20.56,
AUTO-00964,2025-07-22,São Paulo,SP,SKU1607,rolamento,C,71,71,9,527.25,855.52,19.07,159.69,7,procesado,sim,sim,38.37,
AUTO-00965,2025-07-12,São Paulo,SP,SKU5316,correia,C,63,120,10,219.16,536.31,16.57,166.7,10,atrasado,nao,nao,59.14,
AUTO-00966,07-08-2025,São Paulo,SP,SKU4223,rolamnto,C,90,92,8,766.22,1211.17,21.12,123.19,6,entregue,sim,sim,36.74,
AUTO-00967,2025-05-21,Campinas,SP,SKU1570,rolamnto,C,43,73,15,"781,13",1092.8,17.44,96.52,6,procesado,sim,sim,28.52,
AUTO-00968,2025-10-24,Uberaba,MG,SKU7058,correiaa,A,37,92,15,120.47,234.74,19.79,194.83,13,atrasado,sim,nao,48.68,
AUTO-00969,07/02/2025,Uberlândia,MG,SKU1369,correiaa,C,0,45,10,262.98,640.56,8.81,140.23,4,entregue,nao,nao,58.95,
AUTO-00970,2025-06-30,Uberaba,MG,SKU8285,engrenagem,C,97,18,15,548.33,1099.25,20.93,19.25,2,entregue,sim,sim,50.12,
AUTO-00971,2025-02-14,uberlândia,MG,SKU1383,correiaa,B,88,41,12,456.93,882.27,15.25,12.0,4,atrasado,nao,sim,48.21,
AUTO-00972,2025-08-04,São Paulo,SP,SKU1290,engrenagem,B,109,8,3,"459,86",713.34,13.28,15.67,7,entregue,sim,sim,35.53,
AUTO-00973,2025-05-01,Campinas,SP,SKU3172,correiaa,B,74,60,9,220.34,379.42,6.81,179.69,4,procesado,nao,nao,41.93,
AUTO-00974,2025-05-09,Uberaba,MG,SKU7775,correiaa,C,176,66,14,566.16,749.82,19.92,59.95,9,procesado,sim,sim,24.49,
AUTO-00975,2025-06-02,Uberlândia,mg,SKU4060,correia,B,117,47,8,616.43,1393.4,23.53,90.84,4,entregue,sim,sim,55.76,
AUTO-00976,2025-09-21,Campinas,SP,SKU2064,correiaa,A,142,133,8,424.92,707.15,16.29,113.04,7,,sim,nao,39.91,
AUTO-00977,2025-06-17,São Paulo,SP,SKU8764,correiaa,C,36,113,7,228.27,405.24,10.91,162.25,3,procesado,sim,sim,43.67,
AUTO-00978,2025-01-15,Uberaba,MG,SKU9328,rolamnto,B,16,115,18,528.61,731.62,11.92,11.24,1,procesado,sim,sim,27.75,
AUTO-00979,2025-10-25,Campinas,SP,SKU3938,rolamnto,C,109,108,1,593.62,1341.2,21.95,42.64,9,procesado,sim,nao,55.74,
AUTO-00980,02-24-2025,Uberaba,MG,SKU7257,correiaa,A,107,78,15,378.29,767.45,20.21,137.87,3,entregue,nao,sim,50.71,
AUTO-00981,2025-05-12,São Paulo,SP,SKU5993,rolamnto,A,50,69,9,291.09,358.26,17.05,177.33,7,entregue,nao,nao,18.75,
AUTO-00982,2025-01-14,Uberlândia,MG,SKU9178,rolamnto,A,0,107,14,164.25,371.37,17.27,45.36,13,,sim,sim,55.77,
AUTO-00983,21/07/2025,Uberlândia,MG,SKU2192,outros,C,52,89,1,129.9,227.29,6.3,76.46,10,atrasado,sim,sim,42.85,
AUTO-00984,2025-04-19,São Paulo,SP,SKU4144,correiaa,C,129,30,9,231.34,295.85,5.71,188.6,13,atrasado,nao,sim,21.8,
AUTO-00985,2025-10-20,são paulo,SP,SKU8082,rolamento,C,62,18,15,507.21,761.58,19.91,47.07,5,,sim,sim,33.4,
AUTO-00986,2025-10-21,São Paulo,SP,SKU6235,eixo,A,58,68,3,541.59,628.74,13.17,198.52,5,procesado,sim,nao,13.86,
AUTO-00987,2025-10-04,são paulo,SP,SKU5417,rolamnto,C,60,71,6,535.77,1290.4,24.99,21.41,6,atrasado,sim,sim,58.48,
AUTO-00988,31/07/2025,Campinas,SP,SKU6942,rolamnto,B,0,94,12,712.44,1065.68,11.47,68.61,4,atrasado,sim,sim,33.15,
AUTO-00989,01-03-2025,uberlândia,MG,SKU5686,correiaa,B,9,42,11,288.28,551.2,23.97,22.0,8,entregue,nao,nao,47.7,
AUTO-00990,2025-05-11,uberlândia,MG,SKU9139,rolamnto,A,101,66,12,85.39,188.62,22.36,26.15,11,,sim,sim,54.73,
AUTO-00991,data_invalida,Campinas,SP,SKU7905,rolamnto,C,57,108,1,605.8,1101.35,10.23,29.4,4,entregue,sim,nao,44.99,
AUTO-00992,2025-05-17,Uberlândia,MG,SKU5892,rolamnto,A,214,108,2,465.41,577.01,14.06,23.77,4,entregue,nao,nao,19.34,
AUTO-00993,2025-05-04,Uberlândia,MG,SKU1278,correia,B,57,38,11,226.22,264.64,21.08,44.25,1,,nao,sim,14.52,
AUTO-00994,2025-08-05,Uberlândia,MG,SKU3542,correiaa,A,51,34,9,107.12,142.12,5.07,126.67,12,,nao,nao,24.63,
AUTO-00995,2025-10-19,Uberlândia,mg,SKU8237,rolamnto,B,96,106,20,630.03,983.28,9.24,126.73,3,procesado,sim,sim,35.93,
AUTO-00996,2025-07-28,São Paulo,SP,SKU3029,rolamnto,B,121,154,10,597.58,867.12,24.91,171.93,1,procesado,sim,nao,31.08,
AUTO-00997,2025-06-15,Uberaba,MG,SKU2248,rolamento,C,54,41,10,485.65,916.35,19.08,47.39,6,atrasado,nao,sim,47.0,
AUTO-00998,2025-02-16,Campinas,sp,SKU4754,correiaa,B,67,50,12,55.49,108.36,8.1,175.84,13,,sim,sim,48.79,
AUTO-00999,05/10/2025,são paulo,SP,SKU1412,rolamnto,C,61,115,15,"28,37",55.62,7.56,77.75,5,atrasado,sim,sim,48.99,
AUTO-00000,2025-10-28,uberaba,MG,SKU5936,eixo,A,45,139,12,"738,33",1763.45,12.33,102.06,4,atrasado,nao,nao,58.13,
AUTO-00001,data_invalida,São Paulo,SP,SKU4474,eixo,C,99,39,11,"497,53",711.2,24.99,56.04,9,procesado,sim,sim,30.04,
AUTO-00002,2025-05-15,Campinas,SP,SKU1691,rolamnto,A,75,90,1,576.74,1275.13,9.33,10.58,9,,nao,nao,54.77,
AUTO-00003,2025-03-24,são paulo,SP,SKU5607,correia,C,43,46,11,763.3,1241.88,9.35,96.68,14,,nao,sim,38.54,
AUTO-00004,2025-06-23,Uberlândia,MG,SKU6717,correiaa,A,95,105,12,570.32,1149.78,18.82,48.5,6,,sim,sim,50.4,
AUTO-00005,2025-04-16,Campinas,SP,SKU7890,rolamento,C,90,119,4,726.49,1627.75,18.63,148.84,2,,sim,sim,55.37,
AUTO-00006,04/03/2025,Campinas,SP,SKU3637,correia,C,32,30,10,647.85,854.71,17.57,17.79,7,entregue,nao,nao,24.2,
AUTO-00007,2025-10-09,Uberlândia,MG,SKU9325,correia,C,101,46,17,401.05,589.51,24.08,38.93,5,atrasado,sim,sim,31.97,
AUTO-00008,2025-05-25,Campinas,SP,SKU8821,correiaa,C,91,67,5,116.75,180.79,19.61,46.02,5,procesado,sim,nao,35.42,
AUTO-00009,10-16-2025,Campinas,SP,SKU2145,correiaa,C,72,126,11,603.19,713.87,9.37,128.33,11,atrasado,nao,nao,15.5,
AUTO-00010,2025-08-18,são paulo,SP,SKU3969,correiaa,A,0,21,3,307.07,478.93,20.57,143.62,7,,sim,nao,35.88,
AUTO-00011,2025-04-22,Uberlândia,MG,SKU5763,rolamnto,C,99,49,5,122.98,211.21,13.61,175.71,6,atrasado,nao,sim,41.77,
AUTO-00012,2025-06-14,Uberlândia,MG,SKU1772,outros,B,39,107,12,"457,98",811.62,24.49,30.11,1,procesado,sim,sim,43.57,
AUTO-00013,2025-02-22,São Paulo,sp,SKU2297,correiaa,B,80,68,10,279.9,378.0,23.76,142.91,3,,sim,nao,25.95,
AUTO-00014,2025-08-20,São Paulo,SP,SKU9923,engrenagem,B,93,129,3,708.91,1470.73,8.18,140.72,8,entregue,nao,sim,51.8,
AUTO-00015,data_invalida,Campinas,SP,SKU7133,rolamnto,A,0,12,10,543.93,1115.96,11.4,140.01,6,procesado,sim,sim,51.26,
AUTO-00016,2025-01-29,Uberaba,MG,SKU4739,correiaa,B,53,76,15,365.81,742.62,23.77,46.64,12,,sim,sim,50.74,
AUTO-00017,2025-03-20,Campinas,SP,SKU1581,rolamnto,B,170,136,14,"464,3",702.24,8.57,50.63,6,,sim,sim,33.88,
AUTO-00018,04-11-2025,Uberlândia,MG,SKU5233,eixo,C,38,7,8,130.74,216.36,11.34,64.3,7,procesado,sim,sim,39.57,
AUTO-00019,data_invalida,Campinas,SP,SKU8601,correiaa,A,137,13,9,148.17,171.22,15.5,38.5,9,atrasado,nao,sim,13.46,
