registro_id,data_venda,cidade,uf,cliente_id,modelo_sabre,cor_lamina,categoria,preco_venda,custo_producao,tempo_fabricacao_h,quantidade_produzida,quantidade_vendida,avaliacao_cliente,comentario,mes,participou_promocao,frequencia_compra,dias_desde_ultima_compra,programa_fidelidade,status_pedido,observacao
SABER-00000,data_invalida,São Paulo,sp,C273,elite,vermelho,customizado,542.83,387.98,9,32,27,4.1,ruim,4,,10,25,sim,,
SABER-00001,2025-02-03,São Paulo,SP,C196,classic,verde,customizado,"1695,72",782.56,18,49,19,1.6,NA,9,nao,1,70,sim,,
SABER-00002,2025-10-01,São Paulo,SP,C326,custom,vermelho,padrao,590.12,363.57,38,14,9,1.8,ruim,1,,7,5,sim,cancelado,
SABER-00003,03-10-2025,São Paulo,sp,C379,classic,verde,customizado,1390.51,593.99,28,3,2,4.7,ruim,3,,1,21,nao,procesado,
SABER-00004,2025-06-06,São Paulo,sp,C283,classic,azul,padrao,2770.97,1198.88,8,25,6,3.2,,12,,2,41,nao,cancelado,
SABER-00005,2025-02-23,São Paulo,sp,C216,premium,amarelo,customizado,569.31,289.34,27,20,14,3.3,,1,sim,5,81,nao,procesado,
SABER-00006,01-29-2025,São Paulo,sp,C129,elite,roxo,padrao,3350.57,1422.19,20,29,1,1.6,ótimo,4,sim,6,63,nao,procesado,
SABER-00007,2025-04-19,São Paulo,SP,C269,dual_blade,verde,customizado,2305.31,1102.38,37,27,1,1.4,ótimo,5,nao,1,86,sim,procesado,
SABER-00008,2025-07-10,São Paulo,SP,C31,elite,azul,customizado,1194.69,923.69,19,47,28,1.7,,6,sim,3,30,sim,finalizado,
SABER-00009,2025-08-01,São Paulo,SP,C12,classic,vermelho,customizado,2690.73,1328.44,46,44,20,4.0,ruim,6,,1,56,nao,procesado,
SABER-00010,2025-02-03,São Paulo,SP,C40,premium,vermelho,padrao,99999.99,815.19,8,47,22,2.6,ruim,1,,1,89,sim,cancelado,OUTLIER preco
SABER-00011,2025-08-01,São Paulo,sp,C17,classic,vermelho,padrao,731.22,549.83,14,46,19,1.3,ruim,12,sim,9,28,nao,cancelado,
SABER-00012,2025-03-27,São Paulo,sp,C370,custom,verde,customizado,1025.44,456.39,22,31,9,3.6,ótimo,11,,2,47,sim,,
SABER-00013,2025-03-26,São Paulo,sp,C178,elite,verde,customizado,2455.03,1155.6,41,20,9,1.0,ruim,3,,0,55,nao,,
SABER-00014,2025-01-10,São Paulo,SP,C360,premium,amarelo,padrao,1592.72,693.51,47,38,16,3.6,ruim,4,,2,6,sim,finalizado,
SABER-00015,09-26-2025,São Paulo,sp,C103,dual_blade,azul,customizado,"3243,43",1299.8,4,29,12,1.7,ótimo,8,,8,88,sim,cancelado,
SABER-00016,2025-02-05,São Paulo,sp,C46,custom,amarelo,customizado,2516.14,1099.86,27,38,20,4.6,ótimo,8,,10,48,sim,finalizado,
SABER-00017,2025-03-18,São Paulo,sp,C230,premium,verde,padrao,"2014,23",1357.91,39,33,16,3.0,,3,sim,8,12,nao,cancelado,
SABER-00018,2025-07-25,São Paulo,SP,C306,custom,azul,padrao,1257.28,795.0,9,41,38,4.0,ruim,5,sim,0,34,sim,cancelado,
SABER-00019,2025-04-26,São Paulo,SP,C360,custom,azul,padrao,2252.24,1228.29,13,43,33,2.1,NA,8,,8,41,nao,cancelado,
SABER-00020,2025-02-10,São Paulo,sp,C341,classic,verde,customizado,1824.7,838.09,5,3,3,2.0,ruim,11,sim,7,72,nao,cancelado,
SABER-00021,2025-07-07,São Paulo,sp,C155,custom,vermelho,customizado,"822,71",542.31,42,30,6,2.3,,9,nao,8,9,sim,,
SABER-00022,2025-08-02,São Paulo,SP,C45,dual_blade,azul,customizado,1083.11,742.38,6,19,6,3.1,,8,sim,0,72,nao,,
SABER-00023,2025-07-15,São Paulo,SP,C20,classic,vermelho,padrao,851.53,456.45,20,37,28,3.1,ruim,11,sim,9,72,nao,finalizado,
SABER-00024,2025-08-31,São Paulo,SP,C208,custom,azul,padrao,757.09,496.45,38,30,16,1.3,ótimo,10,sim,3,35,nao,,
SABER-00025,2025-02-05,São Paulo,SP,C16,dual_blade,verde,customizado,1667.06,-100,32,18,3,1.6,NA,2,,4,39,sim,cancelado,INVALIDO custo
SABER-00026,2025-08-04,São Paulo,SP,C295,custom,roxo,padrao,1981.04,843.76,29,1,0,3.6,NA,12,sim,5,5,nao,finalizado,
SABER-00027,2025-04-18,São Paulo,SP,C90,dual_blade,verde,padrao,398.3,304.76,28,45,35,1.6,ótimo,12,,2,63,nao,procesado,
SABER-00028,2025-07-08,São Paulo,sp,C103,premium,verde,customizado,"2387,59",1438.69,41,19,12,3.5,,11,nao,1,50,nao,,
SABER-00029,08-03-2025,São Paulo,SP,C243,elite,vermelho,padrao,2519.02,1180.4,29,29,23,2.7,ruim,11,sim,6,57,nao,,
SABER-00030,data_invalida,São Paulo,sp,C400,premium,amarelo,padrao,717.67,320.96,26,27,21,2.1,,4,nao,1,87,sim,,
SABER-00031,2025-07-31,São Paulo,SP,C155,dual_blade,vermelho,customizado,507.97,249.93,41,14,6,1.4,,3,,1,73,nao,cancelado,
SABER-00032,data_invalida,São Paulo,SP,C374,premium,azul,customizado,900.73,456.4,43,23,2,2.7,ótimo,2,,5,9,sim,,
SABER-00033,2025-09-16,São Paulo,sp,C31,dual_blade,azul,customizado,796.07,378.63,38,34,20,1.1,ruim,5,nao,4,18,sim,cancelado,
SABER-00034,2025-05-21,São Paulo,SP,C203,elite,verde,padrao,1504.85,800.33,47,19,13,1.9,ruim,3,nao,9,27,sim,procesado,
SABER-00035,2025-01-18,São Paulo,SP,C391,custom,amarelo,padrao,2593.92,1117.18,2,48,3,3.9,ótimo,12,sim,8,79,sim,,
SABER-00036,2025-05-31,São Paulo,SP,C240,custom,verde,customizado,"1190,42",564.24,31,12,0,1.3,,1,nao,1,26,sim,cancelado,
SABER-00037,2025-06-09,São Paulo,sp,C137,elite,vermelho,padrao,617.32,309.33,24,5,1,2.5,ruim,11,sim,0,65,nao,cancelado,
SABER-00038,data_invalida,São Paulo,SP,C82,custom,azul,customizado,"1097,11",564.95,27,39,33,3.6,,1,nao,1,66,sim,cancelado,
SABER-00039,2025-04-21,São Paulo,sp,C195,premium,verde,padrao,"1140,39",486.8,14,48,8,2.6,NA,1,sim,2,82,sim,finalizado,
SABER-00040,2025-10-01,São Paulo,SP,C371,premium,roxo,customizado,1532.36,770.75,200,13,4,4.9,,7,nao,1,77,sim,cancelado,OUTLIER tempo
SABER-00041,2025-04-01,São Paulo,SP,C296,elite,verde,padrao,2469.68,1109.34,48,5,0,2.7,ótimo,11,nao,3,61,nao,,
SABER-00042,data_invalida,São Paulo,SP,C272,custom,verde,customizado,"2408,25",1090.15,19,7,2,1.0,ótimo,12,,8,88,sim,procesado,
SABER-00043,2025-05-01,São Paulo,SP,C316,custom,vermelho,customizado,1224.23,790.39,24,8,2,3.4,ruim,7,nao,8,56,nao,,
SABER-00044,2025-08-10,São Paulo,SP,C163,classic,roxo,padrao,"1574,97",667.13,42,15,15,1.4,ótimo,3,nao,3,45,sim,cancelado,
SABER-00045,2025-05-02,São Paulo,SP,C163,premium,amarelo,padrao,"563,15",396.68,13,6,4,3.4,,7,sim,1,14,nao,,
SABER-00046,2025-10-13,São Paulo,SP,C260,dual_blade,roxo,padrao,2312.73,1382.75,34,26,25,3.2,NA,4,sim,8,9,nao,finalizado,
SABER-00047,2025-05-13,São Paulo,SP,C191,elite,vermelho,customizado,"2824,13",1286.32,29,16,10,2.0,ruim,6,nao,0,80,nao,procesado,
SABER-00048,2025-08-19,São Paulo,sp,C310,elite,vermelho,padrao,"2946,22",1264.38,18,16,14,1.5,ruim,11,sim,1,32,nao,procesado,
SABER-00049,2025-03-12,São Paulo,SP,C316,premium,vermelho,padrao,483.31,211.57,47,34,22,4.1,ruim,7,nao,4,49,nao,procesado,
SABER-00050,09-25-2025,São Paulo,sp,C252,classic,vermelho,padrao,"1415,25",594.78,24,38,3,2.7,,3,sim,5,3,nao,procesado,
SABER-00051,01/01/2025,São Paulo,SP,C285,elite,vermelho,customizado,"683,39",276.42,25,14,13,4.3,NA,9,,1,31,nao,procesado,
SABER-00052,2025-09-03,São Paulo,SP,C119,classic,roxo,padrao,382.19,281.23,19,19,5,2.8,ótimo,3,nao,4,54,nao,cancelado,
SABER-00053,2025-03-14,São Paulo,sp,C173,elite,vermelho,padrao,1804.06,1378.52,22,23,2,3.5,ótimo,4,,8,44,nao,finalizado,
SABER-00054,2025-09-26,São Paulo,sp,C353,premium,vermelho,padrao,1440.99,690.75,31,45,26,1.5,,6,nao,1,89,nao,procesado,
SABER-00055,2025-02-18,São Paulo,sp,C75,premium,vermelho,padrao,687.87,286.63,39,45,2,2.0,ótimo,9,,50,35,sim,finalizado,OUTLIER frequencia
SABER-00056,2025-09-29,São Paulo,SP,C278,premium,azul,padrao,2796.97,1236.27,5,23,21,1.4,ótimo,1,,6,59,sim,cancelado,
SABER-00057,2025-06-04,São Paulo,SP,C71,classic,azul,customizado,1056.67,524.13,10,29,28,2.8,ruim,12,,5,45,sim,cancelado,
SABER-00058,2025-07-19,São Paulo,SP,C384,dual_blade,vermelho,padrao,952.31,625.51,36,50,48,1.3,ótimo,9,sim,0,11,nao,,
SABER-00059,24/06/2025,São Paulo,sp,C123,premium,azul,customizado,328.94,200.01,11,43,0,3.2,,1,nao,7,46,sim,cancelado,
SABER-00060,2025-07-07,São Paulo,sp,C254,elite,azul,padrao,1275.74,584.97,20,47,21,4.5,NA,8,sim,5,90,sim,finalizado,
SABER-00061,2025-03-30,São Paulo,SP,C350,classic,verde,padrao,948.54,460.64,45,50,47,2.5,ruim,3,nao,5,79,sim,,
SABER-00062,2025-02-28,São Paulo,SP,C344,elite,amarelo,padrao,1759.52,1422.58,2,41,5,4.5,,8,nao,6,72,sim,,
SABER-00063,2025-03-28,São Paulo,SP,C79,classic,azul,customizado,978.67,719.63,8,21,10,3.7,ruim,8,sim,5,34,nao,cancelado,
SABER-00064,2025-08-16,São Paulo,sp,C356,custom,verde,customizado,740.03,334.4,48,42,37,5.0,,12,nao,2,81,sim,procesado,
SABER-00065,data_invalida,São Paulo,SP,C292,premium,vermelho,padrao,1018.76,807.33,2,34,15,1.1,NA,2,,8,13,sim,procesado,
SABER-00066,2025-06-30,São Paulo,SP,C149,classic,azul,customizado,1243.17,586.82,18,13,2,1.7,,12,,0,25,sim,cancelado,
SABER-00067,03-06-2025,São Paulo,SP,C316,elite,amarelo,padrao,547.54,295.41,4,9,6,1.1,ótimo,4,sim,4,22,sim,,
SABER-00068,2025-08-27,São Paulo,SP,C168,dual_blade,azul,customizado,982.81,462.12,31,19,9,2.9,,5,,8,85,nao,cancelado,
SABER-00069,2025-08-10,São Paulo,sp,C55,dual_blade,azul,padrao,"1934,38",1142.3,26,23,23,1.6,,5,sim,0,16,sim,finalizado,
SABER-00070,2025-02-12,São Paulo,SP,C313,classic,amarelo,customizado,2106.55,1199.99,26,45,14,9,NA,7,sim,4,37,nao,,INVALIDO avaliacao
SABER-00071,2025-08-04,São Paulo,sp,C181,premium,amarelo,customizado,1529.59,713.55,45,48,25,3.6,NA,6,sim,10,26,sim,,
SABER-00072,2025-02-27,São Paulo,sp,C90,premium,verde,customizado,2009.04,895.69,14,5,0,1.2,ruim,9,sim,4,30,sim,procesado,
SABER-00073,2025-04-20,São Paulo,sp,C381,custom,verde,customizado,2830.31,1201.59,47,22,15,2.5,,6,nao,4,79,sim,procesado,
SABER-00074,2025-02-04,São Paulo,SP,C57,dual_blade,verde,customizado,913.38,676.51,48,38,13,1.7,NA,9,nao,8,65,sim,cancelado,
SABER-00075,2025-05-22,São Paulo,sp,C285,elite,amarelo,customizado,1079.0,629.32,35,38,21,1.3,,3,nao,2,15,nao,procesado,
SABER-00076,2025-05-14,São Paulo,SP,C148,custom,verde,customizado,2392.97,976.36,46,29,6,2.1,,8,nao,4,1,sim,procesado,
SABER-00077,2025-09-17,São Paulo,sp,C91,classic,azul,customizado,882.31,598.93,38,17,7,3.3,ruim,1,sim,5,44,sim,procesado,
SABER-00078,2025-02-25,São Paulo,sp,C366,classic,azul,padrao,1145.97,735.52,44,1,1,4.8,,8,sim,6,18,sim,cancelado,
SABER-00079,2025-06-05,São Paulo,sp,C279,premium,vermelho,padrao,1836.03,953.47,14,47,30,3.9,ótimo,11,,1,2,sim,procesado,
SABER-00080,2025-03-21,São Paulo,SP,C397,elite,vermelho,customizado,571.64,331.4,7,27,21,4.0,ruim,1,nao,9,40,sim,procesado,
SABER-00081,2025-06-13,São Paulo,sp,C243,dual_blade,azul,padrao,746.23,546.12,8,10,1,1.8,ruim,11,sim,8,78,nao,procesado,
SABER-00082,2025-09-22,São Paulo,SP,C103,dual_blade,verde,padrao,1519.96,1263.13,27,47,16,2.8,ruim,1,,0,20,sim,,
SABER-00083,2025-06-16,São Paulo,sp,C136,elite,amarelo,customizado,1632.7,1069.83,37,36,17,1.3,NA,10,nao,4,30,nao,finalizado,
SABER-00084,data_invalida,São Paulo,SP,C67,custom,verde,padrao,820.77,606.97,33,28,4,3.0,ruim,11,sim,1,32,nao,,
SABER-00085,data_invalida,São Paulo,sp,C192,custom,verde,padrao,2046.5,1106.98,4,21,17,3.5,,9,,8,19,nao,cancelado,
SABER-00086,2025-07-10,São Paulo,sp,C189,custom,roxo,customizado,636.18,416.78,38,28,28,3.6,,5,sim,5,79,nao,finalizado,
SABER-00087,03-21-2025,São Paulo,SP,C362,classic,vermelho,customizado,1719.3,1206.44,17,41,12,3.8,ruim,7,sim,8,84,nao,cancelado,
SABER-00088,2025-01-02,São Paulo,sp,C146,elite,azul,customizado,509.26,271.73,29,26,20,4.2,NA,11,,9,73,nao,,
SABER-00089,2025-10-16,São Paulo,sp,C207,elite,vermelho,padrao,643.67,450.41,29,7,0,1.8,ruim,4,,4,19,sim,cancelado,
SABER-00090,2025-07-31,São Paulo,sp,C110,dual_blade,verde,padrao,"1748,69",1381.19,45,50,3,1.3,NA,11,,9,32,sim,cancelado,
SABER-00091,2025-06-07,São Paulo,sp,C47,premium,vermelho,customizado,433.9,308.07,24,17,1,2.1,ruim,4,nao,6,45,sim,,
SABER-00092,2025-01-21,São Paulo,SP,C282,elite,vermelho,customizado,2247.35,1116.21,18,11,11,4.0,ótimo,5,,2,23,nao,procesado,
SABER-00093,2025-05-22,São Paulo,SP,C281,dual_blade,azul,customizado,809.08,403.84,47,11,10,2.6,ruim,9,,5,23,sim,,
SABER-00094,2025-06-25,São Paulo,sp,C116,dual_blade,vermelho,padrao,864.63,525.24,31,14,6,4.2,NA,4,sim,9,12,sim,procesado,
SABER-00095,09/05/2025,São Paulo,sp,C229,premium,verde,customizado,1840.86,778.2,17,43,5,1.2,,4,nao,7,43,nao,finalizado,
SABER-00096,2025-07-22,São Paulo,SP,C216,premium,amarelo,customizado,1309.38,845.95,35,7,1,2.9,ótimo,3,sim,1,83,sim,procesado,
SABER-00097,2025-07-04,São Paulo,sp,C254,premium,vermelho,padrao,1660.58,753.76,16,41,38,3.1,ótimo,4,nao,2,62,nao,,
SABER-00098,2025-03-22,São Paulo,sp,C175,dual_blade,roxo,padrao,1272.82,544.46,23,29,22,2.0,NA,1,nao,8,18,nao,,
SABER-00099,2025-02-26,São Paulo,sp,C372,premium,vermelho,customizado,736.46,384.76,29,46,22,1.6,ruim,10,sim,9,7,nao,procesado,
SABER-00100,2025-06-02,São Paulo,SP,C198,dual_blade,verde,padrao,376.69,262.45,8,31,6,3.3,NA,8,sim,4,47,nao,,
SABER-00101,02/08/2025,São Paulo,sp,C70,elite,azul,customizado,"320,66",251.12,10,29,4,2.9,ótimo,10,,7,20,sim,cancelado,
SABER-00102,06/08/2025,São Paulo,sp,C27,classic,roxo,padrao,470.1,353.81,17,2,0,4.7,ótimo,4,,7,90,sim,procesado,
SABER-00103,2025-08-12,São Paulo,SP,C33,premium,azul,customizado,2824.61,1417.23,14,30,12,3.1,,2,sim,7,31,nao,procesado,
SABER-00104,2025-09-14,São Paulo,sp,C249,custom,vermelho,customizado,732.46,442.46,12,8,6,4.5,ruim,9,nao,10,25,nao,,
SABER-00105,09-24-2025,São Paulo,SP,C290,dual_blade,azul,padrao,"2568,5",1277.72,15,15,1,4.4,ótimo,3,nao,10,43,sim,,
SABER-00106,2025-03-24,São Paulo,sp,C356,premium,verde,padrao,829.3,643.09,31,38,16,1.1,ótimo,4,,10,83,nao,,
SABER-00107,2025-04-22,São Paulo,sp,C228,dual_blade,azul,padrao,2776.29,1385.34,9,31,21,3.7,NA,7,nao,1,33,nao,procesado,
SABER-00108,2025-07-02,São Paulo,sp,C109,dual_blade,vermelho,customizado,1196.78,513.85,39,36,7,4.3,NA,6,nao,2,82,nao,,
SABER-00109,2025-04-22,São Paulo,SP,C325,custom,verde,customizado,"819,86",459.74,38,7,5,3.5,,8,sim,10,59,nao,,
SABER-00110,2025-05-17,São Paulo,sp,C330,premium,vermelho,customizado,1608.84,1258.09,26,35,7,2.5,ótimo,4,nao,3,60,nao,finalizado,
SABER-00111,03-11-2025,São Paulo,sp,C137,dual_blade,azul,customizado,2144.32,910.28,20,41,41,4.1,NA,4,nao,6,89,sim,cancelado,
SABER-00112,2025-01-05,São Paulo,SP,C121,elite,verde,customizado,1887.21,1007.54,3,10,5,4.9,ótimo,9,,1,19,nao,finalizado,
SABER-00113,data_invalida,São Paulo,sp,C166,classic,verde,padrao,1666.33,737.33,3,8,2,5.0,,10,,9,33,sim,finalizado,
SABER-00114,2025-02-10,São Paulo,sp,C120,dual_blade,vermelho,customizado,"1080,69",716.04,7,26,17,3.3,,1,sim,7,36,sim,procesado,
SABER-00115,2025-07-21,São Paulo,sp,C263,elite,verde,padrao,"525,72",273.78,43,35,1,2.0,,2,,1,35,nao,cancelado,
SABER-00116,2025-03-02,São Paulo,sp,C77,dual_blade,vermelho,customizado,"1849,36",1141.26,45,49,36,3.5,,7,,0,70,nao,procesado,
SABER-00117,2025-08-29,São Paulo,SP,C251,premium,vermelho,padrao,2505.92,1492.07,2,10,9,4.4,,8,,2,41,sim,cancelado,
SABER-00118,2025-10-11,São Paulo,SP,C399,premium,vermelho,padrao,1709.9,1049.66,38,40,3,1.3,ruim,10,,5,14,sim,procesado,
SABER-00119,2025-04-22,São Paulo,sp,C67,classic,vermelho,padrao,2610.59,1335.24,10,29,22,1.1,,12,nao,6,64,nao,,
SABER-00120,24/05/2025,São Paulo,sp,C208,elite,azul,padrao,1549.38,679.99,44,9,5,3.9,,5,,10,44,nao,,
SABER-00121,2025-04-27,São Paulo,SP,C116,custom,azul,padrao,383.07,221.75,47,15,14,3.1,ruim,2,nao,4,50,sim,cancelado,
SABER-00122,2025-05-27,São Paulo,sp,C4,premium,vermelho,padrao,2315.28,1308.95,2,40,20,4.6,NA,2,,9,79,nao,procesado,
SABER-00123,2025-02-26,São Paulo,SP,C303,custom,azul,padrao,"3109,26",1332.11,18,24,21,4.2,,4,sim,3,44,sim,finalizado,
SABER-00124,02/10/2025,São Paulo,SP,C127,elite,verde,padrao,816.58,387.91,39,36,22,3.1,ruim,2,nao,7,55,sim,finalizado,
SABER-00125,29/03/2025,São Paulo,sp,C129,elite,verde,customizado,"1586,3",654.81,19,9,4,3.2,ótimo,6,nao,4,49,sim,cancelado,
SABER-00126,25/04/2025,São Paulo,sp,C245,dual_blade,amarelo,customizado,1820.55,759.92,2,24,15,2.5,NA,10,nao,1,7,nao,finalizado,
SABER-00127,2025-04-03,São Paulo,sp,C198,classic,verde,customizado,1275.74,994.32,29,4,0,2.7,,12,nao,5,33,sim,procesado,
SABER-00128,data_invalida,São Paulo,SP,C231,classic,vermelho,customizado,869.65,378.37,18,29,0,4.4,NA,3,sim,0,28,sim,finalizado,
SABER-00129,2025-07-06,São Paulo,SP,C152,dual_blade,verde,customizado,1782.47,879.84,2,26,24,2.0,ótimo,7,sim,8,74,sim,procesado,
SABER-00130,2025-10-08,São Paulo,SP,C224,premium,azul,padrao,585.01,291.49,17,37,21,4.3,,12,,8,47,nao,procesado,
SABER-00131,2025-10-13,São Paulo,SP,C326,dual_blade,azul,customizado,"656,45",276.08,4,39,26,3.6,NA,12,sim,4,31,sim,cancelado,
SABER-00132,2025-08-03,São Paulo,SP,C110,custom,azul,padrao,2332.06,969.64,17,43,21,1.1,ótimo,11,sim,2,35,sim,finalizado,
SABER-00133,2025-08-02,São Paulo,sp,C237,elite,amarelo,customizado,"3326,42",1439.99,25,1,1,1.5,,5,sim,8,56,nao,cancelado,
SABER-00134,2025-10-06,São Paulo,sp,C37,custom,verde,padrao,905.46,468.3,40,17,0,3.7,NA,9,sim,5,67,nao,,
SABER-00135,2025-07-16,São Paulo,sp,C358,elite,azul,padrao,904.94,540.27,42,27,6,4.2,NA,3,nao,5,33,sim,procesado,
SABER-00136,2025-08-24,São Paulo,SP,C266,premium,verde,padrao,1126.58,698.87,13,48,42,3.0,NA,4,,9,34,sim,,
SABER-00137,2025-04-02,São Paulo,SP,C268,elite,azul,customizado,931.07,518.0,38,14,12,3.9,,5,nao,10,13,sim,finalizado,
SABER-00138,2025-08-28,São Paulo,SP,C244,elite,azul,padrao,1994.59,971.26,36,45,42,2.0,NA,5,sim,7,20,nao,cancelado,
SABER-00139,data_invalida,São Paulo,sp,C85,dual_blade,vermelho,customizado,1501.84,1108.81,30,37,14,3.7,ótimo,5,,3,51,nao,finalizado,
SABER-00140,2025-06-08,São Paulo,sp,C33,elite,azul,customizado,2599.42,1420.02,42,39,13,2.1,NA,6,sim,8,4,nao,finalizado,
SABER-00141,data_invalida,São Paulo,sp,C255,dual_blade,vermelho,padrao,802.16,597.17,44,44,29,4.7,ruim,7,sim,10,3,nao,procesado,
SABER-00142,2025-04-25,São Paulo,sp,C68,elite,verde,customizado,2607.52,1196.83,27,44,27,4.3,ruim,6,nao,3,26,sim,finalizado,
SABER-00143,2025-09-19,São Paulo,sp,C194,elite,azul,customizado,"2142,15",1339.66,18,6,4,1.4,NA,12,sim,1,12,sim,cancelado,
SABER-00144,2025-07-05,São Paulo,sp,C365,premium,roxo,padrao,924.5,630.88,31,40,19,3.8,NA,6,nao,10,47,sim,,
SABER-00145,2025-05-24,São Paulo,sp,C286,elite,verde,customizado,932.04,670.88,24,16,5,3.1,NA,9,nao,10,18,nao,cancelado,
SABER-00146,2025-02-07,São Paulo,SP,C158,dual_blade,azul,customizado,856.07,618.6,33,41,23,4.3,NA,3,,3,59,nao,cancelado,
SABER-00147,2025-06-12,São Paulo,SP,C22,custom,roxo,padrao,"2795,7",1488.35,6,12,8,4.0,,4,sim,3,24,sim,,
SABER-00148,2025-05-07,São Paulo,sp,C128,premium,verde,padrao,865.75,349.39,16,34,27,2.3,ruim,7,sim,6,15,sim,procesado,
SABER-00149,2025-03-16,São Paulo,sp,C246,custom,azul,padrao,1745.18,1237.58,19,27,20,2.9,ótimo,10,,3,85,nao,cancelado,
SABER-00150,2025-06-25,São Paulo,sp,C141,elite,verde,padrao,811.53,422.85,31,37,32,4.4,,1,,4,70,sim,procesado,
SABER-00151,2025-06-24,São Paulo,sp,C120,elite,azul,customizado,"2281,19",1250.36,46,4,1,1.4,ruim,12,sim,10,87,sim,finalizado,
SABER-00152,2025-03-03,São Paulo,SP,C285,elite,azul,padrao,1008.63,699.61,2,50,23,2.4,ótimo,4,,3,64,sim,procesado,
SABER-00153,2025-02-12,São Paulo,SP,C44,dual_blade,roxo,customizado,1380.14,625.66,19,33,23,3.6,ótimo,12,,8,3,nao,procesado,
SABER-00154,2025-03-19,São Paulo,SP,C12,classic,vermelho,padrao,1793.38,793.67,36,45,24,2.4,ótimo,6,nao,8,66,nao,,
SABER-00155,data_invalida,São Paulo,SP,C25,elite,azul,padrao,2023.98,1103.2,42,6,1,2.5,,9,nao,6,23,sim,,
SABER-00156,2025-05-16,São Paulo,sp,C256,premium,azul,customizado,1506.37,762.28,47,17,14,3.5,,11,,7,43,sim,cancelado,
SABER-00157,2025-06-08,São Paulo,SP,C339,premium,azul,customizado,"428,93",279.38,15,18,14,2.8,,11,sim,10,35,nao,finalizado,
SABER-00158,2025-08-24,São Paulo,SP,C121,classic,azul,customizado,"1260,24",811.07,14,47,17,2.1,ótimo,9,sim,0,79,nao,procesado,
SABER-00159,data_invalida,São Paulo,sp,C140,dual_blade,azul,customizado,1203.34,612.08,43,29,20,2.3,ótimo,8,,3,17,sim,cancelado,
SABER-00160,2025-08-25,São Paulo,SP,C64,elite,azul,padrao,"892,96",451.77,17,20,20,2.7,ótimo,11,sim,3,56,sim,cancelado,
SABER-00161,2025-08-17,São Paulo,sp,C238,custom,roxo,padrao,"618,39",267.3,44,45,2,4.3,,7,nao,9,38,nao,procesado,
SABER-00162,2025-09-15,São Paulo,sp,C381,elite,vermelho,padrao,"3115,97",1442.21,20,18,3,1.8,ruim,8,nao,7,39,nao,cancelado,
SABER-00163,2025-01-22,São Paulo,SP,C69,premium,verde,padrao,734.05,493.34,2,24,23,5.0,,12,,1,13,sim,finalizado,
SABER-00164,09/01/2025,São Paulo,SP,C375,premium,roxo,padrao,1944.0,940.57,38,35,19,3.8,ótimo,4,,4,34,nao,cancelado,
SABER-00165,2025-01-25,São Paulo,sp,C313,dual_blade,amarelo,customizado,1152.7,553.29,26,13,9,3.1,ruim,9,sim,7,72,sim,finalizado,
SABER-00166,2025-09-01,São Paulo,sp,C271,classic,azul,padrao,1186.89,632.4,10,47,11,2.7,ótimo,6,,8,75,nao,cancelado,
SABER-00167,2025-06-03,São Paulo,SP,C69,elite,azul,padrao,2239.72,1068.7,48,15,12,4.2,NA,5,,5,22,nao,finalizado,
SABER-00168,2025-05-09,São Paulo,SP,C219,premium,verde,customizado,398.32,233.42,48,7,4,3.6,NA,12,,9,55,nao,,
SABER-00169,2025-05-01,São Paulo,sp,C349,custom,azul,padrao,"2550,8",1436.64,3,21,18,4.6,,6,sim,0,33,sim,cancelado,
SABER-00170,2025-07-17,São Paulo,SP,C103,elite,azul,padrao,3137.62,1343.81,4,31,9,2.9,NA,3,sim,5,66,nao,,
SABER-00171,2025-02-11,São Paulo,SP,C68,custom,roxo,customizado,803.18,534.9,35,33,22,3.9,,5,sim,7,17,nao,cancelado,
SABER-00172,data_invalida,São Paulo,SP,C400,elite,roxo,customizado,924.74,735.99,40,9,9,4.9,,12,sim,0,3,sim,finalizado,
SABER-00173,2025-02-21,São Paulo,SP,C70,classic,roxo,padrao,961.75,474.31,21,15,14,1.7,NA,7,,1,39,nao,cancelado,
SABER-00174,2025-07-05,São Paulo,sp,C175,custom,vermelho,padrao,420.13,204.91,7,33,13,1.9,,1,sim,3,76,sim,cancelado,
SABER-00175,2025-05-08,São Paulo,SP,C350,classic,vermelho,customizado,"1363,32",572.21,41,1,0,1.9,ótimo,2,nao,6,0,nao,,
SABER-00176,2025-09-10,São Paulo,SP,C397,elite,verde,customizado,1980.17,1358.0,19,30,30,2.4,ótimo,3,nao,2,37,sim,procesado,
SABER-00177,29/09/2025,São Paulo,SP,C373,dual_blade,verde,customizado,2813.99,1138.98,16,19,19,4.6,ruim,9,,8,28,nao,cancelado,
SABER-00178,2025-07-30,São Paulo,sp,C29,dual_blade,azul,padrao,3377.93,1474.29,7,29,12,1.1,ótimo,2,nao,9,17,sim,finalizado,
SABER-00179,2025-06-17,São Paulo,SP,C165,classic,verde,customizado,592.05,397.12,11,5,3,2.5,,9,nao,3,19,nao,cancelado,
SABER-00180,12/01/2025,São Paulo,SP,C361,custom,azul,customizado,1585.92,691.62,22,50,40,1.3,ruim,4,,5,55,sim,finalizado,
SABER-00181,2025-04-24,São Paulo,SP,C266,dual_blade,vermelho,padrao,"2402,1",1203.93,8,46,33,4.6,NA,5,sim,0,70,nao,finalizado,
SABER-00182,2025-02-14,São Paulo,sp,C127,custom,vermelho,customizado,1949.21,1458.52,28,6,5,1.2,,2,sim,6,5,nao,procesado,
SABER-00183,2025-05-15,São Paulo,SP,C196,custom,verde,padrao,698.35,394.8,45,7,4,1.3,ruim,9,sim,6,31,sim,procesado,
SABER-00184,2025-01-30,São Paulo,SP,C303,classic,azul,customizado,"1221,5",489.46,15,30,11,1.9,ruim,4,nao,0,51,nao,cancelado,
SABER-00185,2025-08-15,São Paulo,sp,C122,custom,verde,padrao,1297.25,627.71,14,45,8,2.9,,3,,6,21,nao,,
SABER-00186,2025-10-22,São Paulo,sp,C315,custom,amarelo,customizado,2395.75,1053.54,24,39,34,2.5,ruim,8,nao,4,42,nao,finalizado,
SABER-00187,2025-04-21,São Paulo,SP,C205,custom,roxo,customizado,1899.78,1158.58,47,38,13,2.5,ótimo,11,,7,64,nao,finalizado,
SABER-00188,24/07/2025,São Paulo,SP,C367,custom,verde,customizado,1815.58,1018.21,31,24,18,3.9,,7,nao,1,38,sim,finalizado,
SABER-00189,2025-06-26,São Paulo,sp,C137,premium,roxo,padrao,3063.38,1473.31,10,12,7,4.4,ruim,8,,5,52,sim,cancelado,
SABER-00190,2025-07-04,São Paulo,sp,C207,dual_blade,verde,customizado,548.78,378.62,10,11,7,4.2,,5,sim,2,18,nao,cancelado,
SABER-00191,2025-04-07,São Paulo,SP,C237,custom,vermelho,padrao,832.0,589.71,27,14,10,2.6,ótimo,8,nao,8,66,nao,,
SABER-00192,05-21-2025,São Paulo,sp,C324,premium,vermelho,customizado,3664.1,1471.33,13,32,10,4.8,NA,7,nao,0,75,sim,cancelado,
SABER-00193,2025-01-24,São Paulo,SP,C271,elite,amarelo,customizado,1819.92,935.61,4,5,4,3.1,NA,10,,9,21,sim,,
SABER-00194,13/10/2025,São Paulo,SP,C130,elite,azul,padrao,3603.55,1442.69,47,50,23,4.7,NA,7,sim,3,69,sim,procesado,
SABER-00195,2025-08-07,São Paulo,SP,C308,custom,roxo,padrao,2062.66,951.62,19,47,4,4.2,ótimo,1,nao,2,69,nao,cancelado,
SABER-00196,11/02/2025,São Paulo,sp,C26,elite,azul,padrao,2314.26,975.96,36,37,33,4.4,ruim,7,nao,9,48,nao,procesado,
SABER-00197,2025-07-14,São Paulo,sp,C50,dual_blade,vermelho,padrao,2787.19,1134.4,29,7,1,1.5,ótimo,4,sim,5,6,nao,finalizado,
SABER-00198,2025-01-20,São Paulo,SP,C225,custom,vermelho,padrao,"1701,11",862.23,12,13,10,2.7,NA,1,nao,6,80,sim,finalizado,
SABER-00199,2025-03-12,São Paulo,sp,C350,dual_blade,vermelho,padrao,3070.15,1276.55,15,49,41,2.5,,5,nao,0,25,sim,cancelado,
SABER-00200,2025-01-26,São Paulo,sp,C35,classic,amarelo,padrao,808.74,345.19,14,3,2,4.9,ótimo,12,sim,6,17,sim,cancelado,
SABER-00201,2025-10-13,São Paulo,SP,C312,classic,vermelho,padrao,1049.32,505.74,7,5,2,4.5,NA,7,,2,49,nao,,
SABER-00202,06-19-2025,São Paulo,SP,C238,custom,verde,customizado,3062.91,1301.3,45,29,2,2.9,ótimo,4,nao,2,75,sim,,
SABER-00203,2025-01-17,São Paulo,SP,C369,classic,verde,customizado,2381.15,1454.78,9,47,19,4.1,NA,4,nao,10,56,nao,procesado,
SABER-00204,2025-09-15,São Paulo,sp,C302,classic,vermelho,padrao,1641.32,1106.15,19,10,0,1.4,ruim,11,,8,83,sim,finalizado,
SABER-00205,19/09/2025,São Paulo,sp,C205,classic,azul,padrao,2436.21,1053.91,9,45,45,3.8,NA,3,sim,6,47,sim,finalizado,
SABER-00206,2025-10-21,São Paulo,sp,C127,premium,amarelo,customizado,2574.88,1366.82,29,28,5,4.3,,1,sim,9,12,sim,,
SABER-00207,2025-05-13,São Paulo,sp,C310,dual_blade,azul,customizado,1937.77,1343.43,32,50,16,1.2,NA,8,nao,6,30,sim,procesado,
SABER-00208,2025-02-04,São Paulo,SP,C167,dual_blade,azul,padrao,1035.19,719.38,47,26,1,3.9,,2,,7,21,sim,cancelado,
SABER-00209,2025-05-22,São Paulo,SP,C9,dual_blade,roxo,padrao,2233.31,948.81,13,2,2,2.1,,10,,10,72,nao,finalizado,
SABER-00210,2025-02-07,São Paulo,sp,C273,dual_blade,vermelho,customizado,1093.78,540.27,38,33,28,2.7,ruim,2,nao,8,9,sim,procesado,
SABER-00211,08-01-2025,São Paulo,sp,C120,elite,azul,customizado,681.98,349.53,13,44,25,4.8,ótimo,8,nao,8,14,sim,cancelado,
SABER-00212,2025-03-28,São Paulo,sp,C378,custom,azul,padrao,2357.68,1252.54,38,20,12,4.4,,2,,4,78,nao,procesado,
SABER-00213,2025-06-18,São Paulo,SP,C22,premium,azul,customizado,1465.15,641.4,29,49,46,2.8,NA,10,sim,4,60,sim,finalizado,
SABER-00214,2025-04-30,São Paulo,sp,C400,elite,vermelho,padrao,"969,74",754.64,20,25,8,1.4,ruim,1,nao,3,59,nao,finalizado,
SABER-00215,2025-09-28,São Paulo,SP,C94,premium,amarelo,padrao,2667.89,1225.2,34,12,7,1.9,,6,sim,6,51,nao,procesado,
SABER-00216,2025-01-18,São Paulo,sp,C85,classic,amarelo,customizado,2379.11,1011.74,47,26,13,1.2,ruim,10,sim,10,23,sim,procesado,
SABER-00217,2025-02-17,São Paulo,sp,C158,classic,azul,customizado,812.15,346.41,40,10,3,1.7,ruim,10,nao,7,43,sim,cancelado,
SABER-00218,2025-08-05,São Paulo,SP,C300,dual_blade,vermelho,padrao,3166.01,1311.86,18,45,28,2.9,ruim,4,sim,6,12,nao,,
SABER-00219,15/07/2025,São Paulo,sp,C138,dual_blade,amarelo,customizado,1484.47,667.0,41,15,1,4.7,,9,,10,53,sim,,
SABER-00220,2025-08-02,São Paulo,SP,C304,elite,vermelho,customizado,1572.47,743.59,17,40,38,2.9,ruim,11,sim,0,61,sim,finalizado,
SABER-00221,data_invalida,São Paulo,sp,C256,dual_blade,verde,customizado,822.51,563.52,48,27,17,1.5,ótimo,11,nao,0,20,sim,finalizado,
SABER-00222,10/04/2025,São Paulo,SP,C334,premium,verde,customizado,430.47,239.83,4,50,27,2.2,,7,nao,9,9,sim,finalizado,
SABER-00223,2025-09-01,São Paulo,SP,C172,classic,verde,customizado,670.4,289.32,47,24,3,4.5,NA,12,nao,0,64,sim,procesado,
SABER-00224,2025-02-19,São Paulo,sp,C380,classic,azul,padrao,"2605,35",1082.82,35,14,12,1.6,ruim,8,nao,5,80,nao,finalizado,
SABER-00225,2025-08-02,São Paulo,SP,C340,classic,azul,padrao,2946.65,1310.71,44,48,6,4.0,ótimo,1,,5,43,sim,,
SABER-00226,2025-03-07,São Paulo,sp,C75,premium,verde,customizado,1712.19,737.9,16,25,24,1.1,NA,1,nao,1,22,sim,procesado,
SABER-00227,2025-03-08,São Paulo,SP,C197,classic,verde,padrao,"833,55",391.82,21,16,8,2.7,NA,3,sim,9,43,sim,procesado,
SABER-00228,2025-10-13,São Paulo,sp,C122,custom,azul,customizado,2625.1,1238.66,41,8,5,1.6,ruim,6,sim,2,77,nao,cancelado,
SABER-00229,08-09-2025,São Paulo,sp,C26,custom,verde,padrao,1850.44,836.87,9,13,11,2.5,ruim,11,nao,8,82,sim,cancelado,
SABER-00230,2025-04-15,São Paulo,SP,C224,custom,amarelo,customizado,2215.65,1314.0,18,3,3,1.4,ruim,10,,8,53,sim,cancelado,
SABER-00231,10-12-2025,São Paulo,sp,C147,classic,verde,padrao,3501.39,1482.02,12,34,23,2.0,,6,sim,4,42,sim,cancelado,
SABER-00232,05-12-2025,São Paulo,sp,C271,dual_blade,vermelho,padrao,3303.53,1437.27,24,6,1,2.3,NA,8,,2,32,sim,,
SABER-00233,2025-07-16,São Paulo,SP,C371,custom,azul,customizado,2658.78,1144.13,23,20,3,2.9,,3,sim,4,22,sim,finalizado,
SABER-00234,09-30-2025,São Paulo,sp,C17,dual_blade,azul,padrao,666.99,289.42,15,10,7,1.7,NA,1,sim,4,23,nao,,
SABER-00235,2025-06-26,São Paulo,SP,C1,classic,roxo,padrao,"2111,09",1330.98,7,2,1,2.0,NA,10,sim,2,89,sim,finalizado,
SABER-00236,09-10-2025,São Paulo,sp,C73,dual_blade,verde,customizado,1683.67,709.25,14,27,15,3.6,,4,nao,5,8,sim,cancelado,
SABER-00237,data_invalida,São Paulo,sp,C36,premium,vermelho,customizado,1548.46,792.88,12,33,10,3.6,NA,4,sim,7,83,sim,finalizado,
SABER-00238,2025-05-17,São Paulo,sp,C290,elite,azul,padrao,1065.17,833.23,41,14,14,4.8,,8,sim,10,56,sim,procesado,
SABER-00239,2025-08-22,São Paulo,sp,C63,custom,vermelho,padrao,"2327,51",935.03,9,12,8,2.8,ruim,10,nao,4,71,sim,cancelado,
SABER-00240,2025-08-23,São Paulo,SP,C121,premium,amarelo,padrao,1308.14,763.45,34,19,4,3.6,ótimo,6,sim,3,26,sim,cancelado,
SABER-00241,2025-09-14,São Paulo,sp,C102,premium,azul,customizado,301.88,215.7,35,10,7,3.1,ótimo,7,nao,5,13,nao,procesado,
SABER-00242,01/05/2025,São Paulo,sp,C322,dual_blade,verde,customizado,"1529,17",1033.58,38,27,4,3.2,NA,7,sim,5,14,nao,,
SABER-00243,2025-08-08,São Paulo,sp,C319,premium,verde,customizado,1759.54,979.53,6,15,13,1.2,,5,,2,40,sim,finalizado,
SABER-00244,2025-09-06,São Paulo,sp,C138,elite,verde,padrao,1476.56,648.65,41,36,17,3.4,ótimo,4,nao,7,2,nao,cancelado,
SABER-00245,13/05/2025,São Paulo,sp,C99,dual_blade,verde,customizado,485.39,234.73,27,34,17,4.4,,4,,1,30,sim,cancelado,
SABER-00246,2025-03-15,São Paulo,sp,C120,premium,vermelho,customizado,2588.01,1233.87,4,27,16,2.7,ruim,8,,2,14,sim,procesado,
SABER-00247,2025-01-22,São Paulo,SP,C185,dual_blade,azul,padrao,"824,66",341.59,12,14,10,1.7,NA,6,,5,42,nao,procesado,
SABER-00248,2025-01-18,São Paulo,SP,C362,dual_blade,amarelo,padrao,1418.58,823.5,5,33,30,4.1,ruim,3,sim,2,11,sim,procesado,
SABER-00249,20/07/2025,São Paulo,sp,C287,dual_blade,azul,customizado,669.7,290.62,29,15,2,3.5,ruim,7,sim,7,89,nao,procesado,
SABER-00250,2025-02-21,São Paulo,SP,C28,classic,vermelho,padrao,2637.62,1221.07,45,24,23,1.7,ruim,2,sim,4,26,nao,finalizado,
SABER-00251,01-15-2025,São Paulo,SP,C170,classic,azul,padrao,807.14,383.75,18,28,17,4.2,ótimo,11,,6,79,nao,finalizado,
SABER-00252,data_invalida,São Paulo,SP,C205,premium,azul,customizado,1713.82,743.36,18,9,9,4.3,ótimo,6,nao,4,74,nao,finalizado,
SABER-00253,2025-03-09,São Paulo,sp,C63,custom,amarelo,customizado,2629.86,1107.42,5,5,0,3.6,ótimo,12,nao,9,85,nao,,
SABER-00254,16/01/2025,São Paulo,sp,C189,classic,vermelho,padrao,2866.96,1246.18,32,50,11,1.1,NA,6,nao,7,28,nao,cancelado,
SABER-00255,2025-04-26,São Paulo,sp,C11,custom,roxo,customizado,1002.1,440.55,34,24,19,4.2,,9,sim,5,72,sim,,
SABER-00256,03-05-2025,São Paulo,sp,C389,custom,vermelho,padrao,3124.72,1259.94,21,16,10,3.4,NA,12,sim,0,37,nao,finalizado,
SABER-00257,2025-03-27,São Paulo,SP,C108,elite,verde,padrao,2801.73,1421.38,28,47,44,2.5,NA,7,nao,0,28,sim,,
SABER-00258,2025-05-25,São Paulo,SP,C350,premium,azul,padrao,"1412,86",664.59,23,26,6,2.1,,7,,5,20,nao,cancelado,
SABER-00259,2025-06-09,São Paulo,SP,C220,custom,azul,padrao,2983.39,1495.66,10,7,0,4.2,,10,,0,74,sim,,
SABER-00260,19/10/2025,São Paulo,SP,C225,elite,vermelho,customizado,2690.11,1240.3,34,36,33,2.4,ótimo,6,,6,58,nao,procesado,
SABER-00261,2025-07-08,São Paulo,SP,C38,classic,vermelho,customizado,357.48,281.73,20,11,0,4.0,NA,3,nao,5,57,nao,finalizado,
SABER-00262,2025-03-25,São Paulo,SP,C267,dual_blade,amarelo,customizado,"2432,25",1236.81,36,10,4,3.0,,5,sim,7,8,nao,procesado,
SABER-00263,2025-02-16,São Paulo,sp,C389,elite,roxo,padrao,1563.88,1069.58,16,24,7,4.3,,8,nao,5,84,nao,procesado,
SABER-00264,2025-03-26,São Paulo,SP,C192,classic,verde,padrao,1721.09,812.0,48,27,14,1.3,ruim,8,sim,8,36,sim,,
SABER-00265,2025-05-01,São Paulo,sp,C157,elite,amarelo,padrao,632.64,347.29,20,39,28,2.1,ótimo,8,,5,38,sim,cancelado,
SABER-00266,2025-01-03,São Paulo,sp,C20,custom,vermelho,customizado,2143.2,1495.67,37,49,48,1.1,ótimo,3,nao,2,3,nao,procesado,
SABER-00267,2025-03-29,São Paulo,sp,C216,premium,verde,customizado,3320.28,1402.8,12,43,16,3.7,,4,nao,7,46,nao,cancelado,
SABER-00268,2025-03-17,São Paulo,sp,C254,dual_blade,verde,padrao,2197.51,1334.87,23,39,36,1.4,ruim,9,sim,1,27,sim,cancelado,
SABER-00269,2025-08-20,São Paulo,sp,C87,classic,azul,customizado,1783.1,915.34,26,40,32,4.0,,6,nao,9,23,nao,finalizado,
SABER-00270,18/07/2025,São Paulo,SP,C301,elite,verde,padrao,2980.13,1286.79,11,16,1,3.4,,9,,1,35,nao,,
SABER-00271,04-17-2025,São Paulo,SP,C64,classic,roxo,padrao,698.68,432.15,38,7,7,1.5,ótimo,4,,0,5,nao,finalizado,
SABER-00272,2025-06-10,São Paulo,SP,C219,premium,amarelo,padrao,510.68,270.83,4,1,1,4.2,,7,sim,5,23,nao,procesado,
SABER-00273,2025-06-15,São Paulo,sp,C202,classic,verde,padrao,576.26,263.39,33,48,27,1.9,ótimo,7,sim,2,39,sim,cancelado,
SABER-00274,2025-05-26,São Paulo,SP,C233,elite,azul,customizado,2155.71,1274.64,47,14,4,3.7,NA,2,nao,6,88,nao,,
SABER-00275,2025-09-14,São Paulo,sp,C195,classic,verde,padrao,2312.46,1498.45,47,45,31,4.6,NA,3,,5,29,nao,procesado,
SABER-00276,2025-03-22,São Paulo,sp,C80,dual_blade,vermelho,customizado,1731.43,1335.81,37,29,16,3.7,,5,nao,7,49,nao,,
SABER-00277,06/08/2025,São Paulo,sp,C320,classic,amarelo,padrao,1350.12,626.61,10,26,21,1.3,,5,nao,2,26,nao,procesado,
SABER-00278,2025-03-20,São Paulo,SP,C237,dual_blade,amarelo,customizado,2681.6,1124.66,32,23,10,2.4,ótimo,1,nao,10,14,sim,,
SABER-00279,2025-09-11,São Paulo,sp,C89,dual_blade,azul,customizado,2240.22,1240.34,13,24,2,4.0,,10,,4,45,nao,procesado,
SABER-00280,2025-03-29,São Paulo,sp,C263,classic,azul,customizado,2800.72,1499.84,23,32,2,1.7,NA,6,sim,1,90,nao,,
SABER-00281,2025-06-10,São Paulo,sp,C221,elite,roxo,customizado,1694.14,952.02,7,15,8,1.6,,4,nao,4,72,nao,procesado,
SABER-00282,2025-02-17,São Paulo,sp,C224,dual_blade,roxo,customizado,1886.61,963.52,37,47,20,2.8,ruim,1,sim,6,48,nao,finalizado,
SABER-00283,2025-05-02,São Paulo,SP,C397,custom,roxo,padrao,383.95,306.11,22,29,13,4.7,NA,11,,6,11,sim,cancelado,
SABER-00284,2025-07-30,São Paulo,sp,C18,dual_blade,vermelho,customizado,"1689,17",789.15,48,5,0,4.6,ruim,8,,8,21,sim,cancelado,
SABER-00285,2025-04-04,São Paulo,SP,C146,custom,vermelho,customizado,1798.69,1006.88,27,50,26,4.2,,6,sim,10,14,nao,finalizado,
SABER-00286,2025-01-14,São Paulo,sp,C177,dual_blade,amarelo,customizado,"2704,94",1350.68,12,5,0,2.0,NA,8,sim,2,12,sim,cancelado,
SABER-00287,2025-10-08,São Paulo,SP,C62,premium,verde,customizado,967.03,519.98,26,3,3,1.3,ótimo,2,nao,3,12,nao,procesado,
SABER-00288,2025-07-11,São Paulo,sp,C313,dual_blade,verde,padrao,834.56,632.46,16,9,6,5.0,ruim,10,sim,10,23,sim,finalizado,
SABER-00289,2025-09-17,São Paulo,SP,C45,elite,roxo,padrao,1641.42,814.26,20,46,4,2.2,ruim,4,,4,4,sim,cancelado,
SABER-00290,2025-09-22,São Paulo,sp,C341,premium,vermelho,customizado,812.96,480.69,45,45,1,3.9,NA,9,,1,6,sim,,
SABER-00291,2025-04-22,São Paulo,sp,C205,premium,verde,customizado,728.7,346.8,9,21,16,3.4,,1,sim,1,6,nao,procesado,
SABER-00292,2025-07-22,São Paulo,sp,C271,elite,verde,customizado,"2562,63",1030.47,30,49,10,1.9,NA,3,sim,9,80,sim,cancelado,
SABER-00293,2025-07-13,São Paulo,SP,C386,classic,vermelho,customizado,1212.62,857.85,21,43,33,4.8,ótimo,10,sim,9,1,sim,,
SABER-00294,2025-03-11,São Paulo,sp,C30,premium,vermelho,customizado,2269.48,1358.7,25,26,12,1.6,ruim,3,,9,59,nao,,
SABER-00295,04/02/2025,São Paulo,sp,C160,premium,azul,customizado,3600.85,1457.39,48,15,9,1.6,ótimo,9,sim,0,57,nao,procesado,
SABER-00296,2025-02-22,São Paulo,SP,C278,classic,azul,padrao,2543.34,1142.61,11,28,1,3.7,ótimo,4,,4,86,sim,cancelado,
SABER-00297,2025-04-15,São Paulo,sp,C11,classic,azul,customizado,1641.76,1000.45,36,27,27,3.9,ruim,11,nao,7,11,nao,cancelado,
SABER-00298,2025-07-27,São Paulo,sp,C364,classic,amarelo,customizado,1185.5,501.27,3,44,35,3.3,,10,nao,1,17,sim,cancelado,
SABER-00299,2025-03-12,São Paulo,sp,C242,elite,roxo,padrao,1811.99,1337.81,25,29,29,1.7,NA,4,nao,1,79,nao,finalizado,
SABER-00300,2025-03-29,São Paulo,SP,C199,classic,verde,customizado,1138.4,499.07,42,43,1,4.2,NA,10,sim,10,10,sim,cancelado,
SABER-00301,2025-10-04,São Paulo,sp,C299,dual_blade,azul,padrao,1343.57,825.15,29,33,8,3.1,ótimo,4,sim,6,71,nao,procesado,
SABER-00302,2025-08-10,São Paulo,SP,C265,dual_blade,verde,customizado,"2775,63",1315.08,43,8,0,2.5,ótimo,9,nao,10,84,nao,procesado,
SABER-00303,2025-02-08,São Paulo,sp,C365,elite,roxo,customizado,694.68,404.26,40,43,8,3.3,ruim,1,,10,86,nao,finalizado,
SABER-00304,2025-02-20,São Paulo,SP,C375,classic,vermelho,padrao,1625.5,805.66,20,49,14,3.5,ótimo,11,sim,5,10,sim,,
SABER-00305,2025-09-09,São Paulo,sp,C181,custom,verde,padrao,1265.58,811.78,39,2,1,3.7,,12,sim,1,74,sim,,
SABER-00306,25/07/2025,São Paulo,sp,C4,dual_blade,azul,customizado,2771.37,1114.73,45,4,1,3.2,,2,,3,87,nao,finalizado,
SABER-00307,2025-02-02,São Paulo,sp,C278,elite,vermelho,padrao,1602.28,879.0,4,13,4,1.8,ruim,10,nao,8,20,nao,,
SABER-00308,2025-01-07,São Paulo,SP,C78,elite,roxo,padrao,1646.99,738.87,43,20,14,4.5,ruim,4,sim,8,58,nao,,
SABER-00309,2025-06-19,São Paulo,SP,C111,elite,vermelho,padrao,"1135,84",534.6,40,29,8,2.0,,12,sim,10,22,nao,procesado,
SABER-00310,2025-07-24,São Paulo,SP,C175,elite,verde,customizado,749.42,441.64,39,35,14,3.2,NA,9,sim,4,43,sim,procesado,
SABER-00311,2025-09-07,São Paulo,sp,C369,elite,vermelho,customizado,2777.02,1194.41,34,27,8,3.5,ruim,9,nao,6,35,sim,,
SABER-00312,2025-04-04,São Paulo,sp,C93,custom,vermelho,customizado,812.24,326.59,2,50,11,2.6,ótimo,3,sim,1,17,sim,cancelado,
SABER-00313,05/02/2025,São Paulo,sp,C155,elite,vermelho,padrao,554.25,283.29,38,10,1,1.0,ótimo,7,nao,1,55,nao,cancelado,
SABER-00314,10-05-2025,São Paulo,SP,C163,elite,azul,customizado,3543.62,1459.43,10,3,1,3.4,ótimo,12,sim,10,2,sim,,
SABER-00315,2025-10-19,São Paulo,sp,C370,dual_blade,amarelo,padrao,"2124,18",1106.21,28,38,24,3.6,ótimo,7,sim,0,12,sim,,
SABER-00316,2025-04-14,São Paulo,sp,C399,dual_blade,vermelho,padrao,"1323,89",828.92,30,32,23,2.7,ruim,5,,7,19,sim,procesado,
SABER-00317,2025-09-20,São Paulo,SP,C258,dual_blade,azul,customizado,"1260,77",630.49,21,37,23,4.0,ótimo,8,sim,10,69,sim,,
SABER-00318,2025-05-26,São Paulo,SP,C45,premium,verde,customizado,"1372,4",646.0,35,15,7,3.1,ruim,2,nao,4,44,nao,,
SABER-00319,2025-01-10,São Paulo,SP,C374,dual_blade,vermelho,customizado,2536.57,1031.12,25,50,4,1.8,NA,4,,10,0,nao,,
SABER-00320,2025-01-12,São Paulo,SP,C338,premium,roxo,customizado,437.56,239.92,11,28,23,4.9,ruim,6,,9,13,sim,cancelado,
SABER-00321,2025-07-15,São Paulo,sp,C143,custom,verde,padrao,"3403,58",1371.49,30,4,4,3.7,NA,5,nao,6,18,nao,procesado,
SABER-00322,2025-08-13,São Paulo,SP,C34,classic,roxo,customizado,"1899,03",1313.66,31,28,28,2.8,ótimo,2,sim,1,25,sim,cancelado,
SABER-00323,2025-09-20,São Paulo,SP,C179,classic,verde,padrao,2426.97,981.4,17,27,26,1.1,ótimo,1,nao,0,50,nao,,
SABER-00324,2025-04-12,São Paulo,sp,C111,dual_blade,amarelo,customizado,971.78,659.68,40,42,31,3.3,ótimo,4,nao,4,13,sim,cancelado,
SABER-00325,2025-07-30,São Paulo,sp,C75,classic,azul,padrao,2665.73,1486.0,17,36,17,1.7,ruim,10,nao,2,21,nao,procesado,
SABER-00326,2025-01-15,São Paulo,SP,C383,premium,vermelho,padrao,"3062,48",1324.64,3,12,9,2.3,ruim,3,,10,36,sim,cancelado,
SABER-00327,2025-01-04,São Paulo,SP,C255,elite,azul,customizado,508.65,222.76,6,33,31,3.4,,2,,4,80,nao,,
SABER-00328,2025-06-02,São Paulo,sp,C7,classic,verde,padrao,1261.68,876.92,6,48,11,3.3,ótimo,7,sim,4,64,nao,,
SABER-00329,2025-04-12,São Paulo,SP,C243,classic,azul,customizado,1843.77,871.37,47,14,9,2.6,,1,,9,63,nao,finalizado,
SABER-00330,2025-02-11,São Paulo,SP,C209,elite,vermelho,padrao,2102.93,928.66,31,27,22,4.4,ótimo,11,,9,8,sim,finalizado,
SABER-00331,2025-01-04,São Paulo,SP,C344,classic,vermelho,padrao,1653.22,1132.58,17,6,6,1.1,,2,sim,10,64,sim,procesado,
SABER-00332,2025-02-16,São Paulo,sp,C364,dual_blade,roxo,customizado,1351.12,803.52,36,26,23,3.1,ruim,4,,5,1,sim,cancelado,
SABER-00333,2025-03-05,São Paulo,SP,C233,elite,azul,padrao,957.9,496.29,32,35,12,4.3,ruim,4,sim,2,3,nao,procesado,
SABER-00334,2025-06-04,São Paulo,SP,C115,dual_blade,vermelho,customizado,2181.42,1226.68,19,28,12,3.2,,2,,3,11,sim,procesado,
SABER-00335,2025-07-03,São Paulo,sp,C158,dual_blade,vermelho,padrao,1396.6,761.92,35,50,21,4.8,ruim,5,nao,4,38,nao,cancelado,
SABER-00336,data_invalida,São Paulo,SP,C386,custom,azul,padrao,2150.6,1094.34,28,49,3,4.7,,2,sim,3,49,nao,procesado,
SABER-00337,07-20-2025,São Paulo,SP,C75,premium,azul,padrao,659.22,445.27,8,2,0,2.0,,12,nao,6,31,sim,finalizado,
SABER-00338,04/03/2025,São Paulo,SP,C373,elite,azul,customizado,"389,18",217.91,21,45,27,2.6,NA,2,,3,87,sim,procesado,
SABER-00339,2025-10-15,São Paulo,SP,C310,dual_blade,azul,padrao,"1130,93",831.86,9,35,6,1.7,,1,sim,2,52,nao,cancelado,
SABER-00340,2025-07-20,São Paulo,sp,C189,custom,azul,customizado,1677.8,872.29,48,3,0,1.4,,11,sim,3,61,nao,procesado,
SABER-00341,23/05/2025,São Paulo,sp,C63,custom,azul,customizado,2064.66,952.8,21,41,14,1.6,,6,,7,85,nao,,
SABER-00342,09-01-2025,São Paulo,sp,C271,custom,azul,customizado,495.15,396.32,31,27,2,3.6,ótimo,1,,9,84,nao,,
SABER-00343,2025-01-13,São Paulo,sp,C24,classic,verde,customizado,1013.76,678.86,20,12,10,3.1,NA,3,,7,66,sim,procesado,
SABER-00344,2025-09-21,São Paulo,sp,C363,custom,verde,customizado,1731.5,710.44,17,4,1,2.7,ótimo,1,nao,7,81,sim,cancelado,
SABER-00345,2025-07-20,São Paulo,sp,C88,custom,verde,padrao,"2459,5",1240.22,29,31,11,4.8,,3,sim,10,78,sim,procesado,
SABER-00346,2025-04-05,São Paulo,sp,C294,elite,verde,padrao,1371.44,579.16,38,44,33,1.3,,1,sim,3,54,nao,procesado,
SABER-00347,2025-04-28,São Paulo,sp,C338,custom,vermelho,padrao,1800.81,1211.14,9,33,21,3.1,NA,7,sim,8,81,nao,cancelado,
SABER-00348,2025-08-06,São Paulo,SP,C345,premium,azul,customizado,1078.75,582.37,29,17,2,1.3,ruim,10,sim,1,62,sim,finalizado,
SABER-00349,2025-10-27,São Paulo,sp,C381,elite,vermelho,padrao,"1189,6",583.01,23,28,23,1.9,ótimo,4,,7,31,nao,cancelado,
SABER-00350,09-18-2025,São Paulo,SP,C159,dual_blade,azul,customizado,2804.26,1157.35,18,14,3,3.2,NA,3,sim,5,44,sim,,
SABER-00351,2025-05-02,São Paulo,sp,C25,classic,verde,customizado,2359.77,1239.13,35,26,3,2.3,ruim,11,,5,77,nao,cancelado,
SABER-00352,2025-08-08,São Paulo,SP,C240,premium,verde,padrao,708.4,370.46,27,29,26,1.6,,7,nao,4,89,sim,procesado,
SABER-00353,2025-07-16,São Paulo,SP,C23,premium,azul,padrao,2219.43,1447.29,19,13,3,2.8,,2,sim,7,35,sim,procesado,
SABER-00354,2025-03-21,São Paulo,sp,C52,premium,amarelo,customizado,"819,7",551.18,9,21,18,2.1,ruim,12,sim,5,40,sim,cancelado,
SABER-00355,2025-10-27,São Paulo,SP,C123,custom,vermelho,padrao,2484.68,1298.64,18,5,5,3.5,ótimo,11,sim,5,40,sim,cancelado,
SABER-00356,2025-06-12,São Paulo,sp,C134,custom,azul,customizado,502.95,273.64,45,17,13,1.8,NA,4,sim,6,44,nao,procesado,
SABER-00357,10/01/2025,São Paulo,sp,C91,elite,verde,padrao,1355.55,902.04,42,40,21,4.3,,9,sim,9,47,sim,cancelado,
SABER-00358,2025-08-21,São Paulo,SP,C393,elite,vermelho,padrao,2248.69,1335.29,12,12,6,2.6,,4,sim,2,56,nao,cancelado,
SABER-00359,03-18-2025,São Paulo,SP,C58,premium,roxo,padrao,"1026,5",447.57,17,26,21,4.7,ótimo,11,sim,2,17,nao,,
SABER-00360,2025-02-26,São Paulo,SP,C306,classic,verde,customizado,1844.42,1108.31,10,32,30,3.8,ruim,8,nao,2,43,nao,,
SABER-00361,03-13-2025,São Paulo,SP,C101,dual_blade,vermelho,padrao,2470.3,1350.22,32,50,38,2.2,ruim,12,nao,0,24,sim,,
SABER-00362,2025-05-20,São Paulo,sp,C289,premium,verde,padrao,1718.29,934.64,27,1,1,3.2,ruim,8,sim,6,18,nao,procesado,
SABER-00363,2025-06-01,São Paulo,SP,C142,classic,azul,customizado,1803.87,982.35,8,30,26,1.8,NA,3,,5,54,sim,cancelado,
SABER-00364,2025-10-09,São Paulo,sp,C333,premium,vermelho,padrao,1984.3,1230.4,39,16,16,3.1,ruim,3,sim,9,79,sim,procesado,
SABER-00365,2025-06-16,São Paulo,sp,C183,custom,vermelho,customizado,656.83,273.32,38,25,14,4.9,ótimo,3,nao,0,58,nao,finalizado,
SABER-00366,06-25-2025,São Paulo,sp,C75,dual_blade,azul,customizado,928.39,419.72,7,9,5,1.6,ótimo,8,nao,6,9,nao,,
SABER-00367,2025-07-06,São Paulo,SP,C326,dual_blade,azul,padrao,1605.04,776.81,23,1,1,2.8,,2,nao,3,73,nao,cancelado,
SABER-00368,2025-03-02,São Paulo,sp,C138,dual_blade,azul,padrao,923.9,568.79,9,40,30,1.2,,10,sim,9,58,nao,,
SABER-00369,data_invalida,São Paulo,sp,C197,classic,verde,padrao,"1353,4",605.07,12,32,23,4.5,ótimo,10,sim,8,27,nao,procesado,
SABER-00370,2025-06-24,São Paulo,sp,C22,custom,verde,padrao,2251.85,978.55,30,3,3,2.0,ótimo,10,sim,3,76,nao,finalizado,
SABER-00371,2025-07-26,São Paulo,SP,C289,elite,roxo,padrao,1495.95,875.29,15,18,11,2.1,,10,sim,4,54,nao,procesado,
SABER-00372,2025-04-23,São Paulo,sp,C271,premium,vermelho,customizado,2709.43,1435.86,26,23,23,2.8,ruim,8,sim,1,45,nao,cancelado,
SABER-00373,04-09-2025,São Paulo,SP,C144,dual_blade,vermelho,padrao,683.35,322.7,20,32,9,2.5,,12,sim,10,66,nao,,
SABER-00374,2025-08-21,São Paulo,SP,C329,custom,vermelho,padrao,1192.55,643.1,7,50,6,1.3,NA,6,nao,6,72,nao,finalizado,
SABER-00375,01-19-2025,São Paulo,sp,C204,elite,azul,padrao,2144.11,1382.63,9,37,30,1.5,ruim,2,sim,10,82,sim,cancelado,
SABER-00376,2025-10-01,São Paulo,sp,C100,premium,verde,padrao,1538.83,835.87,29,45,3,1.5,ruim,4,sim,7,88,nao,cancelado,
SABER-00377,2025-04-18,São Paulo,sp,C171,elite,vermelho,padrao,562.06,271.44,34,30,21,1.8,,7,sim,10,24,nao,finalizado,
SABER-00378,2025-07-16,São Paulo,SP,C174,elite,verde,padrao,1746.23,947.74,24,12,7,1.9,ótimo,3,sim,10,43,sim,finalizado,
SABER-00379,09-16-2025,São Paulo,SP,C2,dual_blade,verde,padrao,1991.14,1003.72,36,42,3,1.9,NA,3,,0,85,nao,finalizado,
SABER-00380,2025-06-21,São Paulo,SP,C99,custom,azul,padrao,1000.5,491.37,39,40,9,2.0,ruim,3,,10,75,nao,cancelado,
SABER-00381,04-20-2025,São Paulo,SP,C289,premium,vermelho,customizado,1616.32,857.29,36,1,0,2.5,NA,6,,4,73,sim,,
SABER-00382,2025-05-15,São Paulo,SP,C365,custom,vermelho,customizado,"1580,41",780.13,23,15,8,3.1,ruim,10,nao,2,54,nao,,
SABER-00383,2025-09-04,São Paulo,SP,C331,premium,azul,padrao,1037.1,492.9,38,17,13,3.6,ruim,7,nao,1,70,nao,cancelado,
SABER-00384,2025-06-22,São Paulo,sp,C118,dual_blade,roxo,padrao,982.78,610.17,47,49,9,3.8,ótimo,10,,2,64,sim,finalizado,
SABER-00385,12/05/2025,São Paulo,sp,C29,elite,azul,customizado,1112.68,479.42,46,30,12,1.5,ruim,3,sim,0,67,nao,finalizado,
SABER-00386,2025-02-21,São Paulo,SP,C198,classic,verde,customizado,1340.38,756.93,40,24,9,1.3,NA,8,nao,3,39,sim,,
SABER-00387,2025-04-13,São Paulo,SP,C341,elite,azul,customizado,1682.73,1147.83,47,25,25,1.1,,4,,10,17,sim,finalizado,
SABER-00388,2025-05-13,São Paulo,sp,C340,elite,azul,customizado,"673,75",331.42,11,14,13,4.6,NA,7,,5,42,sim,procesado,
SABER-00389,2025-01-23,São Paulo,SP,C231,custom,vermelho,customizado,1280.41,985.25,48,16,4,2.0,,4,sim,10,69,sim,,
SABER-00390,2025-05-03,São Paulo,sp,C302,premium,roxo,padrao,2547.5,1216.14,23,38,28,4.7,NA,6,,3,30,sim,procesado,
SABER-00391,2025-05-09,São Paulo,SP,C260,dual_blade,amarelo,padrao,2348.52,1094.11,21,39,1,4.2,ruim,12,nao,0,62,nao,,
SABER-00392,2025-03-15,São Paulo,SP,C357,classic,azul,customizado,2980.02,1353.85,38,37,7,1.7,ruim,9,,0,58,nao,finalizado,
SABER-00393,2025-01-06,São Paulo,SP,C72,elite,amarelo,padrao,"1209,3",559.53,18,25,5,3.3,ruim,10,,8,78,nao,procesado,
SABER-00394,data_invalida,São Paulo,sp,C275,custom,amarelo,customizado,"697,28",517.05,18,15,7,4.1,NA,2,nao,10,13,sim,finalizado,
SABER-00395,21/03/2025,São Paulo,sp,C106,elite,vermelho,padrao,"1689,11",871.67,39,11,0,4.1,ruim,11,,0,85,sim,,
SABER-00396,2025-06-25,São Paulo,sp,C91,classic,azul,padrao,1247.69,519.17,9,17,10,2.0,,3,nao,6,75,nao,finalizado,
SABER-00397,2025-06-06,São Paulo,SP,C36,elite,verde,padrao,1085.16,853.24,29,46,4,2.2,ótimo,6,,4,68,sim,cancelado,
SABER-00398,data_invalida,São Paulo,SP,C113,elite,verde,customizado,1055.95,767.14,11,44,25,2.2,,2,nao,5,21,sim,finalizado,
SABER-00399,2025-07-16,São Paulo,sp,C181,custom,azul,customizado,2862.84,1350.29,8,43,29,4.5,NA,10,sim,7,50,sim,cancelado,
SABER-00400,02-04-2025,São Paulo,SP,C316,elite,amarelo,padrao,865.55,454.67,17,2,2,2.7,ótimo,7,sim,4,35,sim,procesado,
SABER-00401,2025-09-21,São Paulo,sp,C63,custom,vermelho,padrao,1341.17,1008.38,34,23,16,3.4,,4,,7,7,nao,procesado,
SABER-00402,09-02-2025,São Paulo,sp,C224,classic,vermelho,padrao,553.33,385.73,10,4,2,1.4,,10,nao,0,87,sim,,
SABER-00403,2025-10-22,São Paulo,sp,C205,custom,amarelo,padrao,"598,43",266.83,40,37,4,3.5,ruim,1,,1,1,nao,finalizado,
SABER-00404,2025-01-18,São Paulo,SP,C210,classic,verde,customizado,917.24,471.64,42,15,12,3.7,,10,,10,35,sim,,
SABER-00405,03-08-2025,São Paulo,SP,C194,custom,azul,customizado,1921.19,1165.07,35,2,0,3.2,ótimo,4,nao,8,13,nao,procesado,
SABER-00406,2025-08-25,São Paulo,sp,C365,dual_blade,azul,customizado,"1527,16",1036.56,39,12,5,4.3,ruim,8,nao,1,67,sim,procesado,
SABER-00407,2025-01-14,São Paulo,sp,C223,classic,verde,customizado,2576.05,1342.92,22,44,16,3.1,NA,11,sim,8,83,nao,finalizado,
SABER-00408,2025-07-01,São Paulo,sp,C117,premium,vermelho,padrao,2416.45,1301.58,12,23,23,4.1,ótimo,12,sim,9,25,sim,procesado,
SABER-00409,2025-07-11,São Paulo,SP,C398,dual_blade,verde,padrao,492.19,209.05,31,31,19,2.4,,7,nao,10,60,sim,finalizado,
SABER-00410,2025-01-27,São Paulo,SP,C82,dual_blade,vermelho,customizado,995.02,475.54,22,13,1,4.1,NA,6,,5,1,nao,finalizado,
SABER-00411,02-09-2025,São Paulo,sp,C315,custom,verde,padrao,2784.46,1143.96,32,38,2,3.4,NA,7,,1,49,sim,procesado,
SABER-00412,2025-04-02,São Paulo,SP,C158,custom,azul,padrao,2100.77,1075.74,2,24,2,2.5,NA,9,sim,7,32,nao,procesado,
SABER-00413,2025-06-24,São Paulo,sp,C344,premium,amarelo,customizado,809.06,457.2,43,31,10,5.0,,3,sim,10,87,nao,finalizado,
SABER-00414,2025-03-15,São Paulo,SP,C41,dual_blade,azul,padrao,1857.61,1282.52,34,48,16,1.7,,6,sim,5,10,nao,finalizado,
SABER-00415,2025-07-14,São Paulo,sp,C189,dual_blade,verde,padrao,1247.19,819.35,13,6,3,3.0,,5,nao,2,24,nao,finalizado,
SABER-00416,2025-07-10,São Paulo,SP,C96,premium,roxo,customizado,2433.29,1111.28,43,28,2,3.3,,5,nao,3,27,sim,cancelado,
SABER-00417,2025-04-25,São Paulo,sp,C120,custom,verde,padrao,"967,55",557.94,23,6,4,1.5,NA,4,sim,5,44,sim,finalizado,
SABER-00418,2025-08-31,São Paulo,SP,C76,elite,azul,padrao,"1717,36",1277.24,39,27,27,1.0,NA,1,nao,2,6,sim,finalizado,
SABER-00419,2025-10-28,São Paulo,SP,C395,dual_blade,amarelo,customizado,1554.33,1211.71,6,30,18,2.0,NA,4,sim,10,3,sim,cancelado,
SABER-00420,2025-10-12,São Paulo,SP,C59,elite,azul,customizado,2271.45,1482.17,23,13,6,1.6,ótimo,2,,8,40,nao,finalizado,
SABER-00421,2025-03-31,São Paulo,SP,C245,custom,vermelho,padrao,1663.07,930.51,40,45,4,4.6,ótimo,7,,6,58,sim,finalizado,
SABER-00422,01-14-2025,São Paulo,SP,C58,custom,azul,padrao,582.18,242.91,3,42,19,2.2,ótimo,3,,5,11,sim,procesado,
SABER-00423,data_invalida,São Paulo,SP,C158,premium,amarelo,padrao,1914.52,1037.91,31,10,7,1.1,NA,5,sim,10,80,sim,cancelado,
SABER-00424,data_invalida,São Paulo,sp,C84,elite,verde,padrao,769.48,531.85,9,15,15,4.6,NA,3,sim,5,89,sim,cancelado,
SABER-00425,05-16-2025,São Paulo,sp,C208,custom,vermelho,padrao,1593.02,1177.9,26,18,15,2.0,ótimo,6,sim,6,24,nao,finalizado,
SABER-00426,2025-05-17,São Paulo,sp,C391,premium,amarelo,customizado,583.3,299.45,22,50,48,3.1,,7,,0,89,sim,procesado,
SABER-00427,01-17-2025,São Paulo,sp,C76,premium,azul,padrao,414.02,207.01,5,34,7,3.0,ótimo,12,nao,0,44,sim,procesado,
SABER-00428,2025-05-30,São Paulo,sp,C87,dual_blade,vermelho,padrao,1145.12,783.74,2,46,5,2.2,ótimo,1,sim,10,47,nao,procesado,
SABER-00429,10-19-2025,São Paulo,SP,C310,dual_blade,azul,padrao,1676.95,884.56,6,33,5,4.6,NA,6,,1,88,sim,procesado,
SABER-00430,2025-09-29,São Paulo,SP,C201,premium,roxo,customizado,1746.43,816.67,32,18,5,3.7,,5,nao,4,52,sim,finalizado,
SABER-00431,2025-08-25,São Paulo,SP,C100,classic,verde,padrao,1983.46,1217.7,40,41,39,2.9,ótimo,2,nao,0,51,sim,cancelado,
SABER-00432,2025-08-19,São Paulo,SP,C85,premium,roxo,customizado,1576.33,1048.4,34,43,14,3.9,,9,nao,0,8,nao,finalizado,
SABER-00433,2025-01-19,São Paulo,SP,C192,custom,vermelho,padrao,1494.67,1030.3,20,50,49,1.8,ótimo,4,nao,5,69,nao,,
SABER-00434,2025-09-07,São Paulo,SP,C9,dual_blade,azul,customizado,888.33,496.82,4,18,11,4.3,,7,,7,68,sim,finalizado,
SABER-00435,05-01-2025,São Paulo,sp,C217,dual_blade,verde,customizado,1843.75,753.38,42,17,5,1.4,ruim,10,nao,6,64,sim,,
SABER-00436,2025-05-21,São Paulo,sp,C177,classic,amarelo,padrao,3365.82,1379.55,13,15,5,3.6,,6,nao,8,44,sim,finalizado,
SABER-00437,2025-09-08,São Paulo,SP,C33,custom,vermelho,padrao,2830.73,1233.15,42,28,22,5.0,,2,sim,4,2,nao,procesado,
SABER-00438,2025-10-17,São Paulo,SP,C186,classic,azul,padrao,1984.45,1212.82,46,7,4,1.4,ruim,5,nao,3,63,sim,cancelado,
SABER-00439,2025-09-18,São Paulo,sp,C374,dual_blade,verde,padrao,3501.26,1401.66,7,28,0,4.8,NA,8,sim,0,57,nao,,
SABER-00440,2025-02-21,São Paulo,sp,C170,dual_blade,vermelho,padrao,1930.77,1315.47,35,42,35,3.7,,6,,5,62,sim,cancelado,
SABER-00441,04/06/2025,São Paulo,SP,C64,classic,roxo,padrao,1757.25,1023.23,13,50,3,2.3,,2,sim,7,48,sim,,
SABER-00442,2025-05-30,São Paulo,SP,C296,classic,azul,padrao,441.72,279.34,4,4,3,3.4,ótimo,3,sim,0,32,nao,cancelado,
SABER-00443,2025-07-03,São Paulo,SP,C273,custom,vermelho,customizado,590.31,417.91,44,31,11,2.8,NA,6,nao,2,54,nao,,
SABER-00444,2025-03-17,São Paulo,sp,C280,dual_blade,vermelho,padrao,508.14,258.66,15,35,22,2.9,ótimo,7,,3,16,sim,cancelado,
SABER-00445,27/09/2025,São Paulo,SP,C109,premium,vermelho,customizado,"997,79",725.58,35,44,33,2.6,NA,12,nao,9,58,sim,,
SABER-00446,2025-09-01,São Paulo,sp,C265,premium,azul,customizado,1924.24,941.03,46,18,4,1.3,ruim,6,nao,7,27,sim,,
SABER-00447,26/02/2025,São Paulo,sp,C238,dual_blade,roxo,padrao,923.7,656.12,35,41,12,3.0,,7,nao,10,27,sim,cancelado,
SABER-00448,2025-10-24,São Paulo,SP,C124,classic,vermelho,padrao,1392.7,871.53,40,3,3,1.8,,6,nao,2,86,sim,procesado,
SABER-00449,04-24-2025,São Paulo,SP,C269,elite,azul,customizado,666.57,506.18,39,37,12,3.7,NA,10,,8,12,sim,procesado,
SABER-00450,03-15-2025,São Paulo,sp,C16,dual_blade,vermelho,padrao,"1720,03",735.99,46,30,5,2.4,NA,8,sim,9,0,sim,procesado,
SABER-00451,01-01-2025,São Paulo,sp,C283,classic,roxo,padrao,2984.47,1490.61,13,19,16,4.3,NA,5,,1,2,nao,cancelado,
SABER-00452,2025-09-26,São Paulo,sp,C304,premium,azul,customizado,449.48,271.3,18,47,24,4.8,,8,nao,6,82,sim,procesado,
SABER-00453,05-07-2025,São Paulo,SP,C9,premium,vermelho,padrao,2738.82,1304.8,36,16,4,4.9,ruim,12,sim,0,27,nao,procesado,
SABER-00454,2025-09-20,São Paulo,sp,C182,dual_blade,verde,customizado,"1424,68",790.9,23,28,24,1.4,NA,9,nao,5,71,nao,procesado,
SABER-00455,2025-10-05,São Paulo,sp,C384,custom,vermelho,customizado,2175.16,923.49,38,41,23,3.2,ótimo,10,,4,43,sim,cancelado,
SABER-00456,07-19-2025,São Paulo,SP,C300,premium,verde,customizado,2166.75,1029.47,13,8,1,1.8,NA,2,,0,65,sim,,
SABER-00457,2025-08-07,São Paulo,SP,C184,classic,vermelho,customizado,1314.72,659.68,46,50,40,4.6,ótimo,10,nao,1,16,nao,cancelado,
SABER-00458,2025-04-20,São Paulo,sp,C135,classic,vermelho,padrao,988.25,528.5,15,41,0,3.7,NA,4,,9,19,nao,,
SABER-00459,2025-02-14,São Paulo,sp,C378,custom,azul,padrao,326.92,245.56,11,4,1,3.5,ruim,11,,7,42,nao,finalizado,
SABER-00460,2025-10-01,São Paulo,SP,C9,custom,verde,customizado,"1364,63",561.56,16,17,3,1.2,,5,sim,3,60,nao,,
SABER-00461,2025-01-06,São Paulo,sp,C187,premium,azul,customizado,"2142,99",1150.09,32,49,17,1.1,ruim,10,sim,9,9,nao,,
SABER-00462,2025-03-19,São Paulo,sp,C91,premium,vermelho,padrao,583.6,390.35,26,19,5,3.8,ótimo,5,,7,62,sim,finalizado,
SABER-00463,2025-03-17,São Paulo,sp,C333,elite,verde,padrao,3218.91,1312.71,10,11,3,2.3,,10,sim,2,26,sim,,
SABER-00464,12/05/2025,São Paulo,SP,C296,classic,amarelo,padrao,665.15,268.67,8,29,9,4.5,ruim,3,,10,83,sim,,
SABER-00465,05-31-2025,São Paulo,sp,C125,elite,verde,customizado,648.28,380.06,27,38,10,3.8,ruim,7,,7,16,sim,,
SABER-00466,2025-01-31,São Paulo,sp,C311,dual_blade,azul,customizado,962.19,714.9,29,45,11,2.1,ruim,5,sim,8,28,nao,procesado,
SABER-00467,2025-09-30,São Paulo,SP,C69,elite,vermelho,customizado,1256.11,659.78,25,16,7,3.0,ótimo,12,sim,2,54,sim,cancelado,
SABER-00468,2025-10-05,São Paulo,sp,C53,custom,azul,customizado,1726.18,895.21,30,20,3,3.7,NA,12,,5,36,sim,procesado,
SABER-00469,2025-07-13,São Paulo,sp,C82,elite,azul,padrao,1072.4,518.83,40,44,34,1.5,,11,sim,9,59,sim,,
SABER-00470,01/05/2025,São Paulo,sp,C99,classic,azul,padrao,1134.48,863.56,46,8,3,3.9,NA,1,sim,9,60,sim,finalizado,
SABER-00471,2025-05-27,São Paulo,SP,C219,premium,azul,customizado,1689.13,1078.31,35,28,24,3.3,,6,nao,5,82,nao,,
SABER-00472,2025-06-29,São Paulo,SP,C87,classic,amarelo,padrao,2378.78,977.98,47,42,32,1.8,NA,5,nao,2,16,sim,finalizado,
SABER-00473,06-13-2025,São Paulo,sp,C286,custom,azul,customizado,"655,56",508.91,36,18,6,3.8,,2,sim,8,80,sim,cancelado,
SABER-00474,01-15-2025,São Paulo,SP,C172,classic,verde,padrao,1116.85,647.93,35,25,17,1.9,,1,nao,2,30,sim,,
SABER-00475,2025-02-27,São Paulo,SP,C75,classic,roxo,customizado,2479.99,1263.23,15,26,5,2.7,ótimo,4,nao,9,62,nao,finalizado,
SABER-00476,30/08/2025,São Paulo,sp,C143,premium,vermelho,padrao,1377.86,1122.26,21,27,1,3.9,ruim,11,nao,8,90,sim,,
SABER-00477,2025-05-31,São Paulo,sp,C199,elite,vermelho,customizado,1244.54,956.27,21,38,35,1.0,NA,2,nao,9,13,nao,procesado,
SABER-00478,2025-01-29,São Paulo,sp,C130,classic,vermelho,customizado,1125.21,679.59,37,24,7,2.4,ruim,5,nao,3,66,sim,finalizado,
SABER-00479,2025-06-26,São Paulo,sp,C74,dual_blade,azul,padrao,1047.09,457.76,42,25,3,1.1,ruim,6,,6,37,nao,cancelado,
SABER-00480,2025-04-07,São Paulo,sp,C187,elite,amarelo,customizado,838.56,634.29,18,41,38,2.8,NA,4,sim,1,30,sim,,
SABER-00481,2025-04-14,São Paulo,SP,C22,custom,amarelo,padrao,"2126,38",900.89,36,8,5,4.5,ótimo,6,sim,0,21,nao,,
SABER-00482,2025-02-27,São Paulo,SP,C321,elite,verde,customizado,1589.77,870.7,3,31,19,4.4,ótimo,6,,4,50,nao,,
SABER-00483,2025-03-27,São Paulo,SP,C336,elite,azul,customizado,460.59,317.3,26,9,5,4.9,,12,sim,6,57,sim,finalizado,
SABER-00484,22/05/2025,São Paulo,sp,C213,dual_blade,roxo,padrao,"974,96",658.8,39,25,14,2.1,ruim,5,nao,10,54,sim,,
SABER-00485,2025-08-29,São Paulo,SP,C274,dual_blade,roxo,padrao,1866.51,1323.49,43,22,22,4.5,ruim,5,nao,5,68,nao,procesado,
SABER-00486,2025-01-07,São Paulo,SP,C377,classic,verde,padrao,334.33,255.4,2,3,1,2.7,ruim,10,sim,10,48,nao,,
SABER-00487,2025-03-30,São Paulo,SP,C23,elite,amarelo,padrao,1848.98,925.86,11,26,10,1.9,,12,,5,42,sim,procesado,
SABER-00488,2025-07-08,São Paulo,sp,C318,custom,vermelho,padrao,2358.3,1078.22,13,39,9,1.7,ruim,10,nao,2,32,nao,cancelado,
SABER-00489,2025-09-10,São Paulo,SP,C212,dual_blade,roxo,padrao,1855.17,898.68,5,35,30,4.7,ruim,5,sim,0,89,nao,finalizado,
SABER-00490,2025-09-27,São Paulo,SP,C302,dual_blade,vermelho,padrao,1680.32,751.83,42,26,26,4.8,,12,,5,73,nao,procesado,
SABER-00491,2025-04-16,São Paulo,SP,C119,elite,vermelho,customizado,1555.58,1031.35,45,15,6,4.1,,8,,3,78,nao,,
SABER-00492,2025-07-22,São Paulo,sp,C299,custom,azul,customizado,"1189,52",644.97,47,9,8,1.2,ótimo,9,sim,3,22,sim,finalizado,
SABER-00493,2025-03-28,São Paulo,SP,C378,elite,roxo,padrao,1638.31,1190.61,19,19,1,2.7,NA,9,nao,4,71,nao,finalizado,
SABER-00494,2025-07-13,São Paulo,sp,C75,premium,azul,customizado,"2647,71",1267.01,29,45,3,2.6,NA,10,,3,39,sim,procesado,
SABER-00495,2025-06-12,São Paulo,sp,C116,dual_blade,vermelho,padrao,420.8,336.25,5,36,4,4.5,NA,12,,9,36,sim,,
SABER-00496,2025-03-15,São Paulo,SP,C180,classic,azul,padrao,808.23,399.56,41,17,2,4.5,ruim,11,nao,6,8,sim,finalizado,
SABER-00497,01/07/2025,São Paulo,SP,C169,custom,vermelho,padrao,895.72,400.1,13,41,34,3.4,ruim,11,nao,9,66,sim,,
SABER-00498,2025-06-20,São Paulo,SP,C244,premium,vermelho,padrao,1735.08,1211.33,41,33,20,1.2,NA,6,nao,6,69,sim,finalizado,
SABER-00499,07-31-2025,São Paulo,SP,C108,custom,verde,padrao,3606.61,1469.15,46,19,10,4.1,NA,2,,3,82,nao,procesado,
SABER-00500,data_invalida,São Paulo,sp,C248,dual_blade,azul,customizado,1823.19,1470.67,34,34,29,4.7,NA,2,sim,1,0,sim,,
SABER-00501,11/06/2025,São Paulo,SP,C86,classic,roxo,padrao,"1631,76",921.15,47,20,2,3.9,ruim,5,,8,90,sim,cancelado,
SABER-00502,2025-04-21,São Paulo,sp,C158,classic,azul,customizado,2388.99,1343.61,4,45,38,1.7,,5,nao,2,54,nao,,
SABER-00503,2025-01-22,São Paulo,sp,C319,custom,roxo,padrao,3044.21,1302.55,41,35,29,4.9,NA,2,sim,6,74,sim,,
SABER-00504,2025-04-12,São Paulo,SP,C229,elite,roxo,customizado,1496.96,637.9,8,30,1,1.9,,9,sim,7,31,nao,cancelado,
SABER-00505,2025-08-01,São Paulo,SP,C400,classic,vermelho,padrao,1319.61,976.01,33,6,1,1.8,ótimo,10,nao,0,2,nao,,
SABER-00506,data_invalida,São Paulo,sp,C10,elite,vermelho,padrao,1129.59,900.15,6,8,3,3.8,ruim,1,,3,5,nao,,
SABER-00507,03-24-2025,São Paulo,SP,C12,elite,azul,customizado,1530.66,912.72,21,42,20,3.9,NA,4,sim,5,54,sim,cancelado,
SABER-00508,2025-09-05,São Paulo,SP,C93,dual_blade,verde,customizado,"814,55",336.35,23,7,0,2.9,ruim,5,sim,10,51,sim,procesado,
SABER-00509,2025-03-16,São Paulo,SP,C340,elite,azul,padrao,2000.35,1464.44,16,28,12,3.7,NA,8,,1,50,nao,procesado,
SABER-00510,2025-06-14,São Paulo,SP,C84,elite,vermelho,customizado,1588.27,1115.07,43,3,2,4.1,,11,sim,0,21,nao,finalizado,
SABER-00511,2025-09-24,São Paulo,SP,C282,premium,verde,customizado,2676.21,1248.23,18,45,38,3.6,NA,9,sim,3,21,sim,finalizado,
SABER-00512,2025-02-06,São Paulo,SP,C151,dual_blade,verde,customizado,1270.5,961.91,12,23,11,4.7,NA,2,sim,0,38,sim,cancelado,
SABER-00513,2025-07-27,São Paulo,sp,C314,premium,vermelho,padrao,989.66,442.48,40,4,0,2.9,NA,3,,3,48,nao,procesado,
SABER-00514,2025-05-26,São Paulo,sp,C107,elite,roxo,customizado,1170.98,844.22,31,39,20,2.4,ótimo,9,,7,77,sim,cancelado,
SABER-00515,2025-08-18,São Paulo,sp,C155,premium,azul,padrao,1648.22,1148.35,35,5,4,2.0,NA,4,sim,0,68,nao,finalizado,
SABER-00516,2025-03-16,São Paulo,SP,C83,dual_blade,vermelho,padrao,1417.01,1031.16,2,24,13,3.6,NA,7,nao,7,45,sim,,
SABER-00517,2025-06-21,São Paulo,SP,C234,dual_blade,verde,padrao,2609.01,1403.11,18,34,25,3.1,ruim,10,nao,8,81,sim,finalizado,
SABER-00518,04/05/2025,São Paulo,sp,C92,premium,azul,customizado,453.1,377.35,2,7,2,2.2,NA,3,sim,1,64,sim,cancelado,
SABER-00519,2025-05-25,São Paulo,SP,C340,elite,vermelho,customizado,"1559,26",1197.59,28,45,37,3.4,ruim,6,nao,2,40,nao,finalizado,
SABER-00520,2025-02-09,São Paulo,sp,C274,dual_blade,amarelo,padrao,2155.11,1149.91,8,42,14,1.4,ruim,2,,6,58,nao,finalizado,
SABER-00521,03/10/2025,São Paulo,SP,C11,elite,verde,customizado,549.01,221.6,20,19,8,2.4,NA,10,sim,3,13,sim,cancelado,
SABER-00522,2025-10-27,São Paulo,sp,C331,elite,verde,padrao,"697,42",302.84,7,22,16,2.4,,1,,6,53,nao,cancelado,
SABER-00523,2025-08-01,São Paulo,SP,C107,premium,vermelho,customizado,1552.17,875.99,28,23,23,3.5,NA,11,nao,5,86,nao,procesado,
SABER-00524,2025-02-11,São Paulo,sp,C336,classic,amarelo,customizado,2427.57,1023.05,22,50,11,2.9,,9,sim,4,50,nao,,
SABER-00525,data_invalida,São Paulo,SP,C388,dual_blade,azul,customizado,2105.56,1206.65,37,49,5,3.9,ruim,1,nao,0,23,sim,cancelado,
SABER-00526,21/05/2025,São Paulo,sp,C179,classic,amarelo,padrao,2280.91,1060.98,26,46,39,4.3,NA,10,,8,37,nao,cancelado,
SABER-00527,2025-01-22,São Paulo,SP,C192,classic,vermelho,padrao,1424.03,946.19,9,9,2,4.1,ótimo,9,sim,3,50,nao,cancelado,
SABER-00528,2025-08-01,São Paulo,sp,C293,elite,vermelho,customizado,580.5,413.14,7,9,9,4.6,NA,9,nao,9,18,sim,procesado,
SABER-00529,2025-02-19,São Paulo,sp,C314,custom,azul,customizado,"2793,37",1471.65,46,28,3,1.2,,11,nao,2,20,sim,cancelado,
SABER-00530,2025-03-25,São Paulo,sp,C170,custom,azul,padrao,2246.68,1369.11,25,46,28,2.7,ótimo,2,nao,0,74,nao,,
SABER-00531,09-26-2025,São Paulo,sp,C122,classic,vermelho,customizado,1334.89,583.13,32,4,2,1.6,NA,6,,0,15,nao,cancelado,
SABER-00532,2025-06-28,São Paulo,sp,C235,dual_blade,vermelho,padrao,3043.67,1460.04,18,19,16,2.7,NA,9,nao,9,16,sim,cancelado,
SABER-00533,2025-07-17,São Paulo,SP,C200,dual_blade,vermelho,customizado,1150.23,830.83,2,46,39,1.6,ruim,12,,3,70,nao,,
SABER-00534,2025-10-02,São Paulo,sp,C363,custom,verde,padrao,1290.02,580.94,42,26,18,4.1,ruim,6,,9,73,sim,finalizado,
SABER-00535,2025-01-08,São Paulo,sp,C240,classic,vermelho,padrao,845.6,499.86,29,9,3,4.7,ruim,7,nao,1,53,nao,,
SABER-00536,2025-01-27,São Paulo,sp,C276,custom,verde,padrao,2457.74,999.67,22,4,4,1.9,ruim,7,,0,74,sim,,
SABER-00537,2025-08-25,São Paulo,SP,C48,custom,verde,customizado,502.76,253.59,5,43,34,4.4,,7,,9,35,sim,cancelado,
SABER-00538,2025-05-17,São Paulo,sp,C203,classic,azul,customizado,1593.47,817.52,34,32,8,3.5,,4,nao,0,32,sim,,
SABER-00539,2025-08-06,São Paulo,SP,C180,premium,roxo,customizado,"1008,41",653.31,47,41,36,2.9,NA,12,nao,4,49,nao,finalizado,
SABER-00540,2025-01-17,São Paulo,SP,C345,classic,azul,padrao,"668,95",457.03,41,26,25,1.8,,12,,4,26,nao,finalizado,
SABER-00541,2025-02-21,São Paulo,SP,C14,dual_blade,roxo,customizado,1210.63,680.36,39,14,8,2.7,NA,5,,7,70,nao,,
SABER-00542,24/09/2025,São Paulo,sp,C305,classic,azul,customizado,1426.4,574.8,3,46,39,3.0,,11,nao,1,27,nao,cancelado,
SABER-00543,2025-03-09,São Paulo,sp,C395,classic,roxo,padrao,"1053,15",587.75,9,2,1,1.7,ruim,3,nao,10,89,nao,finalizado,
SABER-00544,2025-08-07,São Paulo,sp,C280,elite,roxo,customizado,1310.91,615.36,31,46,41,1.1,NA,10,sim,9,71,nao,procesado,
SABER-00545,2025-05-28,São Paulo,sp,C259,custom,azul,customizado,511.53,210.26,26,8,6,2.6,ótimo,7,,7,37,sim,cancelado,
SABER-00546,2025-04-17,São Paulo,sp,C363,dual_blade,vermelho,padrao,1487.3,653.11,34,44,33,4.1,ótimo,4,sim,3,82,sim,procesado,
SABER-00547,2025-05-08,São Paulo,SP,C271,premium,vermelho,padrao,821.07,512.97,39,38,22,1.6,,9,,0,21,nao,cancelado,
SABER-00548,08-17-2025,São Paulo,SP,C61,custom,vermelho,padrao,316.49,240.07,40,33,10,2.5,,10,,5,66,nao,,
SABER-00549,2025-10-28,São Paulo,SP,C10,custom,azul,padrao,"1944,16",795.85,21,48,0,4.8,ruim,3,,8,39,sim,finalizado,
SABER-00550,2025-05-08,São Paulo,SP,C15,premium,amarelo,padrao,"2227,6",1020.49,26,41,33,2.1,,4,nao,3,46,nao,procesado,
SABER-00551,06-24-2025,São Paulo,sp,C147,dual_blade,azul,customizado,2177.04,1119.65,20,45,41,4.2,ruim,2,,5,11,nao,finalizado,
SABER-00552,2025-01-17,São Paulo,SP,C240,custom,vermelho,padrao,1535.73,745.07,2,20,6,3.7,,9,sim,7,25,sim,,
SABER-00553,2025-04-06,São Paulo,sp,C321,dual_blade,vermelho,customizado,"1366,12",699.41,14,16,14,4.7,,1,nao,2,35,sim,cancelado,
SABER-00554,2025-10-16,São Paulo,sp,C265,elite,vermelho,customizado,1738.6,1268.46,31,17,1,1.1,ruim,8,,9,20,sim,cancelado,
SABER-00555,2025-02-17,São Paulo,SP,C118,elite,verde,padrao,"390,19",226.48,11,43,32,4.0,ruim,1,,4,6,sim,,
SABER-00556,2025-07-19,São Paulo,sp,C391,classic,verde,customizado,1832.76,890.83,17,45,18,1.6,NA,10,sim,2,44,nao,finalizado,
SABER-00557,23/09/2025,São Paulo,SP,C142,elite,amarelo,padrao,"1001,56",680.7,33,41,35,1.9,,12,nao,2,6,nao,cancelado,
SABER-00558,2025-07-10,São Paulo,sp,C337,custom,vermelho,customizado,3611.68,1457.01,9,39,2,1.9,NA,7,,9,32,sim,procesado,
SABER-00559,2025-07-31,São Paulo,SP,C174,premium,vermelho,customizado,"1212,67",836.08,5,23,9,3.1,,10,,4,41,sim,finalizado,
SABER-00560,2025-07-09,São Paulo,SP,C357,dual_blade,roxo,padrao,1934.64,1143.25,44,2,1,4.7,NA,7,,9,13,sim,cancelado,
SABER-00561,2025-05-08,São Paulo,SP,C89,elite,vermelho,padrao,1624.55,1323.93,6,42,32,2.5,,6,sim,7,27,nao,procesado,
SABER-00562,10-19-2025,São Paulo,sp,C26,elite,amarelo,padrao,2898.51,1327.95,27,10,3,4.0,,12,sim,3,40,nao,cancelado,
SABER-00563,2025-09-26,São Paulo,sp,C126,elite,verde,customizado,"751,21",595.19,41,41,33,3.6,ruim,5,,3,73,nao,,
SABER-00564,2025-02-02,São Paulo,SP,C291,classic,roxo,padrao,2373.02,1318.72,8,23,21,1.1,NA,1,sim,2,17,sim,,
SABER-00565,2025-03-05,São Paulo,sp,C378,premium,azul,padrao,2306.95,1321.47,16,35,28,2.4,NA,4,,10,49,sim,finalizado,
SABER-00566,2025-07-28,São Paulo,SP,C203,elite,verde,padrao,2353.46,990.1,5,27,0,2.9,ruim,2,,8,83,nao,procesado,
SABER-00567,10/10/2025,São Paulo,SP,C383,classic,vermelho,padrao,3329.41,1343.14,40,32,10,1.1,NA,9,sim,6,43,sim,finalizado,
SABER-00568,2025-04-27,São Paulo,SP,C373,dual_blade,verde,customizado,735.02,463.23,5,8,0,4.7,NA,1,nao,8,18,sim,procesado,
SABER-00569,04-05-2025,São Paulo,SP,C298,dual_blade,roxo,padrao,2494.95,1218.77,14,20,18,1.6,ótimo,1,nao,3,79,nao,procesado,
SABER-00570,06-21-2025,São Paulo,sp,C205,classic,vermelho,customizado,527.73,370.43,7,29,0,3.2,NA,6,,0,74,sim,,
SABER-00571,2025-09-24,São Paulo,SP,C85,elite,azul,padrao,"1179,68",646.62,9,37,3,2.7,ruim,1,,9,55,sim,finalizado,
SABER-00572,28/02/2025,São Paulo,sp,C264,classic,azul,customizado,1926.25,1136.03,12,26,11,2.3,NA,5,nao,8,85,nao,,
SABER-00573,18/02/2025,São Paulo,sp,C221,dual_blade,azul,customizado,1094.5,582.43,43,42,38,3.7,ótimo,6,nao,5,35,sim,,
SABER-00574,2025-07-10,São Paulo,sp,C206,dual_blade,azul,padrao,2593.41,1213.28,17,23,7,1.5,ruim,1,sim,2,89,nao,cancelado,
SABER-00575,2025-07-11,São Paulo,sp,C321,elite,azul,padrao,"789,75",414.26,6,14,6,1.4,NA,4,,1,24,nao,,
SABER-00576,2025-03-28,São Paulo,sp,C6,classic,verde,customizado,726.51,400.43,13,6,6,4.0,ruim,12,sim,3,54,nao,cancelado,
SABER-00577,2025-06-21,São Paulo,SP,C67,classic,verde,customizado,2041.67,1246.74,19,9,9,3.5,,1,,5,82,sim,procesado,
SABER-00578,2025-04-26,São Paulo,SP,C322,elite,azul,padrao,1265.51,892.74,20,6,2,1.4,ótimo,8,nao,6,15,sim,finalizado,
SABER-00579,03/05/2025,São Paulo,sp,C292,dual_blade,azul,padrao,1723.48,993.59,45,18,16,4.9,ótimo,12,,0,79,sim,procesado,
SABER-00580,2025-09-17,São Paulo,SP,C27,premium,verde,customizado,1335.52,893.41,46,12,9,1.3,NA,1,,10,51,nao,finalizado,
SABER-00581,2025-01-31,São Paulo,sp,C267,custom,verde,customizado,1830.81,1251.41,28,48,1,1.7,NA,8,,10,40,nao,procesado,
SABER-00582,2025-07-01,São Paulo,sp,C243,elite,verde,customizado,1176.87,546.62,34,9,6,1.3,NA,7,nao,4,38,sim,,
SABER-00583,2025-03-09,São Paulo,SP,C1,dual_blade,vermelho,padrao,1298.42,866.48,35,10,7,4.7,,11,nao,2,30,sim,finalizado,
SABER-00584,2025-02-21,São Paulo,sp,C85,custom,azul,customizado,526.65,363.46,15,24,10,1.3,,5,,8,39,nao,,
SABER-00585,2025-05-16,São Paulo,SP,C11,classic,vermelho,customizado,933.37,534.67,4,46,19,2.8,ruim,10,sim,1,32,nao,procesado,
SABER-00586,2025-02-12,São Paulo,sp,C90,premium,vermelho,padrao,2403.56,1114.03,46,47,37,1.4,ótimo,4,nao,4,46,nao,,
SABER-00587,2025-09-19,São Paulo,SP,C341,custom,amarelo,customizado,1432.81,1033.34,38,24,19,4.2,ótimo,7,nao,3,39,nao,procesado,
SABER-00588,05-17-2025,São Paulo,SP,C31,classic,vermelho,customizado,624.98,513.49,9,6,1,4.0,ótimo,1,,6,10,sim,procesado,
SABER-00589,2025-06-07,São Paulo,SP,C60,premium,roxo,padrao,2486.19,1270.34,35,22,10,2.7,,6,,7,55,nao,procesado,
SABER-00590,2025-01-03,São Paulo,sp,C342,premium,verde,padrao,467.07,353.6,37,23,17,3.0,,3,sim,1,36,nao,,
SABER-00591,2025-05-21,São Paulo,sp,C390,classic,vermelho,customizado,272.12,218.16,7,45,41,4.3,ruim,9,,7,43,nao,finalizado,
SABER-00592,2025-03-18,São Paulo,sp,C304,dual_blade,azul,padrao,449.08,217.5,44,17,6,3.5,ótimo,9,nao,8,18,nao,finalizado,
SABER-00593,data_invalida,São Paulo,SP,C30,dual_blade,azul,padrao,1972.95,1255.13,11,38,24,4.1,ruim,6,sim,2,2,nao,finalizado,
SABER-00594,05-22-2025,São Paulo,sp,C364,dual_blade,verde,padrao,"1552,03",843.03,26,8,3,5.0,ótimo,12,,8,35,nao,,
SABER-00595,2025-07-23,São Paulo,SP,C373,custom,azul,padrao,1715.96,728.9,33,36,17,3.2,ótimo,12,,5,33,nao,finalizado,
SABER-00596,2025-06-02,São Paulo,sp,C47,custom,roxo,customizado,1330.51,600.43,17,13,3,3.5,,8,sim,3,50,sim,cancelado,
SABER-00597,2025-09-10,São Paulo,sp,C3,classic,verde,customizado,1308.93,861.65,19,47,9,3.8,,6,,4,67,sim,,
SABER-00598,data_invalida,São Paulo,sp,C106,dual_blade,vermelho,padrao,341.65,243.24,3,43,2,2.3,NA,7,nao,2,44,sim,finalizado,
SABER-00599,2025-10-09,São Paulo,sp,C225,premium,vermelho,customizado,2589.86,1288.51,47,15,3,2.9,ótimo,12,,9,87,sim,cancelado,
SABER-00600,2025-08-19,São Paulo,SP,C153,custom,vermelho,padrao,2018.72,1329.6,41,12,4,2.5,ruim,8,nao,0,40,sim,,
SABER-00601,2025-07-08,São Paulo,SP,C377,elite,amarelo,customizado,1405.97,835.62,27,17,7,5.0,ótimo,9,,8,8,sim,procesado,
SABER-00602,data_invalida,São Paulo,sp,C235,custom,roxo,padrao,1810.1,900.72,12,10,7,4.8,,7,,10,4,nao,,
SABER-00603,2025-03-23,São Paulo,SP,C258,classic,azul,padrao,1217.59,952.52,35,9,5,4.4,ruim,5,nao,10,49,nao,procesado,
SABER-00604,02-19-2025,São Paulo,SP,C263,elite,vermelho,padrao,"699,73",521.44,20,19,1,1.6,,11,sim,8,9,sim,,
SABER-00605,02/07/2025,São Paulo,SP,C191,custom,vermelho,padrao,320.98,214.43,11,19,7,3.0,,5,sim,1,27,sim,,
SABER-00606,2025-09-13,São Paulo,SP,C226,classic,azul,customizado,1703.6,1092.68,18,24,12,2.3,NA,2,,3,27,sim,,
SABER-00607,2025-09-13,São Paulo,SP,C272,classic,roxo,padrao,2850.26,1481.57,15,43,19,1.4,ruim,12,nao,6,42,sim,procesado,
SABER-00608,2025-09-17,São Paulo,sp,C316,custom,roxo,padrao,"697,26",398.1,36,9,8,4.2,ruim,12,sim,0,50,nao,,
SABER-00609,data_invalida,São Paulo,sp,C175,dual_blade,roxo,customizado,1174.37,632.12,13,8,1,3.6,,8,,0,30,sim,procesado,
SABER-00610,2025-04-16,São Paulo,SP,C302,custom,vermelho,padrao,2643.15,1499.37,28,50,17,5.0,ruim,9,nao,8,62,nao,cancelado,
SABER-00611,2025-08-18,São Paulo,SP,C17,dual_blade,azul,customizado,1602.08,1265.63,35,22,4,1.5,ruim,5,,8,57,nao,procesado,
SABER-00612,2025-01-23,São Paulo,sp,C383,elite,verde,customizado,"2200,72",1344.03,11,44,13,4.0,ótimo,5,nao,6,57,sim,finalizado,
SABER-00613,2025-06-22,São Paulo,sp,C327,custom,vermelho,customizado,2477.72,1000.41,9,16,2,4.6,,4,nao,3,7,sim,finalizado,
SABER-00614,2025-02-27,São Paulo,SP,C331,premium,verde,padrao,"1484,12",1174.54,19,38,22,2.0,NA,6,nao,6,74,nao,finalizado,
SABER-00615,2025-02-20,São Paulo,SP,C270,classic,verde,padrao,1684.65,927.46,21,22,7,4.0,ótimo,6,,4,52,nao,procesado,
SABER-00616,2025-08-12,São Paulo,sp,C70,premium,vermelho,customizado,"591,52",330.6,30,2,2,3.1,NA,12,nao,7,68,sim,procesado,
SABER-00617,2025-10-05,São Paulo,SP,C122,custom,verde,padrao,1953.85,1095.72,33,43,28,3.6,ótimo,4,sim,4,64,sim,cancelado,
SABER-00618,2025-06-05,São Paulo,SP,C300,premium,verde,padrao,1906.61,1164.87,14,26,10,1.9,NA,4,sim,9,11,nao,finalizado,
SABER-00619,2025-07-17,São Paulo,SP,C209,premium,azul,customizado,560.02,367.56,46,23,16,3.6,ruim,12,nao,0,77,nao,,
SABER-00620,2025-08-30,São Paulo,SP,C325,custom,azul,customizado,1429.44,681.62,28,4,3,2.6,ruim,8,nao,7,48,nao,finalizado,
SABER-00621,2025-05-17,São Paulo,SP,C78,custom,vermelho,customizado,"2148,15",1081.79,38,39,4,3.1,ruim,11,sim,5,29,sim,,
SABER-00622,2025-08-25,São Paulo,SP,C139,dual_blade,azul,customizado,1763.63,1125.15,19,48,47,3.2,,11,sim,9,59,nao,cancelado,
SABER-00623,2025-04-04,São Paulo,sp,C180,classic,verde,customizado,1504.44,1017.94,42,33,27,3.5,ruim,1,sim,1,11,nao,procesado,
SABER-00624,2025-08-30,São Paulo,sp,C108,elite,vermelho,customizado,1552.63,931.11,26,36,28,3.1,ótimo,10,,4,45,nao,,
SABER-00625,2025-08-21,São Paulo,SP,C265,custom,azul,padrao,2407.12,1301.34,29,42,34,3.2,ruim,3,sim,6,80,sim,cancelado,
SABER-00626,2025-07-29,São Paulo,SP,C309,premium,roxo,padrao,2828.63,1323.59,7,2,0,3.6,,3,nao,1,29,nao,cancelado,
SABER-00627,2025-02-08,São Paulo,sp,C111,elite,azul,padrao,1788.78,1338.26,6,23,20,1.7,NA,1,sim,1,64,nao,procesado,
SABER-00628,05-26-2025,São Paulo,sp,C142,premium,azul,padrao,1531.72,732.03,41,1,1,4.7,NA,7,sim,9,23,nao,finalizado,
SABER-00629,06-10-2025,São Paulo,sp,C166,custom,azul,customizado,2376.78,1203.26,33,44,38,4.0,,3,nao,7,66,nao,finalizado,
SABER-00630,2025-04-16,São Paulo,SP,C62,classic,azul,padrao,"1264,01",656.7,18,32,15,3.5,,10,sim,2,42,nao,finalizado,
SABER-00631,20/08/2025,São Paulo,SP,C358,classic,verde,padrao,2535.62,1032.28,44,31,9,1.9,,6,sim,8,37,sim,,
SABER-00632,2025-04-29,São Paulo,sp,C120,dual_blade,azul,padrao,"2337,07",1398.79,14,31,14,2.0,ruim,3,,5,15,sim,finalizado,
SABER-00633,2025-06-14,São Paulo,SP,C18,elite,verde,customizado,677.3,370.28,6,3,2,3.1,ruim,12,sim,2,55,nao,cancelado,
SABER-00634,2025-10-10,São Paulo,SP,C50,premium,amarelo,padrao,593.14,454.7,46,30,12,3.7,NA,12,sim,6,11,nao,finalizado,
SABER-00635,2025-09-26,São Paulo,SP,C147,dual_blade,vermelho,customizado,"468,5",327.17,28,34,15,4.1,,9,sim,8,45,sim,,
SABER-00636,04-03-2025,São Paulo,SP,C111,custom,roxo,padrao,"1152,99",515.8,15,8,0,1.8,ótimo,8,nao,0,19,nao,,
SABER-00637,2025-01-27,São Paulo,sp,C50,dual_blade,amarelo,customizado,1763.83,762.18,47,48,22,3.8,ótimo,6,sim,8,28,nao,procesado,
SABER-00638,2025-02-15,São Paulo,sp,C136,elite,verde,padrao,1495.2,860.3,29,46,19,2.7,ótimo,2,sim,6,46,sim,finalizado,
SABER-00639,2025-03-26,São Paulo,SP,C298,elite,vermelho,padrao,"1880,6",1466.11,44,43,26,3.8,,7,sim,5,42,sim,finalizado,
SABER-00640,2025-10-27,São Paulo,sp,C179,premium,azul,padrao,1932.25,1315.27,43,44,17,3.3,NA,10,sim,1,6,nao,finalizado,
SABER-00641,29/09/2025,São Paulo,sp,C331,custom,vermelho,padrao,"1252,87",651.42,33,25,10,2.5,,7,nao,3,67,sim,procesado,
SABER-00642,2025-07-20,São Paulo,sp,C190,custom,azul,padrao,"1651,72",1299.46,25,1,1,1.9,ótimo,2,nao,4,4,sim,cancelado,
SABER-00643,18/01/2025,São Paulo,sp,C92,custom,vermelho,padrao,482.5,350.64,44,32,11,4.7,NA,1,,1,72,nao,finalizado,
SABER-00644,2025-05-27,São Paulo,SP,C378,elite,azul,customizado,"1748,07",1254.04,34,26,6,3.6,ótimo,2,,4,85,sim,cancelado,
SABER-00645,2025-01-04,São Paulo,sp,C44,custom,vermelho,padrao,594.19,305.45,6,11,0,1.5,NA,3,sim,5,18,nao,,
SABER-00646,06-19-2025,São Paulo,sp,C24,elite,azul,customizado,1932.81,966.27,33,28,15,4.9,,8,,4,79,nao,,
SABER-00647,11/01/2025,São Paulo,SP,C7,premium,verde,customizado,"369,52",264.26,40,29,23,4.8,ótimo,9,,10,62,sim,,
SABER-00648,2025-04-19,São Paulo,SP,C174,dual_blade,verde,customizado,2393.46,1055.55,33,5,4,1.6,ótimo,11,nao,2,29,nao,procesado,
SABER-00649,18/06/2025,São Paulo,SP,C160,premium,roxo,padrao,2841.71,1384.7,19,38,17,4.3,ruim,6,,7,53,sim,,
SABER-00650,2025-04-06,São Paulo,SP,C338,custom,azul,padrao,1744.46,889.93,28,17,4,4.7,NA,5,,3,85,sim,,
SABER-00651,2025-04-08,São Paulo,sp,C354,dual_blade,vermelho,customizado,1732.61,760.86,34,19,15,4.1,NA,8,,3,0,nao,,
SABER-00652,2025-05-20,São Paulo,sp,C35,premium,azul,padrao,2338.49,1409.54,11,10,4,4.7,ótimo,1,nao,6,7,sim,,
SABER-00653,2025-08-21,São Paulo,SP,C157,premium,verde,customizado,"1753,58",754.27,44,36,12,3.3,ruim,5,sim,7,5,sim,finalizado,
SABER-00654,2025-06-09,São Paulo,sp,C10,dual_blade,verde,customizado,986.36,460.6,29,44,9,1.6,,2,nao,5,41,nao,finalizado,
SABER-00655,03-02-2025,São Paulo,sp,C139,classic,amarelo,customizado,1731.28,1285.83,26,5,0,3.8,ruim,8,nao,1,0,nao,,
SABER-00656,2025-06-29,São Paulo,sp,C74,premium,verde,padrao,770.87,399.55,9,26,6,4.6,ótimo,1,sim,7,60,sim,cancelado,
SABER-00657,03-22-2025,São Paulo,SP,C379,dual_blade,vermelho,customizado,2588.66,1304.37,38,33,32,2.7,,4,sim,3,37,nao,cancelado,
SABER-00658,2025-07-16,São Paulo,SP,C311,elite,verde,padrao,1335.58,1019.73,19,43,40,3.7,NA,3,nao,10,88,sim,finalizado,
SABER-00659,2025-08-16,São Paulo,SP,C63,classic,azul,customizado,"1566,17",644.7,40,32,16,4.0,ótimo,10,sim,5,46,sim,,
SABER-00660,2025-06-12,São Paulo,SP,C229,dual_blade,roxo,padrao,2156.89,889.79,33,13,6,1.2,,10,sim,2,47,nao,finalizado,
SABER-00661,2025-02-12,São Paulo,sp,C252,dual_blade,roxo,padrao,2583.22,1384.24,3,26,10,3.4,ruim,11,sim,9,76,nao,procesado,
SABER-00662,2025-05-10,São Paulo,SP,C65,classic,vermelho,customizado,2367.59,1450.86,48,5,3,3.8,,1,,7,84,sim,procesado,
SABER-00663,2025-01-20,São Paulo,SP,C189,classic,azul,padrao,2481.65,1151.26,44,6,0,1.2,NA,6,,6,77,sim,finalizado,
SABER-00664,2025-09-01,São Paulo,sp,C23,dual_blade,verde,customizado,702.2,304.2,17,21,9,4.4,ruim,7,,2,41,nao,,
SABER-00665,07-20-2025,São Paulo,SP,C238,custom,azul,customizado,3057.04,1403.0,21,35,18,2.1,ótimo,10,nao,8,33,sim,cancelado,
SABER-00666,10-18-2025,São Paulo,sp,C202,classic,amarelo,customizado,2365.45,1198.57,38,37,17,1.2,ruim,3,nao,6,4,sim,cancelado,
SABER-00667,29/09/2025,São Paulo,sp,C282,elite,verde,padrao,2650.58,1398.97,43,21,12,4.2,ótimo,12,sim,8,53,sim,procesado,
SABER-00668,2025-05-12,São Paulo,sp,C301,classic,verde,customizado,593.01,395.84,36,19,17,4.2,NA,12,sim,0,3,nao,finalizado,
SABER-00669,21/06/2025,São Paulo,SP,C369,classic,vermelho,customizado,1374.0,909.38,25,44,22,3.4,,8,nao,9,1,sim,,
SABER-00670,2025-02-05,São Paulo,sp,C186,premium,azul,customizado,"723,73",519.05,11,26,8,4.2,ótimo,6,nao,5,44,nao,cancelado,
SABER-00671,2025-10-09,São Paulo,sp,C359,dual_blade,verde,customizado,1511.08,769.99,24,28,26,3.8,,8,,1,57,sim,procesado,
SABER-00672,data_invalida,São Paulo,sp,C293,classic,roxo,customizado,"608,31",298.09,46,32,18,1.3,ótimo,5,sim,4,59,nao,cancelado,
SABER-00673,10-24-2025,São Paulo,sp,C176,dual_blade,verde,customizado,712.84,327.49,21,32,25,4.0,,9,nao,6,56,nao,procesado,
SABER-00674,2025-08-09,São Paulo,SP,C259,premium,amarelo,customizado,1034.62,551.02,37,18,1,3.3,ótimo,5,nao,3,25,nao,procesado,
SABER-00675,2025-06-14,São Paulo,sp,C128,dual_blade,roxo,padrao,1129.92,876.39,42,35,6,3.1,ótimo,11,,7,50,sim,cancelado,
SABER-00676,2025-01-16,São Paulo,sp,C121,dual_blade,azul,customizado,2052.01,882.11,45,48,2,3.8,,7,sim,3,35,sim,,
SABER-00677,10/05/2025,São Paulo,sp,C240,custom,azul,customizado,"1560,54",853.66,20,18,16,4.6,ótimo,11,,3,39,sim,,
SABER-00678,2025-03-23,São Paulo,sp,C383,elite,verde,padrao,709.32,364.21,12,47,21,2.1,ruim,2,nao,8,86,sim,finalizado,
SABER-00679,2025-05-13,São Paulo,sp,C263,dual_blade,roxo,padrao,2254.65,1061.84,14,44,21,1.3,NA,5,sim,3,56,sim,cancelado,
SABER-00680,2025-07-11,São Paulo,SP,C143,custom,azul,customizado,2084.89,1359.05,12,44,16,4.8,,5,sim,1,81,nao,cancelado,
SABER-00681,2025-03-07,São Paulo,sp,C267,classic,amarelo,customizado,1248.82,523.07,6,49,43,3.0,NA,4,nao,2,42,nao,,
SABER-00682,07-25-2025,São Paulo,SP,C20,elite,vermelho,padrao,331.89,232.11,14,24,11,1.1,NA,11,,8,81,sim,finalizado,
SABER-00683,data_invalida,São Paulo,sp,C92,classic,vermelho,padrao,"905,67",383.12,44,33,4,1.6,NA,1,sim,9,5,nao,finalizado,
SABER-00684,data_invalida,São Paulo,SP,C271,custom,azul,padrao,2477.09,1290.36,7,3,3,3.2,NA,7,nao,10,35,nao,procesado,
SABER-00685,02-27-2025,São Paulo,sp,C69,elite,vermelho,customizado,"2638,74",1356.43,26,32,17,3.1,NA,9,sim,6,48,sim,procesado,
SABER-00686,2025-02-22,São Paulo,SP,C161,custom,verde,padrao,"2692,54",1128.04,5,26,24,4.7,,4,nao,10,1,sim,cancelado,
SABER-00687,data_invalida,São Paulo,sp,C336,elite,vermelho,customizado,1915.21,864.66,40,49,44,3.8,NA,5,nao,3,28,sim,cancelado,
SABER-00688,data_invalida,São Paulo,SP,C189,elite,vermelho,customizado,"748,45",429.68,32,7,1,4.2,ruim,8,sim,4,6,sim,,
SABER-00689,26/01/2025,São Paulo,sp,C42,premium,azul,customizado,"1531,27",1017.99,31,15,11,3.2,ótimo,12,sim,6,47,nao,procesado,
SABER-00690,2025-05-02,São Paulo,SP,C308,classic,vermelho,customizado,"1532,79",701.16,6,43,11,3.6,ruim,11,sim,0,73,sim,procesado,
SABER-00691,2025-10-28,São Paulo,SP,C323,classic,vermelho,customizado,2079.38,1398.54,5,30,28,3.3,,12,,0,58,nao,procesado,
SABER-00692,2025-08-20,São Paulo,sp,C361,premium,roxo,customizado,3210.84,1378.44,30,31,25,1.7,,6,sim,3,37,nao,cancelado,
SABER-00693,2025-01-20,São Paulo,sp,C376,classic,verde,customizado,2010.1,937.38,33,39,28,4.0,,12,nao,10,22,sim,cancelado,
SABER-00694,data_invalida,São Paulo,sp,C367,premium,azul,padrao,994.36,556.11,28,29,18,1.8,,2,nao,10,6,sim,procesado,
SABER-00695,2025-02-13,São Paulo,SP,C392,dual_blade,vermelho,padrao,1836.0,1273.16,9,4,3,4.8,ótimo,12,,5,7,nao,cancelado,
SABER-00696,01-02-2025,São Paulo,sp,C13,dual_blade,verde,customizado,1024.43,435.32,29,41,25,2.4,ótimo,11,sim,6,17,sim,finalizado,
SABER-00697,2025-08-02,São Paulo,sp,C295,custom,verde,customizado,2221.16,1498.93,44,20,4,2.7,ruim,8,sim,9,75,sim,cancelado,
SABER-00698,2025-10-15,São Paulo,SP,C47,elite,verde,customizado,"1451,59",710.27,9,46,22,4.5,,3,sim,4,69,nao,procesado,
SABER-00699,2025-06-04,São Paulo,sp,C377,classic,azul,padrao,1432.98,718.52,19,35,30,1.8,ruim,12,sim,0,53,sim,procesado,
SABER-00700,2025-10-17,São Paulo,SP,C151,classic,verde,customizado,1560.68,1055.78,40,24,20,3.8,ruim,4,,10,1,sim,finalizado,
SABER-00701,2025-04-16,São Paulo,SP,C198,premium,amarelo,padrao,"1009,38",646.27,13,33,19,3.1,ótimo,7,,4,55,sim,cancelado,
SABER-00702,13/09/2025,São Paulo,SP,C239,classic,azul,customizado,3000.45,1356.95,23,46,13,1.0,ótimo,6,,9,31,sim,,
SABER-00703,2025-04-05,São Paulo,SP,C311,elite,vermelho,customizado,1365.26,1038.79,31,1,1,2.7,,3,nao,9,51,sim,,
SABER-00704,2025-03-10,São Paulo,sp,C167,elite,azul,padrao,1608.26,1244.37,44,5,0,1.7,ruim,1,sim,9,90,nao,cancelado,
SABER-00705,2025-08-09,São Paulo,SP,C351,premium,azul,customizado,2296.81,1172.9,20,46,29,4.4,ruim,10,nao,3,61,nao,finalizado,
SABER-00706,2025-04-13,São Paulo,sp,C106,classic,verde,padrao,1190.96,599.03,4,47,42,1.9,ótimo,1,nao,5,72,nao,finalizado,
SABER-00707,2025-08-18,São Paulo,sp,C116,dual_blade,vermelho,padrao,516.27,340.88,26,6,4,3.7,ruim,4,nao,6,70,sim,finalizado,
SABER-00708,2025-06-27,São Paulo,sp,C106,premium,vermelho,customizado,498.55,320.09,14,3,3,4.9,NA,7,sim,7,77,nao,cancelado,
SABER-00709,05-10-2025,São Paulo,SP,C7,premium,azul,padrao,3196.58,1433.55,16,46,22,4.3,ruim,11,,7,9,nao,,
SABER-00710,2025-04-12,São Paulo,sp,C252,custom,azul,padrao,1357.61,634.02,37,43,38,4.7,,4,sim,3,1,nao,cancelado,
SABER-00711,2025-01-15,São Paulo,SP,C17,dual_blade,verde,padrao,1541.34,680.23,3,37,18,1.6,ruim,7,nao,8,89,sim,procesado,
SABER-00712,2025-03-23,São Paulo,SP,C250,premium,azul,padrao,272.54,204.86,35,30,15,1.6,NA,10,nao,5,60,sim,procesado,
SABER-00713,25/10/2025,São Paulo,SP,C64,dual_blade,amarelo,customizado,1371.71,1116.94,34,34,17,4.9,ótimo,4,nao,8,30,nao,finalizado,
SABER-00714,2025-08-13,São Paulo,sp,C373,classic,vermelho,padrao,3082.56,1327.7,16,8,4,3.1,ruim,6,nao,7,11,nao,procesado,
SABER-00715,2025-08-12,São Paulo,SP,C24,dual_blade,vermelho,padrao,"2991,15",1463.96,34,47,35,3.7,,1,nao,8,36,nao,procesado,
SABER-00716,2025-02-07,São Paulo,SP,C170,premium,azul,padrao,488.82,208.76,45,23,7,4.3,NA,12,,2,50,sim,finalizado,
SABER-00717,2025-04-11,São Paulo,sp,C20,classic,azul,padrao,1083.52,457.47,46,3,1,3.0,ótimo,5,nao,6,36,sim,,
SABER-00718,27/04/2025,São Paulo,SP,C245,elite,azul,padrao,359.16,267.06,11,23,19,2.9,ruim,5,,3,35,nao,,
SABER-00719,2025-09-05,São Paulo,SP,C275,classic,vermelho,padrao,2438.47,1334.17,8,7,2,3.8,ruim,8,,8,24,sim,finalizado,
SABER-00720,2025-07-11,São Paulo,sp,C129,dual_blade,azul,customizado,672.86,432.28,48,38,10,4.2,ruim,2,,4,36,sim,procesado,
SABER-00721,2025-10-06,São Paulo,SP,C129,classic,verde,padrao,2027.61,1072.77,12,10,3,4.7,NA,7,sim,9,1,sim,,
SABER-00722,2025-04-07,São Paulo,sp,C63,classic,verde,padrao,1815.3,867.44,15,33,5,3.1,ruim,4,sim,3,68,sim,finalizado,
SABER-00723,2025-04-16,São Paulo,sp,C177,classic,vermelho,padrao,2418.67,1103.66,38,6,1,3.0,ótimo,6,sim,3,34,nao,cancelado,
SABER-00724,2025-01-13,São Paulo,SP,C289,elite,verde,customizado,515.64,216.36,40,37,31,3.6,,1,nao,2,56,sim,procesado,
SABER-00725,2025-01-12,São Paulo,SP,C78,dual_blade,verde,padrao,1910.6,1299.97,39,27,16,2.2,ótimo,11,sim,5,21,sim,,
SABER-00726,2025-07-28,São Paulo,SP,C386,premium,vermelho,padrao,492.46,271.81,46,44,35,4.6,ótimo,4,sim,6,4,nao,,
SABER-00727,2025-09-10,São Paulo,SP,C11,dual_blade,azul,customizado,2826.57,1418.35,37,12,8,5.0,NA,8,nao,1,64,nao,procesado,
SABER-00728,2025-10-24,São Paulo,sp,C73,elite,azul,padrao,"1231,79",632.59,38,34,33,3.6,ruim,12,sim,0,42,nao,cancelado,
SABER-00729,2025-08-16,São Paulo,sp,C177,dual_blade,vermelho,customizado,629.95,392.6,7,2,1,1.6,ruim,4,sim,8,44,sim,procesado,
SABER-00730,05-31-2025,São Paulo,SP,C200,premium,azul,customizado,464.02,241.76,45,12,9,2.5,NA,5,,9,10,sim,procesado,
SABER-00731,05-10-2025,São Paulo,SP,C164,classic,vermelho,customizado,2067.16,1081.31,18,18,6,4.3,NA,1,nao,4,53,nao,procesado,
SABER-00732,2025-07-23,São Paulo,sp,C207,premium,azul,customizado,"1784,7",1368.08,2,37,8,4.4,ruim,1,sim,1,57,sim,,
SABER-00733,2025-02-15,São Paulo,SP,C271,classic,verde,padrao,"671,45",388.75,22,36,30,3.7,,2,,0,32,sim,cancelado,
SABER-00734,2025-05-19,São Paulo,sp,C171,dual_blade,azul,padrao,3531.33,1462.8,16,9,0,1.1,,12,nao,3,18,sim,procesado,
SABER-00735,2025-05-28,São Paulo,sp,C106,premium,verde,customizado,"1702,36",829.51,25,29,21,4.1,ruim,10,sim,1,15,sim,procesado,
SABER-00736,10-22-2025,São Paulo,sp,C336,classic,verde,customizado,1427.64,580.13,35,13,12,4.7,ótimo,12,nao,8,37,sim,procesado,
SABER-00737,data_invalida,São Paulo,SP,C96,premium,verde,padrao,1826.71,736.41,41,38,22,4.4,ruim,10,,4,75,nao,cancelado,
SABER-00738,07/08/2025,São Paulo,SP,C82,dual_blade,verde,customizado,1276.18,751.84,8,47,16,4.4,ótimo,9,nao,10,39,sim,,
SABER-00739,2025-08-13,São Paulo,SP,C154,dual_blade,amarelo,customizado,1802.64,1380.61,28,12,12,2.0,ótimo,2,nao,3,36,sim,procesado,
SABER-00740,28/01/2025,São Paulo,SP,C303,custom,vermelho,padrao,2717.64,1217.69,46,24,6,1.8,ótimo,6,nao,8,69,sim,finalizado,
SABER-00741,2025-09-01,São Paulo,sp,C88,premium,verde,customizado,1127.06,825.94,10,42,5,4.7,ruim,12,sim,7,54,sim,cancelado,
SABER-00742,data_invalida,São Paulo,sp,C345,custom,azul,customizado,427.46,200.03,27,45,44,1.3,ruim,1,nao,10,42,sim,,
SABER-00743,2025-06-08,São Paulo,sp,C56,premium,azul,customizado,675.77,310.12,46,7,5,1.6,ótimo,2,sim,2,30,sim,,
SABER-00744,2025-06-11,São Paulo,sp,C186,premium,azul,customizado,1828.51,1068.25,40,8,3,3.0,NA,7,,7,3,nao,finalizado,
SABER-00745,2025-08-06,São Paulo,sp,C393,elite,roxo,customizado,"2565,07",1473.25,26,33,16,3.1,ótimo,2,nao,8,31,nao,finalizado,
SABER-00746,2025-01-31,São Paulo,SP,C279,custom,amarelo,customizado,"978,19",580.86,9,32,3,2.0,ótimo,8,sim,8,47,nao,procesado,
SABER-00747,2025-09-11,São Paulo,SP,C249,dual_blade,vermelho,padrao,1698.22,737.95,14,7,2,4.4,NA,11,,3,80,nao,,
SABER-00748,2025-06-13,São Paulo,sp,C211,classic,roxo,padrao,1372.48,1116.03,42,47,1,1.1,ruim,8,,9,24,sim,finalizado,
SABER-00749,2025-10-02,São Paulo,sp,C74,elite,vermelho,customizado,2142.72,948.67,44,26,25,1.5,ruim,10,nao,2,0,sim,finalizado,
SABER-00750,2025-02-27,São Paulo,sp,C106,premium,verde,customizado,"2443,57",1373.53,10,17,3,4.9,,6,sim,7,62,nao,cancelado,
SABER-00751,2025-05-12,São Paulo,SP,C81,custom,vermelho,padrao,2164.76,910.49,29,20,12,1.8,NA,6,,0,47,nao,cancelado,
SABER-00752,2025-10-08,São Paulo,SP,C338,elite,roxo,customizado,"1181,21",750.68,5,40,18,1.8,ótimo,11,,1,65,nao,,
SABER-00753,2025-04-26,São Paulo,SP,C359,dual_blade,azul,padrao,1843.07,1445.11,29,30,20,2.7,ruim,9,,8,5,nao,cancelado,
SABER-00754,10-10-2025,São Paulo,sp,C350,dual_blade,azul,customizado,1053.79,853.55,26,20,5,2.0,NA,6,sim,1,88,sim,cancelado,
SABER-00755,2025-10-04,São Paulo,sp,C263,classic,vermelho,padrao,1302.47,762.63,18,42,29,2.9,ótimo,6,nao,6,3,sim,procesado,
SABER-00756,2025-01-20,São Paulo,SP,C126,dual_blade,vermelho,padrao,2135.7,1063.1,9,13,9,1.3,NA,3,,10,33,nao,finalizado,
SABER-00757,2025-05-03,São Paulo,sp,C33,custom,roxo,customizado,1291.19,531.29,40,18,12,4.3,ruim,7,nao,4,68,nao,procesado,
SABER-00758,2025-05-23,São Paulo,SP,C313,elite,azul,customizado,2550.48,1361.95,31,41,35,2.5,ótimo,7,sim,10,48,nao,procesado,
SABER-00759,2025-10-12,São Paulo,sp,C49,custom,azul,padrao,"1123,41",592.97,8,7,6,4.4,ruim,3,sim,7,34,sim,,
SABER-00760,2025-09-08,São Paulo,SP,C230,classic,verde,customizado,"1680,34",1386.68,7,25,5,1.3,,7,sim,7,76,nao,procesado,
SABER-00761,2025-03-03,São Paulo,sp,C117,elite,amarelo,customizado,2025.41,1475.72,12,37,3,2.2,,10,sim,2,29,nao,,
SABER-00762,2025-10-11,São Paulo,sp,C378,dual_blade,verde,padrao,"1898,46",1195.29,38,33,18,2.6,NA,7,,10,68,sim,finalizado,
SABER-00763,2025-09-18,São Paulo,SP,C296,premium,azul,customizado,516.24,393.62,38,41,8,2.7,ótimo,2,,3,15,sim,finalizado,
SABER-00764,2025-03-31,São Paulo,SP,C3,dual_blade,verde,customizado,508.13,216.83,12,30,15,3.5,NA,2,nao,2,0,nao,procesado,
SABER-00765,2025-09-16,São Paulo,SP,C20,classic,vermelho,customizado,"2374,07",1097.46,20,22,18,2.0,ruim,9,,5,32,sim,cancelado,
SABER-00766,2025-06-30,São Paulo,sp,C213,elite,verde,customizado,2123.1,1052.75,38,42,38,2.7,,1,nao,3,49,nao,finalizado,
SABER-00767,2025-10-03,São Paulo,SP,C168,premium,vermelho,customizado,1135.18,697.28,17,49,2,2.3,ótimo,5,,3,75,nao,procesado,
SABER-00768,2025-03-20,São Paulo,SP,C329,custom,roxo,customizado,"2004,51",988.81,24,46,20,1.2,,12,sim,4,84,sim,procesado,
SABER-00769,2025-09-19,São Paulo,sp,C136,classic,amarelo,padrao,1421.62,586.45,38,31,26,5.0,ruim,6,nao,9,78,nao,,
SABER-00770,07-05-2025,São Paulo,sp,C245,dual_blade,vermelho,customizado,2756.84,1337.42,41,25,22,1.9,ótimo,2,sim,3,66,sim,cancelado,
SABER-00771,2025-01-27,São Paulo,sp,C12,elite,roxo,customizado,531.42,384.23,45,24,18,3.3,ótimo,10,,7,82,nao,finalizado,
SABER-00772,2025-02-10,São Paulo,sp,C288,premium,azul,padrao,2576.03,1428.2,32,27,10,3.8,ruim,2,sim,0,85,sim,,
SABER-00773,2025-07-09,São Paulo,sp,C181,elite,azul,padrao,1155.4,819.34,9,22,14,1.4,,2,,1,58,sim,,
SABER-00774,2025-03-28,São Paulo,SP,C380,elite,verde,customizado,"740,52",340.97,31,41,34,2.4,ótimo,4,,7,84,nao,,
SABER-00775,2025-01-06,São Paulo,sp,C238,custom,azul,customizado,2468.01,1265.7,35,29,7,4.0,ótimo,12,nao,10,17,sim,cancelado,
SABER-00776,2025-05-07,São Paulo,SP,C59,elite,azul,padrao,1177.22,593.49,18,40,19,1.9,NA,5,sim,8,8,nao,finalizado,
SABER-00777,2025-04-13,São Paulo,sp,C300,elite,azul,padrao,1925.66,1414.28,33,38,29,3.5,,8,sim,10,52,sim,finalizado,
SABER-00778,2025-05-22,São Paulo,sp,C152,dual_blade,roxo,padrao,"566,17",237.61,30,9,9,4.2,ruim,12,sim,6,88,nao,procesado,
SABER-00779,2025-03-07,São Paulo,SP,C296,custom,azul,customizado,"442,0",222.39,37,28,16,1.5,,7,,8,20,nao,cancelado,
SABER-00780,2025-05-26,São Paulo,SP,C53,dual_blade,roxo,customizado,"1183,03",791.57,46,36,9,2.4,NA,8,nao,5,31,nao,finalizado,
SABER-00781,12/02/2025,São Paulo,SP,C94,classic,vermelho,customizado,631.65,418.77,14,11,11,2.3,ótimo,1,sim,5,56,nao,cancelado,
SABER-00782,2025-04-20,São Paulo,SP,C50,premium,verde,padrao,1214.22,538.71,18,17,8,4.4,ruim,9,,1,84,nao,,
SABER-00783,08-28-2025,São Paulo,sp,C186,custom,azul,customizado,2286.32,1187.0,33,32,6,2.9,ótimo,7,nao,8,49,nao,procesado,
SABER-00784,2025-03-13,São Paulo,SP,C400,elite,azul,padrao,"2902,65",1464.94,3,35,17,2.1,ruim,3,nao,3,8,sim,,
SABER-00785,2025-05-27,São Paulo,sp,C77,custom,azul,padrao,686.3,436.76,17,5,4,2.4,,3,,4,3,nao,cancelado,
SABER-00786,08-21-2025,São Paulo,SP,C346,premium,verde,padrao,"2455,28",1089.42,10,47,19,2.1,NA,6,,6,58,nao,finalizado,
SABER-00787,2025-03-12,São Paulo,SP,C318,premium,roxo,customizado,1898.46,1050.12,17,29,13,3.3,NA,5,sim,7,6,nao,cancelado,
SABER-00788,2025-01-18,São Paulo,sp,C265,classic,azul,padrao,614.43,453.59,40,17,12,4.5,,6,sim,2,43,nao,procesado,
SABER-00789,2025-09-13,São Paulo,sp,C309,elite,azul,padrao,2064.97,1182.47,30,30,19,3.4,NA,6,nao,5,26,sim,,
SABER-00790,2025-03-30,São Paulo,SP,C259,dual_blade,azul,padrao,414.58,272.93,12,25,2,1.1,NA,1,sim,6,42,nao,,
SABER-00791,2025-07-04,São Paulo,SP,C247,custom,vermelho,padrao,"657,0",493.62,43,41,33,1.6,,1,nao,1,23,nao,,
SABER-00792,2025-04-21,São Paulo,sp,C75,classic,vermelho,padrao,"1017,62",547.28,16,50,16,4.4,ótimo,4,,5,43,nao,procesado,
SABER-00793,2025-02-08,São Paulo,sp,C190,custom,verde,customizado,3064.26,1410.51,15,19,9,4.1,NA,2,nao,7,77,sim,cancelado,
SABER-00794,2025-02-04,São Paulo,sp,C137,premium,vermelho,customizado,"2387,5",1193.43,12,46,5,2.0,,10,,6,30,nao,,
SABER-00795,2025-09-19,São Paulo,sp,C330,custom,vermelho,customizado,2490.51,1339.34,40,38,14,2.0,ótimo,11,,2,81,nao,,
SABER-00796,2025-09-20,São Paulo,SP,C127,classic,verde,padrao,685.99,300.52,10,27,15,2.8,ótimo,4,sim,6,33,sim,finalizado,
SABER-00797,2025-06-07,São Paulo,SP,C70,dual_blade,roxo,customizado,1873.51,1042.03,37,17,11,3.7,NA,12,,2,57,sim,cancelado,
SABER-00798,2025-02-12,São Paulo,SP,C124,dual_blade,vermelho,customizado,1586.26,942.09,10,14,5,2.0,ótimo,11,nao,6,48,sim,,
SABER-00799,01-04-2025,São Paulo,sp,C159,dual_blade,verde,padrao,1417.73,598.77,38,35,17,5.0,NA,10,,1,75,nao,,
SABER-00800,28/10/2025,São Paulo,SP,C167,dual_blade,azul,padrao,"1981,49",1128.3,47,6,4,2.7,ótimo,12,sim,1,13,sim,cancelado,
SABER-00801,2025-08-07,São Paulo,sp,C243,custom,azul,padrao,718.96,546.71,3,35,31,2.5,,12,nao,1,22,sim,,
SABER-00802,2025-08-14,São Paulo,sp,C117,elite,verde,padrao,"489,53",273.33,38,49,26,2.1,ruim,10,nao,5,77,sim,cancelado,
SABER-00803,2025-08-06,São Paulo,SP,C215,premium,vermelho,padrao,2653.98,1446.57,40,21,10,2.0,NA,11,nao,3,1,sim,cancelado,
SABER-00804,24/05/2025,São Paulo,sp,C245,elite,azul,customizado,1382.53,759.81,45,25,2,2.2,ruim,5,sim,1,31,sim,procesado,
SABER-00805,17/02/2025,São Paulo,sp,C8,dual_blade,azul,padrao,718.04,314.97,16,9,4,4.8,NA,3,nao,0,50,sim,procesado,
SABER-00806,2025-09-07,São Paulo,sp,C253,elite,verde,padrao,458.54,261.34,8,43,7,2.8,ruim,11,sim,1,1,sim,procesado,
SABER-00807,2025-02-25,São Paulo,sp,C200,dual_blade,azul,customizado,743.3,318.48,10,30,0,3.7,ruim,7,,2,55,nao,cancelado,
SABER-00808,08-09-2025,São Paulo,sp,C52,premium,azul,customizado,1855.68,907.17,36,45,17,1.5,ótimo,5,sim,5,58,nao,cancelado,
SABER-00809,2025-09-29,São Paulo,SP,C366,custom,verde,customizado,1643.29,1330.24,3,8,4,2.8,NA,2,sim,8,48,nao,,
SABER-00810,2025-05-23,São Paulo,sp,C356,premium,verde,padrao,1751.56,860.46,35,10,7,3.0,ruim,8,sim,0,9,nao,,
SABER-00811,2025-01-17,São Paulo,SP,C34,premium,verde,padrao,510.91,333.92,23,45,9,1.7,ótimo,5,nao,6,16,sim,finalizado,
SABER-00812,2025-05-10,São Paulo,sp,C38,classic,vermelho,customizado,1997.57,1496.33,23,18,15,2.3,ruim,10,,3,2,nao,,
SABER-00813,2025-09-23,São Paulo,sp,C106,elite,azul,customizado,"2994,61",1273.82,16,25,2,4.4,ótimo,2,nao,1,5,sim,procesado,
SABER-00814,2025-01-21,São Paulo,sp,C257,dual_blade,azul,padrao,"891,26",705.65,16,37,16,3.1,,5,,2,55,sim,,
SABER-00815,2025-08-10,São Paulo,SP,C147,elite,amarelo,padrao,700.15,365.73,25,19,14,2.3,ruim,1,,8,32,nao,,
SABER-00816,06-09-2025,São Paulo,SP,C98,dual_blade,verde,padrao,2993.94,1461.93,3,17,7,2.7,ótimo,11,nao,4,15,nao,procesado,
SABER-00817,2025-07-07,São Paulo,SP,C354,dual_blade,azul,padrao,1013.72,752.63,6,35,20,1.4,,5,,9,32,nao,procesado,
SABER-00818,2025-07-24,São Paulo,SP,C160,premium,azul,customizado,2643.21,1104.49,5,16,12,4.2,NA,3,,0,39,nao,,
SABER-00819,2025-04-15,São Paulo,sp,C285,classic,azul,customizado,472.43,264.64,45,46,1,1.6,,5,nao,5,35,sim,finalizado,
SABER-00820,data_invalida,São Paulo,sp,C87,elite,vermelho,padrao,1214.85,973.61,32,19,13,4.3,ótimo,5,,4,85,nao,procesado,
SABER-00821,2025-06-15,São Paulo,sp,C143,custom,azul,padrao,"1440,01",1061.12,35,48,30,3.5,ótimo,12,sim,6,38,sim,finalizado,
SABER-00822,data_invalida,São Paulo,sp,C287,custom,verde,padrao,1895.91,1139.03,24,12,8,1.6,NA,10,nao,1,38,sim,procesado,
SABER-00823,01-28-2025,São Paulo,SP,C286,dual_blade,azul,customizado,1242.19,525.49,8,23,6,3.7,ótimo,7,sim,1,52,sim,procesado,
SABER-00824,2025-04-22,São Paulo,SP,C368,premium,verde,padrao,2520.02,1273.87,36,10,9,2.3,ótimo,6,nao,7,28,sim,cancelado,
SABER-00825,08-07-2025,São Paulo,SP,C192,elite,verde,padrao,554.47,426.96,13,8,3,4.7,NA,5,sim,6,43,nao,,
SABER-00826,2025-10-12,São Paulo,SP,C129,custom,vermelho,padrao,955.54,444.74,8,21,20,3.0,NA,7,sim,4,51,sim,finalizado,
SABER-00827,2025-07-19,São Paulo,sp,C182,elite,vermelho,padrao,386.65,215.93,44,21,20,4.0,ruim,3,nao,4,75,nao,procesado,
SABER-00828,data_invalida,São Paulo,sp,C336,custom,amarelo,customizado,1558.55,787.25,9,28,3,2.7,ótimo,9,,7,4,nao,finalizado,
SABER-00829,data_invalida,São Paulo,SP,C341,custom,azul,padrao,"2759,27",1150.62,41,36,32,3.5,,9,nao,4,55,nao,,
SABER-00830,2025-03-18,São Paulo,sp,C3,elite,vermelho,customizado,2012.94,1405.26,24,35,24,4.6,NA,12,nao,8,2,nao,cancelado,
SABER-00831,2025-01-15,São Paulo,sp,C249,dual_blade,vermelho,padrao,551.75,283.45,45,50,26,3.6,NA,8,sim,7,22,nao,finalizado,
SABER-00832,2025-10-14,São Paulo,sp,C38,classic,verde,padrao,"1544,75",1088.81,4,24,24,1.4,NA,3,,4,59,nao,,
SABER-00833,2025-07-20,São Paulo,SP,C353,premium,azul,customizado,2647.97,1333.16,24,35,15,2.1,NA,7,sim,6,6,nao,procesado,
SABER-00834,data_invalida,São Paulo,sp,C44,premium,verde,customizado,1794.62,721.99,32,5,3,3.5,ruim,1,,9,36,nao,cancelado,
SABER-00835,04-27-2025,São Paulo,SP,C308,classic,amarelo,padrao,542.22,298.07,40,33,32,4.8,,12,nao,9,87,nao,finalizado,
SABER-00836,2025-05-28,São Paulo,sp,C233,dual_blade,azul,customizado,2636.74,1466.07,42,18,9,4.7,ótimo,10,nao,6,53,nao,,
SABER-00837,2025-06-12,São Paulo,SP,C107,classic,azul,customizado,3500.27,1469.83,33,23,6,4.9,ótimo,2,,3,43,nao,cancelado,
SABER-00838,2025-05-14,São Paulo,SP,C378,elite,vermelho,padrao,1062.54,641.68,47,10,10,1.3,ótimo,1,sim,5,61,sim,procesado,
SABER-00839,2025-04-03,São Paulo,SP,C40,elite,verde,customizado,1195.83,541.09,34,29,17,3.0,ótimo,1,,8,18,nao,procesado,
SABER-00840,2025-08-19,São Paulo,sp,C272,classic,vermelho,padrao,420.12,222.76,15,7,6,4.8,ruim,5,sim,7,22,nao,,
SABER-00841,09-12-2025,São Paulo,SP,C31,classic,amarelo,padrao,1445.31,1161.97,21,10,8,1.6,NA,10,,9,43,sim,cancelado,
SABER-00842,10/07/2025,São Paulo,SP,C85,classic,azul,padrao,"1731,31",869.62,31,2,1,5.0,ruim,5,nao,3,83,nao,cancelado,
SABER-00843,2025-03-10,São Paulo,sp,C317,classic,amarelo,padrao,"1108,58",681.46,27,45,23,3.8,,12,nao,5,22,nao,,
SABER-00844,2025-05-14,São Paulo,sp,C269,premium,azul,padrao,483.6,336.63,2,32,28,1.5,ótimo,7,sim,10,18,sim,procesado,
SABER-00845,08-13-2025,São Paulo,sp,C100,classic,verde,customizado,1709.93,1005.76,27,46,32,1.2,NA,9,sim,8,5,nao,finalizado,
SABER-00846,2025-07-19,São Paulo,sp,C392,dual_blade,amarelo,padrao,2277.81,1043.16,19,5,0,3.7,NA,10,sim,1,76,nao,cancelado,
SABER-00847,2025-05-27,São Paulo,sp,C164,classic,verde,customizado,1914.31,807.09,25,14,8,4.4,ótimo,3,,2,26,nao,cancelado,
SABER-00848,2025-09-25,São Paulo,sp,C381,dual_blade,roxo,customizado,1720.11,1298.36,11,29,19,1.3,,12,nao,7,82,nao,,
SABER-00849,2025-09-09,São Paulo,sp,C139,custom,verde,padrao,2597.84,1072.91,22,43,23,2.6,,8,nao,1,31,nao,procesado,
SABER-00850,2025-01-08,São Paulo,sp,C383,dual_blade,vermelho,padrao,"1660,42",743.94,9,26,10,1.8,ruim,7,,9,59,sim,,
SABER-00851,2025-06-25,São Paulo,SP,C178,custom,verde,padrao,513.37,261.37,22,42,21,4.8,ótimo,2,,2,29,nao,procesado,
SABER-00852,2025-08-12,São Paulo,SP,C20,custom,verde,padrao,1756.79,865.83,42,5,5,3.7,NA,11,,10,12,sim,finalizado,
SABER-00853,2025-05-08,São Paulo,SP,C353,premium,azul,customizado,924.14,628.34,4,30,7,1.3,ruim,2,nao,4,7,nao,cancelado,
SABER-00854,29/03/2025,São Paulo,sp,C77,premium,vermelho,padrao,613.67,504.17,44,35,1,1.9,,7,,7,51,nao,cancelado,
SABER-00855,2025-01-13,São Paulo,sp,C153,classic,amarelo,customizado,1436.07,658.42,2,26,14,1.6,ruim,3,,1,29,sim,procesado,
SABER-00856,10-10-2025,São Paulo,sp,C396,dual_blade,verde,padrao,"1171,76",751.33,12,9,8,1.7,ruim,5,sim,4,54,nao,cancelado,
SABER-00857,2025-04-18,São Paulo,sp,C22,custom,azul,padrao,3073.34,1295.31,41,28,23,3.2,,11,,5,72,sim,finalizado,
SABER-00858,10-04-2025,São Paulo,sp,C143,dual_blade,verde,customizado,1144.33,627.1,26,50,4,1.4,NA,12,sim,5,66,nao,finalizado,
SABER-00859,2025-01-10,São Paulo,sp,C143,dual_blade,roxo,padrao,1836.07,1155.02,34,36,27,4.0,NA,7,nao,7,62,sim,procesado,
SABER-00860,2025-08-28,São Paulo,SP,C129,classic,vermelho,padrao,2961.7,1342.45,39,31,4,2.7,,11,sim,5,71,sim,finalizado,
SABER-00861,data_invalida,São Paulo,SP,C304,custom,azul,customizado,"2868,42",1388.2,29,41,36,2.9,ruim,5,,7,48,nao,,
SABER-00862,2025-01-13,São Paulo,sp,C70,custom,verde,padrao,1674.41,1215.69,45,36,4,3.4,ruim,8,,8,23,nao,procesado,
SABER-00863,2025-08-23,São Paulo,sp,C312,elite,verde,customizado,2172.11,1355.8,45,6,3,1.3,NA,10,nao,3,85,sim,procesado,
SABER-00864,2025-04-09,São Paulo,sp,C291,elite,vermelho,padrao,"652,33",525.47,43,16,1,3.3,,8,nao,10,13,nao,,
SABER-00865,2025-02-17,São Paulo,sp,C293,elite,vermelho,customizado,1140.49,568.17,2,10,1,4.1,ruim,11,nao,5,38,sim,finalizado,
SABER-00866,2025-08-15,São Paulo,sp,C369,custom,azul,customizado,1540.51,1135.19,10,43,29,4.3,ruim,10,,4,83,sim,finalizado,
SABER-00867,2025-05-01,São Paulo,sp,C212,dual_blade,roxo,customizado,411.22,290.56,29,33,11,1.2,,2,nao,1,55,nao,finalizado,
SABER-00868,2025-09-20,São Paulo,SP,C286,elite,azul,customizado,932.97,465.59,44,27,0,1.7,NA,4,,1,61,nao,cancelado,
SABER-00869,2025-02-25,São Paulo,sp,C348,custom,verde,padrao,1903.17,1262.21,34,14,6,1.3,ruim,3,nao,8,26,sim,procesado,
SABER-00870,2025-06-05,São Paulo,SP,C265,classic,verde,customizado,1426.54,592.58,26,22,1,4.6,,2,sim,1,10,nao,finalizado,
SABER-00871,2025-07-04,São Paulo,SP,C310,classic,verde,customizado,1019.62,531.84,31,3,2,3.9,NA,1,nao,5,8,sim,cancelado,
SABER-00872,2025-09-22,São Paulo,SP,C84,custom,vermelho,customizado,1091.14,616.15,46,15,10,2.1,ruim,12,nao,1,22,nao,procesado,
SABER-00873,2025-08-25,São Paulo,SP,C321,custom,verde,customizado,1928.84,1005.67,2,27,23,4.9,ruim,5,nao,2,14,nao,,
SABER-00874,2025-01-18,São Paulo,SP,C234,classic,verde,padrao,1698.22,1041.68,15,27,17,1.6,ruim,12,sim,8,23,sim,finalizado,
SABER-00875,2025-05-05,São Paulo,SP,C156,dual_blade,vermelho,padrao,"366,48",223.36,46,4,2,2.1,ruim,3,,7,64,sim,finalizado,
SABER-00876,2025-08-31,São Paulo,sp,C361,elite,verde,padrao,321.2,216.48,38,48,11,4.3,ótimo,11,nao,10,72,nao,cancelado,
SABER-00877,2025-10-07,São Paulo,sp,C142,elite,verde,customizado,1655.85,956.84,4,35,6,3.1,ótimo,10,nao,5,43,sim,finalizado,
SABER-00878,2025-02-21,São Paulo,sp,C201,custom,vermelho,padrao,"631,84",390.51,21,5,1,3.1,NA,8,nao,6,79,sim,,
SABER-00879,2025-04-23,São Paulo,sp,C7,dual_blade,verde,padrao,1610.98,1012.75,24,16,15,4.1,ruim,5,nao,7,84,sim,procesado,
SABER-00880,2025-07-02,São Paulo,SP,C223,classic,azul,customizado,1613.98,1326.66,2,11,8,3.9,NA,12,sim,6,5,nao,procesado,
SABER-00881,2025-04-02,São Paulo,SP,C343,dual_blade,vermelho,padrao,1049.07,822.58,25,11,8,4.8,,2,nao,7,26,sim,procesado,
SABER-00882,08/04/2025,São Paulo,sp,C151,elite,vermelho,customizado,809.02,570.4,24,20,9,3.5,,11,sim,10,23,nao,cancelado,
SABER-00883,2025-05-30,São Paulo,SP,C323,dual_blade,verde,padrao,2036.7,1254.11,5,27,3,3.3,ruim,6,nao,5,71,nao,finalizado,
SABER-00884,2025-07-22,São Paulo,sp,C96,elite,verde,padrao,"2959,71",1285.51,42,47,32,3.8,ótimo,4,nao,6,37,nao,cancelado,
SABER-00885,2025-02-14,São Paulo,sp,C387,classic,roxo,padrao,1529.98,748.83,45,30,8,1.5,ótimo,2,nao,4,42,sim,finalizado,
SABER-00886,2025-03-16,São Paulo,SP,C80,custom,vermelho,customizado,432.26,245.96,15,46,27,3.0,NA,2,nao,0,35,sim,procesado,
SABER-00887,2025-05-21,São Paulo,SP,C85,custom,verde,customizado,"1054,67",783.65,26,3,3,1.1,ruim,12,sim,8,19,nao,finalizado,
SABER-00888,07/04/2025,São Paulo,sp,C124,custom,verde,customizado,1448.96,655.19,43,47,13,3.1,ótimo,1,,5,33,sim,,
SABER-00889,2025-03-11,São Paulo,sp,C47,custom,azul,customizado,745.08,464.31,44,38,7,2.7,,6,,6,35,nao,cancelado,
SABER-00890,16/04/2025,São Paulo,SP,C296,elite,verde,customizado,2086.99,1178.17,34,7,1,2.0,ótimo,5,sim,2,59,sim,finalizado,
SABER-00891,04-14-2025,São Paulo,sp,C76,premium,vermelho,padrao,2396.31,1223.37,17,39,32,4.4,ótimo,11,,1,30,sim,procesado,
SABER-00892,2025-05-30,São Paulo,sp,C206,dual_blade,amarelo,padrao,1844.29,1309.44,32,22,22,3.8,,7,sim,10,52,nao,procesado,
SABER-00893,2025-10-14,São Paulo,sp,C95,elite,azul,customizado,1693.44,763.18,21,16,5,3.6,NA,9,nao,7,62,nao,procesado,
SABER-00894,2025-10-01,São Paulo,SP,C246,dual_blade,vermelho,padrao,2114.6,881.48,25,30,2,2.7,ruim,2,sim,9,38,sim,procesado,
SABER-00895,2025-05-06,São Paulo,SP,C359,premium,amarelo,padrao,"1863,82",1266.76,5,9,5,3.9,ruim,2,sim,2,39,sim,cancelado,
SABER-00896,2025-07-04,São Paulo,SP,C265,dual_blade,amarelo,customizado,517.68,267.43,47,27,8,1.1,,7,nao,0,41,nao,cancelado,
SABER-00897,25/03/2025,São Paulo,SP,C256,premium,vermelho,padrao,1333.43,1073.01,11,31,0,4.5,ótimo,10,,8,87,nao,finalizado,
SABER-00898,2025-04-10,São Paulo,SP,C337,premium,vermelho,customizado,1941.26,949.75,6,14,6,4.6,,1,sim,6,67,nao,procesado,
SABER-00899,2025-01-13,São Paulo,sp,C342,dual_blade,vermelho,padrao,1853.25,890.79,34,37,37,4.2,ótimo,5,nao,6,7,nao,,
SABER-00900,2025-09-23,São Paulo,SP,C313,classic,roxo,customizado,1316.3,605.73,33,25,14,1.1,ruim,1,,0,57,sim,cancelado,
SABER-00901,2025-07-05,São Paulo,sp,C171,classic,azul,padrao,660.35,349.83,10,22,6,3.5,,8,nao,7,18,sim,finalizado,
SABER-00902,2025-03-11,São Paulo,sp,C62,custom,azul,customizado,1488.53,756.74,31,25,9,3.3,,4,sim,2,69,sim,,
SABER-00903,30/03/2025,São Paulo,sp,C150,dual_blade,azul,customizado,"3054,62",1257.73,23,39,25,4.9,,1,nao,6,42,sim,finalizado,
SABER-00904,03-25-2025,São Paulo,SP,C316,custom,vermelho,padrao,2652.11,1405.7,48,29,23,2.2,NA,6,nao,2,4,nao,procesado,
SABER-00905,2025-01-09,São Paulo,sp,C151,premium,amarelo,customizado,1241.43,784.54,36,18,6,4.1,ótimo,6,,7,9,sim,cancelado,
SABER-00906,06-29-2025,São Paulo,SP,C315,premium,azul,padrao,1350.06,1052.19,32,38,17,1.2,ruim,7,,4,68,sim,cancelado,
SABER-00907,02-12-2025,São Paulo,sp,C372,dual_blade,azul,padrao,1589.83,937.25,23,8,7,4.7,NA,6,nao,5,20,nao,cancelado,
SABER-00908,data_invalida,São Paulo,sp,C94,dual_blade,verde,customizado,1749.46,1331.66,16,49,39,4.1,,8,,1,47,nao,,
SABER-00909,2025-04-30,São Paulo,SP,C231,custom,verde,customizado,954.07,635.67,43,37,30,1.5,ruim,8,,4,35,nao,procesado,
SABER-00910,2025-09-18,São Paulo,sp,C167,custom,verde,padrao,"973,73",444.88,12,12,0,4.4,ótimo,1,sim,2,80,sim,procesado,
SABER-00911,2025-06-25,São Paulo,sp,C337,custom,verde,padrao,2009.11,1289.35,15,44,27,2.1,ótimo,7,nao,0,69,sim,cancelado,
SABER-00912,2025-02-28,São Paulo,SP,C363,classic,vermelho,customizado,2955.52,1314.88,11,37,3,3.2,,5,,10,11,sim,cancelado,
SABER-00913,2025-04-19,São Paulo,sp,C18,premium,verde,padrao,1042.9,454.27,16,16,6,1.3,NA,2,nao,9,62,nao,procesado,
SABER-00914,2025-09-21,São Paulo,SP,C80,premium,azul,padrao,"1474,48",1194.56,2,41,20,4.4,ótimo,9,sim,5,6,sim,cancelado,
SABER-00915,2025-07-15,São Paulo,SP,C353,elite,verde,padrao,3001.2,1286.26,15,21,9,4.5,ótimo,12,sim,3,44,nao,,
SABER-00916,2025-05-13,São Paulo,SP,C34,dual_blade,vermelho,customizado,1081.4,451.09,48,50,7,3.7,ruim,12,,3,7,sim,cancelado,
SABER-00917,04-14-2025,São Paulo,sp,C187,premium,vermelho,padrao,1736.01,999.89,13,50,44,1.2,,2,sim,0,1,nao,finalizado,
SABER-00918,09-19-2025,São Paulo,SP,C280,custom,vermelho,padrao,3345.72,1399.18,45,32,22,1.1,ótimo,2,nao,5,68,sim,procesado,
SABER-00919,2025-09-02,São Paulo,sp,C263,elite,azul,padrao,2282.01,1040.61,5,47,32,1.2,,7,sim,7,1,nao,cancelado,
SABER-00920,2025-03-04,São Paulo,SP,C71,custom,amarelo,customizado,2050.13,1327.04,4,11,11,3.2,ruim,10,sim,8,88,sim,,
SABER-00921,31/05/2025,São Paulo,sp,C176,premium,azul,padrao,1683.56,1225.95,30,11,3,1.4,ruim,12,nao,6,26,nao,finalizado,
SABER-00922,03-10-2025,São Paulo,SP,C17,classic,azul,padrao,"1989,89",862.57,24,40,1,1.1,,3,nao,7,4,nao,finalizado,
SABER-00923,2025-03-15,São Paulo,SP,C167,elite,vermelho,customizado,834.35,388.23,43,10,4,2.2,ruim,12,nao,1,15,sim,cancelado,
SABER-00924,data_invalida,São Paulo,sp,C200,custom,vermelho,padrao,950.46,554.62,23,18,10,4.6,,4,sim,4,74,nao,,
SABER-00925,2025-01-02,São Paulo,sp,C18,classic,azul,padrao,2567.32,1218.71,43,33,14,3.2,,8,nao,0,79,nao,cancelado,
SABER-00926,data_invalida,São Paulo,sp,C90,classic,vermelho,padrao,1929.1,902.27,38,4,0,2.0,ruim,7,sim,2,75,sim,,
SABER-00927,02-05-2025,São Paulo,SP,C183,elite,verde,customizado,1928.13,920.08,37,49,38,1.2,ótimo,5,nao,9,21,nao,procesado,
SABER-00928,2025-06-28,São Paulo,SP,C90,premium,azul,padrao,2321.37,1249.1,8,4,0,3.1,ruim,1,nao,8,39,sim,procesado,
SABER-00929,2025-06-15,São Paulo,sp,C351,premium,verde,customizado,903.01,718.24,32,31,5,4.3,ruim,1,,4,90,nao,finalizado,
SABER-00930,2025-07-17,São Paulo,SP,C105,custom,azul,padrao,1585.79,785.94,16,31,27,4.8,,8,nao,10,9,sim,procesado,
SABER-00931,2025-05-13,São Paulo,SP,C294,classic,azul,padrao,"1508,19",715.98,5,28,0,4.9,ruim,3,,8,37,sim,cancelado,
SABER-00932,2025-07-22,São Paulo,sp,C2,classic,vermelho,padrao,2191.7,1267.68,7,28,10,2.9,ótimo,3,nao,9,9,nao,cancelado,
SABER-00933,2025-05-13,São Paulo,sp,C22,premium,roxo,padrao,1423.14,1004.12,4,8,4,2.1,ótimo,8,,6,85,nao,cancelado,
SABER-00934,2025-07-31,São Paulo,sp,C393,elite,vermelho,customizado,2830.64,1281.32,45,42,0,3.6,,10,,4,15,sim,procesado,
SABER-00935,2025-07-23,São Paulo,sp,C2,custom,amarelo,customizado,"2137,18",929.04,42,30,2,3.4,,6,nao,5,37,sim,cancelado,
SABER-00936,2025-03-07,São Paulo,sp,C243,dual_blade,amarelo,customizado,"2671,73",1391.91,44,40,12,1.9,,7,sim,3,7,nao,procesado,
SABER-00937,2025-01-30,São Paulo,sp,C322,dual_blade,verde,padrao,728.56,391.56,34,9,4,2.6,ótimo,10,sim,3,13,sim,procesado,
SABER-00938,2025-03-03,São Paulo,sp,C348,premium,azul,padrao,1567.05,909.28,25,13,1,3.0,NA,9,nao,1,14,nao,procesado,
SABER-00939,2025-01-02,São Paulo,SP,C92,classic,roxo,customizado,510.47,274.7,40,38,36,1.0,ruim,3,,10,88,sim,cancelado,
SABER-00940,2025-02-18,São Paulo,sp,C226,premium,roxo,customizado,1365.31,645.24,21,40,5,4.3,NA,7,,7,21,nao,finalizado,
SABER-00941,07-28-2025,São Paulo,sp,C214,premium,vermelho,padrao,1475.96,947.84,11,3,2,2.7,NA,6,,10,45,sim,cancelado,
SABER-00942,2025-01-16,São Paulo,sp,C277,elite,azul,customizado,1704.02,1115.16,19,14,2,2.0,ruim,11,,7,56,sim,cancelado,
SABER-00943,2025-10-25,São Paulo,sp,C59,elite,azul,customizado,1698.42,1103.32,24,18,4,2.4,ruim,2,,3,6,sim,cancelado,
SABER-00944,07/07/2025,São Paulo,SP,C167,dual_blade,verde,padrao,"2476,04",1266.91,29,17,2,3.6,,12,,9,78,nao,finalizado,
SABER-00945,2025-06-14,São Paulo,sp,C87,premium,vermelho,customizado,565.67,355.54,38,32,25,2.0,ótimo,6,,1,18,nao,procesado,
SABER-00946,2025-01-29,São Paulo,SP,C252,premium,roxo,padrao,2672.87,1069.91,38,43,13,1.6,ótimo,10,nao,2,44,sim,procesado,
SABER-00947,data_invalida,São Paulo,sp,C335,dual_blade,azul,padrao,926.43,670.72,24,3,1,1.0,ótimo,8,nao,9,22,sim,finalizado,
SABER-00948,2025-01-13,São Paulo,sp,C245,premium,vermelho,padrao,"2163,02",1237.14,12,3,3,1.6,ótimo,9,sim,0,47,nao,procesado,
SABER-00949,2025-09-17,São Paulo,sp,C200,dual_blade,amarelo,customizado,351.64,267.2,21,26,7,3.9,ruim,2,nao,7,19,nao,,
SABER-00950,2025-02-09,São Paulo,sp,C214,classic,azul,customizado,2088.56,1340.77,21,16,7,3.5,ótimo,4,nao,10,80,nao,finalizado,
SABER-00951,2025-09-08,São Paulo,SP,C346,dual_blade,verde,padrao,1423.57,894.03,10,49,31,4.4,,7,,10,22,nao,,
SABER-00952,2025-07-02,São Paulo,sp,C12,custom,azul,padrao,1100.0,695.55,16,12,1,1.7,,4,nao,0,20,sim,cancelado,
SABER-00953,2025-10-18,São Paulo,SP,C157,premium,verde,padrao,"1947,57",1472.24,20,37,7,4.5,ruim,12,,4,72,nao,finalizado,
SABER-00954,data_invalida,São Paulo,sp,C332,dual_blade,azul,customizado,"2241,67",1296.9,42,18,8,4.6,NA,2,,8,61,sim,cancelado,
SABER-00955,2025-10-14,São Paulo,SP,C110,dual_blade,azul,padrao,916.18,471.44,13,16,2,4.1,,6,nao,6,44,nao,,
SABER-00956,2025-08-06,São Paulo,sp,C76,classic,vermelho,padrao,2131.13,1051.92,31,38,33,4.1,,7,,0,62,nao,finalizado,
SABER-00957,2025-07-10,São Paulo,SP,C386,classic,vermelho,padrao,2145.74,1385.68,37,34,19,3.4,ótimo,8,nao,4,64,sim,,
SABER-00958,2025-04-16,São Paulo,sp,C16,elite,azul,padrao,1300.95,594.73,41,2,2,4.1,,12,,9,89,sim,,
SABER-00959,2025-09-20,São Paulo,sp,C31,dual_blade,vermelho,padrao,1065.97,660.03,29,26,22,4.6,ótimo,12,nao,1,37,sim,,
SABER-00960,2025-08-25,São Paulo,SP,C298,dual_blade,azul,customizado,619.83,515.06,38,48,19,1.0,ótimo,2,sim,10,87,sim,,
SABER-00961,2025-10-07,São Paulo,sp,C125,elite,azul,padrao,645.06,280.31,34,30,30,4.1,ótimo,3,sim,8,74,sim,,
SABER-00962,07-28-2025,São Paulo,SP,C104,dual_blade,verde,padrao,1359.77,1050.55,11,43,33,1.6,ótimo,12,,0,56,nao,,
SABER-00963,2025-07-09,São Paulo,sp,C68,premium,azul,padrao,798.34,424.44,13,24,12,2.8,,10,,6,10,nao,procesado,
SABER-00964,2025-01-26,São Paulo,sp,C191,custom,verde,customizado,"2619,7",1437.24,36,14,2,1.6,NA,4,,5,68,nao,procesado,
SABER-00965,08/08/2025,São Paulo,sp,C264,custom,azul,padrao,1031.92,496.76,19,5,1,2.8,ótimo,1,nao,4,35,sim,finalizado,
SABER-00966,2025-07-06,São Paulo,sp,C235,classic,verde,padrao,2750.84,1349.59,3,33,0,4.9,ruim,7,sim,2,60,nao,,
SABER-00967,2025-04-03,São Paulo,SP,C234,dual_blade,azul,padrao,1657.32,948.42,25,17,5,4.7,,2,nao,0,44,nao,,
SABER-00968,2025-05-02,São Paulo,SP,C175,dual_blade,vermelho,padrao,2214.38,1461.11,34,35,22,4.4,ótimo,6,sim,1,55,sim,cancelado,
SABER-00969,2025-09-26,São Paulo,sp,C231,premium,verde,customizado,1887.09,1322.3,3,44,10,4.0,,9,sim,3,27,nao,procesado,
SABER-00970,28/06/2025,São Paulo,SP,C380,elite,roxo,padrao,652.64,324.86,16,22,12,2.4,,12,,1,68,nao,,
SABER-00971,04-09-2025,São Paulo,SP,C255,premium,verde,padrao,"1100,8",612.76,8,24,8,3.1,NA,11,sim,1,38,sim,finalizado,
SABER-00972,2025-09-01,São Paulo,SP,C31,classic,verde,customizado,2366.64,1175.9,20,30,10,2.2,,8,nao,3,58,nao,cancelado,
SABER-00973,data_invalida,São Paulo,SP,C48,elite,azul,padrao,426.31,258.16,41,8,0,1.0,ótimo,11,sim,8,83,sim,,
SABER-00974,08-16-2025,São Paulo,sp,C88,dual_blade,azul,padrao,"1928,86",1226.26,47,39,34,2.7,ótimo,3,nao,5,53,sim,procesado,
SABER-00975,2025-06-21,São Paulo,sp,C334,classic,azul,customizado,1429.22,690.77,3,32,19,2.5,NA,2,sim,6,67,nao,finalizado,
SABER-00976,10-28-2025,São Paulo,SP,C328,dual_blade,vermelho,customizado,1385.78,787.04,35,24,20,4.6,ruim,7,nao,1,74,nao,,
SABER-00977,2025-04-27,São Paulo,sp,C18,custom,roxo,customizado,1205.9,567.86,6,7,6,1.6,NA,6,nao,8,60,sim,finalizado,
SABER-00978,2025-06-30,São Paulo,sp,C294,classic,azul,padrao,1082.05,791.74,42,2,2,4.5,NA,8,,2,74,sim,procesado,
SABER-00979,2025-08-23,São Paulo,SP,C205,dual_blade,amarelo,customizado,1486.35,868.02,5,49,26,1.5,,11,sim,8,28,nao,,
SABER-00980,02-06-2025,São Paulo,SP,C265,premium,verde,padrao,515.65,421.93,20,44,16,1.9,,4,sim,3,8,sim,procesado,
SABER-00981,2025-09-17,São Paulo,sp,C274,elite,amarelo,padrao,2397.35,1476.39,27,8,6,2.8,ruim,7,nao,6,46,sim,,
SABER-00982,2025-08-20,São Paulo,SP,C277,classic,azul,customizado,766.01,603.02,40,10,3,3.1,NA,12,sim,5,18,sim,cancelado,
SABER-00983,2025-01-27,São Paulo,SP,C182,premium,azul,padrao,1621.95,971.52,43,7,4,2.9,ótimo,3,,7,69,sim,,
SABER-00984,2025-01-30,São Paulo,SP,C134,dual_blade,vermelho,customizado,1776.9,1441.05,42,30,4,2.2,NA,12,,1,80,nao,finalizado,
SABER-00985,2025-10-09,São Paulo,SP,C119,elite,vermelho,padrao,796.33,384.04,35,49,48,1.3,ruim,10,sim,9,74,sim,cancelado,
SABER-00986,2025-10-06,São Paulo,SP,C303,elite,azul,customizado,1343.22,627.41,47,50,15,3.6,ótimo,3,sim,1,17,nao,cancelado,
SABER-00987,2025-05-13,São Paulo,sp,C98,custom,azul,padrao,1926.68,1219.28,42,48,0,1.8,NA,6,nao,2,71,sim,cancelado,
SABER-00988,2025-09-08,São Paulo,SP,C296,classic,azul,padrao,1692.65,754.71,20,49,45,1.3,,8,,9,74,nao,,
SABER-00989,2025-05-11,São Paulo,sp,C251,dual_blade,azul,customizado,342.54,251.61,28,5,1,1.7,ótimo,3,sim,10,82,nao,finalizado,
SABER-00990,2025-03-29,São Paulo,SP,C164,custom,verde,padrao,979.41,589.02,32,17,6,2.4,ruim,3,nao,2,48,nao,procesado,
SABER-00991,28/08/2025,São Paulo,SP,C365,elite,azul,customizado,1072.36,496.14,45,22,15,3.5,,9,nao,6,44,nao,cancelado,
SABER-00992,2025-09-25,São Paulo,SP,C278,elite,azul,customizado,1012.43,407.63,23,12,7,4.4,ruim,3,,7,85,nao,cancelado,
SABER-00993,2025-04-07,São Paulo,SP,C36,classic,verde,customizado,2904.72,1475.55,24,26,13,1.2,ótimo,1,sim,4,85,nao,finalizado,
SABER-00994,2025-06-13,São Paulo,sp,C365,classic,verde,customizado,1470.83,721.23,34,9,9,4.1,ruim,4,,1,80,sim,cancelado,
SABER-00995,2025-06-11,São Paulo,SP,C397,custom,vermelho,padrao,1077.12,896.75,6,26,3,1.4,ótimo,12,sim,1,0,sim,,
SABER-00996,2025-03-08,São Paulo,sp,C392,custom,azul,customizado,"2376,17",1243.04,9,7,0,4.7,,3,,5,89,sim,cancelado,
SABER-00997,2025-02-25,São Paulo,SP,C151,classic,azul,padrao,"785,05",361.85,8,48,21,1.5,,8,sim,6,22,nao,,
SABER-00998,2025-06-23,São Paulo,sp,C113,custom,verde,padrao,1297.76,1035.78,42,1,1,1.6,ótimo,7,sim,5,11,nao,cancelado,
SABER-00999,09-21-2025,São Paulo,sp,C398,dual_blade,azul,customizado,1708.74,1166.21,43,25,17,2.2,ruim,2,nao,8,4,sim,cancelado,
SABER-00000,data_invalida,São Paulo,sp,C273,elite,vermelho,customizado,542.83,387.98,9,32,27,4.1,ruim,4,,10,25,sim,,
SABER-00001,2025-02-03,São Paulo,SP,C196,classic,verde,customizado,"1695,72",782.56,18,49,19,1.6,NA,9,nao,1,70,sim,,
SABER-00002,2025-10-01,São Paulo,SP,C326,custom,vermelho,padrao,590.12,363.57,38,14,9,1.8,ruim,1,,7,5,sim,cancelado,
SABER-00003,03-10-2025,São Paulo,sp,C379,classic,verde,customizado,1390.51,593.99,28,3,2,4.7,ruim,3,,1,21,nao,procesado,
SABER-00004,2025-06-06,São Paulo,sp,C283,classic,azul,padrao,2770.97,1198.88,8,25,6,3.2,,12,,2,41,nao,cancelado,
SABER-00005,2025-02-23,São Paulo,sp,C216,premium,amarelo,customizado,569.31,289.34,27,20,14,3.3,,1,sim,5,81,nao,procesado,
SABER-00006,01-29-2025,São Paulo,sp,C129,elite,roxo,padrao,3350.57,1422.19,20,29,1,1.6,ótimo,4,sim,6,63,nao,procesado,
SABER-00007,2025-04-19,São Paulo,SP,C269,dual_blade,verde,customizado,2305.31,1102.38,37,27,1,1.4,ótimo,5,nao,1,86,sim,procesado,
SABER-00008,2025-07-10,São Paulo,SP,C31,elite,azul,customizado,1194.69,923.69,19,47,28,1.7,,6,sim,3,30,sim,finalizado,
SABER-00009,2025-08-01,São Paulo,SP,C12,classic,vermelho,customizado,2690.73,1328.44,46,44,20,4.0,ruim,6,,1,56,nao,procesado,
SABER-00010,2025-02-03,São Paulo,SP,C40,premium,vermelho,padrao,1287.78,815.19,8,47,22,2.6,ruim,1,,1,89,sim,cancelado,
SABER-00011,2025-08-01,São Paulo,sp,C17,classic,vermelho,padrao,731.22,549.83,14,46,19,1.3,ruim,12,sim,9,28,nao,cancelado,
SABER-00012,2025-03-27,São Paulo,sp,C370,custom,verde,customizado,1025.44,456.39,22,31,9,3.6,ótimo,11,,2,47,sim,,
SABER-00013,2025-03-26,São Paulo,sp,C178,elite,verde,customizado,2455.03,1155.6,41,20,9,1.0,ruim,3,,0,55,nao,,
SABER-00014,2025-01-10,São Paulo,SP,C360,premium,amarelo,padrao,1592.72,693.51,47,38,16,3.6,ruim,4,,2,6,sim,finalizado,
SABER-00015,09-26-2025,São Paulo,sp,C103,dual_blade,azul,customizado,"3243,43",1299.8,4,29,12,1.7,ótimo,8,,8,88,sim,cancelado,
SABER-00016,2025-02-05,São Paulo,sp,C46,custom,amarelo,customizado,2516.14,1099.86,27,38,20,4.6,ótimo,8,,10,48,sim,finalizado,
SABER-00017,2025-03-18,São Paulo,sp,C230,premium,verde,padrao,"2014,23",1357.91,39,33,16,3.0,,3,sim,8,12,nao,cancelado,
SABER-00018,2025-07-25,São Paulo,SP,C306,custom,azul,padrao,1257.28,795.0,9,41,38,4.0,ruim,5,sim,0,34,sim,cancelado,
SABER-00019,2025-04-26,São Paulo,SP,C360,custom,azul,padrao,2252.24,1228.29,13,43,33,2.1,NA,8,,8,41,nao,cancelado,
