registro_id,data_pedido,cidade,uf,canal,tipo_pedido,cliente_id,frequencia_cliente_mes,dias_desde_ultimo_pedido,ticket_medio,prato,categoria_prato,quantidade_produzida,quantidade_vendida,custo_prato,preco_prato,tempo_entrega_min,avaliacao,dia_semana,hora,clima,promocao_ativa,status_pedido,observacao
SAB-00000,2025-10-01,São Paulo,SP,ifood,local,C170,11,39,20.4,frango_grelhado,massa,85,44,28.35,43.92,46,3.3,quinta,16,nublado,sim,finalizado,
SAB-00001,04-26-2025,São Paulo,SP,ifood,local,C338,4,45,"75,27",arroz,acompanhamento,95,6,16.96,46.16,41,1.7,sabado,17,nublado,,,
SAB-00002,2025-03-09,São Paulo,sp,ifood,local,C453,7,53,36.3,frango_grelhado,vegetariano,101,97,6.68,13.65,82,1.3,quarta,18,nublado,nao,,
SAB-00003,20/03/2025,São Paulo,SP,app,delivery,C267,2,18,71.44,feijao,vegetariano,51,30,13.68,31.34,13,1.8,sexta,21,nublado,,cancelado,
SAB-00004,08-08-2025,São Paulo,SP,app,local,C494,1,29,46.93,carne_assada,proteina,67,46,28.54,64.55,55,2.7,quinta,15,nublado,,finalizado,
SAB-00005,2025-02-21,São Paulo,sp,local,delivery,C349,1,60,64.11,feijao,vegetariano,61,22,27.81,76.04,77,2.8,sexta,11,sol,sim,finalizado,
SAB-00006,2025-05-26,São Paulo,SP,ifood,delivery,C431,2,5,75.13,salada,acompanhamento,31,1,18.15,36.11,57,1.5,quinta,20,sol,,finalizado,
SAB-00007,2025-10-26,São Paulo,SP,local,local,C370,2,4,61.72,lasanha,massa,30,15,24.59,66.03,66,3.2,quinta,10,chuva,sim,procesado,
SAB-00008,19/10/2025,São Paulo,SP,ifood,delivery,C498,11,27,"44,59",carne_assada,massa,28,27,25.36,40.53,85,2.3,terça,14,nublado,,procesado,
SAB-00009,2025-01-15,São Paulo,SP,app,delivery,C369,7,55,"69,12",frango_grelhado,proteina,90,86,10.31,24.11,80,3.7,sabado,17,sol,,procesado,
SAB-00010,2025-05-22,São Paulo,sp,local,delivery,C248,4,31,36.93,frango_grelhado,acompanhamento,78,38,18.41,38.35,300,3.2,segunda,20,sol,sim,,OUTLIER entrega
SAB-00011,2025-10-09,São Paulo,SP,ifood,delivery,C127,6,6,77.03,salada,acompanhamento,55,0,29.72,47.65,90,2.2,sexta,14,chuva,nao,,
SAB-00012,2025-08-03,São Paulo,SP,ifood,local,C159,6,57,22.92,frango_grelhado,massa,72,47,18.04,42.42,45,2.2,domingo,19,sol,sim,procesado,
SAB-00013,2025-04-04,São Paulo,sp,ifood,local,C320,6,33,41.92,frango_grelhado,proteina,13,3,29.66,53.7,53,4.7,sabado,22,sol,nao,finalizado,
SAB-00014,2025-02-17,São Paulo,sp,app,local,C376,0,51,36.99,carne_assada,proteina,93,41,5.38,11.29,26,1.7,segunda,18,sol,sim,finalizado,
SAB-00015,2025-06-19,São Paulo,sp,ifood,local,C56,3,42,36.25,frango_grelhado,acompanhamento,85,1,28.55,76.25,72,3.5,sabado,16,nublado,sim,,
SAB-00016,2025-02-06,São Paulo,sp,ifood,local,C159,11,41,"73,6",lasanha,vegetariano,97,47,12.95,26.61,49,4.4,sabado,13,nublado,,finalizado,
SAB-00017,2025-03-02,São Paulo,SP,ifood,delivery,C48,9,12,28.72,feijao,proteina,20,12,24.87,37.81,87,4.2,quinta,14,chuva,,,
SAB-00018,09-02-2025,São Paulo,sp,local,local,C458,9,9,"29,25",feijao,vegetariano,49,32,10.57,24.25,56,3.4,domingo,15,nublado,,procesado,
SAB-00019,2025-03-24,São Paulo,SP,app,delivery,C346,9,3,27.16,feijao,acompanhamento,95,0,22.7,42.75,23,1.9,segunda,10,nublado,nao,finalizado,
SAB-00020,2025-09-24,São Paulo,SP,local,local,C143,4,56,39.27,frango_grelhado,acompanhamento,108,9,24.17,55.25,75,3.8,sexta,22,nublado,sim,finalizado,
SAB-00021,11/08/2025,São Paulo,SP,app,delivery,C247,4,6,40.39,salada,massa,30,17,9.12,25.77,37,1.9,quinta,12,nublado,sim,procesado,
SAB-00022,2025-08-26,São Paulo,sp,ifood,local,C126,0,39,44.52,lasanha,proteina,62,49,25.56,74.24,81,4.2,quarta,15,sol,,cancelado,
SAB-00023,2025-01-12,São Paulo,sp,local,local,C434,8,42,"41,65",salada,vegetariano,96,24,9.44,20.11,46,4.0,segunda,12,chuva,sim,cancelado,
SAB-00024,2025-09-25,São Paulo,sp,app,local,C108,0,37,"20,53",feijao,vegetariano,47,0,12.74,33.96,65,1.4,quarta,11,chuva,sim,procesado,
SAB-00025,2025-06-13,São Paulo,SP,app,local,C229,4,59,37.77,salada,massa,1000,3,26.34,43.39,79,1.3,sabado,22,nublado,,finalizado,OUTLIER producao
SAB-00026,05/08/2025,São Paulo,sp,app,local,C394,1,53,63.46,arroz,vegetariano,63,4,23.3,45.36,67,2.2,terça,16,chuva,,,
SAB-00027,04/08/2025,São Paulo,sp,local,local,C216,8,6,"42,06",carne_assada,massa,12,3,13.74,34.91,82,4.5,sabado,19,sol,nao,,
SAB-00028,2025-03-28,São Paulo,sp,ifood,delivery,C221,10,28,66.43,carne_assada,proteina,88,58,11.14,26.32,20,4.0,quinta,18,nublado,,finalizado,
SAB-00029,2025-07-18,São Paulo,sp,app,local,C107,5,31,"45,85",carne_assada,acompanhamento,82,47,9.94,24.49,80,3.1,terça,19,nublado,sim,,
SAB-00030,2025-07-09,São Paulo,SP,ifood,delivery,C418,6,10,23.34,carne_assada,massa,106,71,19.15,49.4,32,1.2,sabado,18,sol,nao,,
SAB-00031,2025-03-06,São Paulo,SP,local,delivery,C180,1,40,56.24,feijao,acompanhamento,89,66,25.21,38.59,19,4.2,terça,10,sol,,cancelado,
SAB-00032,2025-05-06,São Paulo,SP,local,local,C62,2,57,"34,99",frango_grelhado,acompanhamento,66,43,21.83,55.81,29,2.4,domingo,12,chuva,sim,finalizado,
SAB-00033,2025-01-23,São Paulo,SP,ifood,delivery,C398,2,8,74.71,lasanha,vegetariano,109,39,17.4,28.11,85,3.6,segunda,13,sol,nao,cancelado,
SAB-00034,04-08-2025,São Paulo,SP,app,delivery,C273,13,36,52.86,arroz,acompanhamento,61,38,17.59,50.75,39,2.9,quarta,18,chuva,nao,finalizado,
SAB-00035,21/01/2025,São Paulo,SP,app,local,C334,1,27,62.05,salada,proteina,45,10,21.34,45.05,68,3.4,quinta,19,nublado,,,
SAB-00036,2025-08-02,São Paulo,SP,app,local,C350,9,44,52.1,feijao,vegetariano,96,84,7.46,11.22,61,3.4,domingo,10,sol,nao,procesado,
SAB-00037,04-27-2025,São Paulo,SP,local,delivery,C79,5,48,28.83,arroz,acompanhamento,17,16,28.05,82.52,26,4.9,segunda,20,sol,nao,cancelado,
SAB-00038,2025-06-10,São Paulo,SP,app,local,C272,7,41,"28,12",arroz,acompanhamento,35,20,8.1,18.75,43,2.1,quinta,16,sol,sim,,
SAB-00039,2025-05-17,São Paulo,SP,ifood,delivery,C150,5,40,60.4,carne_assada,acompanhamento,103,63,21.26,41.91,10,3.9,terça,17,sol,nao,finalizado,
SAB-00040,2025-09-28,São Paulo,SP,ifood,local,C352,1,48,500,salada,proteina,83,15,8.76,21.85,47,2.3,quarta,22,chuva,sim,finalizado,OUTLIER ticket
SAB-00041,2025-10-05,São Paulo,SP,local,delivery,C426,5,5,"65,05",carne_assada,massa,103,81,27.78,59.7,32,2.9,sexta,15,nublado,sim,finalizado,
SAB-00042,2025-10-27,São Paulo,SP,app,delivery,C467,4,20,23.58,carne_assada,proteina,102,90,18.18,32.05,82,3.3,quarta,17,sol,sim,finalizado,
SAB-00043,data_invalida,São Paulo,sp,ifood,delivery,C43,3,26,"78,54",salada,vegetariano,113,76,27.01,64.22,61,2.3,segunda,19,nublado,,finalizado,
SAB-00044,2025-06-05,São Paulo,sp,app,local,C494,4,31,"62,65",arroz,massa,51,2,24.72,40.75,75,1.6,segunda,14,nublado,,cancelado,
SAB-00045,2025-06-11,São Paulo,SP,ifood,delivery,C36,5,30,49.28,arroz,massa,119,80,13.93,33.9,59,4.7,segunda,16,sol,,,
SAB-00046,2025-10-21,São Paulo,sp,ifood,local,C194,6,39,66.95,feijao,acompanhamento,47,22,24.71,54.79,73,4.3,sexta,18,nublado,nao,finalizado,
SAB-00047,16/03/2025,São Paulo,sp,ifood,delivery,C220,2,8,22.33,feijao,acompanhamento,40,23,29.07,82.18,21,2.2,segunda,21,sol,,finalizado,
SAB-00048,2025-03-22,São Paulo,sp,ifood,delivery,C467,8,41,37.31,feijao,vegetariano,98,20,12.23,21.31,56,3.3,sexta,16,nublado,sim,cancelado,
SAB-00049,2025-07-22,São Paulo,SP,app,delivery,C31,1,20,62.61,feijao,massa,28,8,23.25,59.63,27,2.3,segunda,19,chuva,sim,cancelado,
SAB-00050,2025-01-01,São Paulo,SP,app,local,C199,7,21,44.59,frango_grelhado,proteina,117,110,11.91,21.29,77,2.9,quinta,12,nublado,nao,procesado,
SAB-00051,2025-07-30,São Paulo,SP,local,local,C4,4,17,32.37,carne_assada,proteina,100,8,15.65,28.83,89,1.9,sexta,18,sol,,finalizado,
SAB-00052,2025-04-04,São Paulo,SP,app,delivery,C377,5,38,45.5,lasanha,proteina,102,91,22.16,60.3,19,4.6,sabado,20,chuva,sim,finalizado,
SAB-00053,2025-08-04,São Paulo,sp,app,local,C73,5,6,53.72,feijao,massa,55,38,27.97,53.93,40,1.1,sabado,22,sol,,,
SAB-00054,2025-06-27,São Paulo,sp,ifood,local,C216,8,8,20.77,lasanha,vegetariano,111,102,15.38,29.09,52,3.1,sexta,19,nublado,,cancelado,
SAB-00055,2025-05-26,São Paulo,sp,app,delivery,C349,7,7,49.57,salada,acompanhamento,52,34,27.32,56.86,44,9,terça,17,sol,sim,finalizado,INVALIDO avaliacao
SAB-00056,08/05/2025,São Paulo,SP,local,local,C173,6,54,57.67,frango_grelhado,vegetariano,83,60,7.15,14.32,40,2.3,domingo,14,chuva,nao,,
SAB-00057,data_invalida,São Paulo,SP,app,delivery,C479,6,42,74.34,feijao,vegetariano,92,42,19.47,39.59,15,4.5,sexta,16,sol,,procesado,
SAB-00058,2025-07-19,São Paulo,SP,app,local,C282,13,14,42.19,feijao,massa,67,31,28.11,60.36,63,2.6,quinta,17,sol,,,
SAB-00059,2025-05-02,São Paulo,sp,app,local,C24,5,56,"60,53",arroz,acompanhamento,69,10,13.63,40.33,36,4.9,quarta,11,chuva,,cancelado,
SAB-00060,2025-03-14,São Paulo,sp,app,delivery,C125,3,31,51.1,arroz,acompanhamento,29,0,27.04,56.61,55,2.3,terça,12,sol,nao,cancelado,
SAB-00061,2025-08-25,São Paulo,sp,ifood,local,C8,5,37,53.34,arroz,massa,61,50,27.55,81.78,53,1.4,terça,12,chuva,,finalizado,
SAB-00062,2025-09-21,São Paulo,SP,app,local,C451,8,16,26.74,feijao,proteina,27,2,6.94,19.51,61,4.8,terça,10,nublado,nao,finalizado,
SAB-00063,05-30-2025,São Paulo,sp,app,local,C379,8,7,26.0,lasanha,massa,84,0,13.72,26.52,39,1.7,sabado,13,nublado,,cancelado,
SAB-00064,2025-03-20,São Paulo,sp,app,delivery,C387,8,37,78.82,arroz,proteina,51,39,12.55,37.43,72,1.6,sabado,16,chuva,,cancelado,
SAB-00065,2025-10-24,São Paulo,SP,app,delivery,C289,6,3,55.22,salada,vegetariano,15,1,14.92,29.43,34,3.9,segunda,19,nublado,,finalizado,
SAB-00066,2025-02-26,São Paulo,sp,app,delivery,C440,5,7,29.8,carne_assada,massa,15,5,8.55,21.67,38,1.7,sexta,10,chuva,nao,finalizado,
SAB-00067,01-29-2025,São Paulo,sp,ifood,local,C287,0,1,42.39,lasanha,vegetariano,20,2,12.32,22.64,85,4.5,quinta,19,chuva,nao,finalizado,
SAB-00068,2025-05-08,São Paulo,sp,ifood,delivery,C472,3,14,"55,87",salada,proteina,46,4,28.8,68.59,59,1.3,quarta,22,sol,sim,,
SAB-00069,2025-09-16,São Paulo,sp,ifood,delivery,C438,7,52,62.1,feijao,proteina,67,42,24.6,38.47,71,4.5,quinta,15,chuva,,cancelado,
SAB-00070,2025-03-15,São Paulo,SP,local,delivery,C157,50,44,"51,98",lasanha,acompanhamento,14,4,15.71,39.57,37,5.0,quarta,22,nublado,sim,finalizado,OUTLIER frequencia
SAB-00071,02/05/2025,São Paulo,sp,app,local,C147,0,33,44.48,lasanha,massa,35,27,26.58,71.38,59,4.2,sabado,16,sol,,procesado,
SAB-00072,2025-02-13,São Paulo,sp,ifood,local,C362,6,11,79.24,salada,acompanhamento,76,11,23.93,70.21,68,1.3,domingo,17,sol,sim,finalizado,
SAB-00073,07-19-2025,São Paulo,SP,app,delivery,C338,10,24,62.87,feijao,proteina,41,8,22.01,36.7,57,3.7,quarta,20,sol,sim,procesado,
SAB-00074,2025-08-14,São Paulo,SP,local,local,C143,6,7,"26,66",salada,acompanhamento,98,19,24.95,57.68,75,3.0,terça,14,sol,nao,procesado,
SAB-00075,2025-04-14,São Paulo,sp,app,local,C153,6,37,60.59,arroz,proteina,49,25,29.74,64.05,81,2.5,domingo,22,sol,,cancelado,
SAB-00076,2025-07-27,São Paulo,sp,local,local,C66,3,34,77.63,lasanha,acompanhamento,113,103,25.41,63.73,47,3.3,terça,18,nublado,sim,cancelado,
SAB-00077,04-17-2025,São Paulo,SP,ifood,local,C226,5,33,64.98,carne_assada,acompanhamento,44,2,13.42,24.65,89,2.7,sabado,20,nublado,nao,cancelado,
SAB-00078,2025-10-24,São Paulo,sp,ifood,local,C347,7,12,49.73,frango_grelhado,acompanhamento,118,15,9.65,24.1,49,1.4,quarta,14,sol,sim,procesado,
SAB-00079,2025-04-09,São Paulo,SP,app,delivery,C66,4,31,38.05,frango_grelhado,massa,57,37,21.04,51.25,67,2.6,sexta,21,chuva,,,
SAB-00080,2025-04-12,São Paulo,SP,ifood,delivery,C476,7,60,77.38,salada,acompanhamento,51,13,19.55,38.62,41,1.3,terça,14,sol,nao,finalizado,
SAB-00081,08/05/2025,São Paulo,sp,local,local,C5,0,8,52.76,salada,massa,45,34,18.4,44.64,44,2.4,terça,12,chuva,nao,,
SAB-00082,09-19-2025,São Paulo,SP,ifood,delivery,C470,2,8,28.84,arroz,proteina,50,30,22.67,38.81,36,4.7,domingo,21,nublado,,finalizado,
SAB-00083,2025-07-29,São Paulo,SP,local,local,C446,3,28,60.98,feijao,massa,42,37,22.26,60.68,88,1.7,terça,16,sol,sim,finalizado,
SAB-00084,2025-03-17,São Paulo,sp,local,delivery,C74,8,27,40.2,arroz,massa,88,44,12.27,22.93,57,3.0,sabado,15,nublado,,cancelado,
SAB-00085,2025-04-25,São Paulo,sp,app,delivery,C470,5,14,52.56,salada,proteina,13,2,11.5,24.32,76,4.4,quarta,16,sol,nao,finalizado,
SAB-00086,2025-03-21,São Paulo,SP,ifood,local,C321,0,45,70.54,feijao,proteina,63,25,18.19,30.93,13,3.4,terça,15,chuva,sim,,
SAB-00087,04/05/2025,São Paulo,SP,local,delivery,C216,4,13,46.43,carne_assada,vegetariano,59,6,21.01,36.66,32,2.5,segunda,15,nublado,,procesado,
SAB-00088,2025-08-18,São Paulo,sp,app,local,C288,0,58,"23,34",arroz,vegetariano,95,12,27.76,78.09,12,4.0,segunda,14,sol,nao,cancelado,
SAB-00089,2025-09-05,São Paulo,sp,ifood,delivery,C169,7,28,70.48,feijao,proteina,56,54,15.03,32.1,43,1.3,terça,16,chuva,nao,cancelado,
SAB-00090,2025-01-17,São Paulo,SP,ifood,delivery,C52,1,14,"57,21",salada,massa,95,82,15.1,42.33,51,1.3,quinta,11,sol,sim,,
SAB-00091,2025-03-09,São Paulo,sp,app,delivery,C375,6,37,"67,23",lasanha,proteina,75,50,18.37,39.77,18,4.0,sabado,15,nublado,sim,procesado,
SAB-00092,2025-05-20,São Paulo,sp,app,local,C457,2,23,41.93,feijao,proteina,86,67,15.95,39.71,10,2.5,quinta,15,sol,,procesado,
SAB-00093,2025-02-09,São Paulo,sp,ifood,local,C336,3,4,44.74,feijao,acompanhamento,68,51,29.98,86.04,44,2.5,segunda,18,sol,sim,finalizado,
SAB-00094,2025-10-06,São Paulo,SP,ifood,delivery,C35,1,36,62.01,lasanha,acompanhamento,119,96,14.88,33.76,49,4.5,domingo,17,sol,sim,cancelado,
SAB-00095,04-27-2025,São Paulo,SP,app,local,C488,8,3,32.18,lasanha,proteina,79,57,27.3,47.56,50,2.0,quinta,13,chuva,nao,finalizado,
SAB-00096,2025-02-21,São Paulo,sp,ifood,delivery,C14,7,10,42.46,lasanha,proteina,15,7,28.36,44.74,80,4.9,quinta,22,sol,nao,cancelado,
SAB-00097,2025-08-17,São Paulo,SP,ifood,delivery,C380,0,23,58.96,carne_assada,acompanhamento,81,79,7.14,16.16,15,1.7,domingo,15,sol,sim,procesado,
SAB-00098,2025-05-24,São Paulo,SP,ifood,local,C31,5,30,33.1,feijao,massa,77,35,29.5,69.06,77,2.3,quinta,16,chuva,sim,,
SAB-00099,2025-08-03,São Paulo,sp,ifood,local,C421,6,40,26.81,salada,vegetariano,103,26,6.46,13.88,37,3.9,segunda,18,chuva,nao,,
SAB-00100,2025-09-30,São Paulo,sp,local,local,C335,7,54,27.74,salada,massa,21,13,13.04,26.9,32,4.5,quarta,10,chuva,,finalizado,
SAB-00101,2025-08-18,São Paulo,sp,local,local,C443,5,43,23.13,frango_grelhado,massa,54,23,8.72,18.02,88,2.9,quarta,17,sol,sim,cancelado,
SAB-00102,2025-06-17,São Paulo,SP,ifood,local,C131,4,48,"36,8",feijao,massa,94,2,25.17,57.48,74,4.1,quinta,22,chuva,nao,,
SAB-00103,data_invalida,São Paulo,SP,local,delivery,C205,3,48,51.97,carne_assada,vegetariano,43,26,26.16,73.74,87,4.8,sabado,13,chuva,sim,finalizado,
SAB-00104,2025-09-27,São Paulo,SP,ifood,local,C180,2,9,46.95,frango_grelhado,vegetariano,91,19,8.26,14.57,82,2.0,terça,12,nublado,nao,finalizado,
SAB-00105,07-22-2025,São Paulo,SP,local,delivery,C264,2,13,31.8,feijao,proteina,69,29,23.98,36.59,41,3.5,terça,10,chuva,sim,finalizado,
SAB-00106,09/08/2025,São Paulo,SP,app,delivery,C310,4,44,"39,24",frango_grelhado,proteina,26,20,6.48,14.62,51,1.5,sabado,11,nublado,sim,cancelado,
SAB-00107,09-28-2025,São Paulo,SP,local,delivery,C336,6,35,72.65,carne_assada,vegetariano,81,55,18.1,50.74,77,4.4,quarta,19,sol,,cancelado,
SAB-00108,01-10-2025,São Paulo,SP,ifood,delivery,C67,4,48,28.26,carne_assada,proteina,61,61,20.15,35.01,90,1.2,domingo,12,sol,sim,procesado,
SAB-00109,2025-02-27,São Paulo,SP,app,local,C74,3,17,41.3,arroz,vegetariano,44,8,18.01,38.92,79,4.8,domingo,10,chuva,,cancelado,
SAB-00110,2025-09-11,São Paulo,sp,ifood,local,C25,3,5,65.48,salada,vegetariano,45,11,20.42,39.15,26,4.4,domingo,15,chuva,,cancelado,
SAB-00111,02-15-2025,São Paulo,sp,ifood,local,C287,8,1,38.53,carne_assada,proteina,88,84,9.47,17.12,54,3.8,sexta,18,chuva,,cancelado,
SAB-00112,2025-09-24,São Paulo,sp,ifood,delivery,C302,9,6,75.41,salada,vegetariano,92,90,5.48,15.09,65,3.9,segunda,10,nublado,sim,procesado,
SAB-00113,28/07/2025,São Paulo,SP,ifood,local,C129,5,5,49.18,feijao,vegetariano,57,24,8.47,20.78,60,3.3,quinta,13,sol,,procesado,
SAB-00114,2025-01-13,São Paulo,SP,app,delivery,C441,6,52,24.05,lasanha,massa,88,63,24.35,70.62,24,3.4,quinta,20,chuva,nao,cancelado,
SAB-00115,data_invalida,São Paulo,SP,ifood,delivery,C95,4,8,57.53,salada,massa,25,16,26.27,59.52,63,4.7,segunda,16,sol,sim,cancelado,
SAB-00116,2025-03-26,São Paulo,sp,ifood,delivery,C98,8,48,"50,97",feijao,massa,39,7,9.76,23.28,73,4.2,sexta,13,chuva,sim,,
SAB-00117,2025-06-12,São Paulo,sp,ifood,local,C84,3,39,41.7,salada,massa,85,6,29.76,58.04,57,2.3,sexta,17,chuva,,finalizado,
SAB-00118,2025-10-04,São Paulo,SP,app,local,C240,10,3,35.01,lasanha,vegetariano,84,76,22.0,41.3,57,4.0,quinta,15,chuva,nao,,
SAB-00119,16/02/2025,São Paulo,sp,app,delivery,C242,8,57,36.74,frango_grelhado,vegetariano,78,35,21.98,40.46,43,4.9,segunda,14,sol,nao,cancelado,
SAB-00120,03-05-2025,São Paulo,sp,ifood,local,C55,5,41,"65,76",feijao,massa,87,33,15.39,41.56,59,3.7,sexta,14,chuva,,finalizado,
SAB-00121,09-10-2025,São Paulo,SP,ifood,local,C269,10,13,30.86,arroz,massa,77,66,16.34,48.06,90,2.9,domingo,14,sol,nao,,
SAB-00122,2025-09-30,São Paulo,SP,local,local,C410,6,25,47.92,frango_grelhado,vegetariano,59,46,13.8,28.66,54,4.9,terça,20,nublado,sim,cancelado,
SAB-00123,2025-01-17,São Paulo,sp,app,local,C185,5,2,42.16,feijao,massa,85,25,21.98,38.13,34,1.2,segunda,22,sol,nao,cancelado,
SAB-00124,2025-07-27,São Paulo,sp,app,delivery,C128,9,47,53.51,carne_assada,massa,71,3,16.64,41.34,90,1.0,quinta,12,chuva,nao,cancelado,
SAB-00125,2025-10-08,São Paulo,sp,ifood,local,C151,4,54,56.96,feijao,acompanhamento,34,3,7.89,17.37,68,1.5,quarta,13,sol,sim,,
SAB-00126,2025-09-10,São Paulo,SP,local,delivery,C85,3,18,70.01,salada,acompanhamento,46,30,9.39,14.32,66,4.3,sexta,18,nublado,nao,cancelado,
SAB-00127,2025-05-14,São Paulo,sp,local,delivery,C239,8,59,72.9,frango_grelhado,acompanhamento,33,2,19.69,32.6,89,4.1,quinta,20,sol,nao,,
SAB-00128,24/07/2025,São Paulo,sp,local,local,C116,1,28,60.68,lasanha,proteina,119,37,25.57,52.52,86,3.9,quarta,13,nublado,,procesado,
SAB-00129,2025-03-02,São Paulo,sp,local,local,C76,4,40,"56,87",lasanha,acompanhamento,22,14,6.7,15.52,42,4.6,sexta,18,sol,nao,procesado,
SAB-00130,2025-09-29,São Paulo,sp,app,local,C126,5,25,"69,13",carne_assada,massa,70,44,7.07,15.33,75,2.2,segunda,20,nublado,,cancelado,
SAB-00131,2025-10-03,São Paulo,sp,app,delivery,C496,1,30,77.77,salada,massa,36,8,7.14,14.22,60,1.3,terça,15,chuva,,cancelado,
SAB-00132,2025-04-07,São Paulo,SP,app,delivery,C437,9,19,32.35,carne_assada,vegetariano,94,71,11.4,34.16,79,2.0,sexta,12,sol,nao,,
SAB-00133,2025-05-10,São Paulo,sp,ifood,delivery,C381,1,52,42.91,feijao,acompanhamento,19,13,25.89,63.69,57,3.1,quinta,13,nublado,nao,procesado,
SAB-00134,data_invalida,São Paulo,sp,local,local,C310,3,23,"43,24",arroz,vegetariano,100,58,6.08,16.88,25,4.7,terça,10,nublado,sim,finalizado,
SAB-00135,2025-07-24,São Paulo,SP,app,local,C113,5,15,"51,35",carne_assada,vegetariano,52,52,11.76,18.26,83,2.4,sabado,14,nublado,nao,procesado,
SAB-00136,03/07/2025,São Paulo,sp,app,delivery,C452,4,46,61.23,salada,acompanhamento,30,2,22.36,46.31,87,4.6,quinta,11,chuva,nao,procesado,
SAB-00137,2025-06-06,São Paulo,SP,app,local,C197,12,30,27.13,arroz,vegetariano,105,38,11.24,23.58,83,3.3,terça,19,nublado,nao,finalizado,
SAB-00138,2025-07-25,São Paulo,SP,local,delivery,C472,1,54,"67,25",carne_assada,massa,67,28,27.01,58.82,46,3.2,quinta,15,chuva,nao,,
SAB-00139,22/09/2025,São Paulo,SP,ifood,delivery,C372,2,1,68.43,frango_grelhado,massa,14,3,12.79,34.63,82,3.1,segunda,15,chuva,nao,cancelado,
SAB-00140,06-27-2025,São Paulo,sp,app,delivery,C475,10,35,47.99,lasanha,vegetariano,52,9,24.98,72.61,39,2.2,quinta,19,nublado,nao,,
SAB-00141,10-23-2025,São Paulo,sp,app,local,C66,4,43,23.02,frango_grelhado,massa,75,8,27.28,56.37,84,2.1,quarta,21,chuva,,procesado,
SAB-00142,2025-01-23,São Paulo,sp,app,delivery,C227,2,45,53.69,lasanha,vegetariano,46,4,19.06,34.55,13,3.3,sabado,20,sol,,procesado,
SAB-00143,2025-10-26,São Paulo,sp,ifood,delivery,C363,1,5,"56,59",salada,massa,23,20,6.44,17.73,84,3.8,sabado,22,nublado,,,
SAB-00144,data_invalida,São Paulo,sp,ifood,delivery,C215,5,40,53.51,arroz,proteina,38,16,29.28,57.06,39,4.3,segunda,14,sol,,finalizado,
SAB-00145,2025-05-04,São Paulo,sp,local,delivery,C51,10,42,"66,92",salada,massa,66,47,21.08,33.39,39,3.5,quarta,11,sol,sim,finalizado,
SAB-00146,06/03/2025,São Paulo,SP,ifood,local,C447,2,45,62.62,arroz,massa,50,1,26.48,66.74,45,3.3,quinta,16,chuva,,procesado,
SAB-00147,2025-01-07,São Paulo,sp,ifood,local,C369,5,17,42.78,arroz,proteina,40,8,28.64,85.72,22,1.3,segunda,14,nublado,nao,finalizado,
SAB-00148,10-04-2025,São Paulo,sp,ifood,local,C445,3,2,48.09,lasanha,massa,102,0,6.46,14.57,22,3.3,domingo,10,nublado,,finalizado,
SAB-00149,2025-10-15,São Paulo,sp,ifood,delivery,C371,3,17,67.89,arroz,acompanhamento,64,15,16.49,41.78,33,4.4,quarta,17,chuva,sim,finalizado,
SAB-00150,2025-03-27,São Paulo,sp,ifood,delivery,C341,8,24,46.09,arroz,vegetariano,90,58,21.93,44.1,70,2.0,quinta,15,chuva,nao,procesado,
SAB-00151,2025-06-29,São Paulo,SP,ifood,local,C483,0,8,"31,63",frango_grelhado,acompanhamento,30,17,29.94,77.37,59,3.0,quinta,10,nublado,,procesado,
SAB-00152,2025-02-26,São Paulo,SP,ifood,local,C340,4,4,39.93,carne_assada,acompanhamento,88,28,13.43,27.76,10,1.8,quinta,11,chuva,sim,finalizado,
SAB-00153,2025-06-13,São Paulo,SP,ifood,local,C95,0,12,48.35,carne_assada,acompanhamento,35,8,29.06,59.57,11,1.9,quarta,20,chuva,nao,cancelado,
SAB-00154,2025-01-25,São Paulo,sp,ifood,delivery,C327,5,5,28.61,carne_assada,vegetariano,100,5,16.49,48.91,20,4.8,quinta,20,chuva,,finalizado,
SAB-00155,data_invalida,São Paulo,sp,ifood,delivery,C36,3,8,21.77,carne_assada,massa,95,62,8.2,13.11,22,1.8,quinta,20,nublado,nao,cancelado,
SAB-00156,2025-05-22,São Paulo,SP,app,local,C155,4,0,36.22,feijao,acompanhamento,49,20,24.68,62.07,48,3.7,domingo,11,nublado,sim,cancelado,
SAB-00157,2025-04-09,São Paulo,SP,ifood,delivery,C161,5,17,60.11,frango_grelhado,proteina,112,9,25.47,38.84,16,1.0,domingo,14,sol,sim,,
SAB-00158,2025-08-10,São Paulo,SP,app,delivery,C134,4,32,77.34,lasanha,vegetariano,69,6,6.49,13.09,27,3.5,quarta,13,nublado,,cancelado,
SAB-00159,2025-06-10,São Paulo,SP,ifood,local,C294,4,49,"44,68",frango_grelhado,proteina,89,40,28.92,58.84,72,4.0,sexta,20,sol,,,
SAB-00160,2025-02-13,São Paulo,sp,app,delivery,C497,4,2,"21,2",feijao,proteina,58,37,6.37,17.75,79,2.8,segunda,13,chuva,nao,,
SAB-00161,2025-08-02,São Paulo,SP,app,delivery,C56,4,8,23.83,lasanha,acompanhamento,57,35,25.49,68.24,16,2.6,segunda,22,chuva,sim,procesado,
SAB-00162,2025-07-10,São Paulo,SP,app,local,C11,3,37,"53,93",feijao,massa,73,73,26.91,66.44,11,3.7,sexta,20,chuva,,cancelado,
SAB-00163,27/01/2025,São Paulo,sp,ifood,local,C342,1,0,38.0,carne_assada,vegetariano,119,116,11.17,17.4,37,3.3,quinta,21,nublado,sim,cancelado,
SAB-00164,2025-02-02,São Paulo,SP,local,local,C99,3,35,30.35,salada,acompanhamento,118,107,22.99,48.77,17,5.0,sabado,13,nublado,sim,,
SAB-00165,2025-02-15,São Paulo,SP,app,local,C491,9,14,58.02,salada,massa,56,54,9.95,24.62,52,4.8,quarta,22,chuva,nao,finalizado,
SAB-00166,2025-09-30,São Paulo,sp,app,local,C149,4,12,46.91,feijao,vegetariano,74,54,10.17,21.65,40,2.1,sabado,20,nublado,nao,,
SAB-00167,07-26-2025,São Paulo,SP,app,local,C29,2,46,59.39,frango_grelhado,proteina,67,24,17.37,29.79,35,1.4,segunda,17,nublado,nao,,
SAB-00168,2025-03-14,São Paulo,sp,app,local,C392,4,30,30.54,feijao,proteina,50,4,6.45,14.06,22,1.4,sabado,20,sol,,procesado,
SAB-00169,data_invalida,São Paulo,SP,ifood,delivery,C268,7,54,50.61,carne_assada,acompanhamento,27,8,21.52,38.99,62,2.3,sexta,17,chuva,sim,procesado,
SAB-00170,2025-07-04,São Paulo,SP,ifood,delivery,C318,6,0,"38,31",frango_grelhado,vegetariano,31,7,7.11,12.27,38,2.2,quarta,15,sol,nao,,
SAB-00171,14/07/2025,São Paulo,sp,ifood,local,C355,1,9,39.41,frango_grelhado,acompanhamento,72,53,21.92,55.9,41,4.2,terça,18,nublado,nao,finalizado,
SAB-00172,2025-02-15,São Paulo,SP,ifood,delivery,C82,9,60,25.13,lasanha,massa,92,77,26.85,80.02,35,3.7,quarta,10,sol,,,
SAB-00173,2025-02-23,São Paulo,sp,ifood,delivery,C322,9,10,20.81,carne_assada,massa,51,50,16.57,31.16,37,1.2,terça,11,sol,nao,cancelado,
SAB-00174,2025-07-11,São Paulo,sp,ifood,local,C38,6,8,41.98,lasanha,acompanhamento,30,5,6.27,13.28,30,3.6,terça,18,sol,,procesado,
SAB-00175,2025-05-06,São Paulo,sp,app,local,C24,6,51,24.61,salada,vegetariano,104,25,16.7,39.25,30,3.4,domingo,14,chuva,,cancelado,
SAB-00176,10-22-2025,São Paulo,SP,app,delivery,C397,6,54,30.44,salada,vegetariano,98,11,11.61,32.43,79,3.4,terça,21,sol,nao,finalizado,
SAB-00177,data_invalida,São Paulo,sp,app,local,C246,4,10,57.11,salada,proteina,96,16,28.7,52.31,43,3.9,quinta,15,nublado,sim,,
SAB-00178,2025-08-03,São Paulo,sp,ifood,delivery,C272,2,49,73.72,salada,vegetariano,18,16,9.25,23.86,72,3.3,quinta,14,nublado,,procesado,
SAB-00179,24/07/2025,São Paulo,SP,app,local,C360,6,45,25.87,feijao,proteina,69,10,27.86,61.05,19,1.7,domingo,22,chuva,,,
SAB-00180,data_invalida,São Paulo,sp,local,local,C306,4,24,32.75,carne_assada,acompanhamento,78,26,12.13,20.63,39,3.2,quinta,22,nublado,,finalizado,
SAB-00181,2025-09-01,São Paulo,sp,ifood,delivery,C312,7,6,25.48,feijao,massa,13,8,21.44,59.82,80,3.9,quinta,19,sol,sim,procesado,
SAB-00182,2025-04-12,São Paulo,SP,ifood,local,C402,8,47,31.46,salada,acompanhamento,100,21,10.26,15.94,44,3.0,terça,14,chuva,,,
SAB-00183,2025-07-26,São Paulo,sp,app,delivery,C393,5,52,30.71,feijao,massa,35,25,21.34,59.37,68,2.9,domingo,10,chuva,,,
SAB-00184,2025-08-14,São Paulo,SP,app,delivery,C408,5,55,25.12,salada,vegetariano,87,39,14.98,25.03,48,3.9,sexta,19,sol,sim,finalizado,
SAB-00185,2025-10-10,São Paulo,SP,app,local,C198,2,12,72.31,lasanha,acompanhamento,35,6,19.92,40.77,68,3.3,domingo,21,chuva,nao,finalizado,
SAB-00186,2025-02-01,São Paulo,SP,local,delivery,C425,4,58,56.48,arroz,acompanhamento,73,41,21.71,61.77,75,3.1,terça,15,nublado,nao,,
SAB-00187,2025-03-10,São Paulo,sp,ifood,delivery,C377,8,60,32.75,salada,acompanhamento,79,29,21.54,46.76,56,1.3,quinta,19,chuva,sim,cancelado,
SAB-00188,2025-01-04,São Paulo,sp,local,delivery,C117,0,52,"50,7",feijao,acompanhamento,31,22,10.04,27.32,12,2.3,domingo,17,sol,,finalizado,
SAB-00189,2025-01-31,São Paulo,sp,local,local,C102,3,16,79.7,lasanha,vegetariano,99,1,13.33,36.5,56,4.4,terça,18,sol,nao,cancelado,
SAB-00190,2025-07-02,São Paulo,SP,ifood,delivery,C32,6,17,67.13,frango_grelhado,massa,34,28,24.12,52.3,63,2.2,terça,15,chuva,sim,,
SAB-00191,2025-08-21,São Paulo,SP,ifood,local,C225,5,13,50.69,arroz,proteina,23,14,15.31,26.1,32,4.6,terça,19,chuva,,,
SAB-00192,2025-03-15,São Paulo,SP,local,delivery,C23,7,27,"41,34",lasanha,massa,21,20,17.36,47.59,58,1.9,sabado,22,chuva,sim,finalizado,
SAB-00193,2025-05-20,São Paulo,sp,app,delivery,C187,1,17,"35,99",feijao,proteina,70,41,10.31,26.42,42,2.9,quinta,19,chuva,,finalizado,
SAB-00194,2025-02-10,São Paulo,sp,local,delivery,C108,1,27,46.11,feijao,acompanhamento,107,7,19.78,49.52,12,2.6,domingo,18,sol,nao,,
SAB-00195,2025-03-15,São Paulo,sp,ifood,local,C2,12,15,68.02,frango_grelhado,vegetariano,11,0,9.48,24.48,79,1.6,domingo,16,chuva,sim,finalizado,
SAB-00196,08/06/2025,São Paulo,sp,ifood,local,C92,5,54,46.5,carne_assada,acompanhamento,91,6,28.02,63.51,84,3.7,quinta,13,nublado,,cancelado,
SAB-00197,2025-08-16,São Paulo,sp,ifood,delivery,C60,4,24,67.51,salada,acompanhamento,82,2,10.99,24.97,72,2.4,domingo,14,sol,sim,procesado,
SAB-00198,2025-02-18,São Paulo,sp,app,delivery,C118,1,14,55.3,arroz,vegetariano,111,76,14.29,39.96,61,2.3,quarta,15,chuva,nao,procesado,
SAB-00199,data_invalida,São Paulo,SP,app,local,C357,8,39,75.12,feijao,vegetariano,54,54,22.37,46.91,54,4.7,terça,10,nublado,sim,procesado,
SAB-00200,2025-08-11,São Paulo,sp,app,delivery,C349,2,49,55.95,arroz,massa,79,45,29.6,45.13,25,3.1,quarta,14,chuva,sim,cancelado,
SAB-00201,2025-06-27,São Paulo,sp,local,delivery,C420,7,43,54.3,carne_assada,acompanhamento,49,42,9.03,16.38,75,3.7,segunda,22,sol,nao,,
SAB-00202,2025-04-30,São Paulo,sp,app,delivery,C9,0,49,73.91,salada,acompanhamento,108,104,9.36,22.68,83,3.2,segunda,12,sol,sim,cancelado,
SAB-00203,2025-09-14,São Paulo,SP,app,local,C10,8,27,54.44,arroz,vegetariano,76,55,23.17,56.15,76,2.8,domingo,15,sol,nao,cancelado,
SAB-00204,2025-10-05,São Paulo,sp,ifood,delivery,C441,1,19,"60,51",carne_assada,vegetariano,97,55,6.09,12.32,53,4.9,quarta,10,chuva,sim,,
SAB-00205,2025-07-09,São Paulo,sp,local,delivery,C334,4,52,49.41,frango_grelhado,vegetariano,103,12,26.87,58.28,35,2.1,quinta,20,chuva,nao,,
SAB-00206,2025-07-09,São Paulo,SP,ifood,local,C318,6,23,35.74,frango_grelhado,massa,62,50,11.71,29.62,11,4.7,sabado,18,chuva,,cancelado,
SAB-00207,2025-08-25,São Paulo,SP,local,local,C271,5,23,"63,89",lasanha,vegetariano,103,62,16.29,43.04,30,3.4,quinta,14,sol,nao,finalizado,
SAB-00208,2025-09-02,São Paulo,sp,app,delivery,C318,8,20,78.84,lasanha,acompanhamento,86,11,8.9,14.46,50,1.0,sexta,12,nublado,nao,procesado,
SAB-00209,2025-08-13,São Paulo,SP,app,delivery,C364,9,22,23.48,carne_assada,proteina,107,11,16.62,30.18,47,2.7,quinta,10,chuva,,procesado,
SAB-00210,2025-07-18,São Paulo,sp,ifood,delivery,C79,4,23,68.15,salada,acompanhamento,54,15,14.97,42.18,83,1.9,sabado,15,sol,nao,,
SAB-00211,2025-06-05,São Paulo,SP,local,delivery,C396,8,28,70.57,arroz,massa,85,10,7.21,11.13,88,4.0,quarta,10,chuva,nao,finalizado,
SAB-00212,2025-07-16,São Paulo,sp,app,delivery,C33,4,4,"37,43",arroz,vegetariano,53,39,27.89,78.41,87,1.6,terça,10,sol,sim,procesado,
SAB-00213,2025-02-19,São Paulo,sp,app,delivery,C310,5,40,55.27,salada,vegetariano,49,0,18.44,30.15,30,4.1,quinta,17,nublado,,,
SAB-00214,2025-03-24,São Paulo,SP,app,delivery,C208,6,9,20.82,frango_grelhado,acompanhamento,25,0,16.79,36.68,36,3.3,sexta,16,sol,sim,cancelado,
SAB-00215,07-25-2025,São Paulo,sp,ifood,delivery,C10,10,41,48.67,salada,vegetariano,95,59,19.94,40.68,85,2.7,sabado,13,nublado,,cancelado,
SAB-00216,2025-04-01,São Paulo,sp,local,local,C344,7,24,37.74,lasanha,acompanhamento,41,8,15.6,38.05,32,1.6,quinta,20,nublado,nao,,
SAB-00217,2025-04-15,São Paulo,sp,ifood,delivery,C268,5,18,75.07,frango_grelhado,proteina,57,53,19.63,53.62,16,3.1,terça,16,sol,nao,finalizado,
SAB-00218,09/07/2025,São Paulo,sp,ifood,delivery,C387,6,8,"77,71",salada,proteina,34,0,23.44,43.4,14,1.7,sabado,13,chuva,nao,cancelado,
SAB-00219,2025-09-09,São Paulo,SP,app,delivery,C469,10,54,20.89,frango_grelhado,acompanhamento,47,46,23.91,60.81,64,4.4,quinta,17,chuva,sim,procesado,
SAB-00220,2025-07-24,São Paulo,sp,app,local,C30,3,37,35.23,lasanha,acompanhamento,61,60,9.85,22.56,38,2.6,quinta,17,sol,,,
SAB-00221,2025-02-12,São Paulo,SP,ifood,delivery,C380,3,40,78.11,lasanha,acompanhamento,67,52,11.15,21.49,40,3.6,sabado,22,chuva,sim,cancelado,
SAB-00222,2025-09-19,São Paulo,SP,ifood,delivery,C290,8,47,77.88,arroz,proteina,97,25,6.26,16.19,83,2.8,segunda,13,nublado,nao,cancelado,
SAB-00223,2025-07-30,São Paulo,SP,ifood,local,C439,7,45,45.02,frango_grelhado,proteina,18,17,16.96,50.6,24,4.8,segunda,14,nublado,sim,finalizado,
SAB-00224,07/08/2025,São Paulo,sp,ifood,local,C109,3,29,44.47,feijao,vegetariano,105,25,17.9,30.03,15,4.2,terça,16,nublado,sim,procesado,
SAB-00225,2025-06-12,São Paulo,sp,app,local,C16,5,6,42.32,lasanha,proteina,114,13,24.41,57.65,49,4.3,terça,15,sol,nao,procesado,
SAB-00226,2025-01-30,São Paulo,sp,ifood,delivery,C85,0,12,42.22,salada,proteina,87,58,6.83,11.8,37,1.4,segunda,22,sol,nao,cancelado,
SAB-00227,15/04/2025,São Paulo,SP,ifood,local,C437,11,31,65.18,carne_assada,vegetariano,11,11,7.18,18.87,33,4.0,sabado,20,sol,,finalizado,
SAB-00228,2025-01-12,São Paulo,sp,app,delivery,C436,2,56,26.01,lasanha,acompanhamento,77,32,28.74,49.52,28,4.4,domingo,10,nublado,,,
SAB-00229,12/01/2025,São Paulo,sp,local,local,C266,9,20,30.33,carne_assada,proteina,100,60,18.51,45.34,44,2.3,terça,10,nublado,sim,finalizado,
SAB-00230,2025-08-19,São Paulo,sp,app,delivery,C189,9,18,25.6,arroz,massa,15,5,17.27,46.8,18,4.2,sabado,14,nublado,sim,,
SAB-00231,2025-07-29,São Paulo,SP,local,delivery,C354,8,23,55.15,lasanha,massa,103,101,29.37,69.54,42,3.9,quarta,21,chuva,,procesado,
SAB-00232,2025-04-19,São Paulo,sp,local,delivery,C76,8,22,60.25,feijao,proteina,53,1,25.5,39.12,82,2.8,domingo,22,sol,,finalizado,
SAB-00233,2025-02-06,São Paulo,sp,ifood,local,C112,6,39,44.02,arroz,vegetariano,55,24,29.24,64.4,18,1.7,segunda,21,chuva,nao,finalizado,
SAB-00234,2025-05-30,São Paulo,sp,ifood,local,C313,0,30,46.42,lasanha,vegetariano,85,58,12.06,25.64,71,4.0,terça,20,chuva,sim,,
SAB-00235,2025-02-12,São Paulo,sp,local,local,C475,3,29,65.65,frango_grelhado,vegetariano,14,14,16.05,27.0,52,2.1,quarta,21,nublado,,cancelado,
SAB-00236,2025-07-20,São Paulo,SP,local,local,C409,4,5,63.11,lasanha,proteina,55,22,29.73,80.43,48,2.7,segunda,14,nublado,,,
SAB-00237,2025-09-02,São Paulo,SP,app,local,C463,5,14,56.91,carne_assada,acompanhamento,87,28,25.88,65.78,60,1.6,terça,15,sol,,,
SAB-00238,2025-03-31,São Paulo,sp,ifood,delivery,C214,5,54,27.95,carne_assada,acompanhamento,119,50,25.66,42.51,28,3.5,segunda,22,sol,sim,,
SAB-00239,17/02/2025,São Paulo,SP,app,local,C184,3,31,72.95,lasanha,acompanhamento,13,9,10.02,21.3,33,2.7,quarta,18,sol,sim,cancelado,
SAB-00240,2025-08-27,São Paulo,SP,ifood,delivery,C139,8,14,41.98,salada,acompanhamento,57,39,25.16,66.86,86,3.6,sabado,22,chuva,nao,procesado,
SAB-00241,24/05/2025,São Paulo,SP,app,local,C425,3,55,41.79,arroz,proteina,39,19,6.1,14.49,68,2.7,sexta,21,sol,sim,cancelado,
SAB-00242,2025-03-31,São Paulo,sp,ifood,delivery,C382,5,12,59.84,feijao,acompanhamento,18,17,7.39,12.22,11,3.4,quarta,12,nublado,nao,cancelado,
SAB-00243,2025-01-14,São Paulo,SP,local,local,C129,1,35,62.63,salada,massa,15,5,24.1,64.62,60,1.7,domingo,10,nublado,nao,,
SAB-00244,2025-10-25,São Paulo,SP,ifood,delivery,C34,4,0,"23,26",salada,massa,21,12,13.42,33.9,20,3.3,quinta,16,sol,sim,,
SAB-00245,02-02-2025,São Paulo,sp,app,local,C99,9,11,75.98,salada,proteina,32,15,25.05,68.12,83,3.4,sexta,13,nublado,,cancelado,
SAB-00246,2025-06-13,São Paulo,SP,local,local,C464,5,50,43.65,feijao,massa,91,38,9.71,16.67,86,2.9,sexta,14,nublado,sim,finalizado,
SAB-00247,2025-01-15,São Paulo,sp,app,delivery,C122,7,11,"23,45",arroz,vegetariano,88,18,10.17,26.64,23,4.8,sexta,18,nublado,,procesado,
SAB-00248,09/04/2025,São Paulo,sp,app,local,C141,5,22,75.81,frango_grelhado,vegetariano,107,6,21.5,61.36,79,2.0,sexta,20,nublado,nao,finalizado,
SAB-00249,2025-08-13,São Paulo,SP,ifood,delivery,C394,8,52,36.3,carne_assada,vegetariano,49,8,16.4,40.13,15,4.4,terça,14,sol,nao,cancelado,
SAB-00250,data_invalida,São Paulo,sp,local,delivery,C42,3,13,46.53,salada,acompanhamento,65,30,21.44,54.22,63,2.4,terça,18,nublado,sim,cancelado,
SAB-00251,2025-08-08,São Paulo,SP,local,delivery,C95,7,48,21.76,arroz,proteina,86,71,24.58,66.49,47,3.7,sexta,21,nublado,sim,cancelado,
SAB-00252,09-01-2025,São Paulo,sp,app,delivery,C412,3,25,72.67,salada,proteina,49,2,19.53,35.95,54,2.7,sexta,15,chuva,sim,finalizado,
SAB-00253,2025-07-24,São Paulo,SP,app,delivery,C455,4,59,"55,92",carne_assada,massa,114,75,23.91,58.41,68,3.7,segunda,17,nublado,sim,procesado,
SAB-00254,2025-07-25,São Paulo,sp,app,delivery,C464,0,12,"38,93",lasanha,massa,116,71,22.11,35.33,27,3.4,terça,20,chuva,sim,cancelado,
SAB-00255,2025-10-22,São Paulo,SP,app,delivery,C137,7,11,"23,64",feijao,vegetariano,95,16,12.44,34.44,10,1.5,segunda,19,nublado,sim,finalizado,
SAB-00256,2025-09-14,São Paulo,SP,app,delivery,C383,7,6,40.57,carne_assada,acompanhamento,54,17,23.35,56.75,30,4.6,quinta,17,nublado,sim,,
SAB-00257,25/04/2025,São Paulo,SP,app,local,C72,7,34,38.91,arroz,acompanhamento,29,19,15.43,25.41,87,4.9,quinta,16,chuva,sim,cancelado,
SAB-00258,2025-09-10,São Paulo,SP,app,local,C486,4,15,44.12,salada,vegetariano,32,2,10.71,29.64,13,3.7,domingo,19,chuva,sim,procesado,
SAB-00259,2025-05-13,São Paulo,sp,ifood,local,C292,5,28,25.79,carne_assada,acompanhamento,27,17,13.86,25.76,76,4.9,domingo,14,chuva,nao,finalizado,
SAB-00260,09-23-2025,São Paulo,SP,app,local,C267,5,48,73.99,lasanha,proteina,46,46,7.45,20.85,25,1.7,quarta,15,chuva,,,
SAB-00261,2025-08-08,São Paulo,sp,ifood,delivery,C386,1,59,78.86,frango_grelhado,proteina,94,50,9.44,16.14,26,1.6,domingo,14,nublado,nao,cancelado,
SAB-00262,2025-09-01,São Paulo,SP,app,delivery,C230,3,58,59.56,lasanha,proteina,63,42,5.73,13.5,25,4.8,sabado,13,nublado,nao,cancelado,
SAB-00263,2025-07-14,São Paulo,SP,ifood,local,C443,4,60,66.67,salada,massa,78,46,17.86,30.3,78,3.5,sexta,18,sol,nao,cancelado,
SAB-00264,2025-03-10,São Paulo,sp,ifood,local,C167,4,13,65.63,lasanha,massa,86,7,27.38,67.23,13,2.8,quinta,20,sol,,procesado,
SAB-00265,2025-06-14,São Paulo,sp,app,local,C205,6,32,"49,47",arroz,proteina,10,10,21.04,55.9,59,4.2,terça,20,nublado,,cancelado,
SAB-00266,10/04/2025,São Paulo,sp,app,delivery,C428,6,23,39.59,carne_assada,massa,77,29,13.17,27.22,56,1.3,sabado,17,sol,sim,finalizado,
SAB-00267,08-31-2025,São Paulo,SP,app,delivery,C320,2,32,26.14,carne_assada,vegetariano,68,35,19.68,57.57,88,3.0,domingo,14,sol,sim,cancelado,
SAB-00268,2025-01-19,São Paulo,SP,ifood,delivery,C309,9,53,33.88,feijao,vegetariano,105,100,9.39,26.84,73,4.5,quarta,13,sol,nao,procesado,
SAB-00269,2025-09-22,São Paulo,SP,app,local,C418,4,15,57.97,salada,vegetariano,108,74,8.97,14.6,26,3.4,terça,11,nublado,,cancelado,
SAB-00270,2025-09-17,São Paulo,SP,ifood,local,C173,1,19,71.67,arroz,vegetariano,24,5,21.76,51.38,75,4.9,quarta,12,sol,sim,procesado,
SAB-00271,08-23-2025,São Paulo,sp,ifood,local,C273,8,11,"77,15",feijao,massa,21,16,21.14,33.83,59,3.4,sexta,17,nublado,nao,,
SAB-00272,2025-04-26,São Paulo,sp,app,delivery,C422,4,19,55.99,feijao,acompanhamento,55,27,7.23,12.22,17,2.1,domingo,13,sol,sim,procesado,
SAB-00273,2025-06-14,São Paulo,sp,ifood,delivery,C289,7,53,77.54,salada,vegetariano,112,11,25.2,51.57,40,1.3,terça,18,nublado,sim,,
SAB-00274,2025-05-23,São Paulo,SP,app,delivery,C290,5,31,50.03,salada,proteina,11,4,27.61,76.55,54,3.1,quinta,16,nublado,sim,cancelado,
SAB-00275,2025-04-15,São Paulo,SP,ifood,delivery,C123,7,26,66.42,feijao,vegetariano,93,32,15.81,47.09,53,2.5,segunda,18,chuva,sim,procesado,
SAB-00276,2025-10-08,São Paulo,SP,ifood,delivery,C307,7,55,48.48,arroz,proteina,82,80,19.14,45.11,27,3.2,segunda,17,nublado,,finalizado,
SAB-00277,26/10/2025,São Paulo,SP,ifood,local,C411,1,24,46.21,feijao,acompanhamento,19,7,21.42,41.05,50,3.8,quinta,17,sol,sim,finalizado,
SAB-00278,2025-10-22,São Paulo,sp,local,local,C277,2,48,53.28,arroz,acompanhamento,98,67,23.98,42.49,63,2.4,sabado,17,chuva,sim,procesado,
SAB-00279,data_invalida,São Paulo,sp,local,delivery,C174,4,36,63.01,arroz,vegetariano,56,16,25.37,44.29,64,3.8,segunda,22,chuva,,cancelado,
SAB-00280,2025-09-09,São Paulo,sp,app,local,C225,3,58,65.25,feijao,proteina,61,31,16.94,41.24,45,3.5,terça,14,chuva,sim,finalizado,
SAB-00281,data_invalida,São Paulo,sp,ifood,delivery,C424,4,19,"46,96",lasanha,proteina,59,9,24.8,48.08,14,3.5,quinta,18,sol,sim,,
SAB-00282,2025-01-13,São Paulo,SP,ifood,delivery,C497,2,7,49.49,carne_assada,proteina,41,31,12.37,36.08,82,1.3,terça,21,nublado,nao,procesado,
SAB-00283,2025-04-04,São Paulo,SP,ifood,delivery,C361,7,23,54.98,salada,vegetariano,14,5,14.35,40.33,77,2.8,quarta,14,chuva,,procesado,
SAB-00284,2025-01-24,São Paulo,SP,app,delivery,C88,0,3,37.2,lasanha,vegetariano,53,8,13.01,35.72,12,3.3,sabado,16,chuva,,procesado,
SAB-00285,10-26-2025,São Paulo,SP,app,local,C488,7,53,60.28,salada,proteina,119,103,18.73,43.15,73,1.3,quinta,22,nublado,sim,,
SAB-00286,2025-10-07,São Paulo,SP,ifood,local,C170,0,0,41.02,carne_assada,massa,112,65,8.89,19.38,47,2.2,segunda,12,chuva,nao,procesado,
SAB-00287,03-16-2025,São Paulo,sp,app,local,C335,1,4,64.9,lasanha,massa,114,62,9.95,18.63,65,3.7,terça,19,sol,sim,procesado,
SAB-00288,2025-03-04,São Paulo,sp,local,local,C120,4,60,45.66,salada,vegetariano,83,63,25.38,63.46,12,2.2,domingo,11,nublado,,cancelado,
SAB-00289,2025-02-22,São Paulo,SP,ifood,local,C466,2,27,"32,71",feijao,vegetariano,27,19,13.53,33.59,17,1.4,sexta,13,chuva,sim,procesado,
SAB-00290,2025-02-12,São Paulo,sp,ifood,delivery,C179,5,57,59.42,arroz,vegetariano,116,58,26.32,75.51,56,2.6,sabado,22,nublado,sim,finalizado,
SAB-00291,2025-09-16,São Paulo,sp,ifood,delivery,C438,2,15,41.16,lasanha,proteina,11,3,18.77,50.58,59,3.7,sabado,10,sol,sim,cancelado,
SAB-00292,2025-03-06,São Paulo,SP,app,local,C146,1,57,67.99,arroz,proteina,78,63,18.04,39.93,16,1.3,segunda,19,sol,sim,,
SAB-00293,2025-09-01,São Paulo,SP,local,local,C294,1,17,78.27,lasanha,proteina,19,17,25.16,63.96,81,1.3,sabado,15,nublado,nao,cancelado,
SAB-00294,2025-01-05,São Paulo,sp,ifood,local,C195,7,55,40.63,carne_assada,proteina,94,25,14.19,31.31,52,1.3,terça,12,nublado,,cancelado,
SAB-00295,28/03/2025,São Paulo,SP,ifood,delivery,C156,4,36,"67,06",frango_grelhado,proteina,38,35,11.19,28.65,22,5.0,domingo,22,sol,sim,finalizado,
SAB-00296,data_invalida,São Paulo,SP,ifood,local,C495,2,24,37.66,arroz,acompanhamento,99,59,15.99,38.38,47,3.8,sabado,20,chuva,nao,finalizado,
SAB-00297,2025-04-16,São Paulo,sp,ifood,delivery,C458,6,25,62.79,salada,massa,103,14,11.64,24.49,26,2.9,terça,11,nublado,nao,,
SAB-00298,2025-08-07,São Paulo,sp,local,delivery,C134,0,34,58.41,lasanha,massa,81,28,18.0,47.71,18,1.4,domingo,18,chuva,,,
SAB-00299,03/08/2025,São Paulo,sp,app,local,C273,3,36,46.9,feijao,acompanhamento,28,8,25.27,64.64,73,4.1,quarta,22,nublado,nao,procesado,
SAB-00300,2025-01-05,São Paulo,sp,ifood,local,C339,4,1,41.25,frango_grelhado,massa,96,48,20.81,49.54,35,4.0,segunda,22,chuva,sim,finalizado,
SAB-00301,2025-04-25,São Paulo,SP,app,local,C431,5,46,42.71,feijao,acompanhamento,22,12,8.73,18.75,40,4.6,terça,16,nublado,nao,procesado,
SAB-00302,2025-06-07,São Paulo,sp,app,delivery,C251,6,60,23.07,lasanha,acompanhamento,72,66,9.87,19.72,82,3.8,domingo,10,nublado,,finalizado,
SAB-00303,2025-02-21,São Paulo,sp,app,local,C401,2,7,62.26,salada,acompanhamento,103,83,21.74,48.69,71,1.8,segunda,10,nublado,nao,,
SAB-00304,2025-09-30,São Paulo,SP,app,delivery,C169,0,31,22.59,feijao,massa,53,13,6.62,10.21,17,1.9,domingo,11,chuva,sim,,
SAB-00305,2025-08-01,São Paulo,sp,app,delivery,C97,11,51,38.16,feijao,massa,84,7,10.03,23.72,20,4.5,terça,11,sol,nao,cancelado,
SAB-00306,2025-10-01,São Paulo,SP,ifood,local,C185,3,5,28.07,frango_grelhado,acompanhamento,66,33,11.84,18.39,17,1.1,segunda,16,nublado,,finalizado,
SAB-00307,2025-03-23,São Paulo,sp,local,delivery,C343,5,53,"57,37",salada,proteina,99,23,15.3,44.34,90,2.8,domingo,16,nublado,nao,finalizado,
SAB-00308,21/08/2025,São Paulo,SP,app,local,C289,4,48,71.23,frango_grelhado,acompanhamento,99,70,26.74,71.71,64,2.6,sabado,11,nublado,nao,,
SAB-00309,2025-08-17,São Paulo,sp,ifood,delivery,C346,3,20,55.01,arroz,massa,20,9,17.59,49.57,14,2.9,domingo,16,sol,sim,,
SAB-00310,2025-02-26,São Paulo,SP,ifood,delivery,C139,8,4,23.1,lasanha,vegetariano,107,78,25.63,67.65,15,2.7,segunda,20,sol,nao,,
SAB-00311,2025-08-15,São Paulo,sp,app,delivery,C166,9,22,30.3,salada,acompanhamento,50,43,25.0,69.69,86,1.6,domingo,21,sol,sim,,
SAB-00312,22/03/2025,São Paulo,SP,app,local,C418,8,7,26.42,feijao,vegetariano,104,74,15.78,29.31,84,4.0,sabado,11,chuva,sim,cancelado,
SAB-00313,data_invalida,São Paulo,sp,ifood,delivery,C284,6,53,58.43,frango_grelhado,proteina,120,90,18.01,49.83,29,1.6,quinta,13,sol,sim,procesado,
SAB-00314,2025-06-01,São Paulo,SP,app,local,C6,1,31,53.79,lasanha,vegetariano,63,37,24.95,57.22,18,1.6,sabado,17,sol,sim,cancelado,
SAB-00315,2025-08-18,São Paulo,sp,app,local,C49,11,53,42.43,lasanha,acompanhamento,88,10,12.5,20.52,86,3.1,terça,20,nublado,,finalizado,
SAB-00316,2025-05-01,São Paulo,SP,ifood,local,C445,2,32,57.25,salada,acompanhamento,56,31,6.76,14.47,67,1.6,terça,13,nublado,nao,,
SAB-00317,data_invalida,São Paulo,SP,ifood,delivery,C197,5,49,58.58,arroz,vegetariano,78,1,10.21,28.67,55,4.1,quarta,22,chuva,nao,procesado,
SAB-00318,2025-04-02,São Paulo,SP,local,local,C179,4,55,27.41,frango_grelhado,proteina,99,0,26.76,65.16,22,2.1,quarta,14,sol,nao,cancelado,
SAB-00319,09-12-2025,São Paulo,SP,ifood,delivery,C187,3,14,75.55,feijao,acompanhamento,116,66,23.43,46.27,52,3.7,terça,16,sol,sim,finalizado,
SAB-00320,2025-07-14,São Paulo,sp,local,local,C460,4,33,66.92,feijao,acompanhamento,76,18,27.61,70.11,17,2.2,quarta,17,chuva,sim,,
SAB-00321,2025-10-25,São Paulo,sp,ifood,delivery,C486,1,7,56.76,frango_grelhado,proteina,36,7,22.35,35.13,12,3.2,sexta,14,sol,,finalizado,
SAB-00322,2025-05-09,São Paulo,SP,app,local,C161,12,6,31.08,lasanha,proteina,117,62,5.67,10.89,17,2.8,sabado,17,chuva,,,
SAB-00323,2025-02-23,São Paulo,sp,ifood,delivery,C454,6,29,63.89,lasanha,proteina,38,10,6.94,10.43,41,3.7,quinta,17,sol,,cancelado,
SAB-00324,2025-10-22,São Paulo,sp,local,delivery,C18,2,28,24.26,arroz,massa,43,13,22.08,59.42,34,2.1,sabado,19,sol,,finalizado,
SAB-00325,2025-01-23,São Paulo,SP,ifood,delivery,C167,0,35,67.39,carne_assada,massa,27,4,29.05,51.75,59,4.3,segunda,21,sol,sim,cancelado,
SAB-00326,2025-04-12,São Paulo,sp,app,delivery,C183,9,55,"42,49",frango_grelhado,vegetariano,75,19,9.4,22.73,59,1.4,domingo,14,nublado,nao,cancelado,
SAB-00327,03/10/2025,São Paulo,SP,app,local,C300,2,49,68.67,salada,vegetariano,43,42,8.47,23.28,63,1.3,segunda,19,chuva,,,
SAB-00328,2025-01-08,São Paulo,sp,ifood,local,C275,6,16,72.03,arroz,acompanhamento,100,24,15.53,29.72,86,4.0,terça,16,chuva,sim,cancelado,
SAB-00329,08-15-2025,São Paulo,SP,ifood,local,C395,0,29,62.55,arroz,vegetariano,95,88,5.24,12.93,34,3.9,quarta,15,nublado,sim,cancelado,
SAB-00330,2025-08-26,São Paulo,sp,ifood,local,C340,6,28,"59,22",salada,acompanhamento,25,19,7.14,21.11,15,4.9,sabado,12,nublado,,cancelado,
SAB-00331,2025-06-14,São Paulo,sp,ifood,local,C373,8,46,"71,08",salada,proteina,108,100,26.86,74.06,30,5.0,segunda,20,nublado,sim,finalizado,
SAB-00332,2025-02-04,São Paulo,sp,app,delivery,C344,6,58,22.28,carne_assada,acompanhamento,26,25,17.13,42.22,19,2.8,segunda,18,sol,nao,cancelado,
SAB-00333,2025-01-01,São Paulo,SP,ifood,local,C474,4,46,58.51,carne_assada,massa,116,11,18.14,32.05,79,3.7,terça,22,nublado,nao,finalizado,
SAB-00334,2025-06-15,São Paulo,SP,app,delivery,C372,6,24,"34,12",arroz,proteina,83,66,22.8,44.67,57,4.2,terça,19,nublado,sim,finalizado,
SAB-00335,17/04/2025,São Paulo,sp,ifood,local,C232,10,28,37.0,lasanha,acompanhamento,27,7,7.51,15.21,27,3.4,domingo,21,chuva,sim,finalizado,
SAB-00336,2025-02-23,São Paulo,sp,app,delivery,C317,8,33,59.34,carne_assada,vegetariano,73,21,6.29,12.72,59,3.1,quinta,15,nublado,,procesado,
SAB-00337,2025-01-16,São Paulo,SP,ifood,local,C143,1,50,"41,99",lasanha,acompanhamento,37,31,7.81,18.51,28,2.4,sexta,20,nublado,sim,procesado,
SAB-00338,2025-10-19,São Paulo,sp,local,local,C282,3,0,"20,7",lasanha,proteina,113,9,14.96,23.5,23,2.2,sabado,20,nublado,sim,procesado,
SAB-00339,2025-08-31,São Paulo,sp,ifood,delivery,C405,6,55,51.46,feijao,proteina,69,57,25.67,72.22,58,3.6,terça,13,nublado,nao,finalizado,
SAB-00340,2025-05-10,São Paulo,SP,app,delivery,C219,12,8,62.35,salada,acompanhamento,41,7,29.53,59.06,63,1.0,domingo,15,nublado,,cancelado,
SAB-00341,2025-01-16,São Paulo,sp,ifood,local,C413,8,28,72.83,frango_grelhado,proteina,10,7,18.32,47.38,53,3.6,sexta,14,sol,,finalizado,
SAB-00342,2025-03-09,São Paulo,SP,ifood,local,C140,7,55,75.71,salada,acompanhamento,72,36,29.24,79.58,53,2.6,quinta,14,sol,,,
SAB-00343,2025-02-08,São Paulo,SP,ifood,local,C102,6,45,37.27,lasanha,vegetariano,31,12,17.15,46.91,69,1.1,terça,22,nublado,,cancelado,
SAB-00344,2025-02-03,São Paulo,sp,app,delivery,C150,2,56,39.33,frango_grelhado,acompanhamento,100,54,14.71,27.94,48,1.5,sabado,21,chuva,,procesado,
SAB-00345,2025-06-17,São Paulo,sp,app,delivery,C119,8,40,44.39,frango_grelhado,acompanhamento,95,14,18.73,51.0,50,1.2,segunda,13,nublado,sim,finalizado,
SAB-00346,29/08/2025,São Paulo,SP,app,local,C175,6,36,77.54,arroz,vegetariano,19,6,21.78,39.71,62,4.3,sexta,15,sol,nao,cancelado,
SAB-00347,2025-09-13,São Paulo,SP,local,local,C210,1,16,58.64,salada,proteina,90,39,22.12,52.34,81,1.0,domingo,15,nublado,,,
SAB-00348,08-14-2025,São Paulo,sp,ifood,local,C465,10,5,26.83,salada,massa,109,78,7.93,18.03,25,2.4,segunda,12,nublado,,,
SAB-00349,2025-04-22,São Paulo,SP,ifood,delivery,C8,2,57,74.76,feijao,proteina,66,44,14.82,30.55,78,2.4,quarta,12,nublado,,finalizado,
SAB-00350,05-17-2025,São Paulo,SP,local,delivery,C487,7,5,56.13,frango_grelhado,proteina,100,4,13.42,37.96,49,4.1,sexta,15,chuva,,procesado,
SAB-00351,2025-02-24,São Paulo,SP,app,delivery,C243,6,28,32.08,lasanha,acompanhamento,60,36,24.45,64.68,37,3.6,quinta,16,chuva,nao,procesado,
SAB-00352,2025-04-01,São Paulo,SP,app,delivery,C277,6,26,"31,33",salada,vegetariano,97,34,21.84,59.77,31,1.1,terça,15,chuva,,,
SAB-00353,2025-02-21,São Paulo,sp,ifood,local,C301,7,21,76.74,feijao,massa,17,4,21.12,38.05,68,2.8,terça,21,chuva,nao,,
SAB-00354,09/10/2025,São Paulo,SP,app,delivery,C340,2,28,"53,68",carne_assada,massa,36,16,9.24,15.05,56,4.8,quinta,20,sol,nao,,
SAB-00355,2025-05-20,São Paulo,SP,app,local,C117,4,49,72.43,lasanha,proteina,96,87,21.68,55.07,21,2.6,quinta,17,chuva,,finalizado,
SAB-00356,2025-10-22,São Paulo,SP,ifood,delivery,C404,3,59,38.96,lasanha,proteina,100,39,15.78,43.35,27,3.1,sexta,16,chuva,nao,,
SAB-00357,2025-07-03,São Paulo,sp,ifood,local,C175,6,26,"24,8",salada,vegetariano,109,77,17.8,32.55,88,3.5,domingo,22,chuva,,procesado,
SAB-00358,2025-07-12,São Paulo,SP,app,local,C199,11,12,44.05,frango_grelhado,proteina,40,16,5.25,8.48,62,4.0,quarta,12,chuva,,cancelado,
SAB-00359,03/05/2025,São Paulo,sp,ifood,local,C152,4,38,50.84,lasanha,massa,114,14,12.91,24.45,36,1.2,domingo,13,chuva,,,
SAB-00360,data_invalida,São Paulo,sp,ifood,local,C93,3,17,31.73,salada,vegetariano,113,57,7.59,17.73,16,3.3,domingo,19,nublado,sim,,
SAB-00361,2025-08-04,São Paulo,sp,ifood,local,C265,3,24,46.91,carne_assada,acompanhamento,97,62,13.06,33.05,85,1.0,quarta,18,sol,,procesado,
SAB-00362,2025-07-22,São Paulo,SP,local,local,C319,0,11,75.28,salada,acompanhamento,72,22,8.21,14.14,61,3.8,domingo,19,sol,sim,procesado,
SAB-00363,2025-04-08,São Paulo,sp,app,local,C341,0,22,29.72,feijao,vegetariano,57,1,6.58,15.69,43,4.0,sabado,14,sol,nao,finalizado,
SAB-00364,09-28-2025,São Paulo,sp,app,delivery,C427,5,15,61.25,lasanha,vegetariano,118,99,12.3,36.07,11,4.8,sabado,19,sol,sim,cancelado,
SAB-00365,2025-01-23,São Paulo,sp,ifood,delivery,C433,0,43,28.82,feijao,proteina,95,75,24.01,46.2,86,4.2,quarta,19,nublado,nao,finalizado,
SAB-00366,2025-01-18,São Paulo,sp,app,local,C160,5,4,44.53,feijao,acompanhamento,75,74,19.9,37.95,20,4.1,terça,21,chuva,sim,finalizado,
SAB-00367,2025-08-11,São Paulo,SP,local,delivery,C213,11,59,36.21,frango_grelhado,acompanhamento,108,24,20.22,60.29,53,3.7,terça,14,sol,sim,procesado,
SAB-00368,2025-07-02,São Paulo,SP,ifood,delivery,C78,7,15,"48,29",lasanha,acompanhamento,81,43,12.52,29.05,13,4.5,segunda,13,chuva,nao,cancelado,
SAB-00369,2025-05-05,São Paulo,SP,ifood,local,C72,3,53,55.87,frango_grelhado,acompanhamento,19,11,10.33,29.38,26,4.1,sabado,18,nublado,nao,procesado,
SAB-00370,2025-02-06,São Paulo,SP,app,local,C264,1,59,37.02,salada,massa,80,36,14.21,34.2,39,1.7,quinta,12,sol,,cancelado,
SAB-00371,2025-02-24,São Paulo,SP,ifood,delivery,C325,8,21,73.26,salada,massa,75,2,20.71,57.49,89,1.9,sabado,20,nublado,nao,,
SAB-00372,01-27-2025,São Paulo,sp,ifood,local,C76,5,6,40.57,lasanha,acompanhamento,108,14,29.68,47.34,65,2.1,terça,17,chuva,sim,cancelado,
SAB-00373,01-12-2025,São Paulo,sp,app,local,C345,7,33,55.66,lasanha,proteina,20,6,16.55,28.65,55,4.0,sexta,13,chuva,nao,finalizado,
SAB-00374,05-26-2025,São Paulo,sp,app,delivery,C400,3,10,50.43,salada,vegetariano,32,9,28.0,80.36,89,3.8,domingo,11,sol,nao,finalizado,
SAB-00375,2025-04-02,São Paulo,sp,local,delivery,C89,5,23,29.98,carne_assada,proteina,23,18,12.31,28.57,20,1.2,segunda,21,sol,,finalizado,
SAB-00376,2025-10-10,São Paulo,sp,ifood,delivery,C183,1,29,49.85,lasanha,massa,116,36,29.31,78.84,75,2.4,sabado,18,sol,,finalizado,
SAB-00377,2025-10-15,São Paulo,sp,ifood,local,C11,4,6,"54,71",carne_assada,massa,17,7,17.96,34.84,84,1.5,sexta,21,chuva,sim,cancelado,
SAB-00378,25/01/2025,São Paulo,sp,local,delivery,C169,8,7,32.18,arroz,proteina,25,3,22.5,53.9,47,5.0,quarta,14,chuva,,cancelado,
SAB-00379,2025-08-26,São Paulo,sp,app,delivery,C338,4,55,66.59,salada,massa,82,0,6.24,15.68,32,2.0,domingo,14,nublado,sim,finalizado,
SAB-00380,2025-06-23,São Paulo,sp,ifood,local,C10,4,52,71.88,feijao,acompanhamento,25,2,7.09,13.2,38,3.3,terça,13,chuva,sim,,
SAB-00381,2025-04-24,São Paulo,SP,app,local,C420,1,29,"79,97",frango_grelhado,acompanhamento,114,20,25.73,50.03,49,2.6,sabado,10,sol,sim,finalizado,
SAB-00382,2025-06-11,São Paulo,sp,ifood,local,C190,8,13,48.5,arroz,massa,16,14,8.87,16.2,45,4.6,sabado,16,chuva,nao,finalizado,
SAB-00383,2025-08-02,São Paulo,SP,ifood,local,C319,5,43,"37,31",salada,massa,36,35,10.59,21.63,48,1.4,sabado,15,nublado,nao,finalizado,
SAB-00384,2025-02-15,São Paulo,SP,ifood,local,C400,0,33,"29,49",lasanha,vegetariano,76,30,10.36,25.99,76,4.5,quarta,15,nublado,sim,procesado,
SAB-00385,2025-03-10,São Paulo,SP,ifood,delivery,C434,1,52,"34,14",frango_grelhado,massa,49,36,26.03,48.42,38,2.4,segunda,20,nublado,,procesado,
SAB-00386,2025-06-15,São Paulo,SP,app,delivery,C48,5,28,71.3,feijao,acompanhamento,54,44,13.23,38.6,40,4.7,terça,10,sol,sim,procesado,
SAB-00387,2025-01-03,São Paulo,SP,ifood,delivery,C195,2,23,71.93,carne_assada,massa,106,67,24.89,50.93,17,1.7,domingo,21,chuva,nao,,
SAB-00388,2025-10-10,São Paulo,SP,ifood,local,C177,4,30,47.33,feijao,massa,34,8,18.91,30.29,52,1.2,sabado,20,nublado,,finalizado,
SAB-00389,2025-10-14,São Paulo,SP,app,delivery,C486,6,24,49.76,lasanha,proteina,111,108,17.47,37.55,74,1.2,domingo,12,sol,,cancelado,
SAB-00390,2025-05-29,São Paulo,sp,ifood,local,C180,9,27,79.03,frango_grelhado,massa,64,43,25.09,59.11,67,3.3,quarta,11,nublado,nao,finalizado,
SAB-00391,2025-09-16,São Paulo,SP,ifood,local,C11,7,7,73.63,feijao,vegetariano,80,59,22.33,45.89,66,2.4,terça,19,chuva,,finalizado,
SAB-00392,2025-04-01,São Paulo,SP,local,local,C300,4,16,58.42,lasanha,acompanhamento,64,64,6.0,10.78,66,2.7,quarta,18,nublado,,finalizado,
SAB-00393,2025-04-07,São Paulo,sp,app,delivery,C201,3,27,"38,22",frango_grelhado,proteina,74,31,10.22,24.04,14,2.4,quarta,11,chuva,,procesado,
SAB-00394,2025-02-25,São Paulo,sp,app,local,C189,3,18,38.24,carne_assada,acompanhamento,10,8,12.82,33.82,72,3.1,sexta,12,sol,nao,cancelado,
SAB-00395,2025-01-03,São Paulo,sp,ifood,local,C205,5,0,48.98,arroz,vegetariano,13,0,14.16,32.08,41,2.9,domingo,18,chuva,sim,procesado,
SAB-00396,2025-03-03,São Paulo,SP,ifood,local,C296,11,58,58.24,feijao,acompanhamento,19,18,13.76,27.36,33,3.4,quarta,12,chuva,sim,procesado,
SAB-00397,2025-01-28,São Paulo,SP,local,local,C32,5,1,77.74,carne_assada,proteina,24,8,24.52,68.52,68,1.9,sabado,14,sol,nao,,
SAB-00398,2025-01-20,São Paulo,sp,ifood,local,C275,2,8,40.91,frango_grelhado,vegetariano,69,27,8.97,22.4,65,1.5,segunda,19,chuva,,procesado,
SAB-00399,12/02/2025,São Paulo,sp,ifood,delivery,C224,4,4,"52,93",frango_grelhado,acompanhamento,39,15,7.59,12.58,61,4.6,quinta,13,chuva,nao,,
SAB-00400,2025-06-27,São Paulo,SP,local,local,C365,4,46,"51,97",carne_assada,massa,114,80,14.99,36.72,85,2.0,segunda,19,nublado,,,
SAB-00401,2025-05-24,São Paulo,sp,ifood,local,C491,1,24,69.4,feijao,acompanhamento,10,1,28.36,43.77,31,3.3,sabado,19,sol,nao,procesado,
SAB-00402,24/03/2025,São Paulo,SP,ifood,delivery,C270,4,56,29.58,feijao,proteina,111,34,26.31,65.74,34,2.3,terça,13,sol,nao,,
SAB-00403,2025-03-18,São Paulo,sp,app,delivery,C78,4,18,58.87,frango_grelhado,massa,63,33,14.83,26.29,28,2.7,quarta,14,nublado,nao,finalizado,
SAB-00404,2025-02-05,São Paulo,sp,ifood,local,C449,5,26,29.56,arroz,vegetariano,58,7,22.47,56.91,77,4.3,quarta,13,chuva,nao,,
SAB-00405,2025-01-04,São Paulo,sp,ifood,local,C403,5,26,24.01,feijao,massa,102,38,26.74,51.8,79,2.4,sexta,11,nublado,sim,cancelado,
SAB-00406,01/04/2025,São Paulo,SP,app,delivery,C368,12,12,"43,53",feijao,acompanhamento,51,11,29.34,75.93,74,2.6,sexta,10,sol,nao,cancelado,
SAB-00407,09/09/2025,São Paulo,sp,app,delivery,C182,2,27,"51,11",arroz,proteina,57,13,15.82,39.01,90,2.9,quinta,22,chuva,,finalizado,
SAB-00408,2025-02-12,São Paulo,SP,app,local,C353,0,52,73.58,carne_assada,vegetariano,46,17,14.63,32.85,44,3.5,sabado,14,sol,nao,procesado,
SAB-00409,2025-08-15,São Paulo,sp,ifood,local,C437,9,13,68.02,frango_grelhado,proteina,59,47,28.19,79.81,58,1.3,domingo,18,nublado,nao,,
SAB-00410,2025-09-20,São Paulo,SP,local,delivery,C314,7,15,"54,53",lasanha,proteina,23,19,8.61,25.46,32,1.2,segunda,19,sol,,procesado,
SAB-00411,05-17-2025,São Paulo,sp,ifood,delivery,C155,7,51,53.89,lasanha,acompanhamento,10,4,18.13,29.05,41,2.9,domingo,10,sol,nao,finalizado,
SAB-00412,02-10-2025,São Paulo,SP,app,delivery,C227,6,22,64.39,arroz,massa,36,16,25.01,73.73,20,2.7,domingo,20,sol,,finalizado,
SAB-00413,2025-09-10,São Paulo,SP,ifood,delivery,C481,1,36,"36,44",feijao,vegetariano,91,79,24.9,49.3,27,2.6,domingo,20,sol,nao,,
SAB-00414,2025-01-27,São Paulo,SP,local,local,C433,6,39,"65,62",lasanha,massa,69,63,26.64,58.11,15,2.0,quarta,10,sol,,procesado,
SAB-00415,08-24-2025,São Paulo,sp,app,delivery,C2,3,44,"27,57",arroz,proteina,43,35,13.92,29.4,43,2.8,sexta,16,sol,sim,,
SAB-00416,2025-05-13,São Paulo,sp,local,local,C151,8,25,"69,28",frango_grelhado,acompanhamento,85,23,24.25,49.63,23,4.7,sabado,18,chuva,nao,cancelado,
SAB-00417,10-28-2025,São Paulo,SP,ifood,delivery,C125,10,27,56.79,carne_assada,proteina,65,25,16.73,40.9,48,4.7,sabado,22,sol,,procesado,
SAB-00418,2025-02-01,São Paulo,SP,ifood,delivery,C240,4,20,54.01,carne_assada,vegetariano,30,9,25.39,47.2,50,2.0,terça,20,chuva,nao,finalizado,
SAB-00419,2025-05-06,São Paulo,sp,ifood,local,C426,0,38,"48,53",carne_assada,vegetariano,69,10,14.71,26.67,85,4.2,sexta,20,sol,nao,finalizado,
SAB-00420,2025-09-30,São Paulo,sp,app,local,C214,7,33,64.43,carne_assada,vegetariano,30,4,29.43,81.71,23,3.1,sexta,16,sol,,,
SAB-00421,10-12-2025,São Paulo,SP,app,local,C207,3,22,42.55,arroz,proteina,104,100,22.47,61.37,78,2.3,sexta,15,sol,,finalizado,
SAB-00422,2025-02-13,São Paulo,sp,local,delivery,C396,4,51,35.59,lasanha,acompanhamento,118,20,29.78,62.2,30,1.6,quarta,12,sol,sim,,
SAB-00423,09/07/2025,São Paulo,SP,app,local,C474,4,38,57.29,arroz,massa,78,77,12.94,27.71,17,2.0,domingo,17,chuva,,cancelado,
SAB-00424,05/09/2025,São Paulo,SP,ifood,local,C52,3,58,73.15,feijao,acompanhamento,23,20,14.19,24.02,72,3.3,domingo,13,nublado,,cancelado,
SAB-00425,2025-10-10,São Paulo,SP,app,local,C91,5,37,37.32,frango_grelhado,proteina,95,84,10.01,15.09,76,1.7,quinta,13,nublado,sim,finalizado,
SAB-00426,2025-10-28,São Paulo,SP,app,delivery,C328,5,14,69.92,feijao,vegetariano,56,27,10.87,21.31,59,2.3,segunda,21,chuva,nao,cancelado,
SAB-00427,2025-05-20,São Paulo,SP,local,delivery,C173,8,30,"66,11",carne_assada,vegetariano,35,15,27.35,51.82,11,1.2,quarta,10,chuva,sim,procesado,
SAB-00428,2025-07-24,São Paulo,sp,app,local,C430,4,44,32.84,lasanha,massa,30,6,6.66,17.2,14,4.3,quarta,19,nublado,nao,cancelado,
SAB-00429,2025-01-12,São Paulo,sp,ifood,delivery,C437,3,30,64.01,lasanha,massa,42,14,14.4,29.4,39,4.5,terça,13,sol,nao,procesado,
SAB-00430,2025-04-05,São Paulo,sp,local,delivery,C138,11,57,63.1,feijao,acompanhamento,103,81,10.23,21.88,60,4.4,segunda,22,nublado,sim,finalizado,
SAB-00431,data_invalida,São Paulo,sp,app,delivery,C329,0,44,41.79,frango_grelhado,vegetariano,106,106,26.8,42.99,23,4.2,quinta,11,chuva,sim,finalizado,
SAB-00432,08-17-2025,São Paulo,sp,ifood,delivery,C181,3,11,24.08,carne_assada,vegetariano,89,11,16.63,27.6,43,1.8,quinta,10,chuva,sim,,
SAB-00433,2025-08-17,São Paulo,sp,ifood,local,C322,2,8,48.83,carne_assada,acompanhamento,51,25,18.05,42.65,88,4.5,terça,19,sol,nao,cancelado,
SAB-00434,03/06/2025,São Paulo,SP,local,delivery,C156,6,56,35.69,arroz,proteina,81,11,22.29,51.0,40,2.6,sexta,22,nublado,nao,cancelado,
SAB-00435,27/01/2025,São Paulo,SP,ifood,local,C371,2,50,24.67,lasanha,proteina,55,55,17.22,38.37,69,4.8,domingo,15,nublado,sim,,
SAB-00436,2025-08-18,São Paulo,sp,ifood,local,C74,7,52,55.9,arroz,proteina,53,33,29.35,82.55,81,3.6,domingo,17,sol,nao,procesado,
SAB-00437,2025-08-17,São Paulo,SP,app,delivery,C483,0,53,76.01,carne_assada,acompanhamento,76,39,16.97,38.55,70,2.3,domingo,20,chuva,sim,finalizado,
SAB-00438,2025-07-18,São Paulo,sp,app,local,C386,1,49,27.4,feijao,acompanhamento,91,87,14.04,37.72,21,4.3,terça,20,chuva,nao,finalizado,
SAB-00439,2025-10-02,São Paulo,sp,app,local,C186,3,19,79.52,frango_grelhado,acompanhamento,26,1,8.72,21.75,35,1.7,domingo,21,nublado,nao,cancelado,
SAB-00440,data_invalida,São Paulo,SP,app,local,C358,0,41,78.68,carne_assada,acompanhamento,80,10,25.44,50.73,41,2.8,domingo,22,nublado,sim,procesado,
SAB-00441,2025-03-09,São Paulo,SP,ifood,delivery,C34,5,49,"47,03",feijao,massa,108,77,23.74,60.96,19,4.3,terça,20,chuva,,cancelado,
SAB-00442,2025-03-04,São Paulo,sp,ifood,local,C33,4,41,22.83,lasanha,vegetariano,106,28,26.83,40.31,58,4.3,quinta,22,sol,,procesado,
SAB-00443,2025-05-13,São Paulo,SP,ifood,delivery,C405,9,10,66.29,carne_assada,massa,98,33,28.11,44.72,65,1.5,segunda,19,chuva,,cancelado,
SAB-00444,2025-09-27,São Paulo,SP,local,delivery,C364,5,55,21.15,lasanha,massa,93,3,24.24,65.18,77,3.6,domingo,16,sol,nao,finalizado,
SAB-00445,2025-03-28,São Paulo,sp,app,local,C239,3,58,68.16,carne_assada,acompanhamento,14,7,24.96,56.39,30,1.2,quarta,14,chuva,sim,,
SAB-00446,2025-07-02,São Paulo,SP,app,delivery,C472,1,4,41.82,arroz,acompanhamento,74,63,12.84,34.81,10,2.0,sexta,11,nublado,,procesado,
SAB-00447,30/09/2025,São Paulo,sp,app,delivery,C21,2,57,58.0,carne_assada,acompanhamento,65,8,27.48,74.78,19,3.6,sexta,13,chuva,,procesado,
SAB-00448,2025-02-25,São Paulo,sp,ifood,delivery,C292,3,1,59.79,salada,proteina,87,32,21.92,46.57,35,2.1,domingo,11,nublado,sim,cancelado,
SAB-00449,data_invalida,São Paulo,sp,app,delivery,C36,2,55,"64,34",feijao,acompanhamento,33,30,24.65,71.59,90,1.8,terça,18,nublado,,finalizado,
SAB-00450,data_invalida,São Paulo,SP,local,local,C216,1,57,66.4,lasanha,acompanhamento,113,77,24.42,44.65,64,1.2,sexta,11,chuva,,finalizado,
SAB-00451,11/02/2025,São Paulo,SP,app,delivery,C464,6,60,"34,21",carne_assada,vegetariano,45,17,29.87,45.83,37,3.5,quarta,19,nublado,,finalizado,
SAB-00452,2025-02-25,São Paulo,sp,local,delivery,C469,8,37,51.67,feijao,vegetariano,102,5,25.55,42.02,18,4.1,sexta,13,sol,,procesado,
SAB-00453,2025-05-21,São Paulo,sp,ifood,delivery,C340,4,12,77.69,lasanha,massa,38,16,6.61,13.09,89,2.3,domingo,14,sol,nao,cancelado,
SAB-00454,data_invalida,São Paulo,SP,local,local,C129,12,16,51.66,arroz,proteina,17,13,7.18,17.68,45,2.4,quinta,17,nublado,sim,finalizado,
SAB-00455,2025-05-02,São Paulo,SP,local,delivery,C254,11,3,74.75,feijao,proteina,94,69,15.59,33.9,15,2.2,terça,20,nublado,nao,procesado,
SAB-00456,2025-06-21,São Paulo,SP,app,local,C146,0,38,78.4,lasanha,massa,76,63,6.73,13.86,32,1.5,terça,15,nublado,nao,finalizado,
SAB-00457,2025-10-12,São Paulo,SP,ifood,delivery,C90,1,35,22.57,feijao,vegetariano,20,17,29.79,58.83,38,2.5,domingo,21,sol,sim,,
SAB-00458,data_invalida,São Paulo,sp,ifood,delivery,C225,4,52,20.99,lasanha,acompanhamento,108,107,14.13,21.39,29,4.8,domingo,16,chuva,nao,procesado,
SAB-00459,2025-06-15,São Paulo,SP,ifood,local,C141,4,12,42.73,carne_assada,acompanhamento,103,13,8.99,19.6,39,4.3,sexta,19,sol,,,
SAB-00460,2025-05-23,São Paulo,sp,ifood,delivery,C44,7,45,78.18,carne_assada,proteina,30,11,17.4,29.65,46,3.0,segunda,12,sol,nao,cancelado,
SAB-00461,data_invalida,São Paulo,SP,ifood,delivery,C427,2,19,40.58,lasanha,acompanhamento,83,51,15.39,23.81,43,1.5,quinta,20,sol,nao,cancelado,
SAB-00462,2025-06-13,São Paulo,sp,ifood,local,C273,8,11,30.17,frango_grelhado,acompanhamento,51,36,28.86,64.11,60,2.6,segunda,15,sol,,,
SAB-00463,2025-04-06,São Paulo,SP,ifood,local,C429,4,58,56.91,frango_grelhado,vegetariano,114,43,14.28,41.42,23,1.9,segunda,13,sol,sim,,
SAB-00464,2025-02-19,São Paulo,SP,local,local,C318,1,42,71.79,feijao,massa,25,14,12.39,33.23,22,2.7,domingo,19,nublado,,cancelado,
SAB-00465,2025-04-09,São Paulo,sp,ifood,local,C380,4,36,71.25,salada,vegetariano,61,13,18.17,45.76,75,4.4,quarta,10,nublado,,procesado,
SAB-00466,2025-02-09,São Paulo,SP,app,delivery,C316,6,12,64.43,frango_grelhado,massa,90,89,20.39,42.92,47,2.6,domingo,16,chuva,nao,cancelado,
SAB-00467,2025-10-07,São Paulo,sp,local,delivery,C113,4,47,"35,28",carne_assada,acompanhamento,42,23,22.54,35.97,83,2.0,quinta,11,sol,,cancelado,
SAB-00468,2025-08-23,São Paulo,sp,ifood,delivery,C451,4,25,57.0,arroz,vegetariano,72,21,29.29,44.56,68,3.7,sabado,13,sol,,procesado,
SAB-00469,2025-04-15,São Paulo,sp,ifood,delivery,C474,1,44,"44,78",lasanha,acompanhamento,44,4,6.7,11.04,26,1.4,quarta,14,chuva,nao,cancelado,
SAB-00470,2025-08-07,São Paulo,sp,ifood,local,C54,10,18,"42,2",salada,acompanhamento,74,19,19.9,51.44,10,3.2,segunda,13,nublado,,cancelado,
SAB-00471,2025-03-23,São Paulo,SP,ifood,local,C358,3,34,"34,22",feijao,proteina,32,28,5.96,13.14,47,3.7,quarta,12,sol,,,
SAB-00472,2025-05-15,São Paulo,SP,ifood,delivery,C325,3,32,66.81,salada,massa,80,57,11.06,31.65,50,3.9,sexta,21,chuva,sim,cancelado,
SAB-00473,2025-02-25,São Paulo,sp,app,local,C417,1,1,"27,98",feijao,acompanhamento,83,55,29.11,55.86,67,2.6,sabado,18,sol,,finalizado,
SAB-00474,05-18-2025,São Paulo,sp,app,delivery,C64,5,15,52.85,feijao,massa,83,79,12.07,33.16,32,1.8,sabado,18,nublado,sim,cancelado,
SAB-00475,29/09/2025,São Paulo,sp,ifood,delivery,C297,5,8,56.82,salada,acompanhamento,92,39,12.67,31.19,13,1.8,quinta,20,sol,,cancelado,
SAB-00476,2025-09-10,São Paulo,SP,ifood,delivery,C324,5,5,46.23,arroz,vegetariano,118,11,5.54,8.52,64,4.9,segunda,13,chuva,,cancelado,
SAB-00477,2025-02-08,São Paulo,SP,ifood,local,C237,5,5,78.29,salada,massa,99,4,5.5,8.91,74,3.3,quarta,10,sol,sim,,
SAB-00478,2025-05-06,São Paulo,sp,ifood,local,C98,7,43,"77,28",arroz,proteina,109,57,12.2,33.7,54,2.4,terça,19,sol,nao,procesado,
SAB-00479,04-24-2025,São Paulo,SP,app,local,C321,10,28,59.37,carne_assada,proteina,72,2,17.51,34.65,85,4.3,sexta,15,chuva,,cancelado,
SAB-00480,2025-01-08,São Paulo,SP,ifood,local,C497,11,25,43.29,salada,massa,66,13,9.27,26.28,81,1.6,sabado,17,sol,sim,finalizado,
SAB-00481,2025-02-20,São Paulo,SP,app,local,C180,5,15,41.81,feijao,massa,104,3,27.0,66.1,20,3.8,domingo,11,sol,nao,cancelado,
SAB-00482,2025-10-12,São Paulo,SP,ifood,delivery,C83,4,19,58.63,salada,vegetariano,52,51,6.9,20.19,35,3.3,domingo,18,chuva,nao,cancelado,
SAB-00483,03-24-2025,São Paulo,sp,app,local,C146,6,29,28.43,feijao,acompanhamento,61,21,6.87,18.66,54,4.8,sexta,16,nublado,nao,finalizado,
SAB-00484,2025-09-17,São Paulo,SP,ifood,delivery,C434,6,46,35.53,carne_assada,acompanhamento,65,32,22.49,34.33,90,1.4,quinta,20,sol,nao,cancelado,
SAB-00485,2025-09-01,São Paulo,SP,ifood,local,C58,8,51,39.93,lasanha,proteina,85,79,11.34,29.11,12,1.3,segunda,20,nublado,,cancelado,
SAB-00486,2025-06-27,São Paulo,SP,app,local,C271,9,25,77.43,arroz,vegetariano,14,10,24.16,70.68,58,4.2,sexta,16,chuva,,finalizado,
SAB-00487,04-15-2025,São Paulo,sp,local,delivery,C481,9,14,35.33,carne_assada,vegetariano,103,52,11.54,20.6,22,3.2,sabado,15,nublado,nao,finalizado,
SAB-00488,2025-07-28,São Paulo,SP,local,delivery,C302,4,25,72.06,lasanha,proteina,108,1,8.51,19.64,30,4.7,quinta,13,sol,,cancelado,
SAB-00489,2025-09-08,São Paulo,sp,local,delivery,C337,7,41,49.47,carne_assada,vegetariano,21,13,13.33,26.38,21,2.5,domingo,16,chuva,sim,procesado,
SAB-00490,2025-04-06,São Paulo,SP,ifood,local,C305,7,28,20.98,carne_assada,proteina,61,22,26.76,65.9,52,4.3,terça,19,nublado,sim,,
SAB-00491,2025-01-10,São Paulo,sp,app,delivery,C122,0,13,64.95,arroz,proteina,67,26,17.18,37.73,42,4.6,quarta,13,chuva,sim,procesado,
SAB-00492,05/04/2025,São Paulo,SP,ifood,delivery,C175,6,8,75.63,lasanha,proteina,20,1,20.73,40.09,33,3.7,terça,12,chuva,nao,finalizado,
SAB-00493,2025-06-09,São Paulo,sp,ifood,local,C186,6,19,57.93,frango_grelhado,acompanhamento,91,77,21.05,61.81,82,4.9,sexta,15,chuva,nao,procesado,
SAB-00494,2025-06-14,São Paulo,SP,app,local,C154,9,18,65.09,arroz,massa,27,20,5.81,16.27,38,3.5,quarta,18,nublado,nao,finalizado,
SAB-00495,2025-05-15,São Paulo,SP,app,local,C423,2,55,65.27,salada,massa,10,1,27.54,82.36,65,2.6,quinta,10,nublado,sim,,
SAB-00496,2025-03-09,São Paulo,sp,ifood,delivery,C368,1,53,"68,38",lasanha,vegetariano,74,47,9.41,18.13,63,1.2,terça,22,sol,,,
SAB-00497,2025-03-23,São Paulo,SP,ifood,delivery,C67,4,59,58.66,feijao,vegetariano,95,65,29.3,77.04,45,4.2,quarta,21,nublado,,,
SAB-00498,2025-10-23,São Paulo,SP,app,local,C348,2,0,65.08,salada,proteina,86,66,26.77,64.02,67,1.4,sabado,18,sol,sim,,
SAB-00499,2025-03-27,São Paulo,sp,app,delivery,C280,4,26,28.27,feijao,proteina,15,13,7.27,10.92,13,2.2,sexta,15,sol,sim,,
SAB-00500,28/03/2025,São Paulo,sp,ifood,local,C276,1,38,"55,37",feijao,proteina,24,9,17.14,46.54,21,2.8,domingo,18,nublado,nao,procesado,
SAB-00501,2025-01-10,São Paulo,SP,ifood,delivery,C46,4,39,69.37,feijao,proteina,13,0,23.62,38.04,12,2.2,domingo,15,nublado,nao,cancelado,
SAB-00502,2025-05-10,São Paulo,sp,ifood,delivery,C343,4,31,30.38,feijao,proteina,35,16,10.01,25.72,27,2.1,segunda,18,nublado,nao,,
SAB-00503,data_invalida,São Paulo,sp,ifood,local,C9,2,23,64.64,lasanha,vegetariano,72,9,5.41,10.92,58,4.4,sabado,16,nublado,sim,cancelado,
SAB-00504,2025-10-25,São Paulo,sp,local,local,C316,3,24,"51,71",frango_grelhado,acompanhamento,28,8,27.21,54.23,34,1.1,quarta,15,nublado,nao,finalizado,
SAB-00505,2025-08-04,São Paulo,SP,local,local,C257,5,41,39.77,frango_grelhado,acompanhamento,60,30,15.31,45.09,42,2.1,quarta,13,sol,,cancelado,
SAB-00506,2025-02-09,São Paulo,SP,ifood,local,C48,11,16,39.78,salada,vegetariano,73,9,18.16,41.79,20,3.6,segunda,22,nublado,nao,cancelado,
SAB-00507,2025-06-17,São Paulo,sp,ifood,delivery,C284,4,4,37.03,lasanha,vegetariano,114,73,23.08,62.22,57,1.4,sabado,21,nublado,sim,procesado,
SAB-00508,2025-02-26,São Paulo,SP,app,local,C424,2,28,57.16,feijao,acompanhamento,97,54,8.47,12.96,42,4.5,sexta,14,chuva,nao,finalizado,
SAB-00509,2025-10-21,São Paulo,sp,ifood,delivery,C306,8,1,40.05,feijao,acompanhamento,117,15,13.28,23.02,13,3.8,domingo,20,chuva,,finalizado,
SAB-00510,04/05/2025,São Paulo,SP,ifood,local,C301,9,45,"44,01",lasanha,acompanhamento,74,45,25.36,63.0,24,1.3,sexta,11,nublado,nao,procesado,
SAB-00511,data_invalida,São Paulo,sp,ifood,delivery,C306,5,56,26.05,lasanha,vegetariano,59,6,28.43,46.36,61,2.1,segunda,21,chuva,,,
SAB-00512,10-17-2025,São Paulo,sp,ifood,delivery,C323,1,16,40.55,carne_assada,proteina,97,6,17.01,27.94,27,2.3,segunda,10,chuva,,finalizado,
SAB-00513,2025-06-26,São Paulo,SP,local,delivery,C168,7,38,62.9,feijao,massa,43,17,12.9,22.06,35,1.6,quarta,15,chuva,sim,cancelado,
SAB-00514,2025-04-06,São Paulo,SP,app,delivery,C183,0,28,"42,36",carne_assada,massa,57,55,16.84,46.78,80,3.6,sexta,22,sol,sim,finalizado,
SAB-00515,2025-09-20,São Paulo,SP,local,delivery,C89,0,19,49.49,carne_assada,massa,84,66,15.48,44.77,90,3.2,sabado,21,nublado,sim,finalizado,
SAB-00516,08/10/2025,São Paulo,sp,app,delivery,C212,1,59,32.15,feijao,acompanhamento,67,35,23.6,52.46,50,4.8,quarta,12,sol,nao,procesado,
SAB-00517,2025-01-10,São Paulo,SP,ifood,delivery,C414,5,40,66.52,feijao,vegetariano,45,25,17.03,37.82,45,3.0,segunda,11,chuva,nao,finalizado,
SAB-00518,07-05-2025,São Paulo,SP,app,delivery,C135,8,55,"37,67",arroz,massa,82,73,21.76,48.61,76,1.7,domingo,15,chuva,,,
SAB-00519,2025-05-16,São Paulo,SP,app,local,C484,1,9,53.42,feijao,acompanhamento,116,45,11.43,25.67,31,1.1,terça,12,chuva,nao,finalizado,
SAB-00520,2025-04-04,São Paulo,sp,ifood,delivery,C246,5,5,76.36,frango_grelhado,vegetariano,78,47,10.55,23.94,20,4.4,segunda,17,sol,sim,finalizado,
SAB-00521,2025-01-06,São Paulo,sp,app,local,C375,8,52,35.14,lasanha,vegetariano,118,105,6.51,15.26,70,2.1,sabado,19,sol,sim,procesado,
SAB-00522,2025-04-07,São Paulo,sp,app,local,C148,2,28,51.09,salada,proteina,85,64,17.88,32.87,66,3.8,quinta,20,nublado,sim,,
SAB-00523,2025-07-12,São Paulo,SP,ifood,delivery,C424,9,50,78.17,feijao,massa,32,13,8.59,23.8,16,4.6,domingo,10,nublado,sim,finalizado,
SAB-00524,2025-01-27,São Paulo,sp,app,local,C222,0,28,76.08,arroz,vegetariano,115,76,20.23,34.07,76,3.6,quinta,16,nublado,sim,,
SAB-00525,2025-05-05,São Paulo,sp,ifood,local,C237,7,39,67.58,carne_assada,proteina,13,2,19.11,54.98,39,1.9,sabado,20,chuva,sim,procesado,
SAB-00526,2025-07-23,São Paulo,SP,ifood,local,C222,10,49,74.34,lasanha,proteina,47,37,5.41,13.29,23,4.5,quinta,10,nublado,,procesado,
SAB-00527,2025-09-03,São Paulo,SP,app,delivery,C6,8,42,"76,77",frango_grelhado,acompanhamento,32,18,17.68,43.55,85,4.9,quarta,19,sol,,procesado,
SAB-00528,2025-07-19,São Paulo,SP,local,delivery,C49,5,4,37.34,arroz,vegetariano,50,34,22.68,36.48,58,2.9,segunda,21,nublado,,,
SAB-00529,2025-07-28,São Paulo,SP,ifood,delivery,C469,2,41,65.04,arroz,massa,119,98,26.42,44.78,60,2.0,quinta,13,chuva,sim,,
SAB-00530,2025-02-25,São Paulo,SP,app,delivery,C148,5,0,66.32,frango_grelhado,proteina,65,54,15.0,33.27,56,3.8,domingo,15,chuva,,,
SAB-00531,2025-09-08,São Paulo,SP,local,local,C312,6,43,68.98,carne_assada,massa,25,3,27.62,60.45,34,3.1,quinta,15,sol,sim,,
SAB-00532,2025-10-24,São Paulo,sp,app,local,C243,4,48,70.95,feijao,vegetariano,18,8,26.7,46.95,30,3.8,sexta,15,chuva,,finalizado,
SAB-00533,2025-08-11,São Paulo,sp,ifood,local,C93,7,5,31.45,carne_assada,vegetariano,96,82,12.49,24.87,33,3.4,quarta,17,nublado,,finalizado,
SAB-00534,2025-07-29,São Paulo,SP,ifood,delivery,C370,3,56,37.92,lasanha,proteina,10,8,28.13,56.96,51,2.6,segunda,11,chuva,nao,finalizado,
SAB-00535,2025-04-04,São Paulo,sp,app,local,C366,8,18,24.39,carne_assada,proteina,84,17,26.53,49.41,62,1.2,sabado,12,nublado,nao,,
SAB-00536,data_invalida,São Paulo,SP,app,delivery,C327,7,15,"43,4",feijao,acompanhamento,107,35,11.13,17.06,89,2.7,sabado,18,sol,nao,,
SAB-00537,2025-09-07,São Paulo,sp,local,delivery,C168,4,54,20.24,salada,acompanhamento,44,32,8.55,19.09,87,4.4,terça,15,nublado,,,
SAB-00538,2025-09-30,São Paulo,sp,ifood,local,C167,4,23,41.72,arroz,acompanhamento,92,58,18.53,31.53,17,4.6,terça,16,nublado,nao,procesado,
SAB-00539,2025-01-10,São Paulo,SP,ifood,local,C251,3,39,60.09,frango_grelhado,acompanhamento,81,46,9.75,22.06,26,2.1,quarta,15,sol,sim,cancelado,
SAB-00540,2025-09-06,São Paulo,sp,ifood,local,C92,9,24,40.16,carne_assada,vegetariano,34,31,21.47,60.16,44,3.6,quinta,13,sol,,finalizado,
SAB-00541,2025-01-01,São Paulo,sp,local,local,C110,6,7,67.18,feijao,proteina,86,23,10.43,16.39,54,3.0,quarta,11,nublado,nao,procesado,
SAB-00542,2025-08-27,São Paulo,sp,ifood,local,C430,5,28,38.69,lasanha,vegetariano,33,0,29.66,88.18,51,1.6,quarta,14,chuva,sim,finalizado,
SAB-00543,2025-08-06,São Paulo,SP,local,local,C83,4,34,65.2,feijao,vegetariano,70,27,6.63,12.06,82,2.0,segunda,17,chuva,,,
SAB-00544,2025-04-09,São Paulo,sp,app,local,C311,4,23,20.85,carne_assada,massa,41,8,22.43,52.63,65,2.0,terça,11,nublado,,procesado,
SAB-00545,2025-02-22,São Paulo,SP,ifood,local,C406,2,0,"23,33",arroz,vegetariano,36,4,15.52,28.45,51,4.5,sabado,22,nublado,nao,procesado,
SAB-00546,2025-01-17,São Paulo,SP,local,delivery,C85,2,56,35.39,feijao,proteina,83,5,19.37,49.95,38,1.9,quinta,10,sol,,,
SAB-00547,2025-05-29,São Paulo,SP,app,delivery,C57,8,24,"32,03",carne_assada,acompanhamento,60,26,14.08,25.61,77,1.8,quinta,11,chuva,nao,finalizado,
SAB-00548,2025-03-05,São Paulo,sp,ifood,delivery,C371,2,56,74.59,arroz,acompanhamento,67,41,12.77,31.63,89,4.1,quinta,16,nublado,sim,procesado,
SAB-00549,data_invalida,São Paulo,sp,local,local,C138,5,2,48.93,feijao,proteina,98,19,21.89,38.11,44,4.1,domingo,13,sol,,procesado,
SAB-00550,2025-10-22,São Paulo,sp,local,delivery,C51,5,39,"32,1",carne_assada,massa,21,2,22.43,44.09,48,4.9,sexta,19,sol,,cancelado,
SAB-00551,2025-02-16,São Paulo,SP,ifood,local,C61,5,24,45.0,lasanha,proteina,22,8,21.45,61.39,80,3.6,terça,12,sol,nao,cancelado,
SAB-00552,07-13-2025,São Paulo,sp,app,local,C408,5,58,53.29,lasanha,vegetariano,60,16,13.1,39.16,66,4.8,segunda,16,chuva,sim,,
SAB-00553,06-29-2025,São Paulo,sp,ifood,local,C112,5,34,22.56,carne_assada,acompanhamento,83,40,21.01,36.36,73,4.4,sexta,11,nublado,sim,finalizado,
SAB-00554,09-01-2025,São Paulo,SP,app,local,C160,8,17,39.16,feijao,massa,14,9,13.31,25.26,42,1.9,domingo,11,chuva,nao,,
SAB-00555,16/08/2025,São Paulo,sp,app,local,C404,6,59,"57,1",feijao,massa,93,34,21.66,51.99,66,4.4,segunda,13,nublado,nao,finalizado,
SAB-00556,28/08/2025,São Paulo,SP,ifood,delivery,C249,7,1,44.3,feijao,proteina,56,11,14.66,33.59,59,1.4,domingo,10,nublado,sim,cancelado,
SAB-00557,2025-09-10,São Paulo,sp,local,local,C190,5,14,"77,39",frango_grelhado,acompanhamento,76,6,15.44,23.17,27,1.4,segunda,15,sol,sim,cancelado,
SAB-00558,2025-02-22,São Paulo,SP,ifood,delivery,C253,1,38,45.03,lasanha,proteina,53,19,26.73,40.26,78,2.1,domingo,19,sol,nao,procesado,
SAB-00559,data_invalida,São Paulo,SP,local,delivery,C471,4,45,35.42,frango_grelhado,proteina,68,14,9.16,14.11,13,2.4,quinta,13,nublado,,procesado,
SAB-00560,2025-09-21,São Paulo,SP,ifood,local,C69,4,60,77.81,carne_assada,acompanhamento,89,40,11.95,27.19,76,3.5,domingo,20,chuva,sim,,
SAB-00561,2025-09-04,São Paulo,sp,app,local,C208,4,57,22.63,frango_grelhado,vegetariano,37,14,17.54,26.47,78,3.3,quinta,20,chuva,,,
SAB-00562,2025-05-22,São Paulo,sp,ifood,local,C157,7,43,71.64,lasanha,massa,96,34,27.67,53.0,66,3.9,quarta,11,chuva,,cancelado,
SAB-00563,2025-05-21,São Paulo,sp,app,delivery,C58,4,15,28.72,arroz,proteina,10,4,19.66,54.0,84,3.7,quinta,12,nublado,sim,procesado,
SAB-00564,2025-08-31,São Paulo,sp,app,local,C326,3,41,"25,73",frango_grelhado,vegetariano,105,27,5.61,14.57,37,4.7,quarta,16,chuva,,cancelado,
SAB-00565,2025-07-09,São Paulo,SP,app,local,C154,6,25,44.14,arroz,massa,72,62,7.35,14.96,80,5.0,terça,12,sol,nao,cancelado,
SAB-00566,2025-03-10,São Paulo,sp,app,local,C120,3,56,64.27,arroz,massa,75,40,16.06,28.52,48,3.7,quarta,11,sol,,,
SAB-00567,2025-07-25,São Paulo,sp,app,delivery,C462,7,25,45.99,frango_grelhado,acompanhamento,27,5,15.88,25.02,35,2.8,segunda,16,nublado,,finalizado,
SAB-00568,04-21-2025,São Paulo,sp,app,local,C325,8,9,45.87,salada,proteina,17,0,17.76,51.88,78,4.9,quarta,21,sol,nao,,
SAB-00569,2025-03-25,São Paulo,SP,app,delivery,C45,10,40,58.56,carne_assada,proteina,21,21,20.4,56.16,47,1.2,terça,12,chuva,,finalizado,
SAB-00570,21/10/2025,São Paulo,sp,ifood,local,C69,8,37,66.35,salada,vegetariano,70,69,5.56,9.51,43,4.7,terça,21,sol,nao,finalizado,
SAB-00571,2025-04-26,São Paulo,sp,app,delivery,C223,0,0,32.33,lasanha,acompanhamento,73,19,27.03,51.91,31,1.4,terça,15,sol,,procesado,
SAB-00572,2025-07-22,São Paulo,SP,ifood,delivery,C93,7,44,38.39,feijao,massa,55,34,8.0,22.26,86,1.6,terça,12,nublado,,procesado,
SAB-00573,data_invalida,São Paulo,SP,app,local,C391,10,27,64.95,arroz,massa,53,25,5.02,9.33,65,2.7,segunda,22,chuva,,procesado,
SAB-00574,01-03-2025,São Paulo,SP,app,local,C170,3,13,"58,11",lasanha,vegetariano,105,57,10.32,28.79,82,1.5,quinta,13,chuva,,procesado,
SAB-00575,2025-05-02,São Paulo,sp,ifood,delivery,C396,2,3,60.11,carne_assada,acompanhamento,92,77,19.92,36.14,71,1.4,quarta,22,nublado,,finalizado,
SAB-00576,2025-08-30,São Paulo,SP,ifood,local,C113,1,10,"29,58",salada,acompanhamento,81,38,12.53,32.3,48,3.5,domingo,12,sol,,finalizado,
SAB-00577,2025-09-11,São Paulo,SP,app,local,C454,3,48,28.45,carne_assada,vegetariano,21,15,7.11,18.19,32,1.3,terça,19,nublado,sim,procesado,
SAB-00578,2025-03-29,São Paulo,sp,ifood,delivery,C215,3,35,"29,36",lasanha,vegetariano,64,48,26.45,71.26,12,3.2,quarta,15,sol,sim,,
SAB-00579,2025-06-11,São Paulo,sp,ifood,local,C94,6,11,20.6,carne_assada,massa,20,19,25.16,55.87,39,4.0,quarta,11,nublado,nao,procesado,
SAB-00580,2025-01-30,São Paulo,SP,app,local,C499,9,49,35.83,arroz,proteina,83,24,7.71,21.87,64,2.8,terça,20,chuva,nao,,
SAB-00581,2025-10-23,São Paulo,sp,local,delivery,C168,8,2,27.05,feijao,vegetariano,15,6,10.27,30.1,41,4.4,terça,16,nublado,nao,,
SAB-00582,2025-06-17,São Paulo,SP,app,delivery,C436,0,16,76.42,carne_assada,vegetariano,14,6,29.01,74.52,58,1.3,segunda,16,sol,,procesado,
SAB-00583,2025-02-12,São Paulo,SP,ifood,local,C360,1,40,"76,27",salada,vegetariano,38,25,7.26,16.87,16,2.8,segunda,17,nublado,,,
SAB-00584,data_invalida,São Paulo,sp,app,local,C184,13,26,60.75,feijao,acompanhamento,61,6,21.92,61.8,73,2.9,sexta,22,chuva,sim,cancelado,
SAB-00585,2025-06-20,São Paulo,SP,local,delivery,C408,8,31,78.37,frango_grelhado,proteina,67,41,18.42,50.37,25,2.8,segunda,13,nublado,,,
SAB-00586,data_invalida,São Paulo,sp,ifood,delivery,C317,5,29,46.76,frango_grelhado,acompanhamento,120,96,17.5,43.72,86,2.0,sabado,14,nublado,sim,procesado,
SAB-00587,2025-09-08,São Paulo,sp,ifood,local,C426,5,23,36.68,arroz,massa,57,51,16.96,34.64,44,4.2,segunda,13,chuva,sim,finalizado,
SAB-00588,2025-02-07,São Paulo,sp,app,local,C323,6,27,"20,15",arroz,massa,85,49,16.67,44.81,73,1.8,quinta,17,nublado,sim,procesado,
SAB-00589,06-13-2025,São Paulo,SP,ifood,delivery,C367,4,17,54.5,frango_grelhado,vegetariano,18,9,22.36,41.82,67,4.9,sabado,19,chuva,nao,,
SAB-00590,2025-07-07,São Paulo,SP,app,delivery,C254,6,26,75.9,arroz,massa,115,2,16.46,32.28,85,2.8,domingo,19,sol,nao,cancelado,
SAB-00591,26/05/2025,São Paulo,sp,ifood,delivery,C255,0,47,39.57,carne_assada,massa,96,55,9.74,21.33,88,3.2,sabado,14,chuva,,cancelado,
SAB-00592,2025-05-22,São Paulo,SP,app,delivery,C367,3,6,67.59,lasanha,vegetariano,47,6,23.87,66.89,84,2.7,terça,19,nublado,nao,finalizado,
SAB-00593,01-06-2025,São Paulo,SP,app,delivery,C254,10,56,55.05,feijao,vegetariano,34,16,24.74,61.84,80,1.5,domingo,16,nublado,,cancelado,
SAB-00594,data_invalida,São Paulo,sp,app,local,C50,4,19,27.45,salada,vegetariano,77,32,20.03,39.38,23,1.8,quarta,21,chuva,sim,procesado,
SAB-00595,2025-05-21,São Paulo,SP,ifood,delivery,C270,4,40,28.13,salada,vegetariano,119,6,21.76,60.75,18,2.7,quinta,21,nublado,nao,finalizado,
SAB-00596,2025-02-16,São Paulo,sp,ifood,delivery,C25,0,9,23.3,carne_assada,vegetariano,81,19,6.03,10.09,38,2.1,terça,22,sol,nao,,
SAB-00597,2025-01-17,São Paulo,sp,app,local,C394,0,3,43.04,carne_assada,massa,103,5,6.35,15.96,52,1.2,quinta,17,chuva,,finalizado,
SAB-00598,17/07/2025,São Paulo,SP,local,local,C494,3,33,28.81,frango_grelhado,proteina,15,5,29.63,74.98,39,1.7,terça,20,nublado,,procesado,
SAB-00599,2025-06-15,São Paulo,SP,app,local,C287,8,28,56.37,salada,acompanhamento,28,18,20.29,38.35,86,2.6,segunda,12,chuva,nao,procesado,
SAB-00600,data_invalida,São Paulo,SP,ifood,local,C1,8,17,70.17,arroz,proteina,78,29,12.76,22.33,44,2.9,quarta,22,sol,nao,cancelado,
SAB-00601,2025-03-22,São Paulo,sp,local,delivery,C170,5,30,"25,27",frango_grelhado,vegetariano,52,38,16.34,46.46,38,1.5,quinta,12,sol,,cancelado,
SAB-00602,09-12-2025,São Paulo,sp,local,delivery,C2,3,21,26.34,frango_grelhado,proteina,92,5,12.41,35.39,75,1.3,quinta,11,sol,nao,procesado,
SAB-00603,2025-03-10,São Paulo,SP,app,delivery,C137,5,24,"39,04",frango_grelhado,vegetariano,84,12,11.55,30.0,25,1.5,quinta,21,sol,nao,finalizado,
SAB-00604,2025-08-30,São Paulo,SP,local,local,C162,3,2,68.42,carne_assada,acompanhamento,111,56,5.92,17.41,89,2.0,quarta,13,chuva,,procesado,
SAB-00605,2025-07-11,São Paulo,SP,app,local,C379,2,60,51.65,lasanha,acompanhamento,111,53,14.64,31.73,46,4.2,quinta,13,chuva,sim,cancelado,
SAB-00606,2025-09-04,São Paulo,SP,local,delivery,C480,6,50,32.98,carne_assada,acompanhamento,86,42,20.23,40.84,27,1.3,quinta,17,nublado,nao,,
SAB-00607,13/02/2025,São Paulo,SP,local,delivery,C355,6,7,45.17,feijao,acompanhamento,12,2,26.66,75.32,82,1.7,sabado,13,chuva,,procesado,
SAB-00608,2025-04-16,São Paulo,sp,ifood,local,C7,9,35,72.79,arroz,proteina,82,80,8.58,19.24,22,2.9,quinta,19,sol,sim,finalizado,
SAB-00609,05-26-2025,São Paulo,SP,ifood,local,C335,5,55,47.27,frango_grelhado,acompanhamento,69,37,13.21,33.51,90,4.7,quinta,13,sol,sim,,
SAB-00610,2025-06-28,São Paulo,sp,app,local,C278,0,8,42.09,carne_assada,massa,96,13,7.23,16.7,58,4.3,segunda,14,sol,sim,procesado,
SAB-00611,09-27-2025,São Paulo,SP,app,delivery,C349,1,39,"25,82",feijao,massa,114,28,29.12,85.61,44,3.1,sabado,19,nublado,,finalizado,
SAB-00612,2025-07-12,São Paulo,sp,ifood,local,C275,0,58,"28,93",carne_assada,vegetariano,20,9,18.7,52.91,26,2.2,segunda,11,sol,,finalizado,
SAB-00613,2025-09-27,São Paulo,SP,ifood,local,C93,1,49,32.25,feijao,vegetariano,12,7,27.38,50.88,25,1.1,segunda,18,chuva,,,
SAB-00614,data_invalida,São Paulo,SP,app,local,C338,1,20,"29,42",carne_assada,proteina,109,100,10.54,19.39,26,1.6,quinta,11,chuva,nao,finalizado,
SAB-00615,2025-02-15,São Paulo,sp,ifood,local,C383,5,18,68.97,salada,proteina,39,17,20.32,54.37,18,3.1,quarta,21,sol,,finalizado,
SAB-00616,2025-01-27,São Paulo,SP,app,local,C224,0,15,64.62,frango_grelhado,proteina,73,59,22.57,62.88,79,3.2,sabado,16,nublado,,,
SAB-00617,2025-08-02,São Paulo,SP,ifood,delivery,C155,7,24,76.26,arroz,proteina,30,7,7.75,14.46,35,4.4,quinta,17,sol,sim,cancelado,
SAB-00618,30/05/2025,São Paulo,SP,local,delivery,C38,8,13,78.32,salada,vegetariano,26,7,29.69,84.76,14,1.5,sabado,11,chuva,sim,cancelado,
SAB-00619,data_invalida,São Paulo,sp,ifood,delivery,C182,5,56,66.73,arroz,massa,56,25,26.07,42.05,54,2.7,terça,10,sol,sim,,
SAB-00620,06-24-2025,São Paulo,SP,ifood,delivery,C154,1,2,20.41,arroz,proteina,31,31,15.01,27.01,33,1.7,quinta,10,nublado,sim,finalizado,
SAB-00621,2025-03-08,São Paulo,sp,local,delivery,C267,4,2,"54,82",frango_grelhado,acompanhamento,25,7,24.43,64.75,56,2.5,sabado,12,sol,,procesado,
SAB-00622,2025-07-18,São Paulo,SP,local,local,C28,3,6,38.65,feijao,proteina,82,30,21.85,63.48,54,2.9,quinta,20,sol,,,
SAB-00623,2025-08-17,São Paulo,SP,local,delivery,C426,2,2,49.25,feijao,massa,103,71,24.28,60.2,21,2.0,sexta,16,nublado,sim,cancelado,
SAB-00624,2025-04-01,São Paulo,SP,app,delivery,C192,3,53,59.57,salada,massa,16,2,18.69,28.78,23,4.0,domingo,22,sol,,cancelado,
SAB-00625,2025-09-04,São Paulo,SP,app,local,C294,4,28,52.38,salada,proteina,35,31,16.08,25.38,50,3.9,terça,16,sol,sim,finalizado,
SAB-00626,2025-01-28,São Paulo,SP,app,local,C472,5,32,23.4,salada,proteina,41,8,19.58,38.94,58,3.8,segunda,11,sol,,cancelado,
SAB-00627,04-06-2025,São Paulo,SP,ifood,local,C275,3,40,52.13,frango_grelhado,vegetariano,61,56,21.56,59.75,10,4.0,segunda,12,nublado,nao,finalizado,
SAB-00628,04-06-2025,São Paulo,SP,ifood,delivery,C104,5,3,"73,28",feijao,acompanhamento,15,0,20.46,38.32,56,1.9,domingo,14,sol,nao,procesado,
SAB-00629,2025-09-26,São Paulo,SP,app,local,C233,4,42,39.47,feijao,acompanhamento,88,60,19.53,34.21,40,1.3,quinta,21,chuva,sim,procesado,
SAB-00630,12/01/2025,São Paulo,sp,app,delivery,C80,5,16,21.86,carne_assada,acompanhamento,10,5,12.62,19.53,13,3.9,quarta,17,sol,nao,cancelado,
SAB-00631,2025-09-09,São Paulo,sp,app,local,C139,2,49,25.5,arroz,acompanhamento,70,56,18.12,38.47,15,2.9,sexta,17,chuva,,procesado,
SAB-00632,2025-03-10,São Paulo,sp,ifood,local,C219,4,48,53.56,frango_grelhado,acompanhamento,51,5,22.23,47.53,70,2.5,sexta,21,sol,,cancelado,
SAB-00633,2025-06-26,São Paulo,sp,ifood,delivery,C98,0,9,69.83,salada,acompanhamento,93,44,28.38,78.24,35,4.7,quinta,22,sol,,,
SAB-00634,02-02-2025,São Paulo,sp,ifood,delivery,C200,5,52,74.42,lasanha,acompanhamento,55,11,5.11,9.29,46,4.0,quinta,18,sol,nao,,
SAB-00635,2025-02-21,São Paulo,sp,ifood,local,C255,9,37,49.06,carne_assada,vegetariano,10,9,8.16,19.08,51,1.5,quarta,18,chuva,sim,finalizado,
SAB-00636,01-21-2025,São Paulo,sp,ifood,delivery,C265,4,55,"48,46",salada,massa,75,21,18.53,45.2,51,4.5,quarta,14,sol,sim,cancelado,
SAB-00637,2025-01-14,São Paulo,SP,local,delivery,C383,5,53,31.42,feijao,massa,73,39,9.05,13.94,84,4.3,quinta,14,nublado,nao,procesado,
SAB-00638,2025-08-07,São Paulo,sp,ifood,local,C310,6,37,62.37,arroz,proteina,29,7,27.24,48.88,58,1.9,segunda,17,chuva,nao,procesado,
SAB-00639,2025-10-12,São Paulo,sp,local,delivery,C365,2,20,78.16,salada,vegetariano,76,17,13.56,27.47,65,1.6,sexta,21,nublado,,procesado,
SAB-00640,2025-04-19,São Paulo,SP,app,delivery,C12,8,10,42.79,arroz,massa,92,59,18.23,35.91,27,3.0,quarta,15,chuva,sim,finalizado,
SAB-00641,01-25-2025,São Paulo,SP,local,local,C212,3,48,"25,56",arroz,proteina,118,115,10.16,15.81,40,2.1,sexta,12,sol,,cancelado,
SAB-00642,09-20-2025,São Paulo,sp,ifood,local,C183,0,0,61.75,frango_grelhado,acompanhamento,34,6,19.02,48.74,44,1.1,sabado,15,nublado,sim,,
SAB-00643,2025-03-07,São Paulo,sp,app,local,C422,7,21,40.79,arroz,acompanhamento,96,30,27.23,77.66,60,3.5,sabado,12,chuva,,procesado,
SAB-00644,07-03-2025,São Paulo,sp,local,delivery,C357,10,57,31.16,feijao,acompanhamento,15,3,26.03,44.11,74,2.4,domingo,15,chuva,sim,finalizado,
SAB-00645,2025-09-03,São Paulo,sp,ifood,local,C199,0,31,44.02,lasanha,massa,37,4,19.76,55.32,11,4.8,quinta,22,nublado,sim,cancelado,
SAB-00646,2025-10-21,São Paulo,sp,ifood,delivery,C429,0,10,74.46,feijao,massa,92,63,14.01,34.2,26,1.4,sexta,20,chuva,sim,,
SAB-00647,2025-06-29,São Paulo,sp,ifood,delivery,C273,5,17,33.12,arroz,vegetariano,25,25,9.1,19.06,22,4.5,quarta,22,sol,nao,finalizado,
SAB-00648,03-12-2025,São Paulo,SP,ifood,local,C265,9,12,55.69,feijao,proteina,79,22,16.75,47.03,54,1.5,sabado,15,nublado,,finalizado,
SAB-00649,2025-04-10,São Paulo,sp,app,delivery,C368,5,33,34.49,feijao,acompanhamento,111,110,12.71,20.05,86,3.4,terça,16,chuva,,cancelado,
SAB-00650,2025-04-06,São Paulo,SP,ifood,delivery,C172,9,48,52.14,lasanha,massa,72,35,26.64,62.16,43,1.2,sexta,13,sol,,finalizado,
SAB-00651,2025-10-13,São Paulo,sp,ifood,delivery,C378,6,11,58.25,lasanha,proteina,107,75,14.89,36.88,60,3.5,sexta,22,chuva,nao,procesado,
SAB-00652,2025-07-05,São Paulo,sp,ifood,delivery,C148,0,50,"30,37",lasanha,vegetariano,71,5,14.17,33.25,89,4.8,quarta,12,sol,nao,,
SAB-00653,2025-09-27,São Paulo,sp,local,local,C178,5,54,65.65,salada,acompanhamento,26,22,20.29,35.31,69,2.0,quarta,11,chuva,,cancelado,
SAB-00654,2025-05-18,São Paulo,sp,local,delivery,C179,4,20,21.26,frango_grelhado,massa,65,50,7.65,21.87,70,4.5,sexta,13,nublado,,,
SAB-00655,2025-03-16,São Paulo,sp,ifood,delivery,C291,0,33,"74,47",frango_grelhado,acompanhamento,50,19,7.31,11.49,21,4.7,quinta,12,chuva,nao,,
SAB-00656,2025-06-10,São Paulo,SP,local,delivery,C41,8,31,23.06,feijao,proteina,11,9,18.1,31.72,82,2.8,sabado,11,chuva,sim,,
SAB-00657,2025-02-01,São Paulo,SP,app,local,C260,1,52,43.38,carne_assada,massa,113,11,23.76,64.27,15,3.0,terça,13,sol,nao,,
SAB-00658,2025-06-18,São Paulo,sp,app,delivery,C1,3,1,55.96,arroz,vegetariano,89,8,25.08,38.55,41,4.9,domingo,21,sol,sim,,
SAB-00659,2025-04-19,São Paulo,sp,local,local,C453,0,36,"44,64",arroz,proteina,101,25,20.49,61.04,24,2.1,quinta,11,sol,nao,procesado,
SAB-00660,2025-06-25,São Paulo,sp,app,local,C297,4,9,46.51,feijao,proteina,89,28,16.28,27.27,55,4.9,segunda,10,chuva,nao,finalizado,
SAB-00661,2025-03-02,São Paulo,sp,ifood,delivery,C48,10,51,32.68,feijao,vegetariano,84,24,29.81,66.19,79,2.9,sexta,21,chuva,sim,finalizado,
SAB-00662,2025-10-06,São Paulo,SP,ifood,delivery,C130,3,24,54.85,feijao,proteina,85,54,17.03,31.85,38,3.0,segunda,16,nublado,sim,,
SAB-00663,02-25-2025,São Paulo,SP,ifood,local,C263,3,4,"43,81",carne_assada,vegetariano,70,41,7.53,11.67,66,2.9,quarta,20,sol,sim,,
SAB-00664,2025-05-30,São Paulo,SP,local,delivery,C18,7,18,41.86,frango_grelhado,proteina,17,6,23.74,61.82,86,2.9,domingo,16,chuva,nao,,
SAB-00665,2025-05-09,São Paulo,SP,ifood,local,C154,8,49,31.9,carne_assada,proteina,14,7,18.93,53.68,44,2.7,sexta,20,nublado,sim,finalizado,
SAB-00666,2025-07-27,São Paulo,sp,app,delivery,C178,3,37,"54,78",salada,vegetariano,93,32,24.23,53.9,45,3.4,quinta,13,sol,,finalizado,
SAB-00667,2025-03-08,São Paulo,sp,ifood,local,C153,4,41,"31,39",feijao,massa,60,9,15.68,34.94,34,3.9,sabado,21,nublado,,,
SAB-00668,2025-02-28,São Paulo,sp,app,local,C269,2,15,64.51,salada,acompanhamento,20,7,7.11,18.02,63,4.1,sexta,22,nublado,,cancelado,
SAB-00669,2025-06-20,São Paulo,SP,app,local,C259,5,59,53.87,arroz,proteina,96,69,14.46,23.03,77,1.9,quinta,17,nublado,,procesado,
SAB-00670,2025-07-26,São Paulo,SP,ifood,local,C470,3,47,67.55,lasanha,massa,44,10,19.33,34.57,48,2.3,sexta,15,nublado,nao,,
SAB-00671,11/07/2025,São Paulo,SP,app,delivery,C390,11,38,61.82,frango_grelhado,proteina,21,0,24.55,70.87,31,2.0,sexta,12,chuva,nao,cancelado,
SAB-00672,2025-01-14,São Paulo,sp,app,local,C463,8,14,"41,68",salada,massa,95,78,24.61,37.95,74,2.7,quarta,12,nublado,sim,,
SAB-00673,2025-01-19,São Paulo,SP,app,delivery,C451,2,16,33.53,lasanha,massa,39,9,20.25,44.84,32,1.7,domingo,18,sol,nao,,
SAB-00674,2025-03-16,São Paulo,SP,ifood,local,C379,7,15,24.05,frango_grelhado,massa,111,8,5.63,10.57,25,3.9,sexta,15,sol,nao,,
SAB-00675,2025-04-19,São Paulo,sp,app,local,C7,3,11,78.91,lasanha,vegetariano,26,18,28.01,83.37,60,4.4,sexta,15,nublado,,finalizado,
SAB-00676,05-01-2025,São Paulo,sp,ifood,local,C200,7,39,28.87,arroz,acompanhamento,80,2,15.17,42.74,61,1.4,segunda,19,chuva,,finalizado,
SAB-00677,data_invalida,São Paulo,sp,local,delivery,C480,0,50,"31,88",arroz,massa,36,21,29.97,48.59,68,3.3,segunda,19,sol,sim,,
SAB-00678,2025-06-02,São Paulo,sp,app,delivery,C131,8,18,"22,16",arroz,acompanhamento,12,12,22.13,46.49,13,4.5,segunda,20,nublado,sim,procesado,
SAB-00679,2025-08-25,São Paulo,sp,ifood,delivery,C471,6,24,46.21,carne_assada,vegetariano,45,35,26.11,50.63,84,1.8,quinta,19,chuva,sim,procesado,
SAB-00680,2025-02-15,São Paulo,sp,app,delivery,C415,5,14,66.7,feijao,vegetariano,110,92,15.5,45.11,69,3.2,quarta,14,chuva,sim,cancelado,
SAB-00681,2025-04-11,São Paulo,SP,ifood,delivery,C335,8,15,33.18,lasanha,proteina,94,58,10.11,18.14,23,4.9,segunda,14,chuva,nao,finalizado,
SAB-00682,2025-01-11,São Paulo,SP,ifood,local,C142,12,23,20.53,feijao,proteina,117,2,8.07,13.85,18,3.1,segunda,12,sol,nao,finalizado,
SAB-00683,2025-09-25,São Paulo,sp,local,delivery,C418,6,46,51.94,arroz,acompanhamento,88,81,28.75,74.29,30,3.1,segunda,11,chuva,sim,,
SAB-00684,2025-10-08,São Paulo,sp,local,local,C154,2,39,"34,93",arroz,acompanhamento,117,78,21.38,41.57,17,1.5,sexta,10,nublado,nao,finalizado,
SAB-00685,data_invalida,São Paulo,sp,app,local,C370,2,1,55.4,feijao,acompanhamento,25,23,11.15,28.3,56,1.5,domingo,14,chuva,,procesado,
SAB-00686,2025-10-04,São Paulo,SP,ifood,delivery,C249,4,44,77.24,feijao,acompanhamento,72,62,22.99,63.39,83,3.4,quinta,18,nublado,,,
SAB-00687,12/05/2025,São Paulo,sp,app,local,C212,13,56,"73,12",arroz,acompanhamento,107,53,13.76,29.01,74,2.6,quarta,19,chuva,nao,cancelado,
SAB-00688,2025-02-27,São Paulo,sp,app,local,C350,3,9,"28,19",salada,massa,73,39,25.73,68.95,10,3.5,sexta,18,chuva,,cancelado,
SAB-00689,2025-06-12,São Paulo,SP,ifood,delivery,C257,5,49,"43,56",lasanha,acompanhamento,34,1,15.83,25.51,36,2.0,sexta,18,chuva,sim,cancelado,
SAB-00690,2025-05-14,São Paulo,sp,app,delivery,C446,6,19,49.46,lasanha,massa,14,9,17.95,30.14,70,3.7,quarta,17,sol,nao,cancelado,
SAB-00691,2025-04-27,São Paulo,sp,local,delivery,C497,5,55,48.14,arroz,vegetariano,67,24,10.79,25.97,85,2.1,quarta,22,chuva,nao,procesado,
SAB-00692,2025-04-23,São Paulo,SP,app,local,C98,1,28,42.51,lasanha,vegetariano,77,72,14.94,22.52,81,1.1,segunda,19,sol,,procesado,
SAB-00693,2025-10-02,São Paulo,SP,app,local,C80,5,37,"20,52",carne_assada,vegetariano,92,83,10.63,20.1,18,1.8,domingo,21,sol,sim,cancelado,
SAB-00694,2025-06-21,São Paulo,sp,ifood,local,C17,5,25,"37,7",feijao,massa,79,54,7.33,21.31,80,4.0,terça,15,chuva,,,
SAB-00695,2025-05-09,São Paulo,sp,ifood,local,C28,8,28,"69,9",feijao,proteina,106,84,7.24,19.46,51,4.0,domingo,13,nublado,,procesado,
SAB-00696,2025-08-23,São Paulo,SP,ifood,local,C449,0,50,"59,56",frango_grelhado,acompanhamento,81,33,18.49,43.32,27,4.7,sabado,12,nublado,,,
SAB-00697,2025-09-02,São Paulo,SP,app,delivery,C167,1,45,62.39,frango_grelhado,massa,116,72,23.05,46.73,86,1.2,sexta,22,sol,nao,procesado,
SAB-00698,data_invalida,São Paulo,SP,local,local,C434,3,6,46.86,frango_grelhado,proteina,108,29,5.95,17.09,47,2.9,quarta,22,sol,,cancelado,
SAB-00699,2025-04-12,São Paulo,sp,ifood,local,C489,6,36,70.53,carne_assada,massa,44,34,23.01,35.62,48,2.6,quarta,15,sol,,cancelado,
SAB-00700,2025-04-19,São Paulo,sp,local,local,C310,6,6,74.77,salada,vegetariano,50,21,23.67,40.64,68,4.4,segunda,18,chuva,nao,cancelado,
SAB-00701,2025-03-05,São Paulo,SP,app,delivery,C379,3,54,72.84,frango_grelhado,massa,37,26,13.4,22.91,20,2.3,sabado,13,chuva,,procesado,
SAB-00702,2025-03-25,São Paulo,sp,app,delivery,C198,0,28,38.6,arroz,massa,119,42,14.19,29.17,23,4.1,terça,17,chuva,nao,,
SAB-00703,2025-10-05,São Paulo,SP,ifood,delivery,C290,2,21,41.88,feijao,proteina,115,1,19.5,40.87,30,1.7,quarta,10,chuva,nao,finalizado,
SAB-00704,2025-07-23,São Paulo,sp,local,delivery,C146,4,36,23.45,carne_assada,acompanhamento,45,6,16.08,27.33,26,4.3,quinta,18,sol,nao,cancelado,
SAB-00705,2025-08-17,São Paulo,sp,app,local,C90,9,47,33.28,feijao,acompanhamento,36,3,27.71,71.77,66,1.8,quinta,21,nublado,sim,cancelado,
SAB-00706,2025-09-08,São Paulo,sp,ifood,local,C199,6,59,22.6,arroz,acompanhamento,11,1,28.03,48.79,71,4.6,domingo,18,chuva,,cancelado,
SAB-00707,04-09-2025,São Paulo,sp,app,delivery,C76,10,59,45.49,carne_assada,acompanhamento,70,24,17.72,45.31,84,2.5,quinta,12,nublado,sim,finalizado,
SAB-00708,2025-10-14,São Paulo,sp,app,delivery,C5,10,31,72.18,carne_assada,massa,29,24,6.78,16.29,39,3.2,sabado,15,nublado,nao,cancelado,
SAB-00709,2025-01-07,São Paulo,sp,ifood,local,C269,8,58,64.78,arroz,acompanhamento,42,8,6.62,12.65,23,3.7,domingo,13,sol,,finalizado,
SAB-00710,2025-04-09,São Paulo,SP,app,delivery,C219,1,39,22.69,feijao,vegetariano,48,19,27.61,52.69,39,3.6,sexta,10,nublado,nao,finalizado,
SAB-00711,2025-02-28,São Paulo,sp,app,delivery,C66,2,27,77.12,lasanha,vegetariano,36,12,10.42,24.5,19,5.0,segunda,22,chuva,,finalizado,
SAB-00712,2025-04-28,São Paulo,sp,ifood,local,C157,11,32,70.04,arroz,vegetariano,73,53,15.94,40.66,72,2.7,quarta,22,sol,nao,finalizado,
SAB-00713,2025-07-19,São Paulo,SP,ifood,delivery,C455,0,53,23.59,feijao,massa,96,28,8.69,20.97,15,2.4,sexta,18,chuva,nao,,
SAB-00714,2025-03-17,São Paulo,sp,app,local,C14,6,12,"63,42",frango_grelhado,vegetariano,30,0,18.91,35.13,77,2.7,domingo,10,chuva,sim,finalizado,
SAB-00715,2025-10-25,São Paulo,sp,local,local,C324,10,33,"72,57",frango_grelhado,massa,99,83,19.04,33.98,29,2.4,domingo,13,nublado,nao,cancelado,
SAB-00716,2025-03-11,São Paulo,SP,app,local,C72,1,25,52.08,lasanha,acompanhamento,111,51,11.74,23.89,74,2.3,sexta,15,nublado,,,
SAB-00717,2025-07-24,São Paulo,SP,local,local,C145,4,22,33.49,frango_grelhado,acompanhamento,105,83,23.33,69.92,12,1.5,segunda,20,sol,nao,cancelado,
SAB-00718,2025-02-16,São Paulo,SP,ifood,local,C120,0,21,27.37,carne_assada,massa,48,3,12.36,31.77,19,4.3,quinta,12,sol,nao,finalizado,
SAB-00719,26/05/2025,São Paulo,SP,ifood,local,C150,9,41,"30,88",salada,vegetariano,38,38,20.47,50.69,49,2.3,sexta,13,sol,sim,procesado,
SAB-00720,06-21-2025,São Paulo,SP,app,delivery,C82,4,60,"54,49",arroz,proteina,86,34,9.32,22.12,40,2.3,domingo,15,sol,nao,,
SAB-00721,2025-09-22,São Paulo,SP,app,local,C46,6,23,33.83,carne_assada,acompanhamento,116,67,25.92,66.51,38,2.4,terça,17,sol,,,
SAB-00722,2025-02-11,São Paulo,SP,app,local,C82,3,40,78.4,frango_grelhado,proteina,90,32,6.54,16.43,26,4.2,sexta,11,chuva,,cancelado,
SAB-00723,2025-04-19,São Paulo,sp,app,local,C103,8,59,41.64,salada,proteina,115,1,27.73,46.07,15,1.3,segunda,19,nublado,sim,finalizado,
SAB-00724,05-11-2025,São Paulo,sp,ifood,delivery,C337,0,40,55.68,arroz,proteina,82,68,29.76,53.7,71,2.5,quarta,19,nublado,,cancelado,
SAB-00725,2025-09-24,São Paulo,sp,app,delivery,C273,6,32,76.61,carne_assada,proteina,32,13,19.9,32.81,35,4.1,sabado,19,sol,,finalizado,
SAB-00726,2025-01-05,São Paulo,sp,ifood,delivery,C476,8,16,25.64,frango_grelhado,proteina,75,69,14.17,33.8,68,2.4,quinta,10,chuva,nao,procesado,
SAB-00727,2025-06-02,São Paulo,SP,app,delivery,C450,4,48,41.82,frango_grelhado,vegetariano,65,58,6.29,10.48,59,1.9,quarta,21,nublado,nao,procesado,
SAB-00728,2025-03-14,São Paulo,SP,ifood,delivery,C271,6,20,23.79,carne_assada,acompanhamento,13,12,9.42,17.43,74,1.2,quarta,16,sol,nao,,
SAB-00729,31/07/2025,São Paulo,SP,app,delivery,C87,6,29,"77,87",frango_grelhado,massa,73,26,29.76,86.57,75,4.9,quinta,13,nublado,,,
SAB-00730,12/08/2025,São Paulo,sp,app,local,C60,6,36,49.14,carne_assada,massa,114,36,14.52,21.82,89,1.2,quinta,12,nublado,,cancelado,
SAB-00731,19/07/2025,São Paulo,sp,app,delivery,C479,3,34,"28,81",carne_assada,massa,103,18,23.59,36.03,82,3.1,sabado,17,sol,,procesado,
SAB-00732,2025-02-18,São Paulo,sp,app,delivery,C302,0,44,46.21,carne_assada,massa,53,11,26.58,59.16,89,4.5,segunda,11,chuva,nao,procesado,
SAB-00733,2025-04-27,São Paulo,sp,local,local,C21,10,27,30.74,salada,acompanhamento,61,10,8.48,20.09,65,3.5,domingo,11,sol,,procesado,
SAB-00734,05-17-2025,São Paulo,SP,ifood,delivery,C12,2,53,46.4,carne_assada,massa,98,68,28.29,76.29,71,4.6,sabado,17,nublado,,finalizado,
SAB-00735,2025-05-15,São Paulo,SP,app,local,C387,6,59,"47,98",carne_assada,vegetariano,18,4,19.33,43.21,36,2.8,quinta,18,nublado,nao,procesado,
SAB-00736,2025-07-07,São Paulo,SP,ifood,local,C63,8,52,59.91,lasanha,vegetariano,109,63,18.2,52.16,81,4.9,segunda,19,nublado,nao,cancelado,
SAB-00737,2025-01-31,São Paulo,sp,ifood,delivery,C355,5,32,"32,66",frango_grelhado,proteina,44,27,10.56,27.78,40,1.4,sabado,16,sol,sim,finalizado,
SAB-00738,2025-09-24,São Paulo,sp,app,local,C478,3,3,60.23,carne_assada,vegetariano,37,10,8.87,21.36,60,2.5,sexta,12,sol,sim,,
SAB-00739,2025-10-04,São Paulo,sp,ifood,local,C156,5,21,41.03,carne_assada,massa,100,93,19.59,47.52,14,3.8,quinta,20,chuva,sim,cancelado,
SAB-00740,2025-07-11,São Paulo,sp,local,delivery,C309,6,22,60.34,feijao,proteina,85,77,24.86,47.32,31,1.1,quarta,11,nublado,,cancelado,
SAB-00741,2025-02-24,São Paulo,SP,ifood,delivery,C371,7,39,"39,19",lasanha,acompanhamento,86,32,24.72,65.64,83,4.4,quarta,16,sol,nao,procesado,
SAB-00742,05-18-2025,São Paulo,SP,local,delivery,C392,2,53,74.98,lasanha,vegetariano,27,9,12.53,27.55,58,3.5,quinta,11,nublado,,,
SAB-00743,2025-03-28,São Paulo,SP,ifood,delivery,C191,9,3,"79,64",frango_grelhado,proteina,89,58,26.2,47.07,30,1.9,sexta,17,nublado,nao,procesado,
SAB-00744,2025-03-28,São Paulo,sp,app,delivery,C162,5,57,61.94,lasanha,proteina,115,77,21.68,42.98,84,4.9,domingo,15,chuva,,procesado,
SAB-00745,2025-08-11,São Paulo,sp,app,local,C444,3,6,74.92,arroz,acompanhamento,90,1,15.42,26.3,63,1.3,sexta,17,chuva,,finalizado,
SAB-00746,2025-04-08,São Paulo,SP,app,delivery,C379,5,26,"22,13",frango_grelhado,proteina,107,81,16.07,38.35,33,2.2,quinta,12,chuva,,,
SAB-00747,2025-08-31,São Paulo,sp,ifood,local,C401,0,3,20.13,arroz,vegetariano,83,82,11.9,25.46,28,1.7,domingo,10,nublado,sim,procesado,
SAB-00748,2025-03-13,São Paulo,sp,ifood,local,C9,8,3,71.62,arroz,proteina,58,25,25.04,38.7,36,3.2,terça,22,nublado,sim,finalizado,
SAB-00749,2025-10-08,São Paulo,SP,ifood,delivery,C98,5,17,75.03,arroz,vegetariano,91,82,17.04,42.05,15,1.7,segunda,13,chuva,sim,procesado,
SAB-00750,2025-10-25,São Paulo,sp,ifood,delivery,C442,0,49,52.53,salada,acompanhamento,11,4,10.02,20.52,86,2.2,sexta,11,sol,,cancelado,
SAB-00751,09-10-2025,São Paulo,sp,local,delivery,C117,3,27,74.58,salada,vegetariano,98,94,5.64,10.87,10,1.5,domingo,21,nublado,nao,procesado,
SAB-00752,2025-04-05,São Paulo,SP,app,local,C45,5,58,49.83,frango_grelhado,vegetariano,102,11,16.02,34.82,54,2.1,quarta,14,nublado,sim,procesado,
SAB-00753,08-13-2025,São Paulo,sp,ifood,local,C497,10,22,73.3,salada,proteina,80,54,18.03,41.3,64,3.9,sexta,22,chuva,nao,,
SAB-00754,data_invalida,São Paulo,sp,app,delivery,C287,5,12,21.03,frango_grelhado,acompanhamento,20,16,17.11,42.96,24,4.3,domingo,22,sol,nao,finalizado,
SAB-00755,2025-08-30,São Paulo,sp,app,local,C434,8,10,65.49,feijao,proteina,30,27,10.64,30.85,90,4.4,segunda,12,sol,sim,cancelado,
SAB-00756,2025-05-08,São Paulo,sp,app,delivery,C454,6,26,28.43,frango_grelhado,vegetariano,65,46,7.09,11.36,28,1.6,terça,16,nublado,nao,cancelado,
SAB-00757,2025-04-21,São Paulo,sp,ifood,local,C365,8,38,67.14,arroz,acompanhamento,80,38,20.77,38.32,71,2.5,quarta,11,chuva,sim,finalizado,
SAB-00758,2025-05-25,São Paulo,sp,app,delivery,C55,6,55,33.32,arroz,massa,93,92,17.72,28.69,58,1.4,sexta,14,sol,,finalizado,
SAB-00759,2025-08-03,São Paulo,SP,local,local,C73,6,29,64.7,feijao,massa,28,1,28.67,77.42,55,1.8,segunda,18,sol,nao,,
SAB-00760,2025-07-07,São Paulo,sp,app,local,C447,14,13,72.85,salada,massa,99,93,6.27,10.18,37,4.1,domingo,21,sol,sim,cancelado,
SAB-00761,2025-08-28,São Paulo,sp,ifood,delivery,C160,5,4,48.19,arroz,acompanhamento,85,27,11.06,24.32,28,3.1,sabado,18,chuva,nao,,
SAB-00762,2025-05-20,São Paulo,sp,app,local,C78,4,28,45.13,arroz,acompanhamento,58,5,11.45,33.51,54,3.7,sabado,11,nublado,sim,cancelado,
SAB-00763,data_invalida,São Paulo,sp,ifood,local,C67,4,31,"67,2",salada,proteina,107,100,5.39,10.75,55,3.1,quinta,21,nublado,,procesado,
SAB-00764,2025-09-05,São Paulo,SP,app,local,C264,6,35,"74,17",arroz,massa,100,70,12.09,25.6,79,4.6,sexta,18,sol,sim,cancelado,
SAB-00765,2025-03-22,São Paulo,SP,local,delivery,C328,12,22,72.08,arroz,vegetariano,90,24,11.0,30.89,20,2.6,sabado,17,sol,,procesado,
SAB-00766,06-08-2025,São Paulo,sp,app,local,C283,4,56,36.67,lasanha,vegetariano,62,12,16.75,41.11,89,2.7,terça,19,chuva,nao,finalizado,
SAB-00767,2025-07-15,São Paulo,sp,app,local,C193,5,24,22.26,lasanha,massa,85,1,15.36,26.3,45,1.3,terça,20,nublado,,cancelado,
SAB-00768,2025-08-02,São Paulo,SP,ifood,delivery,C465,7,37,26.77,salada,massa,94,74,8.78,22.65,11,2.8,quarta,19,sol,,cancelado,
SAB-00769,2025-02-12,São Paulo,sp,app,local,C116,7,22,43.24,lasanha,acompanhamento,89,19,17.18,35.93,16,1.2,quinta,19,chuva,sim,procesado,
SAB-00770,2025-06-03,São Paulo,SP,ifood,delivery,C245,9,34,77.11,salada,massa,58,5,13.75,21.01,74,1.4,sabado,20,sol,nao,,
SAB-00771,2025-06-16,São Paulo,SP,ifood,delivery,C159,5,39,63.3,lasanha,vegetariano,105,59,28.16,62.18,18,3.9,quinta,16,sol,nao,cancelado,
SAB-00772,2025-05-30,São Paulo,sp,local,local,C23,0,58,74.71,salada,vegetariano,12,11,13.0,23.93,80,3.4,sexta,10,sol,nao,finalizado,
SAB-00773,27/09/2025,São Paulo,sp,ifood,local,C462,6,49,"79,22",salada,vegetariano,54,3,24.78,62.46,81,3.2,quarta,19,nublado,,,
SAB-00774,2025-10-24,São Paulo,sp,app,local,C175,8,3,"27,68",salada,vegetariano,113,97,10.66,20.57,66,3.6,sabado,18,chuva,sim,,
SAB-00775,2025-03-21,São Paulo,sp,local,local,C497,1,10,34.21,arroz,acompanhamento,49,46,22.09,39.41,25,2.0,quarta,16,nublado,sim,procesado,
SAB-00776,2025-04-10,São Paulo,SP,app,local,C135,8,39,43.17,frango_grelhado,massa,31,11,15.2,31.2,16,2.0,quinta,12,chuva,sim,finalizado,
SAB-00777,2025-02-22,São Paulo,sp,app,delivery,C312,7,13,"66,19",frango_grelhado,acompanhamento,118,47,12.1,21.54,41,1.9,sabado,11,chuva,sim,finalizado,
SAB-00778,25/08/2025,São Paulo,SP,local,delivery,C311,9,8,71.34,arroz,acompanhamento,68,45,9.67,24.92,29,2.5,sexta,20,nublado,nao,,
SAB-00779,2025-07-29,São Paulo,SP,app,delivery,C318,4,31,47.09,arroz,acompanhamento,37,9,11.03,32.9,37,2.4,sexta,10,sol,sim,cancelado,
SAB-00780,2025-05-16,São Paulo,sp,app,delivery,C153,0,19,28.64,frango_grelhado,acompanhamento,80,18,18.73,49.19,59,2.7,terça,14,sol,nao,procesado,
SAB-00781,2025-05-21,São Paulo,sp,ifood,local,C98,5,31,63.97,carne_assada,massa,77,53,16.35,32.8,71,4.6,segunda,13,chuva,sim,,
SAB-00782,2025-08-24,São Paulo,SP,ifood,delivery,C228,6,24,43.92,carne_assada,proteina,37,23,14.48,37.25,31,4.4,sexta,11,sol,sim,,
SAB-00783,2025-02-21,São Paulo,SP,local,local,C302,10,11,22.9,feijao,acompanhamento,31,15,20.35,40.49,75,2.2,sabado,16,sol,nao,procesado,
SAB-00784,2025-05-09,São Paulo,sp,ifood,delivery,C75,2,47,47.59,frango_grelhado,acompanhamento,115,96,19.04,48.03,79,2.8,quinta,13,sol,nao,procesado,
SAB-00785,2025-05-05,São Paulo,sp,local,local,C473,6,44,"71,05",feijao,acompanhamento,105,27,12.31,31.97,55,4.5,domingo,21,nublado,nao,cancelado,
SAB-00786,2025-07-27,São Paulo,SP,ifood,delivery,C275,5,8,50.78,feijao,vegetariano,119,54,26.19,40.71,47,3.0,segunda,17,sol,nao,,
SAB-00787,2025-08-30,São Paulo,SP,ifood,local,C246,6,22,69.91,feijao,proteina,54,52,26.41,43.21,72,4.3,sexta,14,chuva,sim,,
SAB-00788,24/05/2025,São Paulo,SP,app,delivery,C109,6,53,60.36,salada,proteina,100,80,10.69,26.58,90,4.4,sabado,10,sol,sim,finalizado,
SAB-00789,03/08/2025,São Paulo,SP,app,local,C309,1,55,73.94,arroz,massa,52,11,19.27,36.22,64,2.3,quinta,21,chuva,nao,,
SAB-00790,2025-08-15,São Paulo,SP,ifood,local,C493,7,10,56.6,feijao,massa,112,49,6.89,17.25,25,4.0,quinta,13,nublado,nao,cancelado,
SAB-00791,2025-03-12,São Paulo,SP,ifood,local,C353,6,15,28.88,carne_assada,acompanhamento,99,51,6.5,11.64,76,3.7,terça,10,nublado,sim,,
SAB-00792,2025-03-27,São Paulo,sp,local,delivery,C185,6,13,77.99,lasanha,acompanhamento,100,27,23.68,51.27,49,2.2,terça,19,chuva,nao,cancelado,
SAB-00793,2025-02-18,São Paulo,SP,local,delivery,C217,4,12,72.36,feijao,proteina,97,38,15.54,42.34,26,4.3,quinta,14,nublado,nao,finalizado,
SAB-00794,2025-04-28,São Paulo,sp,local,local,C169,0,44,69.83,carne_assada,massa,118,33,19.32,33.86,45,4.2,quinta,14,chuva,sim,finalizado,
SAB-00795,2025-03-01,São Paulo,sp,ifood,delivery,C256,5,42,69.83,lasanha,acompanhamento,51,7,5.29,13.0,37,4.3,sexta,11,nublado,nao,cancelado,
SAB-00796,2025-01-23,São Paulo,sp,local,delivery,C107,1,39,37.14,arroz,acompanhamento,75,23,16.66,42.44,81,4.7,domingo,13,nublado,sim,finalizado,
SAB-00797,2025-02-19,São Paulo,SP,ifood,local,C464,5,5,"76,97",frango_grelhado,proteina,50,0,24.08,46.7,38,2.6,quinta,13,chuva,nao,,
SAB-00798,2025-01-25,São Paulo,SP,app,local,C28,0,48,53.34,arroz,vegetariano,13,5,20.91,35.98,44,2.8,terça,17,sol,nao,procesado,
SAB-00799,2025-09-19,São Paulo,sp,ifood,delivery,C478,0,31,"66,49",carne_assada,proteina,38,13,28.89,65.07,50,2.3,sabado,21,nublado,nao,finalizado,
SAB-00800,2025-02-19,São Paulo,SP,ifood,local,C414,1,47,"62,1",lasanha,proteina,50,46,13.3,36.99,29,1.8,sexta,12,sol,nao,finalizado,
SAB-00801,28/08/2025,São Paulo,SP,ifood,delivery,C60,3,21,47.79,arroz,acompanhamento,48,15,6.14,9.39,74,3.0,sexta,21,chuva,,cancelado,
SAB-00802,2025-10-22,São Paulo,SP,ifood,delivery,C425,6,28,21.07,arroz,massa,93,33,17.38,37.87,50,4.9,segunda,13,sol,nao,cancelado,
SAB-00803,2025-05-19,São Paulo,SP,app,local,C453,4,3,64.12,lasanha,vegetariano,53,8,24.91,44.4,24,3.2,quinta,17,nublado,sim,,
SAB-00804,2025-10-01,São Paulo,SP,app,delivery,C237,7,57,40.59,lasanha,acompanhamento,14,6,28.84,84.83,13,3.5,terça,12,nublado,,finalizado,
SAB-00805,2025-01-13,São Paulo,SP,app,local,C492,5,8,69.92,carne_assada,massa,116,71,28.96,72.77,74,4.9,quarta,14,chuva,,finalizado,
SAB-00806,data_invalida,São Paulo,sp,app,delivery,C30,8,32,55.23,salada,acompanhamento,32,13,7.61,12.22,73,3.1,terça,16,chuva,sim,procesado,
SAB-00807,2025-10-21,São Paulo,SP,app,delivery,C415,2,58,"32,92",frango_grelhado,acompanhamento,32,18,28.85,52.74,26,4.1,domingo,12,sol,nao,cancelado,
SAB-00808,2025-07-29,São Paulo,sp,app,local,C290,5,30,"38,34",lasanha,massa,119,100,17.53,46.47,78,2.0,quinta,17,nublado,,cancelado,
SAB-00809,2025-02-22,São Paulo,sp,local,local,C105,6,20,"66,24",arroz,proteina,25,18,22.01,60.35,55,3.8,segunda,15,sol,sim,cancelado,
SAB-00810,2025-02-02,São Paulo,sp,app,local,C490,3,16,"29,27",salada,massa,98,95,24.69,51.39,86,1.2,domingo,10,sol,sim,finalizado,
SAB-00811,2025-02-08,São Paulo,sp,ifood,delivery,C117,3,36,69.18,carne_assada,massa,60,51,23.35,44.6,58,3.0,terça,21,sol,,procesado,
SAB-00812,data_invalida,São Paulo,SP,ifood,delivery,C72,2,33,42.08,feijao,vegetariano,64,38,28.86,62.36,13,3.2,sexta,16,chuva,nao,cancelado,
SAB-00813,2025-04-02,São Paulo,SP,ifood,delivery,C375,9,13,42.18,carne_assada,vegetariano,107,49,19.41,36.95,48,3.6,segunda,20,sol,nao,procesado,
SAB-00814,01/02/2025,São Paulo,SP,app,local,C356,5,25,70.19,lasanha,vegetariano,63,59,14.11,36.77,14,1.4,quarta,19,chuva,sim,procesado,
SAB-00815,2025-09-16,São Paulo,sp,app,delivery,C395,7,27,75.95,lasanha,massa,120,92,22.81,45.97,22,4.9,domingo,20,chuva,sim,cancelado,
SAB-00816,05/05/2025,São Paulo,sp,app,local,C26,7,40,40.86,arroz,massa,96,40,9.13,14.0,84,5.0,terça,20,sol,,,
SAB-00817,2025-10-12,São Paulo,SP,ifood,local,C230,10,33,35.16,feijao,massa,12,9,9.23,21.27,63,3.8,sexta,10,nublado,nao,finalizado,
SAB-00818,2025-10-14,São Paulo,sp,app,delivery,C487,7,49,23.27,carne_assada,proteina,56,17,17.78,50.07,27,4.8,quinta,22,chuva,nao,procesado,
SAB-00819,2025-04-03,São Paulo,SP,ifood,local,C65,5,56,51.14,arroz,acompanhamento,45,19,22.32,41.97,58,1.1,sexta,13,chuva,nao,,
SAB-00820,2025-03-26,São Paulo,sp,app,delivery,C209,4,3,53.81,salada,vegetariano,88,68,27.69,46.04,25,4.3,quarta,10,sol,nao,procesado,
SAB-00821,2025-04-16,São Paulo,SP,ifood,delivery,C381,2,40,"44,02",lasanha,proteina,38,18,23.08,48.15,71,1.3,quinta,22,chuva,nao,cancelado,
SAB-00822,2025-10-06,São Paulo,SP,app,local,C396,0,57,56.34,salada,vegetariano,11,6,17.33,51.67,54,4.3,domingo,21,chuva,,cancelado,
SAB-00823,2025-09-09,São Paulo,sp,local,delivery,C449,10,59,48.24,carne_assada,acompanhamento,26,22,8.76,13.7,67,1.1,sexta,18,chuva,,cancelado,
SAB-00824,2025-06-21,São Paulo,SP,local,delivery,C10,2,41,69.2,salada,proteina,119,46,28.33,60.76,49,4.8,sexta,22,chuva,sim,cancelado,
SAB-00825,2025-09-26,São Paulo,sp,local,delivery,C315,3,59,"68,76",frango_grelhado,proteina,104,23,19.63,45.35,35,1.8,segunda,19,sol,nao,,
SAB-00826,2025-04-21,São Paulo,SP,ifood,delivery,C116,3,43,54.99,frango_grelhado,proteina,100,10,12.65,35.36,62,3.5,segunda,12,sol,,finalizado,
SAB-00827,2025-01-08,São Paulo,SP,app,delivery,C96,4,18,66.6,lasanha,vegetariano,106,83,15.86,36.82,80,3.9,segunda,11,nublado,sim,procesado,
SAB-00828,31/08/2025,São Paulo,SP,app,local,C23,5,41,21.17,lasanha,massa,101,98,28.89,57.52,41,4.0,domingo,20,sol,,cancelado,
SAB-00829,2025-05-24,São Paulo,sp,app,delivery,C54,3,2,35.77,frango_grelhado,vegetariano,63,29,15.2,30.11,47,2.9,segunda,13,sol,nao,cancelado,
SAB-00830,07-19-2025,São Paulo,sp,local,delivery,C171,11,22,"59,78",arroz,proteina,74,69,17.27,32.16,53,3.9,quinta,21,chuva,sim,,
SAB-00831,2025-04-13,São Paulo,SP,local,delivery,C293,3,7,67.12,arroz,proteina,86,59,29.4,50.38,81,1.5,sexta,21,chuva,,procesado,
SAB-00832,2025-06-14,São Paulo,SP,ifood,local,C417,7,57,"36,0",feijao,vegetariano,10,7,23.41,49.36,48,3.9,quarta,18,nublado,nao,,
SAB-00833,data_invalida,São Paulo,SP,app,local,C178,8,30,41.42,lasanha,massa,16,0,18.18,41.19,13,1.4,quinta,18,sol,nao,cancelado,
SAB-00834,2025-04-28,São Paulo,SP,local,local,C222,10,46,78.87,lasanha,massa,24,15,17.53,41.88,45,3.3,sabado,12,nublado,sim,cancelado,
SAB-00835,05-15-2025,São Paulo,SP,local,local,C316,10,45,60.33,salada,proteina,62,35,21.68,44.32,71,3.2,sexta,18,chuva,,procesado,
SAB-00836,2025-03-19,São Paulo,sp,app,local,C161,10,17,21.87,salada,acompanhamento,90,47,25.69,69.43,64,2.9,sabado,22,nublado,nao,procesado,
SAB-00837,2025-02-11,São Paulo,SP,local,delivery,C390,4,10,"35,84",feijao,acompanhamento,42,21,29.69,85.56,32,3.2,quarta,12,chuva,nao,,
SAB-00838,2025-05-05,São Paulo,sp,app,local,C89,3,30,"29,26",feijao,proteina,87,9,7.79,18.98,76,3.2,terça,19,chuva,nao,,
SAB-00839,2025-02-11,São Paulo,SP,local,delivery,C336,4,0,56.95,salada,proteina,12,11,20.88,47.22,32,1.5,quinta,16,sol,,,
SAB-00840,2025-09-27,São Paulo,SP,app,delivery,C352,3,22,73.61,carne_assada,vegetariano,51,40,14.91,33.84,14,1.3,domingo,11,sol,,procesado,
SAB-00841,2025-06-13,São Paulo,sp,app,local,C130,3,24,78.82,carne_assada,proteina,107,78,11.55,28.33,56,4.7,quarta,12,nublado,sim,finalizado,
SAB-00842,26/05/2025,São Paulo,SP,app,local,C487,0,43,54.13,lasanha,vegetariano,76,19,15.05,25.4,30,2.6,quinta,14,nublado,,cancelado,
SAB-00843,10/08/2025,São Paulo,SP,app,local,C52,3,42,75.24,feijao,proteina,95,59,15.23,30.93,63,1.5,domingo,10,nublado,nao,cancelado,
SAB-00844,2025-06-27,São Paulo,sp,app,delivery,C493,8,29,40.24,arroz,acompanhamento,49,1,28.26,54.5,57,4.9,sexta,19,sol,nao,cancelado,
SAB-00845,2025-06-30,São Paulo,SP,app,local,C8,6,43,38.86,arroz,massa,20,8,29.95,52.24,71,4.4,terça,15,sol,sim,finalizado,
SAB-00846,06-08-2025,São Paulo,sp,ifood,local,C35,1,34,28.33,feijao,proteina,48,11,18.02,45.26,15,3.6,quarta,14,chuva,,finalizado,
SAB-00847,2025-01-10,São Paulo,SP,ifood,local,C27,8,36,57.14,arroz,acompanhamento,80,38,8.63,24.85,51,4.6,domingo,20,sol,sim,finalizado,
SAB-00848,25/09/2025,São Paulo,SP,local,delivery,C135,6,9,"42,82",lasanha,vegetariano,102,102,16.96,35.13,39,1.3,quinta,17,chuva,,cancelado,
SAB-00849,data_invalida,São Paulo,sp,app,delivery,C348,4,23,76.45,carne_assada,massa,47,26,23.46,65.74,33,2.0,sexta,12,chuva,,procesado,
SAB-00850,2025-09-04,São Paulo,sp,local,local,C482,8,7,"72,59",carne_assada,vegetariano,18,6,15.04,33.87,85,2.7,quarta,12,sol,sim,procesado,
SAB-00851,2025-08-02,São Paulo,SP,app,delivery,C318,6,23,25.78,feijao,proteina,84,60,12.99,21.64,10,1.9,sabado,15,sol,sim,finalizado,
SAB-00852,2025-10-15,São Paulo,SP,ifood,local,C307,6,2,62.91,feijao,proteina,42,9,16.13,33.25,18,1.6,quarta,13,nublado,sim,,
SAB-00853,2025-08-04,São Paulo,sp,local,delivery,C328,8,40,"22,2",frango_grelhado,acompanhamento,33,22,16.02,42.97,80,2.4,sexta,22,sol,sim,cancelado,
SAB-00854,2025-04-28,São Paulo,sp,local,local,C57,7,20,57.62,frango_grelhado,massa,112,109,18.3,38.31,56,4.9,terça,20,nublado,nao,,
SAB-00855,27/03/2025,São Paulo,SP,app,delivery,C385,6,7,57.73,salada,proteina,18,2,9.77,20.23,49,3.7,sexta,22,sol,sim,cancelado,
SAB-00856,data_invalida,São Paulo,SP,local,local,C447,7,59,73.32,lasanha,acompanhamento,108,68,22.09,38.38,37,1.8,quarta,21,nublado,,procesado,
SAB-00857,2025-04-01,São Paulo,sp,ifood,delivery,C253,3,0,75.84,feijao,massa,41,39,19.93,54.62,12,4.4,segunda,10,nublado,nao,cancelado,
SAB-00858,2025-02-18,São Paulo,SP,ifood,delivery,C438,6,37,48.31,feijao,acompanhamento,26,22,19.63,43.76,12,3.4,quarta,17,sol,,cancelado,
SAB-00859,27/10/2025,São Paulo,sp,app,local,C428,7,51,"20,93",carne_assada,massa,30,4,7.27,11.01,53,4.1,domingo,19,sol,sim,,
SAB-00860,2025-08-08,São Paulo,sp,local,local,C414,11,33,59.36,feijao,acompanhamento,91,35,16.4,25.61,25,2.5,terça,13,chuva,nao,cancelado,
SAB-00861,2025-10-24,São Paulo,sp,app,local,C230,9,48,34.37,arroz,acompanhamento,49,7,16.5,31.62,21,3.1,segunda,20,nublado,nao,finalizado,
SAB-00862,data_invalida,São Paulo,SP,ifood,local,C262,12,26,"21,36",arroz,vegetariano,82,50,20.82,40.63,53,4.3,segunda,15,chuva,nao,cancelado,
SAB-00863,2025-08-19,São Paulo,sp,local,local,C161,3,25,68.68,salada,acompanhamento,42,41,12.2,29.98,42,4.2,segunda,19,sol,sim,cancelado,
SAB-00864,2025-07-07,São Paulo,sp,ifood,local,C377,2,49,"48,01",feijao,massa,78,27,18.26,49.85,55,3.2,domingo,12,sol,,finalizado,
SAB-00865,2025-06-20,São Paulo,sp,ifood,delivery,C63,4,2,28.37,salada,vegetariano,109,16,25.63,68.1,49,3.3,sabado,11,chuva,,cancelado,
SAB-00866,2025-02-07,São Paulo,sp,ifood,local,C95,9,19,"74,06",frango_grelhado,vegetariano,77,7,15.5,33.55,25,3.6,quinta,14,nublado,sim,,
SAB-00867,01-08-2025,São Paulo,SP,app,delivery,C175,0,48,"66,67",salada,massa,99,34,25.61,57.16,76,3.0,terça,11,nublado,,procesado,
SAB-00868,11/02/2025,São Paulo,sp,app,local,C126,6,46,66.77,frango_grelhado,acompanhamento,29,24,26.49,60.9,28,3.7,quinta,12,sol,,finalizado,
SAB-00869,2025-10-04,São Paulo,sp,ifood,local,C276,9,21,21.57,lasanha,massa,66,38,11.53,20.58,85,4.9,terça,21,sol,sim,procesado,
SAB-00870,04-25-2025,São Paulo,SP,ifood,delivery,C300,8,46,71.26,arroz,massa,45,10,21.46,35.58,37,1.7,sabado,22,chuva,,cancelado,
SAB-00871,28/03/2025,São Paulo,sp,ifood,delivery,C368,8,7,43.03,arroz,proteina,72,56,6.41,15.53,68,3.0,terça,10,sol,sim,procesado,
SAB-00872,2025-05-11,São Paulo,SP,app,delivery,C485,5,54,47.41,frango_grelhado,vegetariano,91,52,14.3,39.86,45,4.6,quinta,21,nublado,sim,,
SAB-00873,data_invalida,São Paulo,SP,app,local,C284,8,36,50.86,salada,vegetariano,21,19,26.71,50.73,82,3.0,sabado,10,nublado,nao,,
SAB-00874,2025-01-19,São Paulo,SP,app,delivery,C43,3,58,"55,96",lasanha,proteina,47,17,27.51,78.93,45,3.1,segunda,13,sol,sim,cancelado,
SAB-00875,2025-08-17,São Paulo,sp,app,delivery,C109,8,49,"58,27",feijao,vegetariano,76,1,24.15,65.07,83,4.9,quarta,19,chuva,,finalizado,
SAB-00876,05-26-2025,São Paulo,SP,ifood,local,C353,3,2,"26,75",feijao,vegetariano,55,52,19.98,47.77,47,3.9,sexta,15,chuva,,cancelado,
SAB-00877,2025-03-06,São Paulo,sp,ifood,local,C439,7,18,"55,94",salada,acompanhamento,52,0,9.9,23.95,62,3.9,sabado,19,chuva,,,
SAB-00878,04/08/2025,São Paulo,sp,app,local,C409,3,44,53.09,feijao,acompanhamento,16,4,6.99,13.55,82,2.5,domingo,11,nublado,sim,procesado,
SAB-00879,2025-10-01,São Paulo,SP,app,local,C132,9,56,58.88,feijao,vegetariano,48,24,20.18,43.84,10,2.2,domingo,19,nublado,,,
SAB-00880,2025-03-11,São Paulo,sp,ifood,local,C44,6,34,31.66,feijao,acompanhamento,64,63,26.69,54.03,25,1.9,domingo,22,chuva,,cancelado,
SAB-00881,2025-07-09,São Paulo,SP,ifood,local,C95,12,6,36.98,frango_grelhado,proteina,74,49,7.5,14.7,90,4.3,domingo,17,nublado,sim,,
SAB-00882,2025-10-11,São Paulo,SP,app,delivery,C499,7,49,21.89,salada,acompanhamento,46,38,24.53,71.42,48,4.5,quinta,22,nublado,nao,finalizado,
SAB-00883,2025-07-12,São Paulo,SP,ifood,delivery,C61,4,10,"48,94",salada,vegetariano,61,2,19.07,45.54,49,3.9,terça,22,sol,sim,procesado,
SAB-00884,2025-02-11,São Paulo,SP,ifood,delivery,C296,2,42,72.96,lasanha,acompanhamento,115,53,19.81,56.61,71,4.5,sexta,21,chuva,nao,cancelado,
SAB-00885,2025-09-23,São Paulo,SP,local,delivery,C138,6,58,"21,01",salada,acompanhamento,47,30,26.41,52.91,89,1.6,segunda,14,sol,nao,finalizado,
SAB-00886,2025-05-29,São Paulo,SP,ifood,local,C372,8,27,74.22,arroz,massa,27,3,27.33,71.02,77,4.1,terça,20,nublado,nao,finalizado,
SAB-00887,2025-06-26,São Paulo,SP,app,delivery,C476,6,14,74.37,salada,acompanhamento,50,27,6.28,11.55,21,3.6,quarta,10,sol,nao,,
SAB-00888,2025-07-18,São Paulo,sp,ifood,local,C236,6,26,27.55,frango_grelhado,proteina,17,4,13.28,26.55,22,3.6,segunda,19,sol,,procesado,
SAB-00889,2025-04-27,São Paulo,sp,app,local,C97,6,55,41.86,frango_grelhado,proteina,17,1,7.09,11.18,65,4.6,terça,15,chuva,,procesado,
SAB-00890,22/05/2025,São Paulo,sp,local,delivery,C206,7,50,34.2,lasanha,acompanhamento,60,34,11.33,24.94,64,1.9,sabado,10,chuva,,procesado,
SAB-00891,2025-05-07,São Paulo,sp,app,local,C307,5,7,33.04,arroz,proteina,27,19,10.57,24.07,49,1.2,terça,17,chuva,,,
SAB-00892,2025-04-22,São Paulo,SP,local,delivery,C26,2,53,35.57,frango_grelhado,massa,41,16,18.41,41.41,43,1.2,terça,18,chuva,,procesado,
SAB-00893,03-19-2025,São Paulo,sp,app,local,C217,6,28,25.02,lasanha,proteina,43,0,25.7,43.28,28,1.6,sabado,10,nublado,sim,,
SAB-00894,2025-10-13,São Paulo,SP,ifood,local,C48,2,18,66.33,feijao,acompanhamento,101,27,7.58,15.0,34,1.1,quarta,11,sol,,cancelado,
SAB-00895,01-13-2025,São Paulo,SP,ifood,delivery,C401,4,54,24.58,salada,acompanhamento,77,10,17.86,39.67,65,2.7,sabado,18,sol,,cancelado,
SAB-00896,2025-01-29,São Paulo,SP,ifood,delivery,C251,5,55,51.11,salada,vegetariano,69,41,9.78,17.4,35,5.0,sabado,10,nublado,,procesado,
SAB-00897,2025-10-13,São Paulo,sp,ifood,delivery,C68,5,56,47.33,arroz,proteina,68,3,21.99,60.02,30,4.8,domingo,13,chuva,nao,finalizado,
SAB-00898,29/07/2025,São Paulo,SP,app,local,C262,5,9,"64,92",lasanha,vegetariano,120,93,27.36,73.54,19,2.0,sabado,12,nublado,sim,finalizado,
SAB-00899,2025-08-31,São Paulo,sp,ifood,delivery,C227,1,54,31.73,frango_grelhado,vegetariano,40,9,22.02,49.84,54,3.1,domingo,19,sol,nao,finalizado,
SAB-00900,2025-06-07,São Paulo,SP,local,local,C392,2,43,78.25,frango_grelhado,acompanhamento,85,18,6.08,11.68,19,4.5,sabado,18,chuva,sim,,
SAB-00901,03-20-2025,São Paulo,sp,ifood,delivery,C203,1,19,31.57,frango_grelhado,vegetariano,76,31,25.83,57.17,82,1.3,domingo,21,nublado,,cancelado,
SAB-00902,2025-04-18,São Paulo,SP,app,local,C335,9,34,28.17,arroz,vegetariano,97,41,21.77,55.68,73,2.2,quinta,10,sol,,cancelado,
SAB-00903,01-11-2025,São Paulo,SP,local,local,C155,3,53,71.8,feijao,massa,34,29,9.1,24.65,59,4.1,sexta,22,nublado,nao,,
SAB-00904,2025-05-14,São Paulo,sp,ifood,delivery,C30,12,49,70.56,arroz,proteina,42,13,20.26,51.7,44,3.4,quinta,11,nublado,nao,cancelado,
SAB-00905,2025-01-12,São Paulo,SP,ifood,delivery,C62,0,56,"69,58",lasanha,proteina,29,13,16.04,36.57,90,1.9,domingo,14,nublado,nao,procesado,
SAB-00906,2025-08-22,São Paulo,sp,local,delivery,C182,7,4,31.82,frango_grelhado,acompanhamento,68,44,23.95,59.11,51,3.6,terça,18,nublado,nao,cancelado,
SAB-00907,2025-08-27,São Paulo,SP,ifood,local,C77,5,48,"24,48",carne_assada,vegetariano,80,40,9.39,24.97,25,1.5,segunda,19,chuva,nao,,
SAB-00908,11/06/2025,São Paulo,sp,app,local,C450,5,30,38.28,salada,proteina,28,22,8.64,22.43,42,3.5,segunda,22,nublado,nao,finalizado,
SAB-00909,2025-03-22,São Paulo,SP,app,delivery,C128,0,31,"28,43",salada,vegetariano,80,23,13.88,37.31,17,2.6,sexta,20,nublado,nao,finalizado,
SAB-00910,2025-09-11,São Paulo,SP,ifood,delivery,C408,4,42,27.69,lasanha,acompanhamento,18,2,22.87,42.29,51,1.0,terça,20,nublado,,cancelado,
SAB-00911,2025-07-28,São Paulo,sp,ifood,local,C197,10,44,41.54,carne_assada,acompanhamento,108,14,27.25,44.89,82,4.1,sabado,14,sol,sim,,
SAB-00912,2025-08-31,São Paulo,sp,ifood,local,C19,7,4,47.64,lasanha,proteina,11,11,19.92,30.8,44,3.8,quinta,16,nublado,sim,finalizado,
SAB-00913,2025-09-04,São Paulo,sp,app,local,C49,5,6,47.96,frango_grelhado,acompanhamento,41,11,28.16,79.18,27,2.0,sabado,21,chuva,nao,cancelado,
SAB-00914,03-23-2025,São Paulo,sp,local,local,C310,7,56,76.03,feijao,acompanhamento,35,33,23.29,47.75,42,3.4,segunda,20,nublado,nao,,
SAB-00915,24/06/2025,São Paulo,SP,app,local,C363,9,3,78.29,arroz,vegetariano,60,19,27.11,64.43,26,2.3,terça,21,sol,,finalizado,
SAB-00916,2025-08-11,São Paulo,sp,local,local,C103,6,19,34.51,lasanha,vegetariano,26,20,20.05,37.73,50,2.5,quinta,14,sol,,cancelado,
SAB-00917,2025-04-11,São Paulo,sp,ifood,local,C55,1,20,74.12,carne_assada,vegetariano,41,28,15.65,45.36,22,4.3,domingo,21,nublado,,cancelado,
SAB-00918,2025-07-03,São Paulo,sp,local,local,C143,5,47,"65,58",lasanha,massa,77,74,17.0,31.07,85,1.9,sexta,19,chuva,,procesado,
SAB-00919,2025-03-24,São Paulo,SP,ifood,local,C363,4,15,44.72,carne_assada,proteina,10,5,9.86,21.59,75,3.0,segunda,10,sol,sim,cancelado,
SAB-00920,2025-03-18,São Paulo,sp,app,local,C270,8,45,74.19,arroz,vegetariano,20,7,11.69,24.8,40,4.2,segunda,20,sol,nao,procesado,
SAB-00921,2025-10-02,São Paulo,SP,ifood,local,C14,3,18,76.67,feijao,massa,59,25,25.0,45.71,22,3.0,sexta,13,nublado,sim,cancelado,
SAB-00922,2025-05-30,São Paulo,sp,app,delivery,C51,10,60,78.05,feijao,massa,118,29,22.91,39.83,58,1.3,quinta,14,sol,,cancelado,
SAB-00923,2025-02-06,São Paulo,SP,app,delivery,C76,3,26,64.01,carne_assada,proteina,73,31,21.35,62.02,58,4.7,sexta,11,nublado,,finalizado,
SAB-00924,2025-10-14,São Paulo,SP,ifood,delivery,C117,4,21,"26,49",lasanha,acompanhamento,16,13,11.61,18.08,36,1.1,terça,14,nublado,nao,cancelado,
SAB-00925,02-02-2025,São Paulo,SP,local,delivery,C177,5,27,20.17,salada,acompanhamento,93,38,27.15,45.44,31,2.0,domingo,16,nublado,nao,,
SAB-00926,2025-04-21,São Paulo,SP,app,local,C206,5,46,55.19,frango_grelhado,acompanhamento,26,21,26.67,63.15,30,1.3,sexta,15,nublado,sim,cancelado,
SAB-00927,2025-10-13,São Paulo,SP,app,local,C376,2,7,"46,92",arroz,acompanhamento,92,75,16.36,41.23,27,3.8,domingo,11,sol,sim,,
SAB-00928,2025-10-17,São Paulo,sp,app,local,C9,6,42,37.26,feijao,massa,86,68,18.64,43.34,41,2.5,domingo,17,sol,sim,finalizado,
SAB-00929,2025-05-17,São Paulo,SP,app,delivery,C94,9,14,38.96,frango_grelhado,massa,86,84,16.37,37.27,61,5.0,quarta,22,sol,,,
SAB-00930,2025-10-06,São Paulo,sp,ifood,delivery,C308,4,13,47.22,frango_grelhado,vegetariano,35,32,17.46,43.18,28,1.8,segunda,18,chuva,,,
SAB-00931,2025-10-24,São Paulo,SP,ifood,delivery,C107,0,42,"34,66",arroz,acompanhamento,36,3,11.68,31.4,34,2.1,segunda,19,sol,sim,,
SAB-00932,07/07/2025,São Paulo,sp,app,delivery,C357,3,48,69.75,carne_assada,massa,115,74,23.67,67.22,83,1.1,quinta,20,nublado,,finalizado,
SAB-00933,2025-03-11,São Paulo,sp,ifood,local,C260,1,16,30.27,feijao,proteina,81,61,5.46,12.73,22,1.6,domingo,18,sol,,cancelado,
SAB-00934,2025-02-09,São Paulo,sp,app,local,C96,8,31,50.15,frango_grelhado,acompanhamento,88,26,8.07,20.49,38,2.3,segunda,10,chuva,nao,,
SAB-00935,2025-04-01,São Paulo,SP,ifood,local,C111,4,13,69.52,salada,vegetariano,54,17,26.8,64.43,87,1.6,sexta,21,nublado,nao,cancelado,
SAB-00936,2025-08-29,São Paulo,sp,ifood,delivery,C236,6,49,"44,23",carne_assada,proteina,98,65,12.51,22.96,80,3.5,sabado,10,nublado,nao,finalizado,
SAB-00937,2025-01-22,São Paulo,SP,ifood,delivery,C493,3,40,68.3,lasanha,vegetariano,48,3,15.54,37.51,68,2.8,terça,22,chuva,nao,,
SAB-00938,data_invalida,São Paulo,sp,local,local,C99,7,44,78.74,feijao,massa,75,73,15.86,26.69,78,2.7,quarta,16,chuva,sim,,
SAB-00939,2025-04-17,São Paulo,sp,app,local,C77,2,57,36.28,carne_assada,proteina,80,70,11.85,29.0,44,4.8,sabado,12,sol,nao,cancelado,
SAB-00940,2025-01-04,São Paulo,SP,app,delivery,C457,5,48,50.75,lasanha,massa,104,43,18.83,51.13,44,4.1,sexta,16,chuva,sim,,
SAB-00941,17/02/2025,São Paulo,SP,app,local,C465,3,12,52.4,carne_assada,proteina,74,29,19.65,53.0,29,1.1,sabado,14,chuva,nao,,
SAB-00942,2025-07-31,São Paulo,SP,ifood,delivery,C51,9,0,28.23,arroz,proteina,40,6,24.45,66.25,87,1.9,terça,22,nublado,sim,cancelado,
SAB-00943,09-28-2025,São Paulo,sp,local,delivery,C157,4,42,54.82,arroz,acompanhamento,113,100,17.85,28.33,14,1.1,quinta,21,chuva,nao,cancelado,
SAB-00944,2025-05-07,São Paulo,SP,ifood,delivery,C270,4,44,49.31,frango_grelhado,acompanhamento,35,10,25.35,67.45,50,1.9,quinta,15,nublado,nao,cancelado,
SAB-00945,2025-05-04,São Paulo,sp,ifood,local,C499,5,28,39.19,salada,proteina,11,0,10.05,27.63,49,4.4,quinta,21,nublado,sim,finalizado,
SAB-00946,2025-04-17,São Paulo,sp,ifood,local,C417,4,50,43.03,feijao,acompanhamento,65,58,21.82,57.25,42,4.1,sexta,21,chuva,,procesado,
SAB-00947,2025-06-19,São Paulo,SP,app,delivery,C122,0,23,"64,94",carne_assada,acompanhamento,65,4,25.69,49.47,36,3.4,quinta,18,chuva,,,
SAB-00948,2025-10-02,São Paulo,sp,ifood,local,C106,7,50,28.68,frango_grelhado,proteina,56,41,11.76,18.92,35,4.4,sabado,10,nublado,sim,procesado,
SAB-00949,2025-03-10,São Paulo,SP,local,delivery,C129,2,9,74.16,arroz,proteina,54,9,23.57,54.71,73,1.4,quinta,15,nublado,sim,procesado,
SAB-00950,2025-04-16,São Paulo,sp,app,local,C311,3,33,57.79,lasanha,proteina,96,39,28.68,78.89,51,2.8,sexta,17,chuva,,finalizado,
SAB-00951,2025-05-07,São Paulo,sp,app,delivery,C471,0,15,62.31,feijao,acompanhamento,71,5,20.3,30.47,26,3.7,sabado,16,chuva,sim,procesado,
SAB-00952,2025-09-29,São Paulo,SP,ifood,local,C315,0,45,"42,97",frango_grelhado,vegetariano,36,34,13.89,29.89,30,2.6,segunda,19,sol,nao,finalizado,
SAB-00953,2025-09-16,São Paulo,sp,ifood,delivery,C340,8,8,42.84,salada,vegetariano,15,0,14.6,40.65,38,1.0,terça,13,chuva,nao,procesado,
SAB-00954,2025-10-19,São Paulo,sp,ifood,local,C173,5,51,30.21,salada,massa,95,7,28.18,49.35,59,2.5,sexta,21,nublado,,finalizado,
SAB-00955,2025-04-28,São Paulo,SP,local,delivery,C429,8,5,64.88,feijao,massa,75,25,28.21,66.67,61,4.3,segunda,17,sol,sim,,
SAB-00956,2025-08-19,São Paulo,SP,app,local,C164,4,54,54.34,arroz,proteina,86,2,24.38,71.61,89,2.0,sabado,16,sol,nao,finalizado,
SAB-00957,2025-02-25,São Paulo,sp,app,delivery,C55,5,55,25.29,carne_assada,massa,77,37,22.58,36.31,45,1.9,quinta,11,sol,sim,,
SAB-00958,2025-03-17,São Paulo,SP,app,local,C429,7,35,"79,04",frango_grelhado,proteina,108,79,5.66,10.36,89,3.2,domingo,19,nublado,,procesado,
SAB-00959,05-29-2025,São Paulo,sp,app,delivery,C393,10,25,20.22,arroz,massa,95,35,25.22,38.5,38,1.1,quinta,10,nublado,sim,,
SAB-00960,01-16-2025,São Paulo,sp,ifood,delivery,C49,0,15,79.59,arroz,acompanhamento,21,15,17.42,31.26,17,3.7,sexta,22,nublado,nao,cancelado,
SAB-00961,2025-06-29,São Paulo,sp,app,local,C222,4,16,30.69,lasanha,vegetariano,20,7,28.15,61.22,53,2.0,terça,14,nublado,sim,finalizado,
SAB-00962,2025-03-24,São Paulo,SP,app,delivery,C146,0,50,60.53,lasanha,proteina,111,76,9.99,20.23,57,4.3,segunda,14,nublado,,finalizado,
SAB-00963,2025-05-21,São Paulo,sp,app,local,C20,5,21,62.07,carne_assada,acompanhamento,109,46,6.24,14.05,57,1.3,terça,19,nublado,nao,finalizado,
SAB-00964,2025-05-07,São Paulo,sp,app,delivery,C197,3,5,32.27,carne_assada,massa,48,6,27.33,50.49,46,2.1,terça,18,nublado,,,
SAB-00965,2025-08-29,São Paulo,sp,ifood,local,C354,4,52,27.7,lasanha,vegetariano,34,15,8.49,23.03,20,4.4,terça,22,nublado,nao,finalizado,
SAB-00966,2025-07-19,São Paulo,sp,ifood,delivery,C383,6,35,74.95,feijao,massa,63,34,9.67,15.95,63,3.2,terça,12,chuva,sim,procesado,
SAB-00967,2025-10-17,São Paulo,sp,local,delivery,C163,7,52,44.04,carne_assada,proteina,82,9,16.73,37.19,15,3.7,quinta,15,chuva,nao,,
SAB-00968,09-21-2025,São Paulo,SP,app,local,C30,0,27,65.5,lasanha,massa,97,9,21.51,61.01,80,4.6,domingo,20,nublado,sim,cancelado,
SAB-00969,2025-09-13,São Paulo,sp,local,local,C254,3,0,23.21,salada,acompanhamento,24,19,24.67,58.27,19,3.0,sexta,10,sol,sim,,
SAB-00970,2025-06-17,São Paulo,sp,local,delivery,C22,4,47,25.32,arroz,acompanhamento,93,26,26.46,53.44,23,3.4,domingo,16,nublado,,cancelado,
SAB-00971,2025-06-03,São Paulo,sp,ifood,delivery,C140,6,53,26.25,lasanha,massa,115,38,10.13,28.01,82,3.9,sabado,12,nublado,sim,cancelado,
SAB-00972,data_invalida,São Paulo,SP,ifood,local,C460,6,56,53.82,arroz,vegetariano,107,69,27.47,62.72,41,1.4,sabado,10,chuva,nao,,
SAB-00973,2025-01-03,São Paulo,sp,ifood,delivery,C103,6,50,41.77,frango_grelhado,proteina,99,93,5.41,15.44,52,2.6,sexta,20,nublado,nao,,
SAB-00974,2025-04-28,São Paulo,sp,app,delivery,C12,8,27,44.62,carne_assada,acompanhamento,39,0,13.68,22.41,88,4.4,quarta,20,nublado,nao,,
SAB-00975,07-11-2025,São Paulo,SP,app,delivery,C50,7,37,49.86,arroz,acompanhamento,95,19,28.67,54.8,88,4.8,quarta,17,nublado,,cancelado,
SAB-00976,04-10-2025,São Paulo,sp,ifood,delivery,C78,6,7,38.94,salada,proteina,79,67,15.71,28.9,12,4.0,quinta,20,sol,,,
SAB-00977,01-25-2025,São Paulo,SP,app,delivery,C299,0,29,57.32,frango_grelhado,massa,13,13,5.8,11.61,68,4.8,quinta,22,nublado,,procesado,
SAB-00978,2025-05-22,São Paulo,SP,ifood,delivery,C167,5,34,58.04,feijao,proteina,76,55,18.16,53.52,28,1.4,sabado,20,chuva,,cancelado,
SAB-00979,2025-09-11,São Paulo,SP,local,delivery,C377,0,3,68.49,lasanha,proteina,56,54,8.79,13.64,56,4.2,domingo,18,chuva,nao,procesado,
SAB-00980,2025-05-10,São Paulo,SP,local,delivery,C3,6,41,22.42,lasanha,vegetariano,118,97,11.24,22.75,48,4.4,sexta,19,chuva,nao,finalizado,
SAB-00981,10-09-2025,São Paulo,SP,local,local,C59,4,15,48.19,feijao,acompanhamento,120,12,24.5,67.83,53,3.9,domingo,20,sol,sim,finalizado,
SAB-00982,2025-07-19,São Paulo,SP,app,local,C352,3,55,78.84,feijao,acompanhamento,45,34,6.63,18.61,10,3.9,terça,15,sol,,procesado,
SAB-00983,2025-05-08,São Paulo,sp,local,delivery,C70,4,14,32.41,feijao,acompanhamento,79,50,9.62,20.81,64,4.9,terça,18,sol,,,
SAB-00984,2025-09-23,São Paulo,SP,local,delivery,C156,7,39,38.11,lasanha,vegetariano,112,53,22.83,41.08,55,1.6,sabado,18,chuva,,cancelado,
SAB-00985,2025-06-12,São Paulo,sp,app,delivery,C75,2,25,"20,19",carne_assada,proteina,74,11,24.73,68.62,52,3.9,terça,19,nublado,,cancelado,
SAB-00986,2025-07-19,São Paulo,SP,local,delivery,C362,5,53,55.94,feijao,proteina,67,24,16.41,41.12,47,4.0,quarta,14,sol,nao,cancelado,
SAB-00987,2025-02-09,São Paulo,SP,ifood,local,C88,4,11,"54,7",frango_grelhado,massa,61,34,23.98,45.73,63,1.9,segunda,18,sol,nao,procesado,
SAB-00988,2025-10-20,São Paulo,SP,local,local,C250,5,28,67.72,carne_assada,proteina,74,12,6.02,12.03,84,4.6,domingo,18,chuva,,,
SAB-00989,2025-07-19,São Paulo,sp,local,delivery,C421,5,39,79.7,carne_assada,acompanhamento,112,60,11.25,24.46,46,2.4,domingo,16,chuva,nao,cancelado,
SAB-00990,2025-07-10,São Paulo,sp,ifood,delivery,C425,4,48,69.64,frango_grelhado,acompanhamento,104,10,20.88,36.52,19,4.8,domingo,16,chuva,nao,procesado,
SAB-00991,03-28-2025,São Paulo,SP,local,delivery,C144,1,14,"26,86",frango_grelhado,proteina,73,40,26.08,76.05,63,1.5,sabado,14,sol,,procesado,
SAB-00992,2025-05-02,São Paulo,SP,app,delivery,C461,6,57,77.96,frango_grelhado,vegetariano,87,78,7.17,14.49,37,1.4,segunda,22,chuva,,procesado,
SAB-00993,data_invalida,São Paulo,SP,app,delivery,C114,6,44,34.33,salada,acompanhamento,33,27,6.75,16.15,54,2.1,domingo,18,sol,sim,cancelado,
SAB-00994,2025-07-20,São Paulo,sp,ifood,delivery,C237,6,57,66.08,salada,vegetariano,15,10,8.22,14.85,48,3.8,segunda,14,sol,sim,,
SAB-00995,02-09-2025,São Paulo,SP,ifood,local,C476,8,27,31.81,salada,proteina,73,31,27.4,54.74,13,1.1,sabado,13,sol,,,
SAB-00996,data_invalida,São Paulo,sp,app,delivery,C464,1,21,76.29,feijao,massa,13,0,15.6,33.66,63,1.2,quinta,11,nublado,,cancelado,
SAB-00997,2025-04-28,São Paulo,SP,ifood,delivery,C58,3,37,"50,94",carne_assada,proteina,112,83,28.4,53.8,46,3.5,quarta,12,sol,,finalizado,
SAB-00998,data_invalida,São Paulo,sp,ifood,delivery,C331,9,27,"25,75",lasanha,vegetariano,115,102,13.07,23.64,31,1.7,terça,21,nublado,sim,,
SAB-00999,2025-06-07,São Paulo,sp,ifood,local,C226,2,30,37.72,carne_assada,vegetariano,55,0,12.6,34.3,65,1.4,sexta,11,chuva,sim,cancelado,
SAB-00000,2025-10-01,São Paulo,SP,ifood,local,C170,11,39,20.4,frango_grelhado,massa,85,44,28.35,43.92,46,3.3,quinta,16,nublado,sim,finalizado,
SAB-00001,04-26-2025,São Paulo,SP,ifood,local,C338,4,45,"75,27",arroz,acompanhamento,95,6,16.96,46.16,41,1.7,sabado,17,nublado,,,
SAB-00002,2025-03-09,São Paulo,sp,ifood,local,C453,7,53,36.3,frango_grelhado,vegetariano,101,97,6.68,13.65,82,1.3,quarta,18,nublado,nao,,
SAB-00003,20/03/2025,São Paulo,SP,app,delivery,C267,2,18,71.44,feijao,vegetariano,51,30,13.68,31.34,13,1.8,sexta,21,nublado,,cancelado,
SAB-00004,08-08-2025,São Paulo,SP,app,local,C494,1,29,46.93,carne_assada,proteina,67,46,28.54,64.55,55,2.7,quinta,15,nublado,,finalizado,
SAB-00005,2025-02-21,São Paulo,sp,local,delivery,C349,1,60,64.11,feijao,vegetariano,61,22,27.81,76.04,77,2.8,sexta,11,sol,sim,finalizado,
SAB-00006,2025-05-26,São Paulo,SP,ifood,delivery,C431,2,5,75.13,salada,acompanhamento,31,1,18.15,36.11,57,1.5,quinta,20,sol,,finalizado,
SAB-00007,2025-10-26,São Paulo,SP,local,local,C370,2,4,61.72,lasanha,massa,30,15,24.59,66.03,66,3.2,quinta,10,chuva,sim,procesado,
SAB-00008,19/10/2025,São Paulo,SP,ifood,delivery,C498,11,27,"44,59",carne_assada,massa,28,27,25.36,40.53,85,2.3,terça,14,nublado,,procesado,
SAB-00009,2025-01-15,São Paulo,SP,app,delivery,C369,7,55,"69,12",frango_grelhado,proteina,90,86,10.31,24.11,80,3.7,sabado,17,sol,,procesado,
SAB-00010,2025-05-22,São Paulo,sp,local,delivery,C248,4,31,36.93,frango_grelhado,acompanhamento,78,38,18.41,38.35,35,3.2,segunda,20,sol,sim,,
SAB-00011,2025-10-09,São Paulo,SP,ifood,delivery,C127,6,6,77.03,salada,acompanhamento,55,0,29.72,47.65,90,2.2,sexta,14,chuva,nao,,
SAB-00012,2025-08-03,São Paulo,SP,ifood,local,C159,6,57,22.92,frango_grelhado,massa,72,47,18.04,42.42,45,2.2,domingo,19,sol,sim,procesado,
SAB-00013,2025-04-04,São Paulo,sp,ifood,local,C320,6,33,41.92,frango_grelhado,proteina,13,3,29.66,53.7,53,4.7,sabado,22,sol,nao,finalizado,
SAB-00014,2025-02-17,São Paulo,sp,app,local,C376,0,51,36.99,carne_assada,proteina,93,41,5.38,11.29,26,1.7,segunda,18,sol,sim,finalizado,
SAB-00015,2025-06-19,São Paulo,sp,ifood,local,C56,3,42,36.25,frango_grelhado,acompanhamento,85,1,28.55,76.25,72,3.5,sabado,16,nublado,sim,,
SAB-00016,2025-02-06,São Paulo,sp,ifood,local,C159,11,41,"73,6",lasanha,vegetariano,97,47,12.95,26.61,49,4.4,sabado,13,nublado,,finalizado,
SAB-00017,2025-03-02,São Paulo,SP,ifood,delivery,C48,9,12,28.72,feijao,proteina,20,12,24.87,37.81,87,4.2,quinta,14,chuva,,,
SAB-00018,09-02-2025,São Paulo,sp,local,local,C458,9,9,"29,25",feijao,vegetariano,49,32,10.57,24.25,56,3.4,domingo,15,nublado,,procesado,
SAB-00019,2025-03-24,São Paulo,SP,app,delivery,C346,9,3,27.16,feijao,acompanhamento,95,0,22.7,42.75,23,1.9,segunda,10,nublado,nao,finalizado,
