registro_id,data_chamado,cidade,uf,bairro,cliente_id,profissional_id,tipo_servico,especialidade_profissional,urgencia,distancia_km,tempo_deslocamento_min,tempo_execucao_min,tempo_total_min,valor_orcamento,valor_pago,avaliacao_cliente,reclamacao,retorno_correcao,dias_desde_ultimo_uso,idade_imovel_anos,cupom_utilizado,status_chamado,observacao
FIX-00000,2025-07-22,Salvador,BA,Morumbi,C236,P125,pintura,encanador,emergencial,5.63,37,113,150,"512,9",513.84,3.1,nao,nao,322,48,sim,procesado,
FIX-00001,2025-05-10,Uberaba,MG,Boa Vista,C229,P25,eletrica,jardineiro,baixa,"8,45",56,60,116,626.97,719.09,3.4,nao,nao,179,6,,em_andamento,
FIX-00002,2025-03-15,Campinas,SP,Jardim America,C272,P57,pintura,jardineiro,baixa,"17,08",114,82,196,890.06,844.41,4.5,sim,nao,96,17,sim,cancelado,
FIX-00003,2025-01-23,Goiânia,GO,Santa Maria,C122,P142,hidraulica,limpeza,baixa,"8,7",,113,175,533.99,547.91,3.0,sim,nao,246,10,nao,cancelado,
FIX-00004,03/06/2025,São Paulo,SP,Boa Vista,C419,P118,hidraulica,pintor,baixa,"15,02",87,82,169,840.39,975.13,"3,8",nao,nao,131,52,,,
FIX-00005,06-04-2025,Curitiba,PR,Jardim America,C57,P100,montagem_moveis,encanador,media,9.03,75,43,118,722.92,852.5,3.6,nao,nao,305,78,sim,finalizado,
FIX-00006,2025-05-31,São Paulo,SP,Planalto,C331,P51,limpeza,pintor,baixa,5.25,29,49,78,202.36,202.69,2.6,sim,sim,318,32,nao,procesado,
FIX-00007,2025-04-27,São Paulo,SP,Jardim America,C255,P41,hidraulica,encanador,alta,5.76,39,120,159,646.67,"738,41",4.5,nao,nao,80,62,,procesado,
FIX-00008,2025-05-14,Campinas,SP,Jardim America,C364,P136,hidraulica,limpeza,baixa,4.34,25,116,141,566.97,590.76,3.6,nao,nao,11,76,sim,em_andamento,
FIX-00009,2025-07-22,salvador,BA,Boa Vista,C84,P148,jardinagem,montador,media,"3,71",17,87,104,"600,91",673.71,"4,2",nao,nao,57,66,sim,finalizado,
FIX-00010,2025-04-04,São Paulo,SP,Morumbi,C154,P72,montagem,eletricista,alta,7.2,480,53,89,590.83,519.03,1.5,sim,nao,207,25,nao,,OUTLIER deslocamento muito longo
FIX-00011,2025-01-23,Uberlândia,MG,Planalto,C88,P94,eletrica,pintor,media,"17,27",150,101,251,894.55,810.36,3.4,nao,nao,150,71,,,
FIX-00012,data_invalida,são paulo,SP,Industrial,C273,P141,eletrica,encanador,baixa,"0,3",12,133,145,287.11,"286,63",2.8,sim,nao,216,56,sim,,
FIX-00013,2025-05-05,Salvador,BA,Centro,C468,P90,hidraulica,eletricista,media,0.3,6,116,122,"728,08","747,29",4.3,nao,nao,293,41,nao,procesado,
FIX-00014,2025-05-14,Goiânia,GO,Industrial,C452,P24,hidraulica,montador,media,1.04,15,91,106,"849,77",808.8,4.0,nao,nao,325,75,sim,em_andamento,
FIX-00015,2025-06-01,Curitiba,PR,Santa Maria,C299,P61,eletrica,pintor,alta,3.43,26,27,53,779.36,790.7,3.9,sim,nao,211,14,nao,procesado,
FIX-00016,2025-09-29,Uberaba,MG,Jardim America,C330,P72,eletrica,eletricista,media,14.97,71,143,214,597.52,697.81,4.4,nao,nao,47,79,sim,cancelado,
FIX-00017,2025-02-11,Curitiba,PR,Industrial,C102,P93,eletrica,encanador,emergencial,6.6,39,95,134,744.19,703.11,"4,6",nao,nao,11,37,sim,procesado,
FIX-00018,01-08-2025,Goiânia,GO,Boa Vista,C197,P137,montagem_moveis,encanador,media,4.15,45,38,83,136.74,"151,42",5,nao,nao,124,79,sim,em_andamento,
FIX-00019,2025-08-15,Salvador,BA,Morumbi,C189,P10,jardinagem,encanador,baixa,12.56,76,64,140,440.51,353.09,3.4,sim,nao,120,41,sim,cancelado,
FIX-00020,30/05/2025,Salvador,BA,Santa Maria,C6,P92,pintura,eletricista,media,2.27,16,99,115,821.59,831.6,1.9,sim,nao,341,68,sim,finalizado,
FIX-00021,28/05/2025,São Paulo,SP,Centro,C332,P29,hidraulica,eletricista,alta,17.67,125,15,140,192.59,184.83,"4,9",nao,nao,260,54,,,
FIX-00022,2025-09-18,Goiânia,GO,Centro,C117,P113,pintura,limpeza,media,22.05,,104,263,397.23,345.09,2.3,sim,sim,64,43,,,
FIX-00023,2025-05-19,Curitiba,PR,Planalto,C101,P105,eletrica,pintor,media,"6,08",32,54,86,448.75,484.81,4.2,nao,nao,234,13,nao,cancelado,
FIX-00024,2025-07-06,São Paulo,SP,Santa Maria,C322,P67,eletrica,jardineiro,media,1.53,12,115,127,636.45,558.46,"3,2",nao,nao,230,6,,,
FIX-00025,29/09/2025,Goiânia,GO,Morumbi,C433,P54,pintura,encanador,alta,250,67,82,149,177.16,176.68,2.0,sim,nao,54,41,sim,procesado,OUTLIER distancia extrema
FIX-00026,2025-04-10,Goiânia,go,Industrial,C1,P63,jardinagem,encanador,media,"11,02",89,105,194,84.73,69.92,4.8,nao,nao,230,12,nao,procesado,
FIX-00027,2025-08-26,Uberaba,MG,Morumbi,C365,P21,eletrica,eletricista,baixa,13.41,93,56,149,360.46,399.55,3.0,nao,nao,75,9,sim,em_andamento,
FIX-00028,02-05-2025,São Paulo,SP,Santa Maria,C164,P53,hidraulica,limpeza,media,"12,93",114,62,176,"248,32","276,66",5,nao,nao,352,41,nao,finalizado,
FIX-00029,data_invalida,Uberlândia,MG,Industrial,C283,P56,hidraulica,encanador geral,media,0.3,,80,85,261.1,215.23,5,nao,sim,197,72,nao,em_andamento,
FIX-00030,2025-08-19,Salvador,BA,Industrial,C153,P113,montagem,montador,media,14.44,97,84,181,738.17,751.98,4.0,nao,nao,340,80,,procesado,
FIX-00031,2025-03-11,Uberlândia,MG,Morumbi,C445,P79,jardinagem,encanador,alta,9.3,62,28,90,405.25,349.09,5,nao,nao,142,41,,cancelado,
FIX-00032,10/07/2025,Campinas,SP,Jardim America,C491,P88,montagem,montador,baixa,8.83,79,15,94,325.61,296.83,2.5,sim,sim,325,76,,cancelado,
FIX-00033,2025-08-09,Curitiba,PR,Boa Vista,C487,P12,hidraulica,pintor,baixa,0.3,21,38,59,383.8,346.12,5,nao,nao,149,45,,em_andamento,
FIX-00034,02-07-2025,Uberaba,MG,Santa Maria,C116,P46,pintura,eletricista,media,14.5,53,15,68,244.48,271.85,"2,9",sim,sim,143,20,nao,cancelado,
FIX-00035,2025-03-13,Salvador,BA,Boa Vista,C354,P144,eletrica,encanador,baixa,11.24,54,53,107,599.58,630.85,2.9,sim,nao,347,39,nao,finalizado,
FIX-00036,2025-03-13,Goiânia,GO,Centro,C483,P143,hidraulica,eletricista,emergencial,7.2,64,70,134,124.33,143.05,4.5,sim,nao,238,37,,cancelado,
FIX-00037,15/07/2025,Campinas,SP,Santa Maria,C100,P53,hidraulica,encanador,media,4.77,43,70,113,368.6,379.93,5,nao,nao,18,5,,,
FIX-00038,15/10/2025,Uberaba,MG,Centro,C294,P126,jardinagem,pintor,baixa,"7,89",,62,130,489.37,497.09,3.7,nao,nao,23,58,,em_andamento,
FIX-00039,2025-04-04,Goiânia,GO,Morumbi,C429,P12,eletrica,encanador,media,13.78,125,18,143,193.38,"223,65",4.5,nao,nao,168,40,,finalizado,
FIX-00040,2025-05-03,salvador,BA,Boa Vista,C26,P113,montagem_moveis,pintor,baixa,6.63,43,900,85,771.39,849.02,4.7,nao,nao,113,6,,cancelado,OUTLIER execucao muito longa
FIX-00041,2025-10-24,São Paulo,SP,Planalto,C82,P121,hidraulica,limpeza,baixa,1.74,39,81,120,"599,8",632.87,2.7,sim,sim,11,14,nao,em_andamento,
FIX-00042,2025-05-20,Campinas,SP,Industrial,C369,P110,pintura,encanador,baixa,8.26,38,84,122,385.57,437.19,3.7,nao,sim,119,11,sim,cancelado,
FIX-00043,06-14-2025,Salvador,BA,Industrial,C43,P43,hidraulica,montador,alta,1.63,30,38,68,"448,89",390.57,5,nao,nao,345,79,sim,procesado,
FIX-00044,2025-04-15,São Paulo,SP,Planalto,C41,P44,hidraulica,eletricista,media,"4,9",41,54,95,109.32,107.9,4.4,nao,nao,98,56,sim,procesado,
FIX-00045,30/08/2025,Campinas,SP,Boa Vista,C290,P13,eletrica,encanador,baixa,7.83,48,42,90,326.44,384.07,2.3,sim,nao,3,52,sim,finalizado,
FIX-00046,27/01/2025,São Paulo,SP,Planalto,C282,P39,jardinagem,limpeza,baixa,"2,02",25,118,143,476.96,431.09,4.9,nao,nao,78,14,sim,em_andamento,
FIX-00047,2025-05-24,Goiânia,GO,Boa Vista,C59,P139,eletrica,encanador,alta,"9,43",,87,137,771.44,825.57,4.3,nao,nao,41,1,,em_andamento,
FIX-00048,2025-03-22,São Paulo,SP,Industrial,C16,P131,hidraulica,encanador,media,11.3,78,99,177,104.28,"104,14",4.9,nao,nao,310,27,nao,finalizado,
FIX-00049,2025-09-08,uberlândia,mg,Santa Maria,C76,P46,jardinagem,eletrica_geral,emergencial,13.61,105,34,139,592.67,583.02,4.0,nao,nao,60,19,,em_andamento,
FIX-00050,data_invalida,Campinas,SP,Industrial,C34,P67,hidraulica,montador,media,2.63,19,111,130,116.21,"100,0",4.2,nao,sim,47,36,nao,finalizado,
FIX-00051,2025-01-29,Campinas,SP,Industrial,C430,P18,pintura,eletrica_geral,media,2.71,15,105,120,729.32,699.72,3.5,nao,nao,7,50,,em_andamento,
FIX-00052,2025-01-14,Goiânia,GO,Boa Vista,C102,P109,eletrica,eletricista,baixa,8.14,47,100,147,145.91,170.78,3.0,nao,nao,219,35,,cancelado,
FIX-00053,2025-02-26,Campinas,SP,Boa Vista,C110,P5,jardinagem,pintor,baixa,4.28,44,81,125,652.77,563.8,4.9,sim,nao,319,78,sim,finalizado,
FIX-00054,2025-09-12,São Paulo,SP,Planalto,C151,P44,hidraulica,eletrica_geral,media,13.77,61,86,147,"180,38",194.89,"3,4",nao,sim,250,66,nao,cancelado,
FIX-00055,2025-09-14,São Paulo,SP,Morumbi,C44,P48,montagem_moveis,eletricista,alta,11.02,90,94,184,25000.00,613.73,2.7,sim,nao,254,51,nao,,OUTLIER orcamento muito alto
FIX-00056,2025-09-12,São Paulo,SP,Jardim America,C432,P1,montagem,limpeza,baixa,12.85,65,102,167,"889,26",985.85,3.5,nao,nao,236,51,,em_andamento,
FIX-00057,2025-05-05,campinas,SP,Centro,C347,P29,eletric.,encanador,media,17.02,160,43,203,"424,8",375.09,5,nao,nao,15,77,,,
FIX-00058,2025-10-13,Curitiba,pr,Boa Vista,C425,P149,eletrica,pintor,baixa,"15,07",71,124,195,367.24,413.05,4.6,nao,nao,102,66,,finalizado,
FIX-00059,05-28-2025,Curitiba,PR,Jardim America,C47,P139,montagem,encanador,baixa,"10,34",50,88,138,397.98,376.43,4.3,nao,nao,155,71,,finalizado,
FIX-00060,2025-07-06,São Paulo,SP,Planalto,C54,P141,montagem,encanador,alta,11.07,77,79,156,"754,17","712,32",4.4,nao,nao,280,53,nao,cancelado,
FIX-00061,2025-08-22,Curitiba,PR,Jardim America,C311,P125,eletrica,encanador,alta,0.36,16,35,51,"644,67",676.49,3.5,nao,nao,109,67,,,
FIX-00062,2025-02-10,São Paulo,SP,Industrial,C398,P113,hidraulica,encanador geral,emergencial,4.25,33,154,187,83.09,80.87,3.3,nao,nao,160,25,nao,finalizado,
FIX-00063,09/01/2025,Campinas,SP,Santa Maria,C118,P22,eletrica,limpeza,alta,5.71,63,26,89,487.59,504.53,3.5,nao,nao,14,30,,em_andamento,
FIX-00064,2025-10-27,Curitiba,PR,Morumbi,C116,P35,pintura,encanador,baixa,13.89,82,36,118,768.12,740.35,3.8,sim,nao,40,58,nao,,
FIX-00065,2025-05-24,Uberaba,MG,Boa Vista,C457,P79,pintura,pintor,media,6.0,43,140,183,325.77,346.32,2.7,sim,nao,178,29,nao,,
FIX-00066,2025-02-26,Uberlândia,MG,Boa Vista,C51,P69,limpeza,montador,baixa,9.45,102,87,189,693.99,644.35,3.1,nao,nao,142,28,sim,cancelado,
FIX-00067,2025-08-31,São Paulo,SP,Boa Vista,C429,P138,montagem,encanador,baixa,8.27,61,137,198,110.19,128.78,4.0,nao,sim,304,33,nao,cancelado,
FIX-00068,2025-06-21,Uberaba,MG,Centro,C15,P95,hidraulica,encanador geral,baixa,12.75,79,135,214,111.6,94.91,2.7,sim,nao,327,1,,cancelado,
FIX-00069,2025-08-02,Uberlândia,MG,Boa Vista,C470,P7,limpeza,encanador,media,13.46,83,88,171,"229,7",212.2,4.5,nao,nao,245,2,sim,em_andamento,
FIX-00070,02-11-2025,uberlândia,MG,Industrial,C105,P128,eletrica,pintor,media,"6,14",42,67,109,117.41,"126,35",9,nao,nao,98,14,sim,em_andamento,VALOR INVALIDO avaliacao fora da escala
FIX-00071,2025-04-02,Salvador,BA,Jardim America,C51,P14,hidraulica,encanador,baixa,17.12,146,134,280,"295,68",331.76,4.2,nao,nao,322,33,nao,em_andamento,
FIX-00072,10-20-2025,São Paulo,SP,Boa Vista,C41,P22,pintura,limpeza,baixa,7.98,67,84,151,297.59,297.28,"4,0",nao,nao,18,46,,procesado,
FIX-00073,2025-05-29,Uberlândia,mg,Jardim America,C13,P129,hidraulica,eletricista,media,5.95,33,140,173,713.77,791.84,4.6,nao,nao,365,0,nao,procesado,
FIX-00074,2025-05-03,Curitiba,PR,Morumbi,C52,P129,eletrica,eletricista,alta,0.3,12,103,115,749.19,"692,62",1.9,sim,nao,168,58,sim,procesado,
FIX-00075,02/03/2025,São Paulo,SP,Centro,C155,P64,montagem,encanador,media,3.17,31,70,101,816.43,970.66,2.4,sim,nao,163,2,nao,em_andamento,
FIX-00076,2025-02-20,Uberlândia,MG,Planalto,C288,P103,hidraulica,jardineiro,baixa,4.23,27,59,86,296.45,"252,0",4.2,nao,nao,299,69,sim,em_andamento,
FIX-00077,2025-04-10,Goiânia,GO,Boa Vista,C80,P44,eletrica,encanador geral,media,16.2,124,100,224,"306,68",294.13,3.2,nao,nao,304,66,nao,,
FIX-00078,10-24-2025,Curitiba,PR,Jardim America,C484,P29,jardinagem,eletricista,baixa,3.63,26,67,93,143.52,"141,66",5,nao,nao,50,16,nao,finalizado,
FIX-00079,02-19-2025,Campinas,SP,Jardim America,C204,P26,eletric.,eletricista,alta,5.35,63,40,103,114.45,108.41,4.8,sim,nao,257,70,nao,,
FIX-00080,14/09/2025,Campinas,sp,Santa Maria,C468,P23,montagem,limpeza,alta,0.69,5,60,65,411.7,451.85,3.6,nao,nao,95,77,sim,finalizado,
FIX-00081,2025-02-12,Curitiba,PR,Industrial,C240,P105,hidraulica,pintor,alta,3.03,11,95,106,889.96,979.88,5,nao,nao,140,10,sim,finalizado,
FIX-00082,2025-04-02,Uberlândia,MG,Centro,C391,P100,hidraulica,encanador,baixa,15.52,84,82,166,297.9,339.86,"3,5",nao,nao,239,8,sim,procesado,
FIX-00083,2025-01-14,Uberaba,MG,Morumbi,C66,P2,hidraulica,encanador,baixa,9.45,73,53,126,414.33,426.58,3.1,nao,nao,331,24,,procesado,
FIX-00084,2025-05-20,Goiânia,GO,Centro,C319,P14,montagem,encanador,baixa,9.26,57,63,120,747.32,"891,75",5,nao,nao,152,5,,procesado,
FIX-00085,2025-05-19,Curitiba,PR,Santa Maria,C154,P145,montagem_moveis,limpeza,baixa,12.47,116,116,232,730.89,651.2,4.3,nao,nao,208,200,nao,finalizado,OUTLIER idade do imovel
FIX-00086,2025-04-02,São Paulo,SP,Planalto,C24,P144,hidraulicaa,jardineiro,alta,0.83,23,74,97,"400,79",334.27,4.4,nao,nao,347,10,nao,finalizado,
FIX-00087,2025-03-18,Uberaba,MG,Boa Vista,C96,P70,pintura,encanador,emergencial,"10,47",70,126,196,799.98,657.73,5,nao,nao,108,75,nao,em_andamento,
FIX-00088,14/08/2025,Uberaba,MG,Boa Vista,C7,P46,pintura,jardineiro,media,2.79,17,43,60,685.18,556.91,4.5,sim,nao,228,76,sim,cancelado,
FIX-00089,2025-02-25,Curitiba,PR,Jardim America,C186,P86,montagem,eletricista,baixa,"3,47",,61,73,"132,71",122.73,4.2,nao,nao,254,32,nao,cancelado,
FIX-00090,data_invalida,Salvador,BA,Planalto,C178,P148,eletrica,eletricista,media,15.4,65,44,109,175.93,206.24,3.2,nao,nao,124,42,,finalizado,
FIX-00091,2025-04-19,Uberaba,MG,Planalto,C160,P16,hidraulica,montador,baixa,7.58,,133,184,489.64,553.78,5,nao,nao,239,25,nao,em_andamento,
FIX-00092,2025-03-18,São Paulo,SP,Santa Maria,C349,P62,jardinagem,pintor,media,3.61,38,110,148,618.11,"622,35",3.7,nao,nao,159,26,,cancelado,
FIX-00093,2025-06-20,Salvador,ba,Morumbi,C363,P134,limpeza,encanador,baixa,"9,28",48,69,117,606.13,540.24,2.1,sim,nao,203,41,nao,finalizado,
FIX-00094,2025-09-07,Uberaba,mg,Jardim America,C272,P70,montagem,pintor,media,16.36,127,43,170,772.12,"725,7",3.4,nao,nao,107,33,nao,em_andamento,
FIX-00095,2025-10-08,Curitiba,PR,Jardim America,C274,P74,eletrica,eletricista,baixa,12.65,87,122,209,"219,67",213.5,4.7,nao,nao,304,58,sim,procesado,
FIX-00096,2025-06-26,Uberlândia,MG,Planalto,C111,P61,hidraulica,pintor,emergencial,9.47,92,80,172,"99,54",95.9,4.6,nao,nao,37,29,nao,finalizado,
FIX-00097,2025-07-15,Uberlândia,MG,Centro,C399,P75,hidraulica,limpeza,baixa,12.63,,108,212,443.76,418.19,"4,4",nao,nao,21,0,,em_andamento,
FIX-00098,2025-05-04,Campinas,SP,Centro,C2,P90,hidraulica,encanador,baixa,7.96,68,64,132,429.08,465.27,4.1,nao,nao,167,20,sim,cancelado,
FIX-00099,04-11-2025,Salvador,BA,Centro,C125,P28,pintura,montador,baixa,0.3,13,66,79,526.27,"579,21",4.1,nao,nao,90,46,sim,cancelado,
FIX-00100,08-12-2025,Uberlândia,MG,Boa Vista,C242,P69,pintura,limpeza,alta,1.93,38,72,110,633.06,-50,"2,6",sim,sim,176,34,,cancelado,VALOR INVALIDO pagamento negativo
FIX-00101,2025-09-12,Salvador,BA,Planalto,C187,P25,hidraulica,encanador,baixa,3.54,26,91,117,448.61,498.05,4.6,nao,nao,150,32,nao,,
FIX-00102,2025-01-18,São Paulo,SP,Industrial,C38,P91,limpeza,eletricista,baixa,"0,3",17,143,160,342.75,275.29,5,nao,nao,111,64,,em_andamento,
FIX-00103,2025-07-27,Uberlândia,MG,Boa Vista,C352,P31,montagem,jardineiro,alta,9.34,39,146,185,362.34,341.13,5,nao,sim,29,67,nao,finalizado,
FIX-00104,2025-08-06,Uberlândia,MG,Industrial,C368,P119,eletrica,limpeza,alta,5.81,49,79,128,"88,0",88.58,3.5,nao,nao,130,49,sim,cancelado,
FIX-00105,2025-07-15,Curitiba,pr,Boa Vista,C204,P107,eletrica,encanador,baixa,0.33,16,102,118,492.32,484.42,4.1,nao,nao,98,70,nao,finalizado,
FIX-00106,2025-05-01,Curitiba,PR,Industrial,C87,P51,eletrica,pintor,baixa,"2,09",26,42,68,369.53,332.68,4.8,nao,nao,168,43,nao,,
FIX-00107,2025-02-11,Goiânia,GO,Boa Vista,C488,P83,hidraulicaa,jardineiro,alta,"13,6",74,117,191,106.3,120.67,3.8,nao,nao,189,42,,finalizado,
FIX-00108,2025-02-18,curitiba,PR,Planalto,C224,P37,pintura,encanador,baixa,5.62,45,74,119,425.05,495.8,4.0,sim,sim,215,31,,em_andamento,
FIX-00109,01-28-2025,Campinas,SP,Industrial,C39,P150,hidraulica,pintor,alta,11.01,73,40,113,258.16,220.67,5,nao,nao,94,75,nao,finalizado,
FIX-00110,03-15-2025,Uberaba,MG,Morumbi,C473,P99,eletrica,eletricista,media,0.35,11,99,110,742.61,"655,25",2.9,sim,nao,257,54,nao,procesado,
FIX-00111,2025-03-29,Salvador,BA,Santa Maria,C214,P15,eletrica,pintor,baixa,9.05,42,99,141,861.66,741.65,"3,0",nao,nao,325,54,nao,procesado,
FIX-00112,2025-02-01,Salvador,BA,Jardim America,C211,P26,montagem,eletricista,media,"8,1",51,21,72,106.32,"117,29",4.4,nao,nao,316,67,,,
FIX-00113,03-09-2025,São Paulo,SP,Morumbi,C183,P138,hidraulica,montador,baixa,4.58,20,92,112,755.07,775.71,4.7,nao,nao,253,18,nao,finalizado,
FIX-00114,08-19-2025,Salvador,BA,Planalto,C492,P59,montagem,eletrica_geral,media,"11,7",60,54,114,139.34,113.32,5,nao,nao,265,4,sim,cancelado,
FIX-00115,2025-08-25,Goiânia,GO,Jardim America,C107,P63,eletrica,montador,media,4.62,29,168,197,"775,53",829.46,5.0,nao,nao,197,5,,finalizado,
FIX-00116,2025-10-19,Salvador,BA,Morumbi,C32,P111,montagem,eletricista,alta,0.3,5,52,57,"238,74",249.46,5,nao,nao,223,67,sim,procesado,
FIX-00117,2025-02-28,Salvador,BA,Industrial,C446,P5,pintura,encanador,baixa,1.17,18,57,75,518.27,619.91,5,nao,sim,334,38,sim,em_andamento,
FIX-00118,2025-06-12,Curitiba,PR,Jardim America,C231,P121,eletrica,montador,alta,2.66,20,95,115,"627,16",698.77,3.9,nao,nao,64,30,sim,procesado,
FIX-00119,2025-10-23,Goiânia,GO,Industrial,C227,P49,limpeza,encanador,media,"10,19",93,129,222,"221,84",190.13,5,nao,nao,289,72,nao,,
FIX-00120,2025-03-30,São Paulo,SP,Industrial,C377,P18,montagem,eletricista,media,9.02,75,84,159,"465,86",453.32,3.7,nao,nao,290,78,nao,,
FIX-00121,2025-03-06,Uberaba,MG,Planalto,C453,P58,hidraulica,pintor,media,"12,78",89,25,114,521.1,417.98,4.0,nao,nao,236,17,,em_andamento,
FIX-00122,2025-06-21,Campinas,SP,Boa Vista,C87,P97,eletrica,pintor,baixa,7.3,36,119,155,126.31,131.46,3.4,nao,nao,294,15,nao,cancelado,
FIX-00123,2025-01-15,salvador,BA,Industrial,C181,P81,eletrica,montador,alta,9.84,38,102,140,288.86,328.8,5,nao,nao,296,68,,cancelado,
FIX-00124,2025-08-16,São Paulo,SP,Santa Maria,C57,P7,hidraulica,montador,alta,6.54,47,118,165,277.04,308.59,3.9,nao,nao,219,54,,em_andamento,
FIX-00125,2025-08-09,Goiânia,GO,Boa Vista,C425,P53,jardinagem,montador,baixa,11.03,96,65,161,"770,16",853.11,5,nao,nao,65,56,nao,,
FIX-00126,2025-06-30,São Paulo,SP,Industrial,C333,P7,hidraulica,pintor,baixa,11.22,95,175,270,"754,68","846,74",3.9,nao,sim,75,46,nao,em_andamento,
FIX-00127,2025-03-19,São Paulo,SP,Santa Maria,C282,P13,jardinagem,eletricista,baixa,"10,23",77,146,223,494.05,529.59,4.4,nao,nao,33,74,sim,cancelado,
FIX-00128,2025-04-08,Uberaba,mg,Boa Vista,C431,P135,hidraulica,montador,baixa,"2,35",26,15,41,701.66,830.57,5,nao,nao,357,66,sim,,
FIX-00129,2025-10-06,Curitiba,PR,Centro,C238,P105,eletrica,encanador,alta,5.56,43,17,60,200.67,226.97,4.9,nao,nao,1,13,sim,cancelado,
FIX-00130,2025-06-12,Uberaba,MG,Santa Maria,C484,P11,hidraulica,limpeza,alta,11.63,49,80,129,612.07,681.72,2.6,sim,nao,183,31,sim,,
FIX-00131,2025-01-25,Salvador,BA,Boa Vista,C77,P65,eletrica,jardineiro,media,5.79,38,15,53,405.47,376.76,4.0,nao,nao,194,60,sim,cancelado,
FIX-00132,2025-04-03,goiânia,GO,Industrial,C123,P80,montagem,limpeza,alta,11.5,86,85,171,704.93,843.88,3.8,nao,nao,308,37,sim,,
FIX-00133,2025-02-27,São Paulo,SP,Industrial,C410,P143,eletrica,encanador,baixa,11.2,53,86,139,695.75,576.77,5,nao,nao,262,22,,cancelado,
FIX-00134,2025-03-16,São Paulo,SP,Centro,C165,P24,eletrica,montador,media,13.72,122,49,171,309.97,291.76,4.6,nao,nao,62,25,,cancelado,
FIX-00135,2025-04-15,Goiânia,GO,Jardim America,C256,P5,montagem,encanador,baixa,"4,45",48,74,122,777.76,692.84,5,sim,nao,83,22,sim,cancelado,
FIX-00136,2025-01-04,Uberaba,MG,Morumbi,C2,P84,limpeza,montador,media,11.64,51,76,127,381.36,402.43,5,nao,nao,198,40,sim,em_andamento,
FIX-00137,13/04/2025,Uberlândia,mg,Industrial,C350,P70,hidraulicaa,eletricista,baixa,"7,67",29,86,115,"856,76",1020.71,4.9,nao,nao,87,42,sim,procesado,
FIX-00138,data_invalida,Campinas,SP,Industrial,C3,P56,montagem,encanador,baixa,7.75,57,64,121,686.22,762.08,1.7,sim,sim,224,64,sim,finalizado,
FIX-00139,2025-08-17,Uberlândia,MG,Jardim America,C481,P115,jardinagem,eletricista,baixa,1.97,21,89,110,84.75,95.0,3.9,nao,nao,315,31,sim,procesado,
FIX-00140,2025-03-06,Salvador,BA,Boa Vista,C372,P78,pintura,encanador,baixa,"15,7",,36,170,"486,11",512.01,5,nao,nao,324,4,,em_andamento,
FIX-00141,03-16-2025,Uberlândia,MG,Industrial,C105,P75,eletrica,eletricista,baixa,10.2,50,71,121,513.39,584.6,3.6,nao,nao,240,7,nao,finalizado,
FIX-00142,2025-01-22,Uberlândia,MG,Planalto,C164,P4,hidraulicaa,pintor,baixa,0.3,5,153,158,795.02,889.94,3.9,nao,nao,123,63,,cancelado,
FIX-00143,2025-08-09,São Paulo,SP,Industrial,C25,P112,eletrica,pintor,media,10.06,84,51,135,365.6,325.57,1.2,sim,sim,240,31,nao,finalizado,
FIX-00144,2025-09-27,são paulo,SP,Planalto,C379,P57,hidraulica,pintor,alta,5.19,34,63,97,692.94,624.58,3.8,nao,nao,54,26,sim,cancelado,
FIX-00145,2025-06-01,Campinas,SP,Centro,C109,P54,eletrica,jardineiro,baixa,15.1,95,39,134,326.43,287.3,"3,3",nao,nao,34,32,nao,procesado,
FIX-00146,08-21-2025,Curitiba,PR,Industrial,C389,P4,eletrica,encanador,media,1.87,25,20,45,694.89,583.34,5,nao,nao,73,57,,cancelado,
FIX-00147,27/06/2025,Uberaba,MG,Industrial,C188,P91,montagem,montador,media,9.36,92,63,155,405.31,383.82,4.1,nao,nao,148,43,sim,cancelado,
FIX-00148,2025-08-13,São Paulo,SP,Planalto,C44,P99,montagem_moveis,montador,baixa,"6,64",49,73,122,496.46,"417,69","4,1",nao,nao,242,42,,,
FIX-00149,2025-03-21,Salvador,BA,Morumbi,C230,P41,limpeza,montador,alta,"9,43",98,82,180,722.73,"663,13",1.6,sim,nao,317,8,,finalizado,
FIX-00150,13/09/2025,Curitiba,PR,Santa Maria,C272,P77,hidraulica,montador,baixa,"7,17",38,63,101,878.56,911.1,"3,6",nao,nao,36,44,sim,procesado,
FIX-00151,2025-05-07,Curitiba,PR,Planalto,C483,P61,eletrica,montador,alta,9.77,89,73,162,"405,08",327.65,4.6,nao,nao,190,0,,cancelado,
FIX-00152,26/07/2025,São Paulo,SP,Industrial,C97,P49,hidraulica,jardineiro,emergencial,14.86,133,77,210,347.97,315.86,4.2,nao,nao,98,44,nao,em_andamento,
FIX-00153,2025-04-16,Uberaba,MG,Santa Maria,C348,P133,pintura,encanador,media,8.89,78,58,136,883.25,"1043,65",4.2,nao,nao,139,25,sim,finalizado,
FIX-00154,2025-06-14,São Paulo,SP,Jardim America,C296,P99,montagem,montador,media,0.3,5,109,114,"564,48","475,29",4.0,nao,nao,146,34,sim,,
FIX-00155,2025-09-16,são paulo,SP,Industrial,C96,P139,montagem,montador,media,14.15,96,19,115,196.28,202.96,4.6,nao,nao,288,26,,procesado,
FIX-00156,2025-09-15,Uberaba,MG,Santa Maria,C149,P117,hidraulica,encanador,baixa,"5,5",32,129,161,311.8,300.82,5,nao,nao,257,9,nao,,
FIX-00157,2025-06-20,salvador,BA,Jardim America,C30,P42,pintura,encanador,baixa,"8,49",67,70,137,527.03,"444,95",2.4,sim,nao,51,74,,cancelado,
FIX-00158,22/08/2025,Curitiba,PR,Industrial,C50,P125,hidraulica,encanador,media,11.09,95,45,140,123.25,"99,91",4.6,nao,nao,356,55,nao,finalizado,
FIX-00159,2025-04-05,São Paulo,SP,Morumbi,C28,P47,pintura,jardineiro,media,7.45,72,98,170,372.4,310.74,3.0,nao,nao,21,19,,finalizado,
FIX-00160,2025-02-10,Salvador,BA,Centro,C306,P12,hidraulica,pintor,baixa,10.64,75,72,147,705.01,619.03,3.3,nao,sim,22,1,nao,,
FIX-00161,2025-09-12,São Paulo,SP,Centro,C328,P106,montagem,eletricista,media,7.62,33,134,167,313.37,302.64,2.7,sim,sim,17,39,sim,em_andamento,
FIX-00162,data_invalida,Uberaba,MG,Jardim America,C415,P91,montagem,eletricista,alta,"8,0",,50,114,518.11,502.53,1.6,sim,nao,348,74,sim,,
FIX-00163,2025-02-09,Salvador,BA,Industrial,C75,P79,montagem,eletricista,baixa,3.29,29,72,101,404.86,369.95,2.8,sim,sim,160,74,,procesado,
FIX-00164,06/03/2025,Salvador,BA,Industrial,C35,P113,eletrica,encanador,baixa,5.91,61,116,177,190.31,223.35,4.1,nao,nao,33,44,sim,,
FIX-00165,2025-04-17,Uberaba,MG,Boa Vista,C206,P70,eletrica,encanador,baixa,"0,3",15,70,85,587.26,672.48,5,sim,nao,9,72,sim,finalizado,
FIX-00166,2025-07-19,Uberlândia,MG,Santa Maria,C125,P85,montagem,montador,alta,5.92,47,114,161,298.79,341.0,4.4,nao,nao,51,48,,cancelado,
FIX-00167,05-13-2025,Salvador,BA,Planalto,C383,P17,pintura,eletricista,baixa,4.2,25,25,50,826.13,954.46,3.0,nao,nao,114,53,sim,,
FIX-00168,2025-06-03,Uberaba,MG,Santa Maria,C312,P27,eletrica,eletricista,baixa,1.42,11,116,127,539.57,640.83,3.9,nao,nao,254,8,sim,procesado,
FIX-00169,08/10/2025,São Paulo,SP,Boa Vista,C144,P69,hidraulica,pintor,alta,5.62,63,84,147,596.49,714.61,4.6,nao,nao,250,3,nao,finalizado,
FIX-00170,14/06/2025,Uberlândia,MG,Santa Maria,C403,P126,eletrica,encanador,media,15.22,82,88,170,654.77,600.28,3.3,sim,nao,6,29,sim,em_andamento,
FIX-00171,30/09/2025,São Paulo,SP,Industrial,C429,P45,pintura,eletricista,baixa,6.54,44,26,70,793.12,678.05,3.9,nao,nao,271,60,nao,cancelado,
FIX-00172,2025-09-26,Goiânia,GO,Boa Vista,C96,P103,eletrica,limpeza,baixa,5.75,35,95,130,"812,2",808.49,4.2,nao,nao,271,6,,procesado,
FIX-00173,2025-10-06,Campinas,SP,Morumbi,C321,P102,eletrica,encanador,emergencial,18.77,153,127,280,310.59,319.88,3.2,nao,nao,308,24,sim,em_andamento,
FIX-00174,26/08/2025,São Paulo,SP,Centro,C474,P57,eletrica,eletrica_geral,media,0.3,5,70,75,449.88,363.5,3.6,nao,nao,4,22,sim,finalizado,
FIX-00175,21/07/2025,Uberaba,MG,Jardim America,C102,P104,eletrica,eletricista,baixa,11.09,58,94,152,155.62,142.83,4.8,nao,nao,334,20,nao,procesado,
FIX-00176,2025-02-17,Goiânia,GO,Industrial,C60,P138,eletrica,encanador,media,7.99,60,95,155,221.17,205.92,2.0,sim,sim,41,1,,finalizado,
FIX-00177,08-04-2025,Uberlândia,MG,Morumbi,C178,P35,hidraulica,encanador,media,10.6,69,110,179,455.48,504.54,4.2,nao,nao,188,7,sim,,
FIX-00178,2025-03-15,Uberaba,MG,Santa Maria,C366,P20,hidraulicaa,eletrica_geral,baixa,5.69,52,83,135,449.01,361.88,4.2,nao,nao,276,79,sim,finalizado,
FIX-00179,2025-04-24,Campinas,sp,Santa Maria,C496,P117,eletrica,montador,emergencial,2.31,24,82,106,466.07,535.85,"4,6",nao,nao,119,30,nao,,
FIX-00180,2025-03-07,Uberlândia,MG,Centro,C382,P44,montagem,montador,baixa,9.21,86,93,179,378.57,"339,26",4.0,nao,nao,354,10,sim,em_andamento,
FIX-00181,01-07-2025,Salvador,BA,Boa Vista,C211,P87,hidraulica,montador,baixa,3.75,43,89,132,680.75,699.22,3.2,nao,nao,63,55,,em_andamento,
FIX-00182,2025-08-27,uberaba,MG,Boa Vista,C105,P27,hidraulica,jardineiro,media,"2,54",32,72,104,"551,44",511.37,3.9,nao,nao,215,70,,procesado,
FIX-00183,2025-02-14,Curitiba,PR,Boa Vista,C99,P15,pintura,jardineiro,baixa,8.41,53,151,204,"866,91",919.16,5,nao,nao,147,72,nao,,
FIX-00184,2025-01-12,Salvador,BA,Boa Vista,C395,P74,hidraulicaa,jardineiro,media,14.17,128,77,205,764.46,766.25,"2,9",sim,nao,145,12,sim,finalizado,
FIX-00185,2025-10-13,Uberaba,MG,Morumbi,C472,P37,eletrica,encanador,media,8.2,50,48,98,597.49,684.26,5,nao,nao,335,26,,,
FIX-00186,03-17-2025,Uberaba,MG,Jardim America,C382,P9,eletric.,encanador,media,3.53,45,47,92,"664,67","670,77",5,nao,nao,240,35,nao,procesado,
FIX-00187,2025-01-16,Goiânia,GO,Centro,C480,P96,hidraulica,jardineiro,baixa,1.72,,110,121,249.87,"226,02",5,sim,sim,89,27,,,
FIX-00188,04-29-2025,Uberlândia,MG,Planalto,C218,P91,eletrica,pintor,emergencial,11.12,54,67,121,584.33,484.5,2.7,sim,nao,46,72,nao,,
FIX-00189,2025-04-11,Uberlândia,MG,Planalto,C467,P104,montagem,encanador,alta,5.86,31,90,121,737.47,593.57,2.5,sim,sim,141,40,sim,procesado,
FIX-00190,2025-05-16,São Paulo,SP,Planalto,C412,P101,hidraulica,eletricista,media,3.14,12,103,115,"260,03","250,88",5,nao,nao,357,29,sim,cancelado,
FIX-00191,2025-08-01,Uberaba,MG,Centro,C22,P17,pintura,encanador,baixa,6.49,59,156,215,"476,35",499.24,5,sim,nao,62,70,nao,em_andamento,
FIX-00192,08/01/2025,Uberaba,MG,Planalto,C32,P10,hidraulicaa,eletricista,baixa,9.68,42,57,99,541.75,"461,8",4.5,nao,nao,285,80,sim,em_andamento,
FIX-00193,2025-01-15,Uberaba,MG,Centro,C109,P29,hidraulica,jardineiro,baixa,4.92,43,100,143,208.09,241.62,3.5,nao,nao,351,1,,cancelado,
FIX-00194,2025-01-09,Goiânia,GO,Boa Vista,C459,P73,eletrica,eletricista,baixa,6.21,35,15,50,525.07,571.92,"2,0",sim,nao,65,18,nao,finalizado,
FIX-00195,2025-09-24,Uberlândia,MG,Centro,C479,P41,hidraulica,eletricista,baixa,"4,98",48,31,79,"459,17",373.36,2.6,sim,nao,125,33,nao,finalizado,
FIX-00196,2025-03-03,Salvador,BA,Santa Maria,C482,P57,eletrica,jardineiro,baixa,"5,5",29,32,61,"96,68","84,67",4.4,nao,nao,69,51,nao,procesado,
FIX-00197,31/07/2025,Uberaba,MG,Centro,C427,P148,hidraulica,encanador,alta,13.37,97,78,175,"241,11",231.27,3.4,nao,nao,163,20,sim,procesado,
FIX-00198,07-10-2025,São Paulo,SP,Jardim America,C208,P103,pintura,montador,media,"4,38",25,110,135,749.87,703.38,2.6,sim,nao,105,76,,em_andamento,
FIX-00199,2025-03-25,Uberlândia,MG,Industrial,C226,P46,eletrica,montador,media,"5,74",34,113,147,257.01,240.08,5,sim,nao,190,43,nao,em_andamento,
FIX-00200,2025-08-29,Curitiba,PR,Morumbi,C9,P108,eletrica,montador,baixa,13.0,82,56,138,254.69,240.95,5,nao,nao,198,3,sim,procesado,
FIX-00201,data_invalida,São Paulo,SP,Planalto,C452,P46,eletrica,encanador,alta,6.62,63,56,119,503.04,"449,45",3.8,nao,nao,218,26,sim,finalizado,
FIX-00202,2025-05-23,São Paulo,SP,Santa Maria,C424,P4,hidraulica,limpeza,alta,0.3,5,154,159,108.27,124.23,4.8,sim,nao,310,16,,em_andamento,
FIX-00203,10-11-2025,Uberlândia,MG,Morumbi,C491,P4,jardinagem,jardineiro,baixa,9.31,44,15,59,519.47,575.19,5,nao,nao,270,22,sim,,
FIX-00204,2025-10-12,Curitiba,pr,Morumbi,C278,P27,eletrica,montador,alta,10.29,89,66,155,519.19,511.12,4.9,nao,nao,285,25,,cancelado,
FIX-00205,2025-01-07,Uberlândia,MG,Centro,C91,P75,hidraulica,jardineiro,media,17.13,151,58,209,173.45,189.62,5,nao,nao,187,66,nao,,
FIX-00206,10/02/2025,Uberlândia,mg,Industrial,C426,P130,eletrica,eletricista,alta,9.25,76,73,149,"655,89",678.13,5,nao,nao,295,68,nao,finalizado,
FIX-00207,2025-05-02,São Paulo,SP,Boa Vista,C357,P54,pintura,limpeza,alta,4.36,25,41,66,444.04,"432,85",3.1,nao,nao,147,15,nao,finalizado,
FIX-00208,02-09-2025,Campinas,SP,Industrial,C183,P97,eletrica,jardineiro,baixa,6.42,58,94,152,655.72,776.41,4.8,sim,nao,281,2,sim,procesado,
FIX-00209,2025-08-31,Goiânia,GO,Industrial,C67,P64,eletrica,eletricista,media,8.19,52,28,80,"725,31",641.28,"3,5",nao,sim,94,57,sim,cancelado,
FIX-00210,2025-08-23,Curitiba,PR,Boa Vista,C79,P71,montagem,montador,media,5.19,36,86,122,356.5,"288,1",3.6,nao,nao,141,9,nao,finalizado,
FIX-00211,2025-01-02,São Paulo,SP,Planalto,C127,P133,eletrica,jardineiro,baixa,5.23,55,56,111,550.89,"515,02",2.9,sim,nao,243,25,nao,em_andamento,
FIX-00212,2025-08-03,Campinas,SP,Centro,C84,P133,hidraulica,encanador geral,baixa,3.72,27,82,109,730.52,"637,42",4.4,nao,nao,331,0,nao,procesado,
FIX-00213,2025-07-30,São Paulo,SP,Boa Vista,C118,P143,pintura,eletricista,baixa,1.35,22,56,78,724.43,855.47,3.3,nao,nao,223,78,sim,procesado,
FIX-00214,2025-03-15,Goiânia,GO,Centro,C168,P19,hidraulica,montador,baixa,11.87,105,55,160,91.58,99.04,3.4,nao,nao,266,75,nao,em_andamento,
FIX-00215,2025-03-29,Campinas,SP,Jardim America,C85,P45,montagem,eletricista,emergencial,0.3,5,129,134,752.08,649.8,4.3,nao,nao,151,39,sim,em_andamento,
FIX-00216,2025-06-21,Uberlândia,MG,Industrial,C437,P36,limpeza,pintor,alta,7.73,48,102,150,599.84,699.38,4.9,nao,nao,149,40,sim,em_andamento,
FIX-00217,02/02/2025,Uberlândia,MG,Boa Vista,C234,P49,jardinagem,encanador,alta,5.24,,101,133,106.64,"122,07",2.3,sim,nao,243,23,sim,,
FIX-00218,11/10/2025,Uberlândia,MG,Santa Maria,C425,P78,montagem_moveis,encanador,baixa,6.27,,85,145,890.21,"883,97","4,6",nao,nao,329,70,,cancelado,
FIX-00219,data_invalida,São Paulo,SP,Morumbi,C262,P35,pintura,encanador,alta,12.44,59,15,74,152.69,133.05,"2,3",sim,nao,51,43,nao,em_andamento,
FIX-00220,2025-04-03,salvador,BA,Morumbi,C316,P140,hidraulica,limpeza,alta,"15,63",131,97,228,351.02,310.64,4.8,nao,nao,21,52,sim,cancelado,
FIX-00221,2025-07-02,Goiânia,GO,Morumbi,C321,P50,eletric.,encanador,alta,0.3,5,89,94,413.41,396.66,4.1,nao,nao,70,28,sim,,
FIX-00222,2025-01-12,Curitiba,PR,Santa Maria,C21,P62,montagem,encanador,baixa,8.69,41,86,127,522.64,442.9,5.0,nao,nao,306,47,,finalizado,
FIX-00223,15/10/2025,Uberaba,MG,Industrial,C302,P125,hidraulica,eletricista,media,"1,03",5,62,67,397.88,319.31,4.2,nao,nao,279,62,sim,cancelado,
FIX-00224,2025-04-07,Salvador,BA,Jardim America,C373,P120,hidraulica,montador,baixa,"6,34",68,170,238,658.8,680.42,4.0,nao,nao,178,23,nao,em_andamento,
FIX-00225,14/06/2025,Uberaba,MG,Boa Vista,C356,P71,montagem,eletricista,emergencial,9.4,61,15,76,825.26,853.51,4.3,nao,nao,43,6,sim,em_andamento,
FIX-00226,2025-04-06,Uberlândia,MG,Morumbi,C408,P66,hidraulica,montador,media,"6,03",70,41,111,"326,32",282.72,3.2,nao,nao,136,59,sim,cancelado,
FIX-00227,2025-03-10,São Paulo,sp,Jardim America,C32,P20,eletrica,eletrica_geral,media,3.92,30,60,90,"579,8","675,48",5,nao,sim,72,26,,em_andamento,
FIX-00228,2025-05-21,São Paulo,SP,Jardim America,C454,P4,montagem,eletricista,baixa,15.16,40,145,185,"430,3",513.13,4.3,nao,sim,40,10,,em_andamento,
FIX-00229,2025-06-27,Salvador,BA,Morumbi,C163,P25,hidraulica,eletricista,baixa,12.81,99,88,187,195.52,190.48,4.7,nao,nao,44,40,sim,em_andamento,
FIX-00230,2025-07-02,Uberaba,MG,Jardim America,C115,P28,hidraulica,pintor,baixa,4.89,25,103,128,130.54,149.09,"3,6",nao,nao,33,60,,procesado,
FIX-00231,2025-05-02,Goiânia,GO,Santa Maria,C64,P112,eletrica,pintor,baixa,3.49,21,106,127,594.28,706.52,"3,7",nao,nao,204,59,,em_andamento,
FIX-00232,2025-06-03,Curitiba,PR,Planalto,C189,P143,hidraulica,eletricista,media,3.7,19,109,128,629.44,621.46,"3,7",nao,nao,88,23,nao,procesado,
FIX-00233,2025-03-07,Campinas,SP,Morumbi,C61,P20,hidraulica,montador,emergencial,"13,8",74,168,242,374.56,408.23,3.0,nao,nao,51,5,sim,,
FIX-00234,2025-06-22,Goiânia,GO,Centro,C441,P37,pintura,limpeza,baixa,8.08,32,76,108,362.88,324.68,3.1,nao,nao,176,31,sim,procesado,
FIX-00235,2025-06-07,são paulo,SP,Centro,C148,P45,eletrica,eletrica_geral,alta,4.02,39,87,126,"746,09",719.73,4.3,nao,nao,134,49,sim,,
FIX-00236,2025-07-03,Salvador,BA,Jardim America,C196,P115,eletrica,pintor,media,16.01,,100,184,"301,97","324,71",4.7,nao,nao,198,67,sim,cancelado,
FIX-00237,2025-10-04,Uberaba,MG,Morumbi,C473,P15,hidraulicaa,encanador,alta,3.26,17,106,123,"541,79",534.09,3.6,nao,nao,62,63,,em_andamento,
FIX-00238,2025-05-17,uberaba,MG,Centro,C390,P19,eletrica,jardineiro,alta,0.3,5,114,119,573.56,614.82,"4,1",nao,nao,302,22,sim,finalizado,
FIX-00239,06-11-2025,Campinas,SP,Industrial,C475,P14,montagem,eletrica_geral,baixa,3.57,47,90,137,555.8,647.64,5,nao,nao,307,40,nao,,
FIX-00240,2025-02-03,Uberaba,MG,Boa Vista,C208,P126,eletrica,eletricista,media,6.63,44,76,120,330.49,331.72,"4,3",nao,nao,313,51,nao,,
FIX-00241,2025-06-16,Campinas,SP,Industrial,C478,P10,montagem,pintor,emergencial,10.25,65,105,170,791.17,776.67,2.9,sim,nao,88,75,sim,procesado,
FIX-00242,2025-10-09,Goiânia,GO,Jardim America,C473,P75,pintura,pintor,baixa,13.19,73,60,133,720.92,"690,05",3.6,nao,nao,269,30,nao,em_andamento,
FIX-00243,2025-01-05,Campinas,SP,Planalto,C412,P141,hidraulica,encanador,alta,14.96,,15,78,689.84,613.42,5,nao,nao,231,9,nao,cancelado,
FIX-00244,12/02/2025,Uberaba,mg,Industrial,C446,P6,eletrica,eletricista,alta,8.45,67,24,91,833.94,814.43,3.9,nao,nao,13,4,,em_andamento,
FIX-00245,2025-01-20,uberlândia,MG,Boa Vista,C136,P95,montagem,encanador,emergencial,"5,08",19,42,61,657.41,550.64,3.8,nao,nao,306,75,nao,procesado,
FIX-00246,2025-07-07,Curitiba,PR,Planalto,C198,P128,pintura,encanador,media,1.51,9,85,94,580.95,473.06,4.5,nao,nao,92,7,sim,cancelado,
FIX-00247,15/08/2025,São Paulo,SP,Jardim America,C416,P69,montagem,pintor,media,3.66,28,57,85,320.88,366.76,2.7,sim,nao,54,16,sim,procesado,
FIX-00248,2025-07-09,Uberaba,MG,Santa Maria,C392,P12,montagem_moveis,jardineiro,baixa,"5,25",57,121,178,820.16,715.02,2.5,sim,nao,23,68,sim,,
FIX-00249,31/08/2025,curitiba,PR,Jardim America,C193,P23,eletrica,eletricista,media,6.74,60,66,126,616.32,719.2,3.2,nao,nao,144,79,nao,em_andamento,
FIX-00250,2025-04-09,Salvador,BA,Planalto,C254,P24,hidraulica,eletricista,media,10.99,78,99,177,739.55,797.73,2.4,sim,sim,49,13,nao,finalizado,
FIX-00251,2025-02-19,Campinas,SP,Planalto,C428,P91,jardinagem,montador,baixa,13.31,87,69,156,467.73,520.21,5,nao,nao,301,12,,,
FIX-00252,2025-01-09,Uberlândia,MG,Boa Vista,C85,P107,hidraulica,montador,media,8.8,68,59,127,149.16,148.12,5,nao,nao,28,13,sim,procesado,
FIX-00253,2025-02-13,Uberlândia,MG,Boa Vista,C141,P86,pintura,pintor,alta,9.05,62,29,91,824.2,710.86,3.8,nao,nao,305,21,,finalizado,
FIX-00254,2025-01-11,Campinas,sp,Morumbi,C198,P78,montagem,eletricista,baixa,6.2,55,28,83,788.74,905.19,3.8,sim,nao,7,55,nao,procesado,
FIX-00255,2025-06-09,são paulo,SP,Centro,C497,P101,eletrica,pintor,baixa,11.05,44,15,59,"890,29",868.45,4.1,nao,nao,189,22,sim,em_andamento,
FIX-00256,08-13-2025,Curitiba,PR,Jardim America,C18,P144,hidraulica,limpeza,media,8.09,46,83,129,510.02,482.03,5,nao,nao,68,56,nao,em_andamento,
FIX-00257,2025-03-15,São Paulo,SP,Santa Maria,C193,P142,hidraulica,pintor,alta,9.2,58,93,151,"153,87","182,17",2.5,sim,nao,295,41,nao,cancelado,
FIX-00258,2025-06-13,Salvador,BA,Centro,C145,P145,pintura,eletricista,alta,3.18,35,90,125,504.73,"523,09",5,nao,nao,255,13,,finalizado,
FIX-00259,2025-07-15,Curitiba,PR,Planalto,C420,P68,hidraulica,eletricista,alta,7.94,58,18,76,480.5,474.77,5,nao,nao,245,36,,cancelado,
FIX-00260,2025-01-09,São Paulo,SP,Boa Vista,C363,P100,hidraulica,eletricista,alta,3.77,20,50,70,"879,97","831,47",4.4,nao,nao,36,76,,procesado,
FIX-00261,2025-04-08,Curitiba,PR,Planalto,C344,P10,jardinagem,montador,media,"5,29",32,45,77,119.32,142.82,4.0,nao,nao,88,27,sim,em_andamento,
FIX-00262,03-17-2025,Salvador,BA,Industrial,C83,P115,hidraulicaa,montador,media,2.57,17,70,87,814.1,832.93,4.3,nao,nao,320,11,,finalizado,
FIX-00263,30/03/2025,Salvador,BA,Boa Vista,C14,P5,eletrica,encanador,baixa,9.81,48,15,63,363.96,346.53,4.1,nao,sim,312,67,sim,,
FIX-00264,2025-09-29,Campinas,SP,Morumbi,C437,P118,pintura,limpeza,emergencial,"0,3",5,101,106,199.51,231.05,2.8,sim,sim,106,31,nao,em_andamento,
FIX-00265,02-09-2025,São Paulo,SP,Jardim America,C487,P100,pintura,jardineiro,baixa,10.91,90,102,192,420.87,480.47,"4,6",nao,nao,109,3,nao,em_andamento,
FIX-00266,2025-02-03,Campinas,SP,Planalto,C34,P144,hidraulica,eletricista,media,11.16,97,54,151,729.26,793.4,3.0,nao,nao,231,6,sim,,
FIX-00267,2025-01-17,Salvador,BA,Santa Maria,C347,P3,hidraulica,eletricista,baixa,3.61,46,138,184,443.11,468.0,4.9,nao,nao,68,53,sim,cancelado,
FIX-00268,03/09/2025,Uberlândia,MG,Centro,C18,P85,montagem,eletricista,alta,10.0,80,140,220,475.75,526.46,4.2,nao,nao,346,49,,procesado,
FIX-00269,2025-10-14,Salvador,BA,Planalto,C402,P133,montagem,encanador,baixa,3.24,34,130,164,387.76,346.35,"3,6",nao,nao,94,19,,finalizado,
FIX-00270,2025-06-03,Campinas,SP,Planalto,C342,P134,eletrica,pintor,media,9.59,71,52,123,278.81,249.01,"4,0",nao,nao,246,33,sim,,
FIX-00271,2025-08-05,Campinas,SP,Centro,C32,P95,eletrica,montador,baixa,7.49,29,61,90,82.87,96.79,4.1,nao,nao,37,5,sim,finalizado,
FIX-00272,2025-04-18,Salvador,BA,Boa Vista,C32,P20,jardinagem,limpeza,media,"9,04",55,88,143,808.53,"970,15",2.1,sim,sim,254,58,sim,finalizado,
FIX-00273,2025-08-12,Curitiba,PR,Santa Maria,C363,P92,montagem_moveis,pintor,alta,11.55,85,106,191,141.85,140.97,2.3,sim,nao,207,48,,procesado,
FIX-00274,2025-03-31,Campinas,sp,Santa Maria,C288,P108,montagem,pintor,media,8.61,74,83,157,489.0,502.36,4.4,nao,nao,114,14,,finalizado,
FIX-00275,23/06/2025,Campinas,SP,Boa Vista,C292,P71,montagem_moveis,montador,baixa,11.32,98,60,158,"173,44",151.46,4.9,nao,nao,41,38,nao,em_andamento,
FIX-00276,2025-09-25,Goiânia,GO,Santa Maria,C71,P24,eletrica,eletricista,alta,5.0,44,15,59,"175,15",154.14,"4,4",nao,nao,61,23,,procesado,
FIX-00277,2025-07-11,Uberaba,MG,Planalto,C8,P9,hidraulica,jardineiro,media,3.46,24,15,39,878.71,825.96,3.3,nao,nao,252,73,,procesado,
FIX-00278,08-08-2025,Curitiba,PR,Jardim America,C210,P119,montagem_moveis,montador,alta,2.1,13,91,104,879.19,996.17,2.7,sim,nao,177,45,,,
FIX-00279,2025-06-26,Uberlândia,MG,Jardim America,C439,P148,pintura,eletricista,media,2.99,28,138,166,641.21,690.01,2.1,sim,sim,152,16,nao,cancelado,
FIX-00280,2025-06-11,uberlândia,MG,Santa Maria,C162,P23,eletrica,pintor,media,"3,81",22,67,89,890.92,844.78,3.1,nao,nao,40,22,sim,,
FIX-00281,09/03/2025,Curitiba,PR,Santa Maria,C38,P49,pintura,montador,media,8.87,76,65,141,109.39,122.85,5,nao,nao,361,15,sim,procesado,
FIX-00282,10-17-2025,Curitiba,PR,Jardim America,C380,P36,eletric.,eletricista,emergencial,6.33,28,159,187,873.87,779.53,"4,5",nao,nao,23,58,sim,em_andamento,
FIX-00283,01-03-2025,Campinas,sp,Morumbi,C280,P16,montagem,eletricista,baixa,6.45,27,101,128,287.14,316.55,2.8,sim,sim,152,80,nao,procesado,
FIX-00284,2025-04-18,São Paulo,SP,Santa Maria,C285,P34,pintura,pintor,baixa,8.65,49,97,146,717.63,846.88,"3,8",nao,nao,42,54,,cancelado,
FIX-00285,19/10/2025,Salvador,BA,Morumbi,C41,P31,montagem,montador,media,13.29,97,15,112,818.77,667.8,3.8,sim,nao,202,69,sim,cancelado,
FIX-00286,2025-10-14,Uberaba,MG,Industrial,C380,P131,pintura,montador,media,6.36,23,51,74,752.59,"855,28",5,nao,nao,294,66,,finalizado,
FIX-00287,2025-03-25,São Paulo,SP,Jardim America,C93,P89,pintura,eletricista,baixa,10.69,51,87,138,884.37,840.37,5,nao,nao,98,39,nao,finalizado,
FIX-00288,2025-05-14,São Paulo,SP,Santa Maria,C422,P13,hidraulica,eletricista,baixa,8.43,71,35,106,307.19,247.08,5,nao,nao,311,70,nao,em_andamento,
FIX-00289,2025-02-11,salvador,BA,Morumbi,C437,P42,eletrica,jardineiro,media,8.57,67,78,145,378.26,365.69,"3,1",nao,nao,178,75,sim,em_andamento,
FIX-00290,2025-04-03,Curitiba,PR,Santa Maria,C427,P68,pintura,pintor,media,"8,16",60,119,179,125.12,138.08,4.8,nao,nao,219,67,sim,finalizado,
FIX-00291,2025-02-20,Curitiba,PR,Planalto,C433,P141,hidraulica,encanador,media,"2,23",5,52,57,416.9,"465,89",5,nao,nao,133,33,sim,procesado,
FIX-00292,2025-08-31,São Paulo,SP,Jardim America,C29,P137,pintura,pintor,baixa,7.43,89,74,163,607.03,"559,3",2.5,sim,nao,198,78,nao,cancelado,
FIX-00293,2025-03-14,Campinas,SP,Jardim America,C278,P105,jardinagem,limpeza,baixa,9.5,84,63,147,217.63,252.66,4.8,sim,nao,219,31,sim,cancelado,
FIX-00294,2025-03-03,São Paulo,SP,Morumbi,C234,P81,hidraulica,pintor,alta,"8,51",56,97,153,"818,77",688.19,5,nao,nao,328,48,nao,procesado,
FIX-00295,2025-09-30,São Paulo,SP,Jardim America,C427,P108,montagem,montador,alta,10.99,58,15,73,294.04,317.51,5,sim,nao,170,74,,,
FIX-00296,2025-02-03,Curitiba,PR,Centro,C120,P79,limpeza,eletricista,baixa,"11,19",80,148,228,181.11,207.63,3.5,nao,nao,165,2,,,
FIX-00297,2025-08-17,Salvador,BA,Boa Vista,C323,P91,hidraulicaa,encanador,baixa,7.26,40,65,105,206.86,204.22,3.2,nao,nao,107,12,nao,finalizado,
FIX-00298,2025-10-17,São Paulo,SP,Jardim America,C279,P85,montagem,pintor,alta,2.13,16,17,33,344.72,340.3,5,nao,nao,267,80,nao,,
FIX-00299,2025-09-30,Campinas,SP,Planalto,C496,P46,eletrica,encanador geral,media,5.57,46,87,133,387.32,411.48,3.5,nao,nao,92,80,sim,em_andamento,
FIX-00300,2025-10-14,Campinas,SP,Industrial,C445,P23,hidraulica,encanador,alta,11.24,68,110,178,326.23,324.67,3.4,nao,nao,346,7,nao,finalizado,
FIX-00301,2025-09-02,Curitiba,PR,Jardim America,C428,P84,eletrica,pintor,baixa,0.3,5,116,121,324.98,349.97,3.3,nao,nao,44,67,,,
FIX-00302,2025-02-02,Curitiba,PR,Centro,C126,P56,limpeza,jardineiro,baixa,10.19,56,65,121,421.5,354.97,2.3,sim,nao,69,52,nao,,
FIX-00303,2025-08-21,Uberaba,MG,Centro,C82,P30,jardinagem,jardineiro,alta,0.3,9,59,68,306.66,290.0,4.5,nao,nao,171,23,nao,,
FIX-00304,data_invalida,Uberaba,MG,Jardim America,C58,P123,hidraulica,pintor,alta,7.94,66,112,178,745.52,695.51,4.9,nao,nao,342,41,nao,procesado,
FIX-00305,2025-06-05,goiânia,GO,Centro,C396,P68,limpeza,encanador,baixa,"8,17",60,31,91,"390,96",356.76,3.9,nao,nao,261,66,nao,cancelado,
FIX-00306,2025-10-06,Campinas,SP,Santa Maria,C441,P50,eletrica,pintor,baixa,2.44,26,68,94,431.87,491.27,5,nao,nao,267,1,nao,procesado,
FIX-00307,2025-02-03,uberaba,MG,Industrial,C209,P34,eletric.,eletrica_geral,baixa,"11,34",82,114,196,632.06,584.7,5,nao,nao,209,14,,em_andamento,
FIX-00308,2025-01-02,Uberlândia,MG,Planalto,C365,P89,jardinagem,montador,baixa,1.91,11,51,62,"836,85",741.05,4.7,nao,nao,218,30,nao,cancelado,
FIX-00309,06-27-2025,Campinas,sp,Santa Maria,C43,P108,jardinagem,eletricista,baixa,3.65,28,23,51,166.08,"164,51",4.3,nao,nao,119,38,nao,,
FIX-00310,2025-09-30,uberlândia,mg,Centro,C90,P4,pintura,encanador,media,6.12,52,138,190,307.49,346.47,5.0,nao,nao,13,61,nao,cancelado,
FIX-00311,2025-06-04,Curitiba,PR,Santa Maria,C245,P53,jardinagem,montador,baixa,"11,34",65,86,151,176.0,194.56,3.2,nao,sim,66,19,nao,,
FIX-00312,2025-04-12,Uberaba,MG,Jardim America,C330,P76,eletrica,encanador,alta,1.93,15,77,92,285.3,331.03,3.6,nao,nao,36,78,,,
FIX-00313,data_invalida,São Paulo,SP,Industrial,C162,P73,hidraulica,encanador,alta,9.82,77,101,178,105.15,117.59,5,nao,nao,214,53,sim,,
FIX-00314,2025-04-05,Salvador,BA,Santa Maria,C208,P77,pintura,pintor,alta,2.57,34,147,181,159.45,185.31,2.9,sim,nao,124,68,sim,procesado,
FIX-00315,2025-03-05,Curitiba,PR,Industrial,C287,P50,pintura,pintor,baixa,12.86,91,103,194,342.72,395.58,1.7,sim,nao,350,54,sim,cancelado,
FIX-00316,2025-08-29,Uberaba,MG,Jardim America,C135,P117,eletrica,limpeza,alta,6.41,45,74,119,230.33,192.55,5,nao,nao,101,70,sim,,
FIX-00317,2025-05-28,São Paulo,SP,Industrial,C247,P57,eletrica,pintor,emergencial,13.96,105,15,120,799.03,902.78,4.6,nao,nao,248,0,,cancelado,
FIX-00318,2025-08-11,Goiânia,GO,Boa Vista,C207,P28,eletrica,encanador,baixa,7.64,68,74,142,871.02,"796,8",3.7,nao,nao,102,64,sim,em_andamento,
FIX-00319,2025-05-27,Uberlândia,MG,Industrial,C111,P99,jardinagem,encanador,media,21.09,109,80,189,"683,91",614.88,1.8,sim,nao,112,27,sim,em_andamento,
FIX-00320,05/02/2025,São Paulo,SP,Planalto,C397,P126,pintura,montador,media,4.63,29,45,74,875.2,843.7,4.0,nao,nao,192,9,,cancelado,
FIX-00321,2025-04-13,Salvador,BA,Morumbi,C317,P56,hidraulica,montador,baixa,2.51,5,37,42,754.82,650.3,4.4,nao,nao,290,18,,finalizado,
FIX-00322,2025-03-05,Campinas,SP,Morumbi,C183,P27,montagem,montador,alta,10.88,70,115,185,"575,59",524.35,2.4,sim,nao,50,55,sim,cancelado,
FIX-00323,2025-08-18,Uberlândia,MG,Morumbi,C155,P53,hidraulica,eletricista,alta,"0,41",11,122,133,"695,9","581,16",5,nao,nao,113,0,,finalizado,
FIX-00324,2025-10-18,salvador,BA,Morumbi,C34,P135,eletrica,limpeza,alta,2.38,22,27,49,678.65,806.46,2.3,sim,nao,268,5,,,
FIX-00325,28/09/2025,Uberaba,MG,Jardim America,C143,P52,pintura,encanador,media,3.26,32,43,75,208.38,"199,42",4.0,nao,nao,95,22,sim,,
FIX-00326,2025-02-09,Campinas,SP,Morumbi,C416,P55,hidraulica,encanador,baixa,11.68,80,136,216,773.37,869.09,3.3,nao,nao,341,57,nao,cancelado,
FIX-00327,01-24-2025,Campinas,sp,Centro,C203,P94,hidraulica,encanador,alta,12.98,113,94,207,826.79,870.96,3.4,sim,nao,108,3,nao,cancelado,
FIX-00328,2025-08-24,São Paulo,SP,Planalto,C289,P64,montagem,limpeza,baixa,"7,5",28,15,43,113.92,"105,75",2.9,sim,sim,79,22,sim,,
FIX-00329,17/10/2025,Salvador,BA,Centro,C141,P139,eletrica,eletricista,media,"11,03",85,15,100,669.38,796.75,"3,5",sim,nao,336,50,,,
FIX-00330,23/04/2025,Curitiba,PR,Industrial,C297,P18,jardinagem,eletricista,baixa,4.47,53,87,140,833.23,692.98,2.4,sim,nao,153,79,nao,procesado,
FIX-00331,2025-03-23,Campinas,SP,Santa Maria,C301,P121,pintura,pintor,baixa,10.71,69,110,179,355.97,378.68,4.1,nao,nao,356,51,,finalizado,
FIX-00332,2025-10-02,Curitiba,PR,Boa Vista,C456,P120,eletrica,montador,media,5.57,31,68,99,190.9,205.29,5,nao,nao,117,71,nao,cancelado,
FIX-00333,2025-05-25,Uberaba,MG,Centro,C176,P148,jardinagem,encanador,baixa,"14,79",123,72,195,457.57,"488,85",4.3,nao,nao,250,31,,procesado,
FIX-00334,2025-04-27,Curitiba,PR,Morumbi,C227,P38,pintura,eletricista,alta,6.21,54,113,167,886.44,752.8,3.1,nao,nao,347,68,nao,finalizado,
FIX-00335,2025-04-14,Goiânia,go,Jardim America,C350,P133,hidraulica,montador,emergencial,"1,67",14,34,48,691.11,633.83,4.4,nao,nao,8,40,nao,em_andamento,
FIX-00336,2025-05-25,São Paulo,SP,Jardim America,C254,P149,eletrica,montador,baixa,12.09,98,57,155,662.43,652.18,"1,4",sim,nao,89,7,,finalizado,
FIX-00337,2025-06-15,Goiânia,GO,Morumbi,C393,P149,hidraulica,jardineiro,media,3.0,38,39,77,218.67,210.09,4.0,nao,nao,132,22,sim,em_andamento,
FIX-00338,2025-10-04,Uberaba,MG,Santa Maria,C106,P52,montagem,montador,baixa,8.16,57,106,163,436.45,445.72,4.4,nao,nao,62,75,,procesado,
FIX-00339,03-14-2025,São Paulo,SP,Planalto,C94,P50,pintura,eletricista,baixa,2.86,30,103,133,891.72,957.29,"2,3",sim,nao,182,76,nao,cancelado,
FIX-00340,25/07/2025,Goiânia,GO,Industrial,C380,P76,limpeza,encanador,media,2.67,27,81,108,579.74,681.35,4.5,nao,nao,132,19,nao,cancelado,
FIX-00341,2025-01-15,Salvador,BA,Boa Vista,C180,P25,eletrica,encanador,baixa,2.4,12,87,99,"290,48",276.09,4.4,nao,nao,90,6,sim,em_andamento,
FIX-00342,09-21-2025,goiânia,go,Santa Maria,C103,P4,pintura,limpeza,baixa,"9,08",73,158,231,143.77,160.01,3.4,nao,nao,269,23,,procesado,
FIX-00343,2025-01-23,Goiânia,GO,Santa Maria,C480,P16,pintura,limpeza,alta,5.95,59,106,165,766.83,771.9,2.7,sim,nao,85,18,,cancelado,
FIX-00344,2025-10-06,Uberlândia,MG,Centro,C337,P33,hidraulica,jardineiro,media,2.04,26,80,106,663.18,734.11,3.2,nao,nao,166,77,nao,cancelado,
FIX-00345,2025-09-14,Campinas,SP,Centro,C255,P124,montagem,pintor,media,3.13,13,107,120,457.9,410.99,5,nao,sim,85,1,sim,,
FIX-00346,2025-06-21,Curitiba,PR,Jardim America,C81,P96,eletrica,encanador,media,2.61,22,57,79,547.47,484.21,5,nao,nao,230,75,sim,finalizado,
FIX-00347,data_invalida,Uberlândia,MG,Santa Maria,C304,P65,pintura,limpeza,emergencial,2.5,23,132,155,312.62,347.64,3.3,nao,sim,308,44,nao,finalizado,
FIX-00348,2025-10-05,Goiânia,GO,Boa Vista,C203,P135,eletrica,pintor,baixa,3.39,15,99,114,836.29,960.85,5,nao,nao,338,61,,em_andamento,
FIX-00349,2025-09-12,São Paulo,SP,Morumbi,C26,P80,pintura,pintor,baixa,"5,21",41,112,153,"626,22","695,82",3.6,nao,nao,73,78,nao,,
FIX-00350,2025-02-09,Goiânia,GO,Santa Maria,C285,P114,hidraulica,eletricista,baixa,"10,78",51,56,107,"872,0",756.57,2.5,sim,nao,181,49,nao,,
FIX-00351,2025-10-03,Uberlândia,MG,Centro,C311,P15,jardinagem,montador,media,0.89,5,15,20,"612,55",654.8,4.2,sim,nao,281,50,nao,finalizado,
FIX-00352,2025-03-18,Salvador,BA,Centro,C326,P15,limpeza,encanador,baixa,9.7,62,20,82,"771,36",852.87,5,nao,nao,257,7,,procesado,
FIX-00353,2025-08-19,Campinas,SP,Santa Maria,C285,P23,eletrica,montador,baixa,6.39,34,137,171,391.52,423.63,1.9,sim,nao,42,5,,em_andamento,
FIX-00354,2025-02-13,Campinas,SP,Planalto,C301,P36,montagem,encanador,media,"9,45",68,114,182,"775,03","672,49","3,7",nao,nao,103,50,,procesado,
FIX-00355,2025-07-07,Uberaba,MG,Boa Vista,C407,P77,hidraulica,eletricista,baixa,5.43,44,48,92,"392,14",422.53,3.1,nao,nao,100,53,sim,cancelado,
FIX-00356,2025-04-04,Campinas,SP,Jardim America,C248,P124,jardinagem,encanador,media,3.78,31,26,57,738.21,"648,52","2,6",sim,nao,65,55,nao,cancelado,
FIX-00357,2025-10-18,Uberaba,MG,Boa Vista,C248,P138,eletrica,montador,emergencial,5.18,32,15,47,804.47,"731,28",2.3,sim,nao,125,63,sim,,
FIX-00358,2025-05-31,Campinas,SP,Morumbi,C430,P24,pintura,encanador,alta,6.55,57,75,132,852.61,993.09,4.9,nao,sim,225,34,sim,procesado,
FIX-00359,data_invalida,Curitiba,PR,Jardim America,C324,P106,pintura,encanador,baixa,"11,26",88,68,156,229.89,243.63,4.5,sim,sim,151,67,sim,cancelado,
FIX-00360,2025-07-05,Uberlândia,MG,Santa Maria,C34,P78,hidraulicaa,pintor,media,9.49,64,48,112,"310,6","266,3",3.4,nao,sim,326,57,sim,finalizado,
FIX-00361,2025-10-16,São Paulo,SP,Santa Maria,C313,P20,pintura,montador,media,10.57,83,79,162,"658,71",741.18,1.3,sim,nao,324,8,nao,cancelado,
FIX-00362,data_invalida,são paulo,SP,Jardim America,C336,P79,pintura,montador,media,8.0,31,64,95,424.63,376.78,4.2,nao,nao,42,80,,procesado,
FIX-00363,04-29-2025,Curitiba,PR,Centro,C225,P62,hidraulica,eletricista,baixa,10.2,55,87,142,136.55,116.11,3.1,nao,nao,250,46,nao,,
FIX-00364,2025-05-31,Uberlândia,MG,Planalto,C218,P65,pintura,limpeza,baixa,9.21,97,109,206,"816,4",811.87,"4,7",nao,nao,152,44,nao,,
FIX-00365,2025-05-04,São Paulo,sp,Industrial,C338,P68,jardinagem,pintor,media,7.82,58,90,148,569.39,518.57,3.0,nao,sim,23,60,sim,em_andamento,
FIX-00366,2025-02-11,Salvador,BA,Industrial,C483,P121,eletrica,encanador,baixa,"18,01",113,20,133,444.74,487.14,4.1,nao,sim,281,11,nao,procesado,
FIX-00367,21/07/2025,Uberlândia,mg,Santa Maria,C326,P82,montagem,eletricista,media,12.75,76,15,91,"206,09","229,62",2.6,sim,sim,266,47,nao,procesado,
FIX-00368,2025-05-17,Curitiba,PR,Centro,C440,P3,jardinagem,encanador,media,10.82,93,90,183,343.1,368.28,5,nao,nao,189,4,nao,cancelado,
FIX-00369,2025-01-13,Uberaba,MG,Industrial,C474,P95,limpeza,encanador geral,baixa,3.96,35,77,112,213.19,204.3,5,nao,nao,61,74,nao,finalizado,
FIX-00370,2025-03-28,Campinas,SP,Industrial,C221,P60,eletrica,eletricista,media,1.12,7,112,119,820.88,780.56,2.8,sim,nao,4,12,nao,finalizado,
FIX-00371,2025-05-13,Campinas,sp,Santa Maria,C424,P136,hidraulica,encanador,baixa,"6,38",20,144,164,658.91,725.21,4.3,nao,nao,122,16,,cancelado,
FIX-00372,2025-01-20,Curitiba,PR,Planalto,C256,P101,eletrica,encanador,baixa,"2,06",,85,99,885.12,973.38,4.6,nao,nao,247,53,sim,finalizado,
FIX-00373,08-08-2025,São Paulo,SP,Jardim America,C65,P73,montagem,eletricista,alta,10.31,102,44,146,173.26,147.9,4.7,nao,nao,99,68,nao,em_andamento,
FIX-00374,04-19-2025,Uberlândia,mg,Industrial,C259,P63,eletric.,encanador,emergencial,1.19,15,64,79,158.72,179.17,3.5,nao,nao,61,10,sim,procesado,
FIX-00375,2025-04-05,Curitiba,PR,Morumbi,C391,P15,jardinagem,jardineiro,baixa,2.52,29,84,113,829.22,814.01,3.6,nao,nao,136,21,nao,procesado,
FIX-00376,2025-08-09,Campinas,SP,Morumbi,C480,P94,eletrica,jardineiro,baixa,"5,63",33,68,101,"897,3",795.4,4.8,nao,nao,263,7,,cancelado,
FIX-00377,2025-03-23,Uberlândia,MG,Centro,C49,P99,jardinagem,encanador,media,0.3,5,25,30,469.1,378.29,3.5,nao,nao,355,70,,procesado,
FIX-00378,2025-05-09,Salvador,BA,Boa Vista,C455,P22,limpeza,encanador,alta,"4,9",39,97,136,389.59,341.43,3.5,nao,nao,123,68,nao,finalizado,
FIX-00379,2025-05-02,Salvador,BA,Morumbi,C46,P3,montagem,montador,baixa,4.86,31,68,99,"274,07",232.78,4.5,sim,nao,265,54,nao,procesado,
FIX-00380,2025-06-17,Uberlândia,MG,Planalto,C20,P116,eletrica,encanador,emergencial,"12,77",90,118,208,668.43,639.16,3.0,nao,nao,154,78,nao,finalizado,
FIX-00381,2025-02-08,Goiânia,go,Morumbi,C333,P44,pintura,pintor,baixa,4.51,,49,79,82.56,71.04,2.3,sim,sim,313,8,nao,,
FIX-00382,2025-10-28,Goiânia,GO,Planalto,C500,P140,pintura,montador,baixa,4.14,22,61,83,108.26,"108,2",2.8,sim,sim,167,11,nao,procesado,
FIX-00383,08/05/2025,Uberaba,MG,Morumbi,C117,P32,jardinagem,pintor,baixa,"14,09",100,88,188,488.55,"399,5",4.8,nao,nao,35,7,,procesado,
FIX-00384,2025-05-04,São Paulo,SP,Industrial,C248,P77,hidraulica,encanador,alta,6.4,53,73,126,471.0,507.56,3.3,sim,sim,196,20,nao,cancelado,
FIX-00385,2025-05-09,Uberlândia,MG,Morumbi,C407,P48,eletrica,eletricista,baixa,"4,91",,78,114,485.34,551.78,2.0,sim,nao,84,27,sim,,
FIX-00386,2025-08-12,Goiânia,GO,Planalto,C258,P99,montagem,pintor,baixa,6.88,72,35,107,"643,93",630.66,4.0,nao,nao,114,79,,,
FIX-00387,data_invalida,Uberlândia,MG,Jardim America,C224,P141,eletrica,eletricista,media,4.95,34,64,98,167.94,"156,54",4.6,nao,nao,326,10,nao,,
FIX-00388,2025-07-31,uberlândia,mg,Industrial,C246,P138,pintura,encanador,baixa,6.05,46,16,62,572.89,618.62,3.4,nao,nao,172,48,sim,em_andamento,
FIX-00389,2025-03-15,Salvador,BA,Industrial,C221,P11,eletrica,pintor,media,3.32,10,84,94,217.24,177.57,5.0,nao,nao,69,45,,,
FIX-00390,2025-07-21,Uberlândia,MG,Boa Vista,C159,P124,limpeza,eletricista,baixa,5.02,50,64,114,707.73,712.87,3.2,nao,nao,319,76,sim,procesado,
FIX-00391,2025-09-21,Uberaba,MG,Santa Maria,C492,P150,montagem,encanador,media,0.3,5,28,33,328.26,391.08,4.4,nao,nao,10,53,nao,cancelado,
FIX-00392,2025-01-28,São Paulo,SP,Industrial,C59,P101,pintura,encanador,baixa,6.4,47,52,99,716.7,805.94,4.8,nao,nao,79,79,sim,cancelado,
FIX-00393,2025-08-19,São Paulo,SP,Boa Vista,C247,P52,montagem_moveis,eletricista,baixa,11.94,109,45,154,234.69,"191,26",4.2,nao,nao,94,56,sim,em_andamento,
FIX-00394,2025-06-08,Goiânia,GO,Industrial,C420,P150,hidraulica,montador,baixa,4.49,40,58,98,356.76,384.37,5,nao,nao,62,43,,finalizado,
FIX-00395,2025-03-28,Curitiba,PR,Planalto,C147,P66,pintura,eletricista,baixa,4.83,27,55,82,403.25,452.62,3.5,nao,nao,196,10,sim,,
FIX-00396,2025-06-17,Campinas,SP,Industrial,C193,P119,limpeza,jardineiro,baixa,6.43,72,170,242,744.36,832.02,4.5,nao,nao,75,80,sim,cancelado,
FIX-00397,2025-08-20,Uberaba,MG,Morumbi,C475,P71,eletrica,eletricista,baixa,12.69,70,52,122,284.0,301.24,3.1,nao,nao,77,59,nao,cancelado,
FIX-00398,2025-05-16,goiânia,GO,Santa Maria,C148,P34,pintura,montador,media,7.9,57,15,72,513.54,460.41,5.0,nao,nao,126,5,,,
FIX-00399,21/05/2025,São Paulo,SP,Santa Maria,C443,P15,montagem,eletricista,baixa,"7,39",43,92,135,457.96,"387,72",5,nao,nao,126,43,nao,em_andamento,
FIX-00400,2025-03-12,uberaba,MG,Planalto,C120,P6,pintura,encanador,baixa,11.65,89,116,205,687.02,761.88,2.9,sim,nao,196,34,,cancelado,
FIX-00401,2025-04-18,Uberaba,MG,Centro,C139,P112,jardinagem,pintor,baixa,8.98,74,80,154,189.05,"185,21",3.5,nao,nao,208,20,sim,em_andamento,
FIX-00402,2025-02-05,Uberlândia,MG,Jardim America,C405,P8,hidraulicaa,montador,media,"7,17",68,69,137,112.21,97.68,4.8,nao,nao,78,66,sim,finalizado,
FIX-00403,2025-08-30,salvador,BA,Boa Vista,C482,P126,limpeza,eletrica_geral,baixa,8.26,66,106,172,681.11,683.26,3.3,nao,nao,248,77,sim,finalizado,
FIX-00404,2025-04-28,Uberlândia,MG,Santa Maria,C294,P85,montagem,eletricista,media,0.3,5,45,50,819.5,760.33,1.7,sim,nao,175,51,,finalizado,
FIX-00405,data_invalida,salvador,BA,Boa Vista,C63,P49,pintura,limpeza,alta,6.96,64,115,179,130.82,"112,71",4.1,nao,nao,197,41,nao,finalizado,
FIX-00406,2025-03-02,Uberlândia,MG,Morumbi,C7,P44,montagem,montador,emergencial,4.29,40,108,148,"865,26",975.82,4.3,nao,nao,34,18,nao,em_andamento,
FIX-00407,2025-05-06,Salvador,BA,Industrial,C309,P65,pintura,eletricista,media,4.97,39,48,87,257.99,297.5,4.5,nao,nao,259,80,nao,cancelado,
FIX-00408,07/06/2025,Salvador,BA,Santa Maria,C119,P14,jardinagem,limpeza,media,15.46,,51,153,858.26,"752,23",4.3,nao,nao,292,61,nao,procesado,
FIX-00409,2025-03-12,Curitiba,PR,Industrial,C38,P118,jardinagem,pintor,media,9.19,68,93,161,255.09,285.4,4.4,nao,nao,119,34,sim,em_andamento,
FIX-00410,2025-04-16,Uberaba,MG,Santa Maria,C415,P121,hidraulica,jardineiro,baixa,2.98,33,205,238,618.98,555.48,3.2,nao,nao,12,23,,procesado,
FIX-00411,2025-05-13,Goiânia,GO,Jardim America,C269,P5,pintura,encanador,emergencial,7.33,53,69,122,"294,71",287.94,4.5,nao,nao,286,13,nao,procesado,
FIX-00412,03/03/2025,Uberaba,MG,Planalto,C129,P117,eletrica,pintor,baixa,3.54,12,92,104,"683,74","730,22",3.8,nao,sim,298,6,,em_andamento,
FIX-00413,2025-01-06,Uberaba,MG,Santa Maria,C429,P79,hidraulica,jardineiro,alta,9.01,64,138,202,532.59,615.3,4.6,nao,nao,107,48,nao,,
FIX-00414,2025-08-06,Campinas,SP,Centro,C25,P58,pintura,eletricista,baixa,"1,56",15,136,151,253.5,"237,51",3.1,nao,nao,36,60,,cancelado,
FIX-00415,2025-09-30,Salvador,BA,Santa Maria,C207,P147,hidraulica,montador,baixa,7.19,42,29,71,309.38,"334,73",3.3,nao,nao,273,17,nao,finalizado,
FIX-00416,06-06-2025,Curitiba,PR,Centro,C400,P54,eletrica,montador,baixa,0.3,5,81,86,714.39,786.58,3.7,nao,nao,85,28,sim,em_andamento,
FIX-00417,2025-10-17,Salvador,BA,Jardim America,C161,P146,montagem,montador,alta,1.12,5,106,111,719.39,816.6,5,nao,nao,224,27,sim,finalizado,
FIX-00418,data_invalida,São Paulo,SP,Centro,C159,P111,eletrica,montador,baixa,16.24,95,110,205,188.22,"217,87",3.2,nao,nao,276,72,sim,em_andamento,
FIX-00419,07-28-2025,Curitiba,pr,Santa Maria,C298,P12,hidraulica,eletricista,media,17.44,117,108,225,562.96,653.92,4.6,nao,nao,296,54,nao,cancelado,
FIX-00420,2025-09-22,Curitiba,PR,Jardim America,C151,P56,hidraulica,eletricista,baixa,7.96,41,15,56,284.84,277.27,3.9,nao,nao,348,8,,em_andamento,
FIX-00421,2025-06-19,Goiânia,GO,Santa Maria,C197,P90,limpeza,encanador,media,9.44,65,68,133,469.76,384.48,"4,4",nao,nao,324,22,nao,cancelado,
FIX-00422,2025-05-11,Uberlândia,MG,Boa Vista,C443,P92,montagem,encanador,media,12.46,81,121,202,553.77,447.04,4.4,sim,nao,202,19,sim,em_andamento,
FIX-00423,2025-06-30,Goiânia,GO,Industrial,C92,P35,eletrica,encanador,media,8.54,69,25,94,889.6,771.15,4.5,nao,nao,258,48,sim,,
FIX-00424,2025-06-28,Uberlândia,MG,Boa Vista,C459,P94,eletrica,montador,baixa,11.82,62,73,135,777.43,668.17,4.4,sim,nao,252,77,nao,cancelado,
FIX-00425,2025-03-25,Salvador,BA,Centro,C161,P24,pintura,encanador,emergencial,0.3,18,122,140,167.02,144.81,5,nao,nao,158,49,sim,em_andamento,
FIX-00426,2025-08-30,Goiânia,GO,Jardim America,C337,P82,hidraulica,jardineiro,baixa,1.53,5,38,43,772.34,793.43,5,nao,nao,184,14,,cancelado,
FIX-00427,2025-06-18,Uberaba,MG,Centro,C237,P113,montagem,eletricista,baixa,0.3,5,54,59,744.15,656.19,5,nao,nao,357,74,,finalizado,
FIX-00428,10-20-2025,Campinas,SP,Morumbi,C497,P55,eletrica,encanador geral,media,2.37,18,58,76,117.04,"131,92",1.9,sim,nao,80,5,nao,cancelado,
FIX-00429,29/08/2025,Curitiba,PR,Morumbi,C330,P62,pintura,limpeza,media,1.18,17,57,74,555.27,485.41,5,nao,nao,99,30,sim,procesado,
FIX-00430,2025-06-01,São Paulo,SP,Planalto,C444,P28,eletrica,eletricista,media,15.83,153,112,265,510.21,531.51,3.8,nao,nao,195,5,,finalizado,
FIX-00431,2025-08-11,Campinas,SP,Industrial,C116,P137,pintura,jardineiro,baixa,"7,52",61,93,154,881.67,759.97,4.9,nao,sim,312,42,nao,em_andamento,
FIX-00432,2025-10-11,Uberlândia,MG,Centro,C230,P89,jardinagem,encanador,baixa,"0,3",23,77,100,506.17,"529,33",3.8,nao,nao,284,62,,procesado,
FIX-00433,2025-10-02,Uberlândia,MG,Jardim America,C139,P65,pintura,eletrica_geral,media,"6,43",67,112,179,"151,91",125.62,5,nao,nao,140,46,,procesado,
FIX-00434,13/01/2025,Goiânia,GO,Santa Maria,C397,P16,limpeza,eletrica_geral,emergencial,8.87,42,104,146,449.2,520.84,3.1,nao,nao,362,48,sim,em_andamento,
FIX-00435,data_invalida,Goiânia,GO,Jardim America,C349,P129,pintura,pintor,media,6.41,57,34,91,556.37,"446,62",4.3,nao,nao,125,54,,procesado,
FIX-00436,2025-08-16,Campinas,SP,Boa Vista,C2,P35,montagem,encanador,baixa,9.63,55,72,127,"101,69",83.83,1.7,sim,sim,192,57,nao,finalizado,
FIX-00437,2025-03-10,Salvador,ba,Centro,C468,P126,eletrica,pintor,baixa,2.76,26,119,145,617.77,721.37,1.9,sim,sim,314,33,nao,cancelado,
FIX-00438,2025-10-14,Uberlândia,MG,Santa Maria,C156,P111,pintura,montador,baixa,9.65,101,94,195,"199,51",180.6,"1,9",sim,nao,280,9,nao,cancelado,
FIX-00439,2025-06-17,Curitiba,pr,Industrial,C196,P13,pintura,montador,baixa,4.72,32,92,124,294.86,334.84,"4,1",sim,nao,205,13,nao,cancelado,
FIX-00440,2025-02-09,Goiânia,GO,Santa Maria,C133,P91,jardinagem,encanador geral,baixa,6.29,42,56,98,787.93,897.55,3.9,nao,nao,207,3,nao,finalizado,
FIX-00441,09-06-2025,Campinas,SP,Boa Vista,C486,P119,hidraulicaa,encanador geral,baixa,5.57,27,105,132,352.08,401.31,4.4,nao,nao,131,29,nao,em_andamento,
FIX-00442,2025-09-09,São Paulo,sp,Jardim America,C360,P51,pintura,pintor,baixa,11.36,,76,161,"331,65",276.63,4.7,nao,nao,362,41,,em_andamento,
FIX-00443,2025-02-03,Campinas,sp,Santa Maria,C492,P13,hidraulica,eletricista,baixa,8.25,55,43,98,687.06,749.8,4.2,nao,nao,170,37,,em_andamento,
FIX-00444,2025-08-04,Uberlândia,MG,Jardim America,C280,P132,hidraulica,pintor,alta,8.1,64,35,99,148.55,120.47,1.4,sim,nao,256,54,nao,,
FIX-00445,2025-10-24,Uberlândia,MG,Planalto,C281,P78,eletrica,pintor,baixa,14.69,73,82,155,126.58,133.31,4.1,nao,nao,346,36,,finalizado,
FIX-00446,2025-04-22,são paulo,SP,Industrial,C369,P37,montagem,jardineiro,media,19.05,91,107,198,840.02,897.08,4.2,nao,nao,283,23,,cancelado,
FIX-00447,2025-04-22,Uberlândia,MG,Industrial,C21,P62,eletrica,encanador,media,0.3,5,63,68,"218,37",251.72,2.5,sim,nao,321,35,sim,cancelado,
FIX-00448,data_invalida,Campinas,SP,Jardim America,C370,P58,hidraulica,eletricista,baixa,8.56,65,23,88,501.51,582.76,1.8,sim,nao,179,58,sim,em_andamento,
FIX-00449,2025-01-05,Uberaba,MG,Planalto,C436,P89,eletric.,montador,emergencial,4.2,34,107,141,533.82,434.71,3.7,nao,sim,244,28,sim,em_andamento,
FIX-00450,2025-10-25,Campinas,SP,Jardim America,C285,P55,montagem,pintor,baixa,8.99,73,59,132,337.76,363.97,3.4,nao,nao,117,21,sim,cancelado,
FIX-00451,2025-10-02,São Paulo,SP,Boa Vista,C207,P41,montagem,montador,baixa,0.3,5,92,97,791.09,"889,48",4.9,nao,nao,189,11,sim,em_andamento,
FIX-00452,2025-01-24,São Paulo,SP,Jardim America,C482,P77,eletrica,encanador,media,"0,3",16,64,80,477.19,406.8,5.0,nao,nao,276,66,sim,cancelado,
FIX-00453,2025-05-14,Uberlândia,MG,Centro,C21,P1,montagem,jardineiro,emergencial,"6,62",57,132,189,"538,13",493.55,3.1,nao,nao,206,66,,finalizado,
FIX-00454,06-24-2025,Campinas,SP,Santa Maria,C203,P105,eletrica,pintor,baixa,0.3,5,112,117,675.53,542.97,3.1,nao,nao,186,73,sim,finalizado,
FIX-00455,data_invalida,Goiânia,GO,Industrial,C431,P98,pintura,limpeza,baixa,"8,83",56,92,148,290.74,276.56,4.1,nao,nao,77,73,nao,finalizado,
FIX-00456,02/07/2025,Goiânia,GO,Morumbi,C496,P107,hidraulica,encanador,media,"11,31",95,73,168,703.35,588.78,"3,3",nao,nao,258,29,,finalizado,
FIX-00457,2025-05-25,Goiânia,GO,Morumbi,C302,P65,limpeza,eletrica_geral,baixa,2.73,5,140,145,84.46,84.85,4.0,nao,nao,230,35,sim,finalizado,
FIX-00458,2025-08-10,São Paulo,SP,Industrial,C155,P150,limpeza,eletricista,baixa,7.78,37,62,99,689.27,763.91,4.1,nao,sim,52,69,,cancelado,
FIX-00459,2025-10-25,Uberlândia,MG,Industrial,C483,P124,hidraulica,eletricista,media,"9,75",91,115,206,424.78,425.13,"3,5",sim,nao,34,63,sim,finalizado,
FIX-00460,2025-10-08,Campinas,SP,Jardim America,C138,P134,montagem,eletrica_geral,media,13.34,77,142,219,84.16,"72,07",4.8,nao,nao,167,51,nao,,
FIX-00461,2025-01-23,são paulo,SP,Boa Vista,C13,P149,hidraulica,montador,alta,"7,81",73,83,156,128.0,142.64,"3,6",nao,nao,151,75,nao,finalizado,
FIX-00462,2025-01-12,salvador,BA,Boa Vista,C394,P141,hidraulica,eletricista,media,0.3,5,107,112,"332,31",317.19,5,nao,nao,312,77,,procesado,
FIX-00463,25/01/2025,Salvador,BA,Planalto,C332,P47,eletrica,limpeza,baixa,2.2,16,113,129,84.13,"76,13",5,nao,nao,208,74,nao,procesado,
FIX-00464,2025-06-19,Curitiba,pr,Centro,C4,P147,eletrica,encanador,baixa,"2,29",9,99,108,386.33,323.74,5,nao,sim,91,16,nao,cancelado,
FIX-00465,data_invalida,Uberlândia,MG,Santa Maria,C300,P80,montagem,encanador,media,5.62,55,75,130,870.73,722.63,5,sim,nao,106,52,nao,em_andamento,
FIX-00466,data_invalida,São Paulo,SP,Centro,C245,P60,hidraulica,montador,baixa,"6,81",58,139,197,"829,74",913.36,2.2,sim,sim,169,59,,finalizado,
FIX-00467,2025-07-14,Uberlândia,MG,Planalto,C118,P147,jardinagem,eletricista,alta,6.38,44,15,59,"608,06",701.46,4.0,nao,nao,343,53,,,
FIX-00468,2025-01-16,Uberaba,MG,Morumbi,C316,P73,hidraulica,montador,baixa,8.23,44,15,59,614.27,"734,88",3.2,nao,nao,36,33,nao,em_andamento,
FIX-00469,2025-03-24,Campinas,SP,Jardim America,C299,P24,hidraulica,jardineiro,baixa,12.42,82,53,135,101.45,"87,88",3.2,nao,nao,2,15,nao,em_andamento,
FIX-00470,08-11-2025,Campinas,SP,Jardim America,C239,P65,eletrica,encanador,baixa,11.04,98,115,213,482.68,467.09,3.0,nao,nao,340,57,sim,finalizado,
FIX-00471,2025-09-25,São Paulo,SP,Jardim America,C54,P18,eletrica,pintor,alta,10.54,43,44,87,327.39,325.92,4.3,nao,nao,40,27,nao,cancelado,
FIX-00472,2025-02-25,Uberaba,MG,Industrial,C344,P78,pintura,montador,baixa,9.82,76,77,153,415.98,"488,41",4.4,nao,nao,301,47,sim,procesado,
FIX-00473,2025-08-27,Campinas,SP,Boa Vista,C169,P13,hidraulica,eletricista,baixa,"0,45",12,79,91,697.09,621.1,3.1,nao,nao,49,34,nao,,
FIX-00474,data_invalida,Curitiba,PR,Centro,C350,P10,eletric.,montador,alta,19.41,174,98,272,496.85,408.17,3.5,nao,nao,312,22,,finalizado,
FIX-00475,03-06-2025,Uberlândia,MG,Industrial,C48,P104,pintura,eletricista,alta,12.07,94,39,133,"657,9",653.6,4.3,nao,nao,132,52,,cancelado,
FIX-00476,2025-07-18,Uberlândia,MG,Santa Maria,C488,P107,eletrica,eletricista,media,10.36,70,15,85,420.53,417.61,3.5,nao,nao,179,18,sim,procesado,
FIX-00477,2025-02-13,salvador,BA,Industrial,C344,P99,montagem,eletricista,baixa,8.23,,44,125,707.61,688.11,"4,2",nao,nao,141,72,nao,,
FIX-00478,2025-02-18,São Paulo,SP,Boa Vista,C132,P1,hidraulica,limpeza,baixa,1.31,8,142,150,850.28,"1017,28","2,7",sim,nao,6,72,nao,,
FIX-00479,2025-04-17,Salvador,BA,Boa Vista,C310,P113,montagem,limpeza,alta,9.03,55,63,118,447.01,387.09,2.0,sim,sim,82,4,,procesado,
FIX-00480,2025-06-21,Campinas,SP,Santa Maria,C190,P129,montagem,encanador,media,8.28,85,78,163,212.85,188.36,"3,9",nao,nao,91,38,,cancelado,
FIX-00481,2025-05-13,Goiânia,GO,Morumbi,C273,P36,eletrica,eletricista,baixa,18.97,185,81,266,98.13,80.42,3.5,sim,nao,12,9,sim,,
FIX-00482,data_invalida,Salvador,BA,Planalto,C208,P26,hidraulicaa,encanador,baixa,9.12,48,41,89,791.56,673.17,5,nao,nao,71,0,nao,finalizado,
FIX-00483,2025-06-05,Uberlândia,MG,Santa Maria,C419,P89,pintura,montador,baixa,1.85,12,32,44,"81,07",93.83,5,nao,sim,242,72,nao,cancelado,
FIX-00484,2025-09-13,Goiânia,GO,Planalto,C489,P22,pintura,limpeza,baixa,8.16,70,134,204,"847,12",838.17,5,sim,nao,135,61,nao,finalizado,
FIX-00485,2025-03-29,Curitiba,PR,Industrial,C65,P106,pintura,limpeza,alta,4.46,25,128,153,851.47,"787,42",3.6,nao,nao,242,7,nao,procesado,
FIX-00486,2025-04-21,São Paulo,SP,Industrial,C345,P37,hidraulica,pintor,media,2.63,15,92,107,689.18,565.79,5,nao,sim,14,29,,,
FIX-00487,2025-02-24,Curitiba,PR,Morumbi,C67,P15,limpeza,eletricista,emergencial,"5,16",39,43,82,340.88,"339,39",1.8,sim,nao,248,19,sim,,
FIX-00488,2025-03-26,Campinas,SP,Boa Vista,C475,P123,hidraulica,eletricista,baixa,4.87,33,80,113,836.77,765.8,4.0,nao,nao,310,6,nao,procesado,
FIX-00489,08/03/2025,Campinas,SP,Planalto,C190,P62,jardinagem,encanador,baixa,5.2,39,65,104,"334,76","320,84",5,nao,nao,242,63,sim,em_andamento,
FIX-00490,2025-08-31,Curitiba,PR,Morumbi,C138,P90,eletrica,encanador,media,10.32,62,15,77,168.47,137.26,3.8,nao,nao,227,58,sim,finalizado,
FIX-00491,2025-03-09,curitiba,PR,Jardim America,C181,P4,eletric.,montador,media,"2,36",,86,109,140.73,134.23,3.9,nao,nao,302,12,,finalizado,
FIX-00492,2025-08-13,Campinas,SP,Planalto,C131,P74,limpeza,encanador,alta,2.83,,85,111,"471,1",540.27,3.6,nao,nao,294,74,sim,cancelado,
FIX-00493,2025-04-27,Campinas,sp,Jardim America,C134,P45,eletric.,eletrica_geral,alta,8.57,49,74,123,403.48,"356,86",4.5,nao,nao,94,78,,cancelado,
FIX-00494,29/09/2025,São Paulo,SP,Morumbi,C3,P26,hidraulica,eletricista,media,0.3,20,73,93,473.93,"504,26",3.2,nao,nao,150,78,sim,finalizado,
FIX-00495,2025-09-26,Uberlândia,MG,Centro,C372,P83,hidraulica,pintor,baixa,12.01,99,124,223,122.81,137.93,3.3,nao,nao,6,67,sim,cancelado,
FIX-00496,2025-02-11,São Paulo,SP,Santa Maria,C177,P15,eletrica,montador,alta,9.79,92,69,161,653.84,586.37,5,nao,nao,362,63,,procesado,
FIX-00497,data_invalida,Uberaba,MG,Boa Vista,C195,P12,hidraulica,pintor,media,4.95,39,86,125,756.83,727.41,2.8,sim,sim,201,65,sim,em_andamento,
FIX-00498,19/06/2025,Uberaba,MG,Boa Vista,C98,P96,hidraulica,pintor,alta,5.85,25,59,84,"273,14",230.66,5,nao,nao,207,32,nao,em_andamento,
FIX-00499,2025-01-25,Goiânia,GO,Morumbi,C280,P147,montagem,montador,media,6.88,75,100,175,441.11,"397,83",2.5,sim,sim,345,55,nao,procesado,
FIX-00500,2025-05-23,São Paulo,SP,Jardim America,C201,P144,montagem,eletricista,alta,15.0,125,17,142,185.38,"161,07",5,nao,nao,282,76,nao,,
FIX-00501,2025-04-03,Campinas,sp,Morumbi,C117,P63,eletrica,pintor,baixa,"8,55",49,132,181,"801,02",856.91,3.8,nao,nao,138,69,,em_andamento,
FIX-00502,2025-03-01,goiânia,GO,Boa Vista,C426,P128,montagem,eletricista,media,3.35,32,88,120,184.75,166.04,1.6,sim,nao,116,5,nao,cancelado,
FIX-00503,2025-03-27,Campinas,SP,Jardim America,C464,P41,pintura,pintor,media,8.04,,78,113,627.99,"696,19",4.4,nao,nao,310,14,nao,procesado,
FIX-00504,06/08/2025,São Paulo,SP,Santa Maria,C291,P124,eletrica,encanador,alta,14.71,128,96,224,878.1,1050.89,5,sim,nao,230,13,sim,em_andamento,
FIX-00505,2025-03-19,Curitiba,PR,Industrial,C142,P132,eletrica,pintor,baixa,5.64,42,62,104,"619,98",724.36,4.5,nao,nao,35,49,sim,cancelado,
FIX-00506,2025-03-05,Salvador,BA,Industrial,C218,P37,hidraulica,montador,alta,14.27,74,42,116,653.29,563.21,2.7,sim,nao,42,70,,finalizado,
FIX-00507,2025-01-17,São Paulo,SP,Boa Vista,C34,P73,limpeza,montador,baixa,0.3,5,52,57,538.84,478.92,4.7,nao,nao,142,45,,,
FIX-00508,2025-09-11,Curitiba,PR,Jardim America,C376,P65,eletrica,encanador,media,"17,46",84,58,142,159.48,182.93,"2,4",sim,nao,342,40,,,
FIX-00509,2025-03-26,Uberlândia,MG,Santa Maria,C385,P74,eletrica,limpeza,alta,0.3,5,62,67,"94,56","84,99","4,1",nao,nao,128,27,,,
FIX-00510,2025-02-08,São Paulo,SP,Jardim America,C332,P62,pintura,eletricista,media,0.89,13,92,105,312.63,362.09,3.8,nao,nao,285,8,nao,finalizado,
FIX-00511,2025-10-27,São Paulo,SP,Planalto,C99,P129,hidraulica,eletricista,media,3.26,16,131,147,870.78,852.4,4.6,nao,nao,94,17,,em_andamento,
FIX-00512,2025-09-17,Salvador,BA,Planalto,C267,P145,eletrica,eletricista,media,0.3,5,83,88,243.28,"225,58",2.3,sim,nao,34,48,sim,cancelado,
FIX-00513,2025-03-29,Uberlândia,MG,Industrial,C193,P138,eletrica,pintor,baixa,11.83,59,83,142,293.74,340.44,4.9,sim,nao,312,42,nao,finalizado,
FIX-00514,2025-01-18,Uberaba,MG,Industrial,C30,P48,eletrica,limpeza,media,11.91,101,88,189,640.78,529.72,4.1,nao,nao,352,69,,cancelado,
FIX-00515,data_invalida,São Paulo,SP,Morumbi,C171,P127,pintura,pintor,emergencial,7.73,55,35,90,"547,16",592.88,2.9,sim,sim,77,5,,finalizado,
FIX-00516,01-11-2025,Campinas,SP,Planalto,C438,P79,eletrica,eletricista,media,0.3,6,124,130,578.1,"576,32",5,nao,nao,104,25,nao,finalizado,
FIX-00517,2025-08-03,Salvador,BA,Industrial,C335,P18,montagem,eletricista,media,6.63,42,101,143,468.65,433.85,"3,2",nao,nao,15,54,sim,,
FIX-00518,2025-10-27,São Paulo,SP,Centro,C463,P107,hidraulicaa,eletricista,media,5.24,58,43,101,641.45,560.1,4.8,nao,nao,171,26,sim,em_andamento,
FIX-00519,2025-05-25,Salvador,BA,Planalto,C137,P101,eletrica,encanador,baixa,15.19,105,52,157,849.56,"898,58",2.5,sim,nao,49,16,nao,procesado,
FIX-00520,2025-03-31,São Paulo,SP,Industrial,C294,P124,montagem,pintor,media,13.16,116,19,135,323.35,328.14,"3,4",nao,nao,7,42,sim,,
FIX-00521,03-23-2025,Uberaba,MG,Industrial,C6,P5,eletrica,encanador,alta,0.3,18,112,130,"665,7",609.03,4.9,nao,nao,342,72,sim,finalizado,
FIX-00522,09-21-2025,são paulo,SP,Centro,C348,P109,eletrica,pintor,alta,2.59,12,72,84,511.72,"463,2",4.0,nao,nao,26,40,nao,em_andamento,
FIX-00523,2025-05-13,São Paulo,SP,Industrial,C53,P136,pintura,jardineiro,baixa,"0,3",15,79,94,862.04,940.25,4.2,nao,nao,252,20,sim,cancelado,
FIX-00524,2025-10-19,Curitiba,PR,Jardim America,C441,P55,jardinagem,eletricista,media,"0,3",8,85,93,485.46,407.84,5,nao,nao,221,56,,cancelado,
FIX-00525,02-26-2025,Goiânia,GO,Morumbi,C128,P144,eletrica,encanador,baixa,0.3,12,52,64,170.59,148.21,3.4,nao,nao,54,23,,finalizado,
FIX-00526,2025-02-18,Uberaba,MG,Santa Maria,C387,P123,pintura,limpeza,alta,8.17,39,193,232,"799,42","928,53",3.0,nao,nao,242,30,,procesado,
FIX-00527,03-05-2025,Salvador,BA,Centro,C489,P28,pintura,pintor,alta,11.51,74,73,147,658.62,748.77,4.6,nao,nao,316,8,sim,finalizado,
FIX-00528,2025-05-10,São Paulo,SP,Industrial,C325,P100,eletrica,eletricista,media,"0,3",5,124,129,507.85,529.46,3.0,sim,nao,118,65,,procesado,
FIX-00529,2025-02-06,Goiânia,GO,Santa Maria,C267,P29,hidraulica,eletricista,baixa,9.41,55,94,149,860.95,940.69,3.0,nao,nao,74,21,nao,procesado,
FIX-00530,2025-07-23,Campinas,SP,Planalto,C384,P125,eletrica,pintor,baixa,5.98,45,15,60,"553,42",530.86,5,nao,sim,195,33,sim,procesado,
FIX-00531,2025-04-03,São Paulo,SP,Centro,C75,P102,eletrica,eletricista,baixa,0.3,5,98,103,364.58,401.89,3.8,nao,nao,56,57,nao,cancelado,
FIX-00532,16/04/2025,Uberlândia,MG,Industrial,C262,P35,eletrica,eletricista,alta,16.67,106,52,158,105.7,"95,37",3.5,nao,nao,157,1,nao,procesado,
FIX-00533,2025-05-22,Uberlândia,mg,Planalto,C429,P111,montagem,montador,media,3.06,15,69,84,589.34,"602,85",3.9,nao,nao,83,10,nao,em_andamento,
FIX-00534,2025-09-18,Campinas,SP,Centro,C158,P143,pintura,eletricista,baixa,6.87,41,74,115,254.39,243.52,3.8,nao,sim,25,9,,,
FIX-00535,2025-02-18,Curitiba,PR,Jardim America,C442,P70,hidraulica,eletricista,alta,0.47,9,85,94,681.99,613.02,3.6,nao,nao,190,61,,cancelado,
FIX-00536,2025-06-26,Uberaba,mg,Boa Vista,C454,P75,limpeza,pintor,alta,0.3,9,70,79,498.53,547.52,2.6,sim,nao,224,42,nao,finalizado,
FIX-00537,2025-07-22,São Paulo,SP,Boa Vista,C168,P85,pintura,montador,alta,"7,07",55,147,202,183.28,150.5,2.5,sim,sim,107,67,nao,cancelado,
FIX-00538,2025-02-07,Campinas,SP,Planalto,C143,P101,montagem,montador,emergencial,"11,63",107,89,196,725.64,820.9,2.6,sim,nao,190,22,,cancelado,
FIX-00539,2025-08-07,Campinas,SP,Centro,C133,P135,hidraulica,eletricista,media,4.63,44,15,59,586.52,482.99,3.6,nao,nao,361,58,sim,em_andamento,
FIX-00540,2025-01-30,São Paulo,SP,Jardim America,C330,P130,montagem,eletricista,media,0.3,12,97,109,440.17,495.51,3.5,nao,nao,289,22,sim,,
FIX-00541,2025-03-05,São Paulo,SP,Santa Maria,C74,P32,hidraulica,montador,media,11.5,49,71,120,226.2,229.39,5,nao,nao,55,15,,cancelado,
FIX-00542,2025-04-13,São Paulo,SP,Morumbi,C87,P106,limpeza,eletricista,media,"17,43",92,61,153,230.17,202.11,"3,0",nao,nao,28,66,sim,,
FIX-00543,2025-04-08,Curitiba,pr,Boa Vista,C265,P138,eletrica,eletricista,baixa,"11,79",97,32,129,766.38,872.11,5,nao,nao,62,28,nao,finalizado,
FIX-00544,2025-03-30,são paulo,SP,Jardim America,C168,P90,montagem_moveis,pintor,baixa,5.38,9,57,66,766.16,918.41,2.7,sim,nao,174,18,nao,procesado,
FIX-00545,2025-03-05,Uberaba,MG,Boa Vista,C49,P120,eletrica,encanador,baixa,"1,35",14,143,157,688.22,560.08,5,nao,nao,311,77,,em_andamento,
FIX-00546,27/01/2025,Salvador,BA,Industrial,C422,P46,hidraulica,pintor,alta,6.13,46,15,61,"423,22",344.28,3.9,nao,nao,41,44,nao,cancelado,
FIX-00547,2025-07-22,Curitiba,PR,Planalto,C355,P73,pintura,encanador,alta,5.42,29,158,187,442.74,388.59,3.5,nao,nao,228,33,nao,em_andamento,
FIX-00548,2025-04-28,Salvador,BA,Planalto,C297,P54,eletrica,pintor,baixa,4.66,44,50,94,640.05,542.4,4.7,nao,nao,190,71,sim,,
FIX-00549,04-24-2025,São Paulo,SP,Morumbi,C432,P10,eletrica,eletricista,baixa,1.85,5,79,84,86.47,75.56,4.6,nao,nao,227,25,,finalizado,
FIX-00550,01/04/2025,Curitiba,PR,Centro,C245,P103,eletrica,montador,media,9.57,89,97,186,"318,1","346,36",2.4,sim,nao,194,40,,procesado,
FIX-00551,2025-01-26,Goiânia,GO,Santa Maria,C90,P129,pintura,encanador,media,7.25,72,53,125,243.83,"199,6",4.6,nao,sim,343,8,,cancelado,
FIX-00552,2025-05-21,Goiânia,GO,Morumbi,C91,P84,hidraulica,montador,baixa,11.11,69,118,187,187.73,"180,54",4.8,nao,nao,54,65,,finalizado,
FIX-00553,10/04/2025,São Paulo,SP,Santa Maria,C273,P82,eletrica,montador,media,0.84,5,56,61,209.88,184.12,4.3,nao,nao,191,36,nao,em_andamento,
FIX-00554,2025-08-14,São Paulo,sp,Santa Maria,C150,P96,montagem,eletrica_geral,baixa,14.85,131,23,154,728.58,618.72,5,sim,nao,66,26,sim,finalizado,
FIX-00555,2025-03-15,São Paulo,SP,Boa Vista,C403,P130,eletrica,pintor,emergencial,0.3,8,122,130,470.63,534.19,"2,8",sim,sim,128,9,sim,cancelado,
FIX-00556,27/05/2025,Curitiba,pr,Centro,C225,P59,hidraulica,encanador geral,media,22.48,196,44,240,228.54,270.93,4.0,nao,nao,283,54,,em_andamento,
FIX-00557,data_invalida,Uberaba,MG,Centro,C429,P48,eletrica,eletricista,media,5.56,38,81,119,443.87,473.74,2.7,sim,nao,270,8,sim,finalizado,
FIX-00558,25/07/2025,Salvador,BA,Industrial,C435,P68,eletrica,jardineiro,alta,9.34,67,48,115,793.27,904.51,3.9,nao,nao,2,8,sim,finalizado,
FIX-00559,2025-04-09,Campinas,SP,Planalto,C315,P129,hidraulica,pintor,media,0.3,5,87,92,821.44,762.02,5,nao,nao,359,80,,cancelado,
FIX-00560,14/10/2025,Uberlândia,MG,Industrial,C33,P73,eletrica,pintor,baixa,9.74,53,106,159,838.16,"952,05",5,nao,sim,2,70,nao,finalizado,
FIX-00561,2025-09-25,uberaba,MG,Planalto,C122,P22,hidraulica,eletricista,baixa,7.58,74,20,94,721.51,812.06,4.3,nao,nao,189,40,,procesado,
FIX-00562,2025-10-06,Goiânia,GO,Boa Vista,C358,P5,pintura,montador,media,0.59,10,106,116,764.56,644.89,3.3,nao,nao,146,71,sim,em_andamento,
FIX-00563,2025-10-19,Salvador,BA,Santa Maria,C270,P18,eletrica,encanador geral,media,2.93,19,59,78,259.54,217.81,2.3,sim,sim,205,78,nao,finalizado,
FIX-00564,2025-07-10,Campinas,SP,Santa Maria,C138,P88,eletrica,eletricista,media,3.64,15,79,94,397.78,"451,46",3.7,nao,nao,29,66,sim,procesado,
FIX-00565,data_invalida,Uberlândia,MG,Santa Maria,C335,P36,eletrica,encanador,baixa,5.72,45,68,113,231.27,272.08,5,nao,sim,300,74,nao,procesado,
FIX-00566,data_invalida,Uberaba,MG,Centro,C279,P89,jardinagem,jardineiro,baixa,"1,4",27,78,105,280.94,"251,68",2.8,sim,nao,111,60,,procesado,
FIX-00567,2025-06-01,Salvador,BA,Centro,C358,P59,hidraulica,eletrica_geral,media,"1,32",16,24,40,"788,85","904,12",4.3,nao,sim,116,52,nao,cancelado,
FIX-00568,data_invalida,Salvador,BA,Planalto,C234,P126,eletrica,encanador,baixa,15.7,93,124,217,251.4,280.43,3.4,nao,nao,309,7,,,
FIX-00569,2025-06-21,Goiânia,GO,Industrial,C241,P142,hidraulica,encanador,baixa,"0,3",5,15,20,808.16,"801,43","4,8",nao,nao,225,3,sim,em_andamento,
FIX-00570,27/07/2025,São Paulo,SP,Planalto,C423,P124,montagem,jardineiro,baixa,15.79,134,67,201,"178,06","151,03",5,nao,nao,59,40,sim,,
FIX-00571,2025-04-27,Campinas,SP,Centro,C447,P48,eletrica,eletricista,media,5.92,49,145,194,783.33,791.44,4.7,nao,nao,23,43,,em_andamento,
FIX-00572,2025-09-04,São Paulo,SP,Morumbi,C288,P144,hidraulica,pintor,alta,0.3,5,179,184,"246,46",262.29,4.0,nao,sim,365,10,sim,em_andamento,
FIX-00573,data_invalida,Uberaba,MG,Boa Vista,C318,P121,hidraulica,jardineiro,baixa,"8,03",72,108,180,125.44,130.81,1.7,sim,nao,146,7,sim,cancelado,
FIX-00574,2025-05-15,Curitiba,pr,Morumbi,C79,P75,pintura,pintor,baixa,9.15,84,84,168,"526,91",458.91,4.2,nao,nao,177,62,sim,cancelado,
FIX-00575,2025-07-04,Curitiba,PR,Jardim America,C440,P78,montagem,montador,alta,7.77,53,39,92,453.26,396.36,5,nao,nao,244,5,,,
FIX-00576,2025-08-26,Goiânia,GO,Industrial,C322,P123,pintura,pintor,baixa,7.69,49,51,100,342.4,303.14,4.4,nao,sim,13,14,,,
FIX-00577,2025-07-30,Goiânia,GO,Santa Maria,C285,P5,hidraulica,jardineiro,baixa,4.88,23,54,77,780.3,698.96,4.5,sim,sim,54,52,,cancelado,
FIX-00578,2025-02-23,Salvador,BA,Boa Vista,C135,P13,limpeza,jardineiro,baixa,9.4,90,67,157,548.08,538.98,5,nao,nao,51,68,sim,em_andamento,
FIX-00579,19/10/2025,salvador,BA,Santa Maria,C281,P74,hidraulica,pintor,baixa,"1,29",13,39,52,403.86,"411,1",2.0,sim,nao,292,6,,procesado,
FIX-00580,05-30-2025,Uberaba,MG,Boa Vista,C37,P63,montagem,jardineiro,alta,3.73,34,39,73,"748,37","639,16",4.3,sim,nao,9,26,sim,procesado,
FIX-00581,2025-07-20,Salvador,BA,Jardim America,C207,P54,montagem,pintor,emergencial,7.59,62,45,107,"772,89",784.31,4.9,nao,nao,138,64,,,
FIX-00582,06-03-2025,Uberaba,MG,Boa Vista,C36,P7,hidraulica,jardineiro,media,0.3,14,108,122,496.33,530.25,3.7,nao,nao,77,44,,em_andamento,
FIX-00583,2025-03-25,Campinas,SP,Centro,C251,P4,eletrica,montador,baixa,3.55,28,26,54,682.69,"685,69",3.1,nao,nao,228,55,sim,finalizado,
FIX-00584,2025-04-02,Curitiba,PR,Planalto,C256,P141,eletrica,encanador,media,11.92,104,99,203,"393,6","383,74",4.9,nao,nao,310,60,,,
FIX-00585,2025-04-02,são paulo,SP,Boa Vista,C340,P52,montagem,montador,baixa,"7,58",63,71,134,313.29,334.34,5,nao,nao,110,27,nao,finalizado,
FIX-00586,2025-06-13,Goiânia,GO,Centro,C126,P99,montagem,eletricista,alta,3.68,51,69,120,304.33,251.66,3.0,nao,nao,87,34,nao,,
FIX-00587,03-17-2025,Uberlândia,MG,Industrial,C63,P30,eletrica,pintor,baixa,0.3,5,98,103,379.39,361.03,4.3,nao,nao,87,28,nao,em_andamento,
FIX-00588,26/03/2025,São Paulo,SP,Planalto,C432,P64,jardinagem,pintor,baixa,2.44,22,95,117,439.78,438.08,4.7,nao,nao,47,11,,cancelado,
FIX-00589,2025-06-19,Goiânia,GO,Boa Vista,C255,P131,pintura,jardineiro,baixa,5.61,45,85,130,"425,53","487,27",5,nao,nao,117,53,nao,cancelado,
FIX-00590,2025-02-04,Goiânia,GO,Morumbi,C424,P41,hidraulicaa,jardineiro,media,7.26,76,24,100,"391,1",424.39,4.4,nao,nao,170,8,,finalizado,
FIX-00591,2025-02-09,Goiânia,GO,Santa Maria,C120,P103,pintura,montador,media,14.62,86,168,254,721.75,789.12,3.3,nao,nao,48,26,sim,cancelado,
FIX-00592,2025-03-02,Goiânia,GO,Centro,C73,P45,hidraulica,limpeza,media,9.74,55,113,168,431.69,466.93,3.6,nao,nao,313,46,nao,finalizado,
FIX-00593,2025-04-10,Goiânia,GO,Morumbi,C149,P40,montagem,encanador,media,8.78,37,68,105,828.2,847.39,3.0,nao,nao,100,19,nao,em_andamento,
FIX-00594,2025-04-13,Uberaba,MG,Jardim America,C208,P27,hidraulica,eletricista,baixa,13.39,105,96,201,"577,62",477.46,1.2,sim,nao,361,63,nao,procesado,
FIX-00595,04-23-2025,Curitiba,PR,Santa Maria,C347,P53,eletrica,encanador,media,9.75,78,56,134,338.37,367.88,"2,6",sim,nao,67,20,sim,finalizado,
FIX-00596,2025-01-09,Salvador,BA,Jardim America,C441,P135,pintura,montador,baixa,"5,19",59,36,95,708.75,807.43,4.0,nao,nao,72,6,sim,finalizado,
FIX-00597,data_invalida,Uberaba,MG,Morumbi,C421,P22,hidraulica,limpeza,media,"8,49",57,114,171,"609,96",673.96,"3,2",nao,nao,206,25,nao,em_andamento,
FIX-00598,2025-05-03,Uberlândia,MG,Industrial,C353,P51,montagem,encanador,alta,13.61,88,97,185,803.1,855.39,3.4,nao,nao,47,6,sim,,
FIX-00599,2025-01-27,Uberaba,MG,Jardim America,C308,P14,eletrica,montador,baixa,"12,37",71,124,195,834.44,"786,92",4.1,nao,sim,126,55,nao,cancelado,
FIX-00600,18/10/2025,Curitiba,PR,Centro,C171,P39,eletrica,montador,alta,6.31,,151,203,691.88,632.21,5,nao,nao,194,50,,cancelado,
FIX-00601,2025-08-04,Curitiba,PR,Planalto,C15,P25,hidraulica,eletricista,media,7.17,58,137,195,497.58,544.8,5,nao,nao,143,59,,cancelado,
FIX-00602,2025-03-17,Goiânia,go,Boa Vista,C292,P150,eletrica,encanador,media,3.98,37,125,162,479.0,450.39,4.2,nao,nao,130,7,sim,finalizado,
FIX-00603,data_invalida,Goiânia,GO,Planalto,C218,P150,hidraulica,pintor,alta,11.56,69,91,160,829.38,875.53,4.0,nao,nao,114,16,,procesado,
FIX-00604,2025-05-02,Campinas,SP,Centro,C82,P95,eletrica,limpeza,baixa,"2,14",7,68,75,"415,17",374.23,4.5,nao,nao,88,67,nao,finalizado,
FIX-00605,2025-03-17,Curitiba,PR,Jardim America,C263,P66,hidraulica,encanador,emergencial,6.2,50,90,140,874.02,1010.12,4.8,nao,nao,233,19,sim,procesado,
FIX-00606,07-12-2025,Curitiba,PR,Centro,C244,P73,jardinagem,montador,alta,0.3,5,146,151,754.75,758.01,2.9,sim,nao,24,14,sim,em_andamento,
FIX-00607,2025-01-13,Salvador,BA,Boa Vista,C187,P105,montagem,encanador,baixa,1.8,5,64,69,"835,21",748.96,3.9,nao,nao,253,29,nao,procesado,
FIX-00608,data_invalida,Campinas,SP,Santa Maria,C128,P134,jardinagem,eletricista,alta,12.7,60,63,123,"692,13",633.44,4.9,nao,nao,331,55,nao,em_andamento,
FIX-00609,22/02/2025,Salvador,BA,Santa Maria,C97,P79,eletrica,montador,baixa,2.54,30,15,45,248.67,203.51,5,nao,nao,234,19,,cancelado,
FIX-00610,2025-10-04,Uberaba,MG,Boa Vista,C393,P125,limpeza,encanador,baixa,2.15,24,127,151,575.14,"645,42",3.0,nao,nao,52,21,,procesado,
FIX-00611,2025-01-15,São Paulo,SP,Jardim America,C178,P149,jardinagem,limpeza,media,9.01,81,127,208,881.28,713.65,2.4,sim,nao,175,49,sim,,
FIX-00612,2025-04-04,Uberlândia,MG,Jardim America,C65,P113,hidraulica,pintor,alta,6.71,64,95,159,126.73,"128,58",2.1,sim,nao,71,9,sim,em_andamento,
FIX-00613,2025-09-05,São Paulo,SP,Centro,C260,P106,eletrica,limpeza,alta,"0,3",5,127,132,607.32,633.02,4.3,nao,sim,217,17,nao,cancelado,
FIX-00614,2025-01-10,São Paulo,SP,Centro,C48,P99,montagem,limpeza,media,3.61,16,123,139,317.44,"346,29",5,nao,nao,202,39,sim,finalizado,
FIX-00615,2025-10-24,Uberlândia,MG,Industrial,C128,P10,pintura,montador,media,1.67,21,15,36,408.29,367.26,3.0,nao,nao,124,42,nao,,
FIX-00616,28/06/2025,Goiânia,GO,Jardim America,C344,P31,eletrica,eletricista,baixa,8.76,81,114,195,756.92,800.05,5,nao,nao,208,70,nao,cancelado,
FIX-00617,2025-02-03,Curitiba,PR,Morumbi,C181,P102,hidraulica,eletrica_geral,alta,0.3,5,98,103,524.14,459.46,5,nao,nao,51,16,sim,cancelado,
FIX-00618,09-11-2025,Goiânia,GO,Centro,C54,P10,limpeza,encanador,media,12.03,82,119,201,515.22,617.95,4.6,sim,nao,207,36,,,
FIX-00619,2025-10-27,Curitiba,PR,Centro,C402,P3,limpeza,montador,media,0.3,10,48,58,526.99,"614,62",3.6,nao,nao,233,30,sim,procesado,
FIX-00620,2025-07-19,Curitiba,PR,Industrial,C127,P109,eletrica,eletricista,baixa,1.8,17,50,67,183.32,217.85,3.2,nao,nao,332,46,,procesado,
FIX-00621,2025-10-25,Campinas,SP,Centro,C298,P126,pintura,eletricista,baixa,2.19,24,56,80,"322,98",375.52,3.4,nao,nao,113,33,sim,procesado,
FIX-00622,2025-02-13,Curitiba,PR,Boa Vista,C45,P113,limpeza,jardineiro,media,1.69,19,55,74,85.05,85.77,4.2,nao,nao,199,72,,,
FIX-00623,2025-08-09,Salvador,BA,Santa Maria,C466,P86,limpeza,pintor,media,16.32,113,15,128,393.21,438.55,5,nao,sim,345,62,sim,finalizado,
FIX-00624,2025-06-21,Goiânia,GO,Centro,C245,P55,montagem,montador,emergencial,2.8,5,132,137,476.65,518.59,4.8,nao,sim,108,69,nao,finalizado,
FIX-00625,2025-01-19,Curitiba,PR,Boa Vista,C79,P125,montagem,encanador,baixa,9.84,72,100,172,264.9,252.3,4.9,nao,nao,171,35,nao,cancelado,
FIX-00626,2025-08-31,Goiânia,GO,Centro,C440,P66,hidraulica,jardineiro,media,0.3,5,55,60,529.31,433.18,4.4,nao,sim,290,19,,em_andamento,
FIX-00627,2025-10-21,Salvador,BA,Morumbi,C88,P83,montagem,eletricista,media,"12,64",75,87,162,458.84,"468,53",3.5,nao,sim,63,39,nao,procesado,
FIX-00628,2025-04-23,Goiânia,GO,Centro,C328,P19,eletrica,montador,media,8.47,47,84,131,739.67,744.23,3.9,nao,nao,30,7,,procesado,
FIX-00629,23/08/2025,uberlândia,MG,Planalto,C460,P84,hidraulica,pintor,baixa,4.48,35,94,129,863.39,896.19,4.6,nao,nao,24,41,,,
FIX-00630,2025-10-17,Campinas,SP,Jardim America,C367,P8,pintura,eletricista,baixa,0.3,13,97,110,92.68,78.98,"3,2",nao,nao,294,20,sim,cancelado,
FIX-00631,2025-06-24,São Paulo,SP,Planalto,C432,P35,eletrica,eletricista,media,"8,78",48,62,110,565.41,583.77,5,sim,sim,191,34,sim,cancelado,
FIX-00632,2025-05-18,Goiânia,GO,Jardim America,C37,P117,hidraulica,eletricista,alta,"1,69",20,94,114,767.29,690.39,4.7,nao,nao,65,68,nao,,
FIX-00633,2025-06-09,são paulo,SP,Centro,C303,P56,eletrica,eletricista,alta,"3,2",25,79,104,451.37,492.39,4.3,nao,nao,292,8,nao,,
FIX-00634,2025-10-06,Curitiba,PR,Planalto,C415,P36,pintura,encanador,media,8.51,65,28,93,889.35,"1047,07",4.2,nao,nao,311,9,,,
FIX-00635,2025-10-19,Curitiba,pr,Planalto,C116,P20,pintura,montador,alta,14.73,73,65,138,314.23,263.91,2.8,sim,sim,141,44,,em_andamento,
FIX-00636,2025-08-30,curitiba,PR,Centro,C274,P61,pintura,encanador,media,1.99,12,67,79,"461,58",426.99,2.5,sim,nao,328,42,,procesado,
FIX-00637,2025-07-10,Uberaba,MG,Morumbi,C175,P9,pintura,eletricista,alta,3.33,22,15,37,751.04,655.26,5.0,nao,nao,365,13,,cancelado,
FIX-00638,2025-07-11,Salvador,BA,Boa Vista,C367,P78,limpeza,encanador,baixa,1.56,,122,154,"117,46",124.35,5,nao,nao,114,10,,em_andamento,
FIX-00639,2025-06-09,Salvador,BA,Morumbi,C181,P91,eletrica,montador,baixa,2.15,30,60,90,"681,74",731.14,4.0,nao,nao,115,9,sim,em_andamento,
FIX-00640,2025-02-05,salvador,BA,Morumbi,C284,P16,montagem,montador,baixa,4.5,47,61,108,"171,17","137,03",4.1,nao,nao,101,47,nao,finalizado,
FIX-00641,2025-10-27,Campinas,SP,Jardim America,C72,P67,hidraulica,encanador,baixa,"6,52",35,132,167,280.01,303.39,3.6,nao,nao,308,69,nao,cancelado,
FIX-00642,2025-02-05,Uberaba,MG,Santa Maria,C254,P73,eletrica,encanador geral,alta,"4,33",29,64,93,691.58,766.87,4.5,nao,nao,117,26,sim,,
FIX-00643,2025-07-27,Salvador,BA,Industrial,C473,P149,montagem,encanador,baixa,16.36,88,95,183,314.15,320.19,4.4,nao,nao,301,74,nao,,
FIX-00644,2025-02-28,Curitiba,PR,Centro,C168,P100,pintura,eletricista,baixa,0.3,7,112,119,460.05,526.53,2.8,sim,nao,179,80,,finalizado,
FIX-00645,05-28-2025,Campinas,SP,Centro,C22,P25,hidraulica,jardineiro,baixa,3.01,22,130,152,730.31,661.56,2.4,sim,nao,250,19,,em_andamento,
FIX-00646,05-24-2025,São Paulo,sp,Planalto,C401,P137,hidraulica,pintor,media,20.96,106,159,265,298.97,"357,45",4.8,nao,nao,84,13,nao,finalizado,
FIX-00647,2025-05-20,Curitiba,PR,Planalto,C337,P34,hidraulica,jardineiro,alta,1.65,24,107,131,677.08,697.55,2.5,sim,nao,58,52,nao,procesado,
FIX-00648,05/05/2025,são paulo,SP,Boa Vista,C404,P102,pintura,pintor,media,"0,3",5,105,110,381.19,372.23,2.4,sim,nao,95,47,,cancelado,
FIX-00649,2025-07-11,Campinas,SP,Planalto,C376,P57,eletrica,montador,media,13.61,109,50,159,"500,23","581,35",5,nao,nao,56,20,,cancelado,
FIX-00650,2025-10-11,Uberlândia,MG,Centro,C326,P129,pintura,eletrica_geral,baixa,5.77,50,95,145,"639,88",613.53,4.6,nao,nao,196,61,sim,finalizado,
FIX-00651,05/04/2025,Uberaba,MG,Santa Maria,C414,P98,montagem,eletricista,baixa,15.42,122,65,187,527.7,499.24,4.3,sim,nao,48,60,sim,finalizado,
FIX-00652,2025-04-25,Uberaba,MG,Centro,C237,P81,montagem,pintor,baixa,"10,72",95,67,162,"859,77",856.04,3.4,nao,nao,228,33,sim,finalizado,
FIX-00653,2025-09-14,Goiânia,GO,Morumbi,C196,P92,montagem,montador,baixa,6.49,58,67,125,770.89,798.66,4.0,nao,sim,31,60,,procesado,
FIX-00654,2025-02-24,Salvador,BA,Centro,C379,P149,eletrica,eletricista,media,20.24,100,59,159,"266,15",242.09,4.9,nao,nao,150,5,,,
FIX-00655,2025-04-20,Uberaba,MG,Planalto,C485,P67,eletrica,montador,baixa,11.94,93,15,108,577.15,"631,73",4.5,nao,nao,332,33,nao,finalizado,
FIX-00656,12/02/2025,Uberaba,MG,Jardim America,C388,P140,montagem,limpeza,baixa,8.07,74,68,142,422.99,424.12,3.9,sim,sim,351,50,sim,procesado,
FIX-00657,2025-01-05,Campinas,SP,Planalto,C468,P138,pintura,eletrica_geral,emergencial,11.34,92,32,124,546.63,572.04,4.8,nao,nao,237,48,nao,finalizado,
FIX-00658,09-24-2025,São Paulo,sp,Planalto,C339,P132,montagem,eletricista,media,0.3,12,65,77,266.5,240.84,4.2,nao,nao,126,9,sim,finalizado,
FIX-00659,2025-08-04,Campinas,SP,Jardim America,C17,P24,pintura,eletricista,media,0.92,8,43,51,"415,76",371.27,3.6,nao,nao,180,78,,finalizado,
FIX-00660,2025-06-05,Salvador,BA,Industrial,C359,P53,hidraulicaa,eletricista,alta,13.3,75,107,182,868.17,741.81,3.1,nao,nao,282,51,,finalizado,
FIX-00661,2025-10-23,Uberaba,MG,Industrial,C337,P87,eletrica,eletricista,media,9.49,76,41,117,744.06,"729,48",5,nao,nao,120,10,,finalizado,
FIX-00662,2025-01-25,Uberaba,MG,Boa Vista,C95,P61,hidraulica,encanador,baixa,11.15,41,176,217,"321,17",323.13,5,nao,nao,44,71,nao,,
FIX-00663,2025-01-02,Campinas,SP,Centro,C186,P98,montagem,pintor,baixa,0.3,9,98,107,494.31,563.68,4.5,nao,nao,53,72,sim,procesado,
FIX-00664,2025-09-08,Uberaba,MG,Industrial,C245,P116,pintura,eletricista,emergencial,"9,4",34,99,133,523.63,"426,32",3.9,nao,nao,267,19,nao,procesado,
FIX-00665,04-06-2025,Goiânia,GO,Centro,C9,P82,pintura,eletricista,baixa,0.3,5,34,39,424.96,377.56,2.5,sim,sim,299,31,,finalizado,
FIX-00666,2025-04-27,Campinas,SP,Planalto,C48,P103,hidraulica,eletricista,media,5.53,26,35,61,"683,64",653.37,"3,4",nao,sim,88,15,nao,cancelado,
FIX-00667,14/10/2025,Salvador,BA,Santa Maria,C78,P70,montagem,encanador,baixa,"7,79",69,24,93,419.89,394.72,3.5,nao,nao,275,59,,finalizado,
FIX-00668,2025-09-19,Goiânia,GO,Jardim America,C282,P108,montagem,jardineiro,media,9.66,78,53,131,415.01,386.36,5,sim,nao,344,70,,em_andamento,
FIX-00669,2025-07-07,Curitiba,PR,Jardim America,C151,P7,pintura,eletricista,media,17.11,108,142,250,364.71,"293,98",2.0,sim,sim,277,28,nao,procesado,
FIX-00670,07-03-2025,Curitiba,PR,Morumbi,C382,P44,limpeza,montador,baixa,7.76,36,111,147,344.43,312.03,5,nao,nao,91,58,nao,em_andamento,
FIX-00671,data_invalida,uberlândia,MG,Santa Maria,C67,P64,pintura,pintor,baixa,7.68,64,41,105,645.5,700.09,4.2,nao,nao,358,39,nao,procesado,
FIX-00672,2025-02-27,Curitiba,PR,Jardim America,C107,P92,pintura,encanador geral,media,3.65,40,47,87,172.39,202.79,5,nao,nao,231,71,,cancelado,
FIX-00673,2025-04-01,salvador,BA,Santa Maria,C250,P43,hidraulica,pintor,alta,9.22,72,70,142,593.36,706.99,5,nao,nao,299,6,,em_andamento,
FIX-00674,2025-04-12,Uberlândia,MG,Morumbi,C7,P87,eletrica,montador,media,6.97,36,15,51,619.44,580.9,1.7,sim,sim,126,27,,finalizado,
FIX-00675,2025-06-01,Goiânia,GO,Industrial,C250,P28,hidraulicaa,pintor,baixa,11.45,115,115,230,886.65,940.89,5,nao,nao,175,55,nao,cancelado,
FIX-00676,2025-06-20,Salvador,BA,Industrial,C468,P78,hidraulica,pintor,media,1.66,16,87,103,569.72,"485,22",4.5,nao,nao,34,79,sim,,
FIX-00677,2025-02-01,Curitiba,PR,Santa Maria,C166,P36,eletrica,encanador,media,"4,97",41,86,127,"769,67",792.06,4.3,sim,nao,348,8,sim,cancelado,
FIX-00678,2025-06-12,Campinas,SP,Santa Maria,C466,P41,eletrica,eletricista,alta,8.34,76,65,141,134.27,131.89,3.3,nao,nao,270,2,sim,,
FIX-00679,04-29-2025,Uberaba,MG,Planalto,C108,P65,jardinagem,encanador,media,5.59,40,111,151,"128,35",105.78,5,nao,nao,187,11,sim,em_andamento,
FIX-00680,2025-02-16,Salvador,BA,Morumbi,C358,P46,montagem,montador,media,5.9,55,23,78,222.31,243.15,5,nao,nao,104,27,nao,finalizado,
FIX-00681,2025-09-13,Campinas,SP,Boa Vista,C289,P10,montagem,eletricista,media,6.29,56,96,152,"183,21",194.24,3.6,nao,nao,94,44,,finalizado,
FIX-00682,2025-09-19,Salvador,BA,Santa Maria,C103,P130,pintura,montador,baixa,5.12,49,82,131,872.55,881.09,5,nao,nao,124,10,,cancelado,
FIX-00683,data_invalida,Campinas,SP,Boa Vista,C461,P36,hidraulica,limpeza,alta,0.3,5,60,65,561.16,467.87,3.4,nao,nao,157,68,nao,em_andamento,
FIX-00684,2025-01-16,Campinas,SP,Jardim America,C433,P43,montagem,limpeza,baixa,4.26,36,128,164,441.72,"384,37",2.6,sim,nao,27,10,nao,procesado,
FIX-00685,01-19-2025,Uberlândia,MG,Centro,C222,P33,jardinagem,encanador,alta,7.22,36,66,102,314.03,274.04,4.9,nao,nao,282,62,sim,finalizado,
FIX-00686,2025-04-30,Salvador,BA,Jardim America,C173,P46,pintura,jardineiro,alta,3.02,17,37,54,253.61,"230,81",5,nao,sim,150,19,nao,finalizado,
FIX-00687,11/07/2025,Curitiba,PR,Santa Maria,C9,P65,eletrica,encanador,media,"9,58",61,39,100,177.97,195.3,1,sim,nao,219,27,,cancelado,
FIX-00688,24/04/2025,Uberaba,MG,Planalto,C135,P8,limpeza,jardineiro,media,8.62,75,88,163,824.07,761.36,3.7,nao,nao,216,29,nao,cancelado,
FIX-00689,2025-08-08,Curitiba,pr,Centro,C90,P52,hidraulica,pintor,media,10.18,80,86,166,141.36,160.28,"4,6",nao,nao,197,39,sim,,
FIX-00690,2025-09-27,salvador,BA,Centro,C382,P72,limpeza,pintor,media,3.26,19,83,102,163.12,187.45,5,nao,nao,107,34,nao,finalizado,
FIX-00691,2025-01-09,goiânia,GO,Planalto,C210,P82,hidraulica,encanador geral,media,"14,71",99,133,232,"799,52",797.06,4.6,nao,nao,218,49,,finalizado,
FIX-00692,2025-07-05,Salvador,BA,Boa Vista,C253,P28,eletric.,eletricista,baixa,3.16,14,98,112,146.43,129.65,3.6,nao,sim,137,18,sim,finalizado,
FIX-00693,05/02/2025,Curitiba,PR,Industrial,C487,P150,jardinagem,encanador,alta,8.81,50,43,93,208.25,"214,3",2.8,sim,nao,169,23,sim,em_andamento,
FIX-00694,2025-05-13,Salvador,BA,Industrial,C198,P62,limpeza,montador,baixa,9.93,69,59,128,467.15,490.99,4.4,nao,nao,164,76,sim,cancelado,
FIX-00695,2025-08-28,São Paulo,SP,Centro,C447,P38,hidraulica,pintor,alta,9.44,58,48,106,375.0,409.31,4.9,nao,nao,94,60,sim,,
FIX-00696,2025-10-03,Uberlândia,MG,Planalto,C370,P84,montagem,encanador,baixa,4.07,26,162,188,575.31,542.1,2.4,sim,nao,151,73,sim,finalizado,
FIX-00697,26/08/2025,Goiânia,GO,Industrial,C94,P143,jardinagem,encanador,media,1.48,21,57,78,195.6,175.32,4.5,nao,nao,302,9,nao,cancelado,
FIX-00698,2025-10-20,salvador,BA,Boa Vista,C327,P78,montagem,encanador,media,4.65,38,26,64,230.59,247.62,4.7,nao,nao,277,30,sim,finalizado,
FIX-00699,2025-02-03,São Paulo,SP,Morumbi,C115,P14,eletrica,eletricista,baixa,4.33,30,52,82,883.87,917.78,2.5,sim,nao,23,38,,em_andamento,
FIX-00700,2025-10-10,Goiânia,GO,Planalto,C162,P131,jardinagem,pintor,baixa,10.39,63,57,120,417.48,"337,87",3.2,nao,nao,228,11,,cancelado,
FIX-00701,2025-02-26,Curitiba,PR,Industrial,C194,P101,eletrica,encanador,baixa,"11,7",87,135,222,560.22,"648,55",4.4,nao,nao,0,5,nao,,
FIX-00702,21/07/2025,curitiba,PR,Santa Maria,C323,P66,montagem,pintor,alta,12.13,99,60,159,466.3,519.44,2.9,sim,nao,153,64,,cancelado,
FIX-00703,2025-07-27,salvador,BA,Morumbi,C448,P68,eletrica,jardineiro,media,6.74,40,109,149,502.4,508.54,3.8,nao,sim,202,0,,finalizado,
FIX-00704,2025-02-20,Campinas,SP,Morumbi,C287,P94,hidraulicaa,encanador,baixa,3.21,11,46,57,"414,35",466.38,"4,3",nao,nao,281,25,nao,finalizado,
FIX-00705,2025-07-31,Campinas,SP,Planalto,C215,P34,pintura,encanador,baixa,2.52,18,118,136,850.19,835.32,5,nao,nao,83,32,nao,cancelado,
FIX-00706,data_invalida,Curitiba,PR,Industrial,C497,P70,pintura,eletricista,baixa,"13,05",104,59,163,635.74,"656,8",3.9,nao,nao,188,52,,cancelado,
FIX-00707,2025-04-07,Uberaba,MG,Planalto,C134,P100,hidraulicaa,eletricista,media,"5,95",47,36,83,583.9,547.18,2.9,sim,sim,211,26,sim,finalizado,
FIX-00708,2025-08-22,Uberlândia,MG,Boa Vista,C453,P61,eletrica,eletricista,alta,2.63,16,15,31,317.37,277.67,"3,4",nao,nao,258,70,sim,cancelado,
FIX-00709,2025-02-08,uberlândia,mg,Boa Vista,C80,P82,montagem,encanador,baixa,12.89,80,81,161,"114,19","129,91",2.4,sim,nao,229,69,sim,finalizado,
FIX-00710,2025-04-21,Curitiba,PR,Santa Maria,C252,P31,eletrica,eletricista,media,1.69,11,109,120,865.04,906.07,4.4,nao,nao,264,80,sim,,
FIX-00711,04-17-2025,Campinas,SP,Industrial,C93,P127,pintura,limpeza,baixa,"8,28",61,100,161,"391,17",371.3,5,nao,nao,300,68,,cancelado,
FIX-00712,06-07-2025,Goiânia,GO,Morumbi,C351,P72,hidraulica,encanador,media,11.34,100,164,264,"544,92",449.43,2.8,sim,nao,155,66,,em_andamento,
FIX-00713,2025-10-16,Goiânia,GO,Centro,C463,P19,hidraulica,montador,alta,5.77,32,15,47,804.28,650.53,4.6,nao,nao,42,15,sim,procesado,
FIX-00714,2025-06-28,Curitiba,PR,Boa Vista,C369,P134,eletric.,eletricista,baixa,11.69,80,113,193,"323,57",326.2,2.6,sim,nao,339,24,,finalizado,
FIX-00715,2025-05-02,Uberaba,MG,Morumbi,C113,P111,hidraulica,montador,baixa,8.45,41,71,112,209.6,217.71,5,nao,nao,114,56,nao,procesado,
FIX-00716,2025-01-12,São Paulo,sp,Morumbi,C78,P114,jardinagem,encanador,emergencial,5.65,37,135,172,153.86,136.38,5,nao,nao,20,77,nao,,
FIX-00717,2025-07-06,Salvador,BA,Morumbi,C412,P9,montagem,encanador,baixa,17.22,128,48,176,"834,38",969.43,3.1,nao,nao,249,12,nao,,
FIX-00718,2025-09-25,Uberlândia,MG,Industrial,C417,P66,eletrica,limpeza,media,10.29,67,92,159,543.52,525.86,3.7,nao,nao,224,73,sim,,
FIX-00719,2025-02-20,Goiânia,GO,Boa Vista,C177,P37,eletrica,pintor,baixa,7.53,92,107,199,578.91,"678,69",4.9,nao,nao,181,41,nao,cancelado,
FIX-00720,05-17-2025,campinas,SP,Jardim America,C295,P35,eletrica,eletricista,media,"4,49",31,26,57,730.25,"588,22",4.2,nao,nao,243,62,nao,finalizado,
FIX-00721,2025-02-19,Goiânia,GO,Planalto,C35,P60,eletrica,eletricista,media,11.15,60,69,129,"247,34",252.61,"3,8",sim,nao,211,55,sim,finalizado,
FIX-00722,2025-10-17,Uberaba,MG,Centro,C227,P39,pintura,montador,baixa,0.56,7,29,36,604.51,609.18,3.2,nao,nao,86,0,,cancelado,
FIX-00723,data_invalida,Campinas,SP,Jardim America,C218,P89,montagem,montador,baixa,1.88,,102,117,"326,47",363.3,2.9,sim,nao,28,65,sim,finalizado,
FIX-00724,2025-01-02,Curitiba,PR,Jardim America,C274,P5,eletrica,pintor,media,14.19,132,106,238,295.42,312.73,4.7,nao,nao,187,24,nao,cancelado,
FIX-00725,18/05/2025,Uberaba,MG,Jardim America,C38,P117,pintura,limpeza,media,1.84,27,33,60,440.21,"401,87",2.8,sim,nao,36,55,nao,procesado,
FIX-00726,08-20-2025,Curitiba,PR,Boa Vista,C115,P72,pintura,montador,alta,17.45,151,30,181,874.15,922.17,"3,8",sim,nao,48,35,nao,finalizado,
FIX-00727,2025-08-05,Uberlândia,MG,Centro,C53,P19,limpeza,eletricista,alta,12.53,89,66,155,781.96,866.67,3.2,sim,nao,337,8,nao,,
FIX-00728,2025-04-30,Curitiba,PR,Boa Vista,C15,P35,eletrica,limpeza,emergencial,"11,05",72,103,175,595.52,540.2,2.7,sim,nao,353,46,sim,procesado,
FIX-00729,17/03/2025,Salvador,BA,Boa Vista,C372,P90,jardinagem,eletricista,media,"5,97",27,71,98,676.31,679.15,4.8,nao,nao,285,79,sim,em_andamento,
FIX-00730,2025-03-23,Campinas,SP,Jardim America,C174,P32,eletrica,pintor,media,7.04,82,16,98,404.0,416.32,4.1,nao,nao,2,65,nao,cancelado,
FIX-00731,04-18-2025,Curitiba,PR,Planalto,C276,P98,limpeza,eletricista,baixa,13.24,110,100,210,608.18,594.01,2.7,sim,nao,61,16,sim,finalizado,
FIX-00732,2025-04-03,Campinas,sp,Boa Vista,C148,P99,montagem,encanador,baixa,0.3,13,71,84,209.64,233.5,4.7,nao,nao,355,51,nao,cancelado,
FIX-00733,data_invalida,Uberlândia,MG,Morumbi,C82,P137,pintura,montador,emergencial,0.3,,82,87,195.59,221.31,3.5,nao,nao,227,49,nao,finalizado,
FIX-00734,2025-01-03,curitiba,PR,Morumbi,C498,P11,pintura,eletrica_geral,baixa,2.96,21,29,50,541.75,603.65,3.3,nao,nao,141,31,,,
FIX-00735,2025-03-20,Curitiba,PR,Centro,C364,P88,eletrica,montador,alta,9.65,74,15,89,602.05,496.6,2.6,sim,nao,296,0,sim,procesado,
FIX-00736,2025-10-19,Salvador,BA,Morumbi,C13,P57,eletrica,montador,baixa,16.12,69,129,198,298.61,335.41,5,nao,nao,225,69,nao,procesado,
FIX-00737,13/09/2025,Campinas,SP,Jardim America,C20,P96,pintura,pintor,baixa,2.47,17,127,144,348.95,320.53,4.1,nao,nao,226,35,sim,procesado,
FIX-00738,2025-02-20,Curitiba,PR,Planalto,C179,P62,hidraulica,encanador,media,10.78,70,140,210,313.42,327.39,2.5,sim,nao,93,23,sim,procesado,
FIX-00739,04-26-2025,Campinas,SP,Centro,C259,P70,pintura,encanador,alta,5.69,51,78,129,736.59,688.0,4.9,nao,nao,57,5,nao,finalizado,
FIX-00740,07/06/2025,Uberlândia,MG,Industrial,C185,P127,hidraulica,eletrica_geral,media,15.76,81,26,107,212.48,225.77,4.4,nao,nao,0,21,sim,,
FIX-00741,2025-05-19,São Paulo,SP,Industrial,C400,P129,eletrica,eletrica_geral,alta,2.04,24,116,140,302.96,"246,18",4.7,nao,nao,40,0,,finalizado,
FIX-00742,2025-03-18,Uberlândia,MG,Centro,C384,P32,montagem,eletricista,baixa,14.87,137,89,226,257.53,246.9,3.3,nao,nao,36,77,,procesado,
FIX-00743,2025-10-18,Uberaba,MG,Industrial,C430,P52,eletrica,pintor,baixa,9.13,59,92,151,561.11,528.74,"3,6",sim,nao,261,47,sim,finalizado,
FIX-00744,2025-09-08,Uberlândia,MG,Jardim America,C471,P12,montagem,pintor,media,2.99,24,67,91,"552,63",594.23,3.2,nao,nao,49,41,sim,procesado,
FIX-00745,2025-02-27,Uberlândia,MG,Industrial,C461,P23,pintura,pintor,baixa,6.62,58,72,130,356.73,336.21,"3,2",nao,nao,85,11,,finalizado,
FIX-00746,2025-04-12,Curitiba,PR,Morumbi,C119,P80,hidraulica,encanador,baixa,7.97,59,44,103,130.53,121.86,2.7,sim,nao,217,19,,finalizado,
FIX-00747,21/07/2025,Campinas,SP,Santa Maria,C169,P74,eletric.,encanador,baixa,10.95,85,69,154,676.46,597.49,1.6,sim,sim,98,49,,em_andamento,
FIX-00748,2025-02-13,Campinas,SP,Santa Maria,C346,P37,eletrica,encanador,baixa,4.79,31,21,52,692.56,675.49,"4,7",nao,nao,3,14,nao,em_andamento,
FIX-00749,2025-06-09,goiânia,GO,Santa Maria,C123,P127,jardinagem,encanador geral,media,8.54,47,61,108,519.0,548.84,4.0,sim,nao,184,6,sim,,
FIX-00750,data_invalida,Curitiba,PR,Industrial,C132,P104,montagem,eletricista,baixa,"20,78",169,166,335,574.15,509.53,2.7,sim,nao,120,49,sim,,
FIX-00751,05/04/2025,Salvador,BA,Morumbi,C61,P72,montagem,pintor,media,"1,75",24,64,88,352.6,380.35,4.9,nao,nao,247,54,sim,cancelado,
FIX-00752,2025-03-17,Salvador,BA,Planalto,C269,P31,pintura,encanador,baixa,11.29,89,28,117,"731,3",599.53,5,nao,nao,299,41,,,
FIX-00753,2025-03-17,Uberlândia,MG,Boa Vista,C279,P142,pintura,pintor,alta,0.3,14,122,136,788.93,649.92,3.6,nao,nao,240,53,,cancelado,
FIX-00754,2025-08-05,Goiânia,GO,Jardim America,C350,P44,hidraulica,encanador,alta,10.41,87,61,148,"624,64",542.54,5,nao,nao,246,16,sim,finalizado,
FIX-00755,2025-07-26,Uberaba,MG,Centro,C71,P120,pintura,eletricista,baixa,13.99,127,129,256,603.61,578.77,3.5,nao,nao,259,37,sim,em_andamento,
FIX-00756,2025-05-05,Salvador,BA,Planalto,C456,P78,montagem,limpeza,baixa,5.11,44,147,191,"797,45","911,81",2.8,sim,nao,113,34,sim,finalizado,
FIX-00757,2025-05-25,Curitiba,PR,Santa Maria,C420,P84,montagem,jardineiro,alta,"2,12",23,113,136,"574,2",474.57,3.5,nao,nao,118,28,nao,cancelado,
FIX-00758,2025-10-14,goiânia,GO,Boa Vista,C369,P112,eletrica,encanador,baixa,11.97,66,128,194,239.09,214.54,4.1,nao,nao,184,17,,em_andamento,
FIX-00759,2025-03-19,Curitiba,pr,Centro,C335,P93,montagem,montador,baixa,9.26,53,99,152,272.15,264.2,"3,9",nao,nao,139,77,,cancelado,
FIX-00760,data_invalida,curitiba,PR,Jardim America,C158,P134,eletrica,encanador geral,media,7.14,59,15,74,"227,05",261.16,3.3,nao,sim,344,13,sim,cancelado,
FIX-00761,17/09/2025,Campinas,SP,Centro,C132,P20,eletrica,montador,alta,"5,4",,55,80,610.44,506.98,4.3,nao,sim,22,42,,finalizado,
FIX-00762,18/01/2025,Salvador,BA,Jardim America,C196,P146,hidraulicaa,encanador,media,16.31,103,51,154,"360,12",320.83,5,nao,sim,259,35,nao,cancelado,
FIX-00763,2025-05-07,Curitiba,pr,Centro,C48,P71,hidraulica,eletricista,emergencial,6.33,62,62,124,854.68,982.35,4.5,nao,nao,342,42,nao,finalizado,
FIX-00764,2025-03-07,Campinas,SP,Industrial,C157,P126,montagem,encanador,alta,7.76,59,131,190,505.23,486.36,3.1,nao,nao,120,32,nao,,
FIX-00765,data_invalida,campinas,SP,Industrial,C277,P25,montagem,eletrica_geral,baixa,8.4,71,44,115,127.34,137.17,1.3,sim,sim,39,42,,,
FIX-00766,2025-04-01,uberaba,MG,Boa Vista,C29,P42,hidraulica,eletricista,media,6.17,46,99,145,512.51,606.4,1.3,sim,nao,192,34,sim,finalizado,
FIX-00767,09/08/2025,Salvador,BA,Jardim America,C384,P129,montagem_moveis,pintor,alta,9.27,55,79,134,641.53,560.86,3.8,nao,nao,140,25,sim,finalizado,
FIX-00768,2025-08-21,São Paulo,SP,Santa Maria,C354,P89,hidraulica,pintor,baixa,4.62,48,88,136,"634,24",749.17,"3,3",nao,sim,354,32,nao,procesado,
FIX-00769,2025-10-24,Curitiba,PR,Boa Vista,C113,P55,pintura,eletricista,baixa,0.89,20,58,78,688.24,604.56,4.2,nao,nao,259,72,,procesado,
FIX-00770,2025-02-11,Uberlândia,MG,Planalto,C400,P44,eletrica,montador,media,"7,31",74,130,204,689.85,782.63,4.3,nao,nao,288,31,,procesado,
FIX-00771,2025-02-15,Goiânia,GO,Boa Vista,C262,P63,hidraulica,pintor,media,4.46,41,75,116,772.09,786.5,5,nao,nao,159,26,,cancelado,
FIX-00772,2025-10-07,São Paulo,SP,Planalto,C67,P120,eletrica,montador,media,"11,63",85,78,163,"200,48",235.9,5,nao,nao,172,80,sim,,
FIX-00773,01/07/2025,Campinas,sp,Morumbi,C142,P33,hidraulica,pintor,baixa,0.3,10,15,25,"851,59",998.15,4.9,nao,nao,198,31,nao,procesado,
FIX-00774,2025-10-20,São Paulo,SP,Santa Maria,C140,P108,montagem,pintor,baixa,7.61,42,30,72,88.32,84.71,"2,9",sim,nao,64,15,,cancelado,
FIX-00775,2025-03-31,Uberlândia,MG,Jardim America,C170,P68,montagem,jardineiro,baixa,"4,31",42,50,92,"871,19","799,62",2.2,sim,nao,249,61,,procesado,
FIX-00776,2025-10-04,Uberlândia,MG,Santa Maria,C380,P121,montagem_moveis,encanador,baixa,7.38,79,102,181,159.24,"128,47",2.7,sim,nao,185,55,sim,procesado,
FIX-00777,2025-06-26,Goiânia,GO,Jardim America,C196,P136,jardinagem,encanador,emergencial,11.58,79,51,130,741.84,"837,41",4.7,nao,nao,349,80,sim,em_andamento,
FIX-00778,2025-02-22,Uberlândia,MG,Industrial,C179,P72,hidraulica,eletricista,alta,11.51,76,148,224,788.58,808.98,3.0,nao,nao,147,79,nao,em_andamento,
FIX-00779,2025-09-08,Goiânia,GO,Planalto,C404,P2,hidraulica,montador,media,2.6,28,45,73,222.17,232.17,3.3,nao,nao,64,5,sim,em_andamento,
FIX-00780,2025-04-16,Goiânia,GO,Morumbi,C284,P101,montagem,eletricista,media,12.69,77,126,203,"686,55",567.52,"3,4",nao,nao,40,10,sim,procesado,
FIX-00781,2025-02-06,Uberlândia,MG,Santa Maria,C124,P24,limpeza,encanador,baixa,8.57,41,15,56,211.32,187.16,4.1,nao,nao,284,26,nao,cancelado,
FIX-00782,21/10/2025,Uberaba,MG,Planalto,C487,P58,hidraulica,limpeza,alta,5.79,29,101,130,757.35,907.33,4.5,nao,nao,238,16,nao,em_andamento,
FIX-00783,30/01/2025,São Paulo,SP,Jardim America,C422,P135,limpeza,eletricista,media,15.29,137,77,214,797.3,724.66,5.0,nao,nao,325,68,sim,finalizado,
FIX-00784,2025-08-03,Curitiba,PR,Industrial,C86,P3,eletrica,montador,baixa,3.78,38,54,92,744.89,"645,54","4,3",nao,nao,46,76,nao,,
FIX-00785,2025-04-18,são paulo,SP,Morumbi,C305,P20,montagem,jardineiro,media,"4,13",43,124,167,405.9,409.05,3.5,nao,nao,164,45,nao,cancelado,
FIX-00786,2025-01-27,Goiânia,GO,Planalto,C354,P58,pintura,montador,baixa,6.46,26,110,136,280.48,268.31,"3,6",nao,nao,270,52,nao,finalizado,
FIX-00787,2025-09-26,Curitiba,PR,Santa Maria,C196,P29,eletrica,pintor,media,8.26,41,64,105,344.6,323.07,3.0,nao,nao,327,14,,em_andamento,
FIX-00788,2025-04-23,Campinas,SP,Centro,C63,P144,hidraulica,limpeza,baixa,0.3,5,41,46,"827,73","821,29",3.5,nao,nao,111,4,nao,,
FIX-00789,2025-03-11,Uberaba,MG,Centro,C442,P58,hidraulica,montador,media,10.15,64,20,84,505.42,404.74,1,sim,nao,282,70,nao,cancelado,
FIX-00790,2025-06-03,Salvador,BA,Jardim America,C173,P12,jardinagem,montador,alta,"10,35",82,105,187,"135,15",151.18,"3,2",nao,nao,6,48,sim,em_andamento,
FIX-00791,2025-05-26,Curitiba,PR,Centro,C212,P129,hidraulica,encanador,baixa,4.01,35,116,151,83.91,74.98,4.6,nao,nao,104,79,sim,em_andamento,
FIX-00792,2025-06-15,Salvador,BA,Planalto,C446,P86,hidraulica,jardineiro,baixa,6.9,71,15,86,707.23,711.11,2.3,sim,nao,358,17,sim,procesado,
FIX-00793,2025-04-02,Salvador,BA,Boa Vista,C218,P58,jardinagem,jardineiro,baixa,3.58,34,32,66,542.93,537.08,2.8,sim,nao,263,78,nao,finalizado,
FIX-00794,2025-01-30,Campinas,SP,Industrial,C197,P93,montagem,eletricista,media,2.73,19,107,126,152.14,147.04,2.9,sim,nao,292,71,,em_andamento,
FIX-00795,2025-07-23,São Paulo,SP,Industrial,C463,P139,hidraulica,encanador,baixa,5.99,53,68,121,718.7,745.42,4.6,nao,nao,20,21,nao,procesado,
FIX-00796,2025-05-14,São Paulo,SP,Centro,C164,P108,eletrica,limpeza,baixa,15.69,83,64,147,"749,83","689,94","2,5",sim,nao,359,41,sim,cancelado,
FIX-00797,2025-07-29,Uberaba,MG,Morumbi,C117,P2,hidraulica,montador,baixa,5.78,54,142,196,646.75,"606,54",3.0,nao,nao,172,23,nao,procesado,
FIX-00798,data_invalida,Campinas,SP,Morumbi,C192,P38,eletric.,eletricista,media,"0,3",9,86,95,197.8,210.64,3.2,nao,nao,1,3,nao,finalizado,
FIX-00799,17/07/2025,Uberlândia,MG,Centro,C124,P44,montagem,eletricista,media,2.7,18,124,142,438.06,431.45,4.0,nao,nao,28,17,sim,cancelado,
FIX-00800,2025-08-24,Salvador,ba,Morumbi,C117,P57,montagem,jardineiro,media,"11,61",,69,173,361.66,358.75,3.0,nao,nao,149,74,sim,finalizado,
FIX-00801,2025-03-20,Curitiba,PR,Morumbi,C119,P59,montagem,jardineiro,baixa,1.09,20,86,106,577.15,490.45,5,nao,nao,95,55,sim,finalizado,
FIX-00802,2025-03-03,Salvador,BA,Morumbi,C176,P119,limpeza,jardineiro,alta,2.71,16,108,124,"594,24",696.48,2.8,sim,sim,85,40,sim,em_andamento,
FIX-00803,2025-09-24,Goiânia,GO,Industrial,C478,P140,hidraulica,encanador,media,2.34,17,73,90,115.36,125.44,3.9,nao,nao,87,61,,cancelado,
FIX-00804,2025-09-07,Campinas,SP,Centro,C411,P41,pintura,pintor,media,"6,55",47,62,109,723.88,738.68,5,nao,nao,7,12,sim,cancelado,
FIX-00805,07-31-2025,Salvador,BA,Boa Vista,C434,P1,montagem,encanador,baixa,9.42,82,97,179,804.6,833.38,2.6,sim,sim,311,34,,procesado,
FIX-00806,07-11-2025,Uberlândia,MG,Industrial,C111,P134,eletrica,jardineiro,media,5.03,16,50,66,414.57,362.41,3.7,nao,nao,30,9,sim,cancelado,
FIX-00807,2025-01-27,Goiânia,GO,Morumbi,C367,P131,eletrica,eletricista,media,10.14,63,73,136,"629,76","727,83",5,nao,nao,365,75,sim,procesado,
FIX-00808,2025-05-24,Salvador,BA,Centro,C209,P146,eletric.,jardineiro,baixa,16.4,115,76,191,605.2,557.76,5,nao,nao,23,22,nao,finalizado,
FIX-00809,05-14-2025,Uberlândia,MG,Santa Maria,C236,P127,limpeza,pintor,baixa,5.6,31,77,108,226.27,269.79,2.3,sim,nao,347,28,sim,cancelado,
FIX-00810,2025-03-20,São Paulo,SP,Morumbi,C91,P131,pintura,limpeza,alta,5.75,35,50,85,272.19,294.3,5,nao,nao,327,37,nao,cancelado,
FIX-00811,2025-03-17,Campinas,SP,Planalto,C257,P87,pintura,encanador,media,6.41,55,27,82,203.14,193.06,2.3,sim,sim,225,52,nao,em_andamento,
FIX-00812,2025-05-21,Campinas,SP,Jardim America,C62,P71,hidraulica,pintor,baixa,2.68,19,38,57,161.02,180.68,4.4,nao,nao,218,41,sim,finalizado,
FIX-00813,data_invalida,Goiânia,GO,Morumbi,C113,P107,limpeza,montador,baixa,"0,3",12,78,90,235.4,"239,7",2.4,sim,nao,89,13,nao,em_andamento,
FIX-00814,2025-08-01,São Paulo,SP,Industrial,C337,P72,montagem_moveis,eletricista,media,8.7,67,35,102,"149,57",168.93,4.8,nao,nao,229,3,nao,finalizado,
FIX-00815,2025-01-29,Goiânia,GO,Industrial,C184,P110,montagem,jardineiro,alta,0.3,5,139,144,181.31,176.73,3.9,nao,nao,257,39,,,
FIX-00816,2025-05-03,Goiânia,GO,Boa Vista,C223,P29,montagem,pintor,alta,"3,87",34,79,113,"539,48",511.71,5,nao,nao,8,50,nao,em_andamento,
FIX-00817,12/09/2025,São Paulo,SP,Centro,C473,P55,limpeza,limpeza,media,4.92,29,15,44,"400,96",438.26,3.7,nao,sim,267,17,,procesado,
FIX-00818,2025-10-07,Campinas,SP,Jardim America,C50,P121,pintura,limpeza,emergencial,12.59,95,27,122,435.83,403.16,5,nao,nao,164,67,,finalizado,
FIX-00819,2025-03-06,Campinas,SP,Boa Vista,C491,P17,montagem,montador,media,3.76,34,58,92,273.34,279.71,3.7,sim,nao,109,40,sim,,
FIX-00820,2025-09-29,campinas,SP,Jardim America,C75,P19,hidraulica,eletricista,alta,2.45,7,110,117,756.14,754.9,"4,4",nao,nao,35,61,nao,,
FIX-00821,2025-06-30,Goiânia,GO,Boa Vista,C73,P107,eletrica,encanador geral,media,"3,45",43,104,147,"647,66",607.31,2.9,sim,nao,90,38,nao,procesado,
FIX-00822,2025-09-14,campinas,SP,Centro,C197,P133,hidraulica,jardineiro,baixa,3.57,5,146,151,336.24,289.07,5,nao,nao,354,76,,,
FIX-00823,2025-08-10,Curitiba,PR,Centro,C118,P39,eletrica,jardineiro,alta,6.05,81,29,110,313.55,"315,08",5,nao,nao,214,28,,cancelado,
FIX-00824,2025-02-18,São Paulo,SP,Boa Vista,C107,P121,hidraulica,pintor,baixa,6.61,47,45,92,495.53,476.25,5,nao,nao,361,29,nao,procesado,
FIX-00825,08-12-2025,São Paulo,SP,Industrial,C292,P26,pintura,eletricista,media,13.07,125,117,242,407.61,402.98,5,nao,sim,355,73,,procesado,
FIX-00826,data_invalida,São Paulo,SP,Jardim America,C488,P56,eletrica,eletricista,baixa,7.13,47,66,113,186.34,219.93,4.7,sim,nao,206,41,nao,finalizado,
FIX-00827,2025-03-23,Uberlândia,MG,Industrial,C309,P12,montagem_moveis,jardineiro,media,0.3,5,54,59,536.58,616.82,2.7,sim,nao,316,62,,em_andamento,
FIX-00828,2025-07-12,Curitiba,PR,Santa Maria,C307,P65,montagem,jardineiro,media,18.06,154,37,191,846.22,841.79,"4,7",nao,nao,212,72,sim,,
FIX-00829,2025-05-28,Salvador,ba,Santa Maria,C277,P12,montagem,pintor,alta,0.3,5,109,114,732.95,619.56,2.2,sim,nao,86,80,sim,procesado,
FIX-00830,18/10/2025,Curitiba,PR,Morumbi,C88,P44,eletrica,montador,emergencial,4.78,28,107,135,256.56,"287,12",2.6,sim,nao,264,59,sim,em_andamento,
FIX-00831,2025-10-26,São Paulo,SP,Centro,C465,P44,eletrica,encanador geral,baixa,"6,63",73,121,194,206.02,227.5,4.4,nao,nao,114,40,,procesado,
FIX-00832,2025-03-31,Goiânia,GO,Jardim America,C94,P64,eletrica,montador,alta,"5,51",18,82,100,797.47,774.04,4.3,nao,nao,52,59,,procesado,
FIX-00833,2025-06-02,Curitiba,pr,Centro,C299,P17,montagem_moveis,pintor,baixa,0.3,5,61,66,627.2,"750,44",1.4,sim,sim,250,37,,cancelado,
FIX-00834,2025-10-25,Goiânia,GO,Jardim America,C343,P53,hidraulica,jardineiro,alta,"12,5",119,133,252,677.6,653.07,3.9,nao,nao,206,71,,em_andamento,
FIX-00835,2025-07-10,goiânia,GO,Jardim America,C185,P95,limpeza,encanador geral,baixa,"2,53",22,101,123,542.51,527.83,5,nao,nao,174,73,sim,finalizado,
FIX-00836,07-23-2025,São Paulo,SP,Planalto,C383,P136,jardinagem,jardineiro,alta,6.23,53,95,148,177.75,185.13,4.8,nao,sim,361,38,nao,procesado,
FIX-00837,07/03/2025,Salvador,BA,Jardim America,C355,P112,limpeza,encanador,baixa,8.74,67,106,173,630.39,"530,77",5.0,nao,nao,94,66,sim,,
FIX-00838,2025-01-02,São Paulo,SP,Planalto,C169,P74,hidraulica,montador,media,5.11,21,93,114,759.17,736.27,4.1,nao,nao,228,51,sim,procesado,
FIX-00839,2025-08-21,Salvador,BA,Centro,C396,P5,pintura,eletricista,media,"6,75",47,169,216,"102,24","94,22",4.7,nao,nao,69,19,sim,finalizado,
FIX-00840,2025-07-30,Curitiba,PR,Jardim America,C487,P32,hidraulica,eletrica_geral,baixa,6.99,48,71,119,366.47,302.46,2.3,sim,nao,127,64,nao,finalizado,
FIX-00841,2025-03-10,São Paulo,SP,Santa Maria,C422,P138,montagem_moveis,eletricista,media,9.49,61,127,188,603.98,675.66,"2,9",sim,sim,138,37,,procesado,
FIX-00842,2025-01-06,Curitiba,PR,Jardim America,C248,P127,pintura,jardineiro,baixa,4.55,33,82,115,679.94,"604,9",3.8,sim,sim,118,47,nao,finalizado,
FIX-00843,2025-06-12,São Paulo,SP,Santa Maria,C231,P3,eletric.,jardineiro,media,3.88,20,135,155,146.27,165.36,4.4,nao,nao,72,9,nao,cancelado,
FIX-00844,04-21-2025,uberlândia,MG,Boa Vista,C110,P71,montagem,montador,media,14.38,95,16,111,94.25,98.19,4.9,sim,sim,319,19,sim,em_andamento,
FIX-00845,09-19-2025,Salvador,BA,Santa Maria,C379,P83,hidraulica,pintor,alta,8.55,53,72,125,320.27,"338,59",4.8,nao,nao,208,17,nao,cancelado,
FIX-00846,2025-01-01,Salvador,ba,Morumbi,C172,P49,jardinagem,pintor,emergencial,"10,68",95,66,161,692.61,"638,53",3.8,nao,nao,302,32,,procesado,
FIX-00847,2025-01-01,Curitiba,PR,Boa Vista,C469,P118,hidraulica,limpeza,alta,5.01,32,69,101,209.03,"203,44",2.6,sim,nao,141,27,,em_andamento,
FIX-00848,2025-04-16,Goiânia,GO,Industrial,C83,P65,hidraulicaa,montador,baixa,"0,93",6,89,95,521.99,489.23,2.3,sim,sim,119,68,sim,cancelado,
FIX-00849,2025-07-15,Uberaba,MG,Jardim America,C361,P76,montagem,montador,baixa,"8,28",27,68,95,494.12,587.97,3.1,nao,nao,61,23,,,
FIX-00850,2025-06-27,São Paulo,SP,Jardim America,C465,P18,hidraulica,encanador,emergencial,4.31,23,71,94,258.67,244.08,3.5,nao,nao,115,63,,procesado,
FIX-00851,2025-05-31,São Paulo,SP,Jardim America,C315,P116,limpeza,pintor,alta,0.3,16,40,56,240.75,259.17,4.0,nao,nao,109,44,nao,em_andamento,
FIX-00852,data_invalida,Curitiba,PR,Boa Vista,C65,P54,eletrica,limpeza,media,9.98,81,113,194,"869,09",851.56,3.8,nao,nao,4,67,,,
FIX-00853,2025-09-08,São Paulo,SP,Centro,C180,P127,hidraulica,encanador,baixa,0.3,17,61,78,"697,61","821,6",4.1,nao,nao,105,11,sim,finalizado,
FIX-00854,25/02/2025,São Paulo,SP,Morumbi,C248,P33,eletrica,encanador,baixa,5.78,53,61,114,235.93,240.99,4.0,sim,nao,110,29,nao,finalizado,
FIX-00855,2025-07-08,São Paulo,SP,Boa Vista,C155,P9,eletrica,montador,media,8.26,59,154,213,282.98,259.11,5,nao,nao,216,10,,finalizado,
FIX-00856,2025-09-28,São Paulo,SP,Jardim America,C304,P50,eletrica,eletricista,emergencial,15.58,115,101,216,692.34,"803,39",5,nao,nao,348,2,nao,,
FIX-00857,2025-02-03,São Paulo,SP,Boa Vista,C122,P33,montagem,eletrica_geral,media,5.53,49,61,110,328.93,"315,97","2,6",sim,nao,164,34,sim,procesado,
FIX-00858,2025-05-20,Uberaba,MG,Morumbi,C92,P64,jardinagem,jardineiro,media,6.99,82,81,163,"518,9","419,47",4.4,sim,nao,246,23,nao,,
FIX-00859,09-08-2025,Uberlândia,MG,Boa Vista,C136,P104,hidraulica,eletricista,baixa,3.48,8,72,80,803.25,763.19,4.5,nao,nao,214,5,nao,em_andamento,
FIX-00860,07-19-2025,Uberlândia,MG,Boa Vista,C55,P27,limpeza,montador,alta,6.64,43,121,164,848.7,1005.07,5,nao,nao,111,69,sim,finalizado,
FIX-00861,2025-07-23,São Paulo,SP,Morumbi,C315,P55,hidraulica,montador,media,6.65,31,15,46,"734,27","595,07",3.1,nao,nao,271,29,,cancelado,
FIX-00862,2025-09-28,são paulo,SP,Santa Maria,C60,P147,eletrica,jardineiro,media,"14,67",60,105,165,897.93,1039.34,4.1,nao,nao,31,73,sim,,
FIX-00863,2025-09-30,Campinas,sp,Morumbi,C495,P96,eletric.,montador,media,13.52,,109,228,249.39,253.67,2.9,sim,sim,51,65,nao,finalizado,
FIX-00864,2025-01-24,Campinas,SP,Boa Vista,C60,P24,montagem,eletricista,alta,7.86,59,112,171,395.1,"394,56",4.3,nao,nao,319,4,,em_andamento,
FIX-00865,2025-02-25,são paulo,SP,Boa Vista,C188,P78,eletrica,pintor,media,0.3,11,105,116,268.34,302.62,5,nao,nao,2,16,,em_andamento,
FIX-00866,data_invalida,Salvador,BA,Boa Vista,C414,P142,eletrica,jardineiro,media,14.63,100,112,212,559.68,"633,49",2.9,sim,nao,269,37,,cancelado,
FIX-00867,2025-04-11,São Paulo,SP,Planalto,C89,P53,montagem,encanador,baixa,10.13,103,49,152,89.07,93.2,3.1,nao,nao,90,22,,cancelado,
FIX-00868,2025-10-18,Curitiba,PR,Planalto,C291,P9,eletrica,pintor,baixa,3.4,14,95,109,248.28,210.05,5,sim,nao,252,54,nao,,
FIX-00869,04-14-2025,Uberaba,MG,Planalto,C412,P103,jardinagem,limpeza,emergencial,4.53,23,122,145,308.96,311.53,4.6,nao,sim,103,51,nao,finalizado,
FIX-00870,2025-06-21,Uberaba,MG,Centro,C119,P50,limpeza,eletricista,baixa,9.27,66,112,178,144.78,139.62,5,sim,nao,207,4,,cancelado,
FIX-00871,2025-10-16,Curitiba,PR,Planalto,C328,P64,jardinagem,encanador,alta,8.99,41,60,101,699.56,650.23,3.8,nao,nao,87,65,,em_andamento,
FIX-00872,05-17-2025,São Paulo,SP,Boa Vista,C386,P5,jardinagem,limpeza,media,0.3,14,118,132,83.05,71.89,5,nao,nao,176,51,sim,finalizado,
FIX-00873,2025-02-15,Uberaba,mg,Boa Vista,C400,P81,montagem,encanador,baixa,"3,67",19,126,145,510.79,466.09,3.1,nao,nao,77,44,nao,cancelado,
FIX-00874,2025-06-20,Salvador,BA,Morumbi,C456,P6,montagem,pintor,alta,3.98,37,104,141,"534,97",501.9,"4,5",nao,nao,263,66,sim,em_andamento,
FIX-00875,2025-06-18,Curitiba,PR,Santa Maria,C44,P42,jardinagem,eletrica_geral,media,8.21,72,89,161,896.26,726.87,4.1,nao,nao,342,70,nao,finalizado,
FIX-00876,2025-02-02,Uberaba,MG,Industrial,C114,P67,eletrica,jardineiro,media,"3,95",21,115,136,807.76,728.62,2.8,sim,nao,58,22,sim,em_andamento,
FIX-00877,2025-03-19,Uberaba,MG,Centro,C209,P121,hidraulica,pintor,media,18.46,132,39,171,499.8,522.79,3.8,sim,sim,35,44,nao,finalizado,
FIX-00878,2025-09-04,Curitiba,PR,Morumbi,C362,P85,montagem,jardineiro,media,14.31,120,95,215,"770,77",667.45,4.8,nao,nao,297,5,sim,em_andamento,
FIX-00879,2025-02-13,Salvador,ba,Boa Vista,C340,P57,limpeza,limpeza,baixa,"11,3",101,121,222,807.18,913.6,5,nao,nao,33,38,sim,finalizado,
FIX-00880,2025-07-04,Uberlândia,MG,Jardim America,C16,P42,limpeza,pintor,media,5.19,39,63,102,405.98,361.19,5,nao,nao,357,10,sim,cancelado,
FIX-00881,2025-02-21,Uberlândia,MG,Boa Vista,C195,P144,hidraulica,pintor,baixa,10.13,73,89,162,432.97,419.92,3.0,nao,nao,132,75,,finalizado,
FIX-00882,2025-02-08,Uberlândia,MG,Boa Vista,C93,P119,eletrica,pintor,media,11.64,88,110,198,253.22,265.34,3.9,nao,nao,6,58,sim,procesado,
FIX-00883,10/04/2025,Uberlândia,MG,Planalto,C282,P150,limpeza,eletrica_geral,baixa,0.3,5,77,82,354.53,386.83,3.3,nao,nao,325,33,nao,procesado,
FIX-00884,2025-06-15,Salvador,BA,Planalto,C148,P121,montagem,pintor,baixa,10.25,48,98,146,"286,69",315.04,2.2,sim,nao,4,47,sim,cancelado,
FIX-00885,06-02-2025,Campinas,SP,Jardim America,C469,P17,eletrica,eletricista,media,6.15,58,95,153,525.19,"537,07",5,nao,nao,101,15,,procesado,
FIX-00886,2025-08-11,Uberlândia,MG,Santa Maria,C477,P11,eletrica,jardineiro,baixa,6.31,39,106,145,487.35,"553,39",4.2,nao,nao,344,71,,procesado,
FIX-00887,2025-05-13,Uberaba,MG,Centro,C64,P64,eletrica,montador,baixa,4.87,35,91,126,457.35,"456,99",3.1,nao,nao,11,68,,finalizado,
FIX-00888,2025-08-07,Salvador,BA,Planalto,C116,P111,eletrica,pintor,media,16.75,129,83,212,"263,55",277.71,3.9,sim,nao,159,38,nao,cancelado,
FIX-00889,2025-10-14,Uberlândia,MG,Santa Maria,C205,P3,pintura,jardineiro,baixa,"5,08",31,104,135,"299,59",251.28,4.1,nao,nao,264,77,nao,,
FIX-00890,2025-09-21,Goiânia,GO,Jardim America,C39,P146,montagem,encanador,baixa,0.3,10,48,58,583.64,519.48,5,nao,nao,278,26,,em_andamento,
FIX-00891,2025-10-19,Curitiba,PR,Boa Vista,C278,P35,hidraulica,pintor,baixa,"13,88",98,15,113,263.82,240.59,2.2,sim,nao,74,62,sim,,
FIX-00892,2025-02-18,Goiânia,GO,Santa Maria,C136,P104,eletrica,limpeza,baixa,2.16,11,100,111,473.87,544.77,4.6,sim,nao,80,42,nao,cancelado,
FIX-00893,2025-08-29,São Paulo,SP,Boa Vista,C308,P136,pintura,eletricista,media,0.3,5,135,140,734.91,743.5,5,nao,nao,330,79,nao,,
FIX-00894,data_invalida,Curitiba,PR,Boa Vista,C282,P92,eletrica,encanador,alta,8.86,84,76,160,218.23,201.57,3.1,nao,nao,229,2,,finalizado,
FIX-00895,2025-08-25,Campinas,SP,Jardim America,C209,P45,pintura,eletricista,baixa,0.3,5,89,94,"587,2",689.75,4.7,nao,nao,107,4,,finalizado,
FIX-00896,2025-01-31,São Paulo,SP,Boa Vista,C52,P85,montagem,eletricista,alta,8.77,58,99,157,410.98,"381,44",3.6,sim,nao,251,25,,cancelado,
FIX-00897,2025-09-23,Curitiba,PR,Industrial,C383,P53,eletrica,jardineiro,media,"5,4",35,52,87,849.0,1002.37,3.4,nao,nao,269,13,sim,,
FIX-00898,2025-02-19,São Paulo,SP,Santa Maria,C230,P119,montagem,montador,media,12.87,91,87,178,762.16,"623,13",3.6,sim,nao,14,45,sim,finalizado,
FIX-00899,2025-01-15,Uberlândia,MG,Santa Maria,C252,P101,eletrica,pintor,baixa,5.2,,31,71,306.1,293.05,3.9,nao,nao,40,16,nao,procesado,
FIX-00900,2025-03-09,Curitiba,PR,Jardim America,C358,P138,pintura,pintor,baixa,1.04,19,69,88,569.62,"471,91",4.1,nao,nao,324,80,nao,finalizado,
FIX-00901,2025-03-19,Curitiba,PR,Santa Maria,C19,P21,montagem,eletricista,emergencial,12.59,74,108,182,831.25,856.48,4.1,nao,nao,40,40,sim,cancelado,
FIX-00902,2025-06-11,São Paulo,SP,Santa Maria,C438,P76,jardinagem,pintor,emergencial,1.53,7,136,143,499.3,505.42,4.5,nao,nao,17,80,,,
FIX-00903,2025-09-05,Salvador,BA,Planalto,C94,P146,eletrica,montador,media,10.93,93,27,120,691.22,607.11,"3,7",nao,sim,43,44,nao,cancelado,
FIX-00904,2025-03-26,Campinas,SP,Morumbi,C373,P111,eletrica,eletricista,media,10.82,93,111,204,447.26,421.93,4.0,nao,nao,321,75,nao,cancelado,
FIX-00905,2025-01-08,Uberlândia,mg,Planalto,C246,P25,eletrica,pintor,media,12.77,65,57,122,804.11,828.99,3.6,nao,nao,47,21,sim,cancelado,
FIX-00906,2025-09-20,Goiânia,GO,Industrial,C167,P26,hidraulica,encanador,baixa,7.99,59,21,80,193.76,176.99,4.4,nao,nao,63,5,nao,procesado,
FIX-00907,2025-07-24,Uberaba,mg,Planalto,C150,P100,pintura,jardineiro,baixa,5.17,46,15,61,830.3,810.15,"3,9",nao,nao,314,68,,finalizado,
FIX-00908,2025-07-09,Curitiba,PR,Industrial,C116,P77,montagem,eletricista,baixa,7.53,33,62,95,"768,81",693.9,4.4,nao,nao,70,75,sim,procesado,
FIX-00909,06-04-2025,goiânia,GO,Jardim America,C353,P30,eletrica,eletricista,baixa,11.17,59,121,180,299.6,"277,0","4,2",nao,nao,299,34,sim,procesado,
FIX-00910,data_invalida,Salvador,BA,Planalto,C423,P87,eletrica,limpeza,baixa,2.93,24,66,90,775.74,"852,75",4.6,nao,nao,73,50,nao,finalizado,
FIX-00911,18/01/2025,Uberaba,MG,Centro,C248,P86,eletrica,jardineiro,baixa,9.53,88,82,170,"104,23",97.29,5,nao,nao,128,63,,cancelado,
FIX-00912,2025-02-02,Curitiba,pr,Jardim America,C229,P131,hidraulica,limpeza,media,11.43,97,15,112,180.49,148.64,5,nao,nao,309,54,,finalizado,
FIX-00913,2025-09-22,salvador,ba,Boa Vista,C198,P78,eletrica,encanador,baixa,0.3,10,83,93,333.95,303.54,4.4,nao,nao,52,14,,,
FIX-00914,29/06/2025,Campinas,SP,Industrial,C451,P150,pintura,limpeza,baixa,12.46,113,78,191,"691,58",826.86,3.7,nao,nao,297,28,sim,procesado,
FIX-00915,2025-06-13,Campinas,SP,Planalto,C396,P116,limpeza,eletricista,baixa,0.3,9,48,57,"605,61",573.02,3.7,sim,nao,90,55,,,
FIX-00916,2025-01-09,Salvador,BA,Industrial,C309,P39,hidraulica,encanador,baixa,10.87,,96,153,559.7,511.22,5,nao,nao,364,9,,em_andamento,
FIX-00917,2025-02-07,Goiânia,go,Planalto,C258,P43,eletrica,limpeza,alta,"11,87",,150,224,816.37,697.32,3.5,nao,nao,203,52,,cancelado,
FIX-00918,2025-06-26,Campinas,SP,Planalto,C286,P138,hidraulica,montador,media,4.05,17,15,32,607.72,655.59,3.9,nao,sim,183,37,nao,procesado,
FIX-00919,2025-03-24,Goiânia,GO,Morumbi,C155,P84,eletric.,montador,alta,"12,66",110,67,177,647.44,592.76,5,sim,nao,187,72,,em_andamento,
FIX-00920,2025-04-16,Campinas,SP,Industrial,C150,P136,hidraulica,pintor,baixa,0.3,,16,28,435.79,470.38,4.2,sim,nao,48,45,,em_andamento,
FIX-00921,01-19-2025,Curitiba,PR,Morumbi,C129,P119,hidraulica,encanador,baixa,13.75,106,112,218,383.98,341.75,"2,7",sim,nao,77,60,sim,,
FIX-00922,2025-02-02,Curitiba,PR,Boa Vista,C226,P132,pintura,montador,media,3.17,15,95,110,703.95,794.33,3.7,nao,nao,55,43,sim,procesado,
FIX-00923,2025-09-04,Curitiba,PR,Centro,C426,P47,jardinagem,pintor,baixa,"8,63",78,130,208,"836,46",908.33,4.9,nao,nao,324,31,sim,cancelado,
FIX-00924,08-11-2025,São Paulo,SP,Planalto,C185,P83,pintura,montador,media,"4,83",30,129,159,788.93,857.15,3.9,nao,nao,177,7,,em_andamento,
FIX-00925,2025-04-13,campinas,SP,Centro,C93,P69,jardinagem,limpeza,baixa,10.17,73,94,167,"890,23",1049.28,5,nao,nao,51,64,nao,,
FIX-00926,2025-08-03,Goiânia,GO,Santa Maria,C388,P136,montagem,encanador,alta,0.3,5,90,95,761.37,611.04,4.2,nao,nao,22,72,nao,em_andamento,
FIX-00927,2025-03-16,Curitiba,PR,Centro,C374,P54,eletrica,eletricista,baixa,6.64,36,95,131,799.74,714.25,1.9,sim,nao,6,46,sim,procesado,
FIX-00928,2025-03-02,Uberaba,MG,Santa Maria,C116,P145,montagem,montador,media,8.12,38,80,118,346.64,348.5,5,nao,nao,236,32,sim,cancelado,
FIX-00929,2025-07-06,Salvador,BA,Centro,C355,P29,eletrica,eletrica_geral,baixa,6.76,54,23,77,659.83,757.25,4.0,nao,nao,138,8,nao,procesado,
FIX-00930,2025-08-23,São Paulo,SP,Planalto,C91,P142,eletrica,encanador,baixa,3.8,18,66,84,452.48,427.95,3.2,nao,nao,361,38,,procesado,
FIX-00931,04-19-2025,Goiânia,GO,Jardim America,C278,P79,montagem,jardineiro,media,7.29,64,81,145,297.03,298.84,1.9,sim,nao,172,79,nao,procesado,
FIX-00932,2025-10-11,salvador,BA,Boa Vista,C252,P55,eletrica,montador,alta,9.77,63,71,134,336.17,389.52,3.6,nao,nao,163,48,sim,,
FIX-00933,2025-02-09,uberaba,MG,Planalto,C409,P110,hidraulica,pintor,media,"6,49",37,15,52,257.42,232.91,"4,1",nao,nao,320,48,nao,procesado,
FIX-00934,2025-05-05,curitiba,PR,Industrial,C499,P116,montagem_moveis,pintor,baixa,3.28,22,115,137,134.94,118.93,3.2,nao,nao,271,28,sim,em_andamento,
FIX-00935,2025-10-28,São Paulo,SP,Jardim America,C368,P65,pintura,eletricista,media,6.76,54,185,239,141.43,123.1,"3,0",nao,nao,11,14,sim,finalizado,
FIX-00936,2025-09-13,Curitiba,PR,Industrial,C378,P6,eletrica,encanador geral,alta,7.67,81,114,195,"223,34",267.22,2.8,sim,sim,161,14,nao,,
FIX-00937,2025-03-05,curitiba,PR,Centro,C96,P5,jardinagem,eletricista,baixa,7.81,65,64,129,"538,18",614.61,3.0,nao,nao,39,2,sim,cancelado,
FIX-00938,25/06/2025,São Paulo,SP,Planalto,C427,P138,eletrica,encanador geral,baixa,14.03,81,168,249,"608,58",718.92,4.3,nao,nao,295,59,sim,em_andamento,
FIX-00939,03-29-2025,Salvador,BA,Morumbi,C384,P146,montagem,montador,alta,4.65,9,68,77,"664,65","617,94",4.1,nao,nao,254,67,sim,finalizado,
FIX-00940,data_invalida,Campinas,SP,Boa Vista,C267,P97,hidraulica,encanador,baixa,10.9,,63,123,294.07,261.69,2.8,sim,sim,290,0,sim,procesado,
FIX-00941,06-29-2025,Uberlândia,MG,Jardim America,C65,P115,montagem,jardineiro,media,10.89,38,15,53,81.93,74.13,3.1,nao,sim,148,14,nao,finalizado,
FIX-00942,2025-08-05,Curitiba,PR,Planalto,C180,P49,jardinagem,pintor,alta,6.21,63,69,132,553.09,579.69,3.1,nao,nao,130,64,,procesado,
FIX-00943,2025-05-21,São Paulo,SP,Jardim America,C110,P43,jardinagem,montador,media,8.21,57,75,132,525.58,456.6,4.7,nao,nao,59,66,nao,cancelado,
FIX-00944,08/07/2025,Curitiba,PR,Centro,C477,P49,montagem,encanador,baixa,5.76,35,15,50,143.17,168.28,3.7,nao,nao,140,8,sim,cancelado,
FIX-00945,2025-08-26,Curitiba,PR,Industrial,C188,P47,jardinagem,encanador,baixa,6.62,54,51,105,250.1,224.25,3.6,nao,nao,39,42,nao,cancelado,
FIX-00946,2025-10-27,Uberlândia,MG,Morumbi,C273,P3,hidraulicaa,eletricista,media,4.85,23,64,87,315.47,352.43,3.8,nao,nao,208,31,,finalizado,
FIX-00947,2025-05-26,Uberaba,MG,Centro,C166,P52,eletrica,encanador,alta,15.48,88,61,149,105.17,93.14,5,nao,nao,271,22,sim,em_andamento,
FIX-00948,2025-09-03,Curitiba,PR,Morumbi,C447,P5,eletrica,encanador,baixa,5.74,38,71,109,824.02,785.3,4.3,nao,sim,308,70,,,
FIX-00949,2025-06-08,São Paulo,sp,Centro,C115,P67,hidraulica,eletricista,media,5.2,28,48,76,93.9,101.34,1.9,sim,sim,350,72,sim,em_andamento,
FIX-00950,2025-10-12,Uberaba,MG,Industrial,C103,P73,eletrica,encanador,baixa,4.88,29,89,118,813.31,"699,4","4,6",nao,nao,141,40,sim,procesado,
FIX-00951,2025-02-20,Uberlândia,MG,Santa Maria,C391,P2,pintura,eletricista,baixa,"9,69",60,110,170,116.92,95.99,3.4,nao,nao,62,63,sim,cancelado,
FIX-00952,09-03-2025,Uberlândia,MG,Boa Vista,C401,P148,hidraulica,pintor,baixa,"5,12",55,82,137,"512,79",489.02,2.6,sim,nao,311,72,,,
FIX-00953,25/05/2025,Uberaba,MG,Jardim America,C13,P147,hidraulica,pintor,media,15.82,149,89,238,651.69,599.47,"4,5",nao,nao,356,5,,,
FIX-00954,2025-09-15,Uberaba,MG,Morumbi,C225,P85,pintura,pintor,baixa,7.81,63,58,121,880.13,753.41,2.7,sim,nao,205,66,,procesado,
FIX-00955,2025-06-30,Uberlândia,MG,Santa Maria,C190,P44,jardinagem,pintor,baixa,12.48,60,45,105,854.04,689.68,5,nao,nao,256,33,nao,finalizado,
FIX-00956,2025-03-22,Uberaba,MG,Santa Maria,C369,P130,eletrica,jardineiro,media,4.76,41,143,184,806.97,665.83,4.1,sim,nao,202,28,sim,procesado,
FIX-00957,2025-09-12,Salvador,BA,Morumbi,C158,P77,eletrica,montador,baixa,8.27,43,76,119,"458,59",374.91,3.7,nao,sim,100,31,,finalizado,
FIX-00958,2025-03-03,Uberlândia,MG,Santa Maria,C493,P65,jardinagem,limpeza,media,0.3,9,109,118,110.37,91.74,4.8,nao,sim,1,73,,,
FIX-00959,2025-04-02,Uberlândia,mg,Industrial,C96,P122,montagem,encanador,media,7.36,47,104,151,614.31,718.1,5,nao,nao,184,36,nao,,
FIX-00960,2025-04-05,São Paulo,SP,Jardim America,C349,P124,montagem_moveis,pintor,media,10.76,55,79,134,650.94,"766,76",3.6,nao,sim,90,8,nao,em_andamento,
FIX-00961,2025-04-29,Curitiba,PR,Jardim America,C191,P146,eletrica,jardineiro,alta,10.18,,85,138,802.94,762.3,3.3,nao,nao,291,70,,finalizado,
FIX-00962,2025-03-25,Goiânia,GO,Santa Maria,C338,P132,eletrica,montador,emergencial,3.25,24,84,108,407.16,454.25,4.7,nao,nao,329,15,sim,em_andamento,
FIX-00963,2025-01-08,uberaba,MG,Morumbi,C92,P52,eletrica,jardineiro,media,"7,67",50,15,65,769.02,750.51,4.6,nao,nao,195,7,,procesado,
FIX-00964,2025-01-06,Salvador,BA,Centro,C387,P119,eletrica,limpeza,emergencial,"11,28",,103,190,785.95,"639,3","4,8",nao,nao,343,69,,finalizado,
FIX-00965,2025-02-16,Campinas,SP,Centro,C347,P112,jardinagem,montador,media,2.44,9,128,137,427.68,392.22,2.5,sim,sim,119,37,nao,finalizado,
FIX-00966,2025-04-17,Uberaba,MG,Planalto,C296,P117,jardinagem,montador,baixa,"8,11",44,79,123,230.94,276.61,5,sim,nao,64,55,sim,cancelado,
FIX-00967,22/08/2025,Uberaba,MG,Industrial,C342,P20,hidraulica,eletricista,baixa,9.35,56,38,94,820.72,739.68,3.2,nao,nao,18,69,,,
FIX-00968,2025-01-19,Uberlândia,MG,Morumbi,C104,P60,hidraulica,jardineiro,alta,0.3,19,15,34,"817,31",922.82,3.8,nao,nao,216,59,,,
FIX-00969,2025-01-07,Salvador,BA,Jardim America,C293,P129,pintura,eletricista,media,2.03,16,138,154,638.21,557.18,1.6,sim,sim,151,62,sim,cancelado,
FIX-00970,2025-07-25,Goiânia,go,Industrial,C179,P48,eletrica,eletricista,media,4.26,46,15,61,"223,67",185.66,3.5,nao,nao,190,1,nao,finalizado,
FIX-00971,2025-03-09,Curitiba,PR,Santa Maria,C186,P82,eletrica,encanador,baixa,6.61,32,78,110,131.06,122.27,"4,6",nao,sim,341,76,nao,finalizado,
FIX-00972,2025-10-21,Uberlândia,MG,Centro,C410,P50,hidraulica,eletricista,baixa,0.3,5,56,61,839.63,851.51,"3,1",nao,nao,145,70,,em_andamento,
FIX-00973,2025-06-05,Campinas,SP,Morumbi,C74,P131,hidraulica,eletricista,alta,"8,31",35,82,117,452.47,539.01,"4,1",nao,nao,20,34,,procesado,
FIX-00974,2025-10-10,Salvador,BA,Morumbi,C180,P83,montagem,eletricista,media,14.84,103,37,140,344.42,293.61,4.9,sim,nao,102,51,nao,,
FIX-00975,2025-10-16,Uberaba,MG,Centro,C57,P19,eletrica,encanador,alta,3.35,19,147,166,764.01,868.16,"3,5",nao,nao,54,26,sim,cancelado,
FIX-00976,17/05/2025,Uberaba,MG,Morumbi,C242,P130,jardinagem,limpeza,baixa,15.17,123,134,257,190.73,174.79,3.3,nao,nao,220,14,,procesado,
FIX-00977,2025-03-29,Campinas,SP,Morumbi,C147,P67,eletrica,encanador geral,emergencial,11.51,99,192,291,881.53,964.68,5,nao,nao,234,10,,em_andamento,
FIX-00978,2025-01-09,Uberaba,MG,Jardim America,C255,P144,limpeza,eletricista,media,"6,45",52,124,176,131.62,135.6,5,nao,nao,328,63,,em_andamento,
FIX-00979,data_invalida,Salvador,BA,Boa Vista,C401,P39,montagem,encanador,media,0.8,17,15,32,601.2,549.42,5,nao,nao,120,14,,cancelado,
FIX-00980,2025-03-11,São Paulo,SP,Jardim America,C490,P132,montagem,pintor,baixa,5.01,22,30,52,"629,74",722.89,4.3,nao,nao,265,74,,procesado,
FIX-00981,data_invalida,São Paulo,SP,Morumbi,C341,P59,limpeza,encanador,media,2.91,22,103,125,881.75,777.23,2.9,sim,nao,105,10,sim,,
FIX-00982,2025-07-30,Goiânia,GO,Industrial,C62,P6,eletrica,eletricista,baixa,0.3,5,60,65,429.15,348.45,5,nao,nao,159,71,,cancelado,
FIX-00983,2025-10-08,Uberaba,MG,Industrial,C418,P1,hidraulicaa,encanador,media,0.3,10,50,60,"305,04",258.02,5,nao,nao,313,69,,finalizado,
FIX-00984,2025-02-25,Curitiba,PR,Santa Maria,C337,P71,pintura,pintor,media,"2,04",10,38,48,262.24,292.04,3.6,nao,nao,338,75,,em_andamento,
FIX-00985,2025-02-26,Goiânia,GO,Jardim America,C313,P18,pintura,pintor,alta,8.04,39,49,88,"546,32",447.9,4.6,nao,nao,53,18,nao,,
FIX-00986,2025-03-31,São Paulo,SP,Centro,C95,P11,hidraulica,pintor,media,3.47,25,81,106,521.43,492.7,3.6,nao,nao,324,70,sim,procesado,
FIX-00987,2025-10-19,Uberlândia,MG,Planalto,C377,P38,eletrica,encanador,baixa,"10,97",70,140,210,262.6,219.23,3.4,sim,nao,45,54,,finalizado,
FIX-00988,2025-06-17,Campinas,SP,Boa Vista,C455,P78,montagem,encanador,baixa,2.16,27,70,97,"158,76",152.97,"4,4",nao,nao,221,53,,cancelado,
FIX-00989,2025-05-25,Uberlândia,MG,Jardim America,C317,P27,hidraulica,encanador,emergencial,11.12,49,102,151,"470,18",492.77,3.1,nao,nao,263,59,nao,finalizado,
FIX-00990,2025-05-16,Curitiba,PR,Boa Vista,C117,P23,limpeza,montador,media,0.3,13,93,106,243.7,202.6,5,nao,nao,274,33,sim,finalizado,
FIX-00991,2025-03-05,Campinas,SP,Boa Vista,C154,P78,limpeza,encanador,baixa,"7,79",51,123,174,331.35,301.82,"4,7",nao,nao,265,71,sim,,
FIX-00992,2025-06-08,Goiânia,GO,Centro,C414,P23,hidraulica,pintor,media,7.91,35,44,79,700.08,687.62,5,nao,nao,5,12,nao,em_andamento,
FIX-00993,08/08/2025,uberlândia,MG,Santa Maria,C319,P19,jardinagem,pintor,baixa,"11,43",108,21,129,702.45,806.9,4.3,nao,nao,207,16,sim,,
FIX-00994,2025-05-14,Salvador,BA,Industrial,C46,P79,eletrica,eletricista,alta,0.3,10,15,25,540.41,435.05,2.4,sim,nao,147,22,sim,cancelado,
FIX-00995,2025-08-09,goiânia,GO,Industrial,C303,P8,eletrica,jardineiro,alta,1.71,5,120,125,320.53,299.39,"4,0",nao,nao,6,24,,,
FIX-00996,2025-08-12,Uberlândia,MG,Industrial,C207,P3,pintura,encanador,media,3.56,32,118,150,718.36,"784,14",4.6,sim,sim,300,41,sim,procesado,
FIX-00997,23/03/2025,São Paulo,sp,Jardim America,C140,P39,hidraulica,montador,media,"8,23",41,107,148,272.48,269.46,5,nao,nao,62,9,,,
FIX-00998,2025-05-14,Curitiba,PR,Morumbi,C329,P72,pintura,encanador geral,emergencial,6.71,65,41,106,288.12,310.99,2.6,sim,sim,148,22,,finalizado,
FIX-00999,2025-09-23,Curitiba,PR,Boa Vista,C394,P19,eletrica,pintor,baixa,8.29,61,136,197,483.51,"440,16",2.4,sim,sim,258,65,,em_andamento,
FIX-00000,2025-07-22,Salvador,BA,Morumbi,C236,P125,pintura,encanador,emergencial,5.63,37,113,150,"512,9",513.84,3.1,nao,nao,322,48,sim,procesado,
FIX-00001,2025-05-10,Uberaba,MG,Boa Vista,C229,P25,eletrica,jardineiro,baixa,"8,45",56,60,116,626.97,719.09,3.4,nao,nao,179,6,,em_andamento,
FIX-00002,2025-03-15,Campinas,SP,Jardim America,C272,P57,pintura,jardineiro,baixa,"17,08",114,82,196,890.06,844.41,4.5,sim,nao,96,17,sim,cancelado,
FIX-00003,2025-01-23,Goiânia,GO,Santa Maria,C122,P142,hidraulica,limpeza,baixa,"8,7",,113,175,533.99,547.91,3.0,sim,nao,246,10,nao,cancelado,
FIX-00004,03/06/2025,São Paulo,SP,Boa Vista,C419,P118,hidraulica,pintor,baixa,"15,02",87,82,169,840.39,975.13,"3,8",nao,nao,131,52,,,
FIX-00005,06-04-2025,Curitiba,PR,Jardim America,C57,P100,montagem_moveis,encanador,media,9.03,75,43,118,722.92,852.5,3.6,nao,nao,305,78,sim,finalizado,
FIX-00006,2025-05-31,São Paulo,SP,Planalto,C331,P51,limpeza,pintor,baixa,5.25,29,49,78,202.36,202.69,2.6,sim,sim,318,32,nao,procesado,
FIX-00007,2025-04-27,São Paulo,SP,Jardim America,C255,P41,hidraulica,encanador,alta,5.76,39,120,159,646.67,"738,41",4.5,nao,nao,80,62,,procesado,
FIX-00008,2025-05-14,Campinas,SP,Jardim America,C364,P136,hidraulica,limpeza,baixa,4.34,25,116,141,566.97,590.76,3.6,nao,nao,11,76,sim,em_andamento,
FIX-00009,2025-07-22,salvador,BA,Boa Vista,C84,P148,jardinagem,montador,media,"3,71",17,87,104,"600,91",673.71,"4,2",nao,nao,57,66,sim,finalizado,
FIX-00010,2025-04-04,São Paulo,SP,Morumbi,C154,P72,montagem,eletricista,alta,7.2,36,53,89,590.83,519.03,1.5,sim,nao,207,25,nao,,
FIX-00011,2025-01-23,Uberlândia,MG,Planalto,C88,P94,eletrica,pintor,media,"17,27",150,101,251,894.55,810.36,3.4,nao,nao,150,71,,,
FIX-00012,data_invalida,são paulo,SP,Industrial,C273,P141,eletrica,encanador,baixa,"0,3",12,133,145,287.11,"286,63",2.8,sim,nao,216,56,sim,,
FIX-00013,2025-05-05,Salvador,BA,Centro,C468,P90,hidraulica,eletricista,media,0.3,6,116,122,"728,08","747,29",4.3,nao,nao,293,41,nao,procesado,
FIX-00014,2025-05-14,Goiânia,GO,Industrial,C452,P24,hidraulica,montador,media,1.04,15,91,106,"849,77",808.8,4.0,nao,nao,325,75,sim,em_andamento,
FIX-00015,2025-06-01,Curitiba,PR,Santa Maria,C299,P61,eletrica,pintor,alta,3.43,26,27,53,779.36,790.7,3.9,sim,nao,211,14,nao,procesado,
FIX-00016,2025-09-29,Uberaba,MG,Jardim America,C330,P72,eletrica,eletricista,media,14.97,71,143,214,597.52,697.81,4.4,nao,nao,47,79,sim,cancelado,
FIX-00017,2025-02-11,Curitiba,PR,Industrial,C102,P93,eletrica,encanador,emergencial,6.6,39,95,134,744.19,703.11,"4,6",nao,nao,11,37,sim,procesado,
FIX-00018,01-08-2025,Goiânia,GO,Boa Vista,C197,P137,montagem_moveis,encanador,media,4.15,45,38,83,136.74,"151,42",5,nao,nao,124,79,sim,em_andamento,
FIX-00019,2025-08-15,Salvador,BA,Morumbi,C189,P10,jardinagem,encanador,baixa,12.56,76,64,140,440.51,353.09,3.4,sim,nao,120,41,sim,cancelado,
FIX-00020,30/05/2025,Salvador,BA,Santa Maria,C6,P92,pintura,eletricista,media,2.27,16,99,115,821.59,831.6,1.9,sim,nao,341,68,sim,finalizado,
FIX-00021,28/05/2025,São Paulo,SP,Centro,C332,P29,hidraulica,eletricista,alta,17.67,125,15,140,192.59,184.83,"4,9",nao,nao,260,54,,,
FIX-00022,2025-09-18,Goiânia,GO,Centro,C117,P113,pintura,limpeza,media,22.05,,104,263,397.23,345.09,2.3,sim,sim,64,43,,,
FIX-00023,2025-05-19,Curitiba,PR,Planalto,C101,P105,eletrica,pintor,media,"6,08",32,54,86,448.75,484.81,4.2,nao,nao,234,13,nao,cancelado,
FIX-00024,2025-07-06,São Paulo,SP,Santa Maria,C322,P67,eletrica,jardineiro,media,1.53,12,115,127,636.45,558.46,"3,2",nao,nao,230,6,,,
