registro_id,data_pedido,cidade,uf,cliente_id,tipo_pedido,sabor_pizza,categoria,ingrediente_principal,quantidade_ingrediente_g,validade_ingrediente,ingrediente_vencido,desperdicio_g,valor_pedido,tempo_preparo_min,tempo_entrega_min,dia_semana,hora_pedido,promocao,pedido_cancelado,motivo_cancelamento,tempo_cancelamento_min,avaliacao_cliente,forma_pagamento,status,observacao
BM-00000,2025-08-14,Uberaba,SP,C123,online,mussarelaa,doce,quejio,219,2025-07-05,nao,33,129.61,14,70,segunda,22,nenhuma,nao,,18,4.3,cartao,finalizado,
BM-00001,2025-05-05,Uberaba,mg,C141,online,calabreza,doce,queijo,200,data_invalida,nao,0,75.72,20,53,quinta,17,nenhuma,nao,,33,2.1,pix,,
BM-00002,2025-01-05,São Paulo,mg,C241,balcao,mussarelaa,doce,calabresa,621,2025-04-30,sim,83,40.26,5,21,terça,18,cupom,nao,,33,2.0,pix,finalizado,
BM-00003,2025-07-14,Uberlândia,MG,C91,online,mussarelaa,tradicional,quejio,326,2025-10-21,nao,191,125.63,20,46,segunda,20,nenhuma,nao,,34,1.0,dinheiro,,
BM-00004,2025-05-07,São Paulo,SP,C179,balcao,mussarela,tradicional,quejio,90,data_invalida,sim,203,66.69,19,57,terça,22,,nao,,11,4.3,pix,,
BM-00005,07-01-2025,Franca,MG,C196,online,mussarelaa,doce,quejio,183,2025-02-06,sim,147,75.48,6,18,quarta,23,combo,nao,,5,4.3,pix,,
BM-00006,2025-02-05,Uberaba,MG,C338,balcao,calabreza,tradicional,quejio,428,2025-08-28,sim,106,120.08,26,44,domingo,21,nenhuma,nao,,10,1.1,dinheiro,,
BM-00007,2025-07-05,São Paulo,SP,C275,delivery,mussarelaa,doce,quejio,454,2025-09-17,sim,66,"129,12",26,46,sexta,22,nenhuma,nao,,18,1.3,pix,finalizado,
BM-00008,2025-06-01,Franca,mg,C462,delivery,mussarela,doce,quejio,116,02-24-2025,sim,0,78.2,13,33,domingo,19,cupom,sim,demora,18,3.1,cartao,,
BM-00009,2025-06-20,Uberlândia,SP,C60,delivery,mussarelaa,tradicional,calabresa,681,2025-09-02,sim,220,43.21,10,50,quarta,20,,nao,,35,4.4,dinheiro,finalizado,
BM-00010,2025-10-15,Franca,SP,C358,online,calabreza,especial,catupiry,468,2025-09-14,sim,5000,86.2,20,24,sabado,23,,nao,,31,4.3,cartao,cancelado,OUTLIER desperdicio
BM-00011,09-12-2025,Franca,MG,C253,delivery,frango_catupiry,doce,quejio,337,2025-01-22,nao,39,83.07,27,45,quarta,23,cupom,sim,cliente_desistiu,18,4.3,dinheiro,cancelado,
BM-00012,2025-07-22,Uberaba,mg,C113,delivery,calabreza,especial,quejio,340,2025-10-28,sim,33,74.74,23,47,sexta,23,nenhuma,sim,erro_pedido,15,3.8,cartao,procesado,
BM-00013,2025-02-27,Franca,MG,C413,online,mussarelaa,especial,quejio,387,2025-08-09,nao,54,56.89,21,38,terça,20,,nao,,5,1.1,cartao,procesado,
BM-00014,2025-06-16,Franca,SP,C141,online,mussarela,doce,quejio,479,2025-01-07,nao,134,107.51,7,33,quinta,22,cupom,nao,,7,3.2,pix,procesado,
BM-00015,09-12-2025,Uberaba,mg,C358,online,mussarelaa,doce,queijo,145,2025-09-19,sim,169,96.58,17,32,sexta,19,combo,sim,erro_pedido,4,1.7,pix,procesado,
BM-00016,2025-06-11,São Paulo,mg,C233,balcao,mussarelaa,tradicional,quejio,434,data_invalida,nao,56,93.4,14,60,sexta,22,nenhuma,sim,,20,2.7,pix,finalizado,
BM-00017,2025-02-05,Uberlândia,MG,C389,online,mussarelaa,doce,quejio,296,2025-09-10,nao,0,63.4,33,39,sexta,20,nenhuma,nao,,7,2.5,dinheiro,cancelado,
BM-00018,2025-05-23,São Paulo,SP,C402,balcao,calabresa,especial,quejio,465,2025-04-25,nao,324,"136,76",17,13,quarta,23,,nao,,38,2.3,dinheiro,cancelado,
BM-00019,2025-05-25,Uberlândia,SP,C239,balcao,calabreza,tradicional,quejio,161,2025-04-03,nao,211,41.3,13,34,domingo,22,cupom,nao,,6,2.0,pix,,
BM-00020,2025-08-29,São Paulo,MG,C191,delivery,especial,doce,catupiry,382,2025-09-14,sim,85,77.24,11,54,segunda,19,,nao,,10,4.9,cartao,cancelado,
BM-00021,2025-01-18,São Paulo,MG,C274,online,portuguesa,doce,quejio,172,2025-03-14,sim,0,52.7,25,29,terça,18,nenhuma,sim,erro_pedido,4,3.8,pix,,
BM-00022,2025-01-28,Franca,MG,C234,balcao,frango_catupiry,doce,calabresa,75,2025-03-14,nao,121,105.34,18,35,quinta,17,cupom,sim,cliente_desistiu,21,4.4,cartao,finalizado,
BM-00023,02/06/2025,São Paulo,mg,C318,delivery,mussarelaa,tradicional,queijo,113,2025-02-26,sim,184,98.3,28,19,domingo,23,cupom,nao,,31,4.9,pix,cancelado,
BM-00024,2025-10-26,Uberaba,SP,C383,delivery,calabreza,doce,molho,199,2025-08-04,sim,12,"114,9",20,82,quinta,21,combo,nao,,10,2.0,dinheiro,finalizado,
BM-00025,2025-04-28,Franca,SP,C459,balcao,mussarela,especial,quejio,776,2025-03-30,nao,86,"103,92",11,300,segunda,22,nenhuma,nao,,18,1.5,cartao,procesado,OUTLIER entrega
BM-00026,2025-03-23,São Paulo,mg,C59,balcao,calabresa,especial,bacon,694,2025-02-21,nao,91,"99,82",25,42,domingo,18,combo,sim,,23,4.0,cartao,finalizado,
BM-00027,08-19-2025,São Paulo,SP,C66,online,mussarelaa,especial,molho,356,2025-07-27,sim,113,59.91,16,53,quinta,22,nenhuma,nao,,9,5.0,pix,cancelado,
BM-00028,2025-09-08,São Paulo,MG,C258,delivery,chocolate,especial,quejio,313,2025-07-12,nao,68,"66,85",15,39,terça,22,nenhuma,nao,,36,3.5,pix,cancelado,
BM-00029,2025-06-28,Uberlândia,SP,C200,balcao,mussarelaa,doce,calabresa,740,2025-04-24,sim,191,58.82,30,16,segunda,17,cupom,nao,,5,1.5,pix,cancelado,
BM-00030,2025-04-08,Uberaba,MG,C333,balcao,mussarelaa,doce,quejio,198,2025-02-18,sim,142,91.21,17,23,sabado,23,combo,nao,,31,2.9,dinheiro,,
BM-00031,data_invalida,Franca,mg,C420,online,especial,tradicional,quejio,80,2025-01-23,sim,0,"97,26",35,27,sexta,21,cupom,nao,,30,1.7,dinheiro,finalizado,
BM-00032,2025-07-04,Franca,MG,C355,delivery,mussarelaa,tradicional,quejio,585,2025-03-15,sim,120,133.15,13,24,sexta,21,nenhuma,nao,,23,3.2,pix,procesado,
BM-00033,2025-02-09,Uberaba,SP,C477,balcao,portuguesa,especial,queijo,436,2025-01-09,sim,41,139.1,22,31,terça,21,nenhuma,nao,,35,4.7,cartao,finalizado,
BM-00034,2025-08-21,São Paulo,mg,C480,online,portuguesa,tradicional,calabresa,514,2025-04-16,sim,149,57.91,21,15,quinta,20,cupom,nao,,38,1.3,dinheiro,,
BM-00035,2025-05-06,Franca,SP,C186,online,mussarelaa,tradicional,queijo,290,2025-03-23,nao,0,136.34,13,10,segunda,23,combo,sim,cliente_desistiu,25,2.4,pix,cancelado,
BM-00036,2025-01-21,Franca,SP,C165,balcao,mussarelaa,especial,quejio,395,2025-01-25,nao,187,102.44,31,34,quinta,20,combo,nao,,12,1.8,pix,procesado,
BM-00037,2025-05-17,Franca,mg,C92,balcao,mussarelaa,especial,quejio,142,2025-04-12,sim,225,43.42,5,26,terça,21,,sim,erro_pedido,14,1.5,cartao,cancelado,
BM-00038,02-15-2025,Uberlândia,mg,C312,online,mussarelaa,tradicional,quejio,181,2025-07-20,sim,56,40.35,12,48,quarta,18,,sim,erro_pedido,29,4.1,pix,procesado,
BM-00039,2025-08-28,Franca,mg,C322,balcao,portuguesa,especial,quejio,623,2025-09-04,nao,28,65.37,20,40,quarta,19,cupom,sim,demora,25,2.9,cartao,procesado,
BM-00040,2025-04-12,Uberlândia,MG,C115,online,mussarelaa,especial,quejio,559,2025-09-25,sim,54,138.96,23,54,sabado,18,,nao,,23,9,pix,finalizado,INVALIDO
BM-00041,2025-07-20,São Paulo,SP,C480,delivery,calabreza,doce,queijo,404,09-09-2025,sim,28,84.0,18,11,domingo,19,nenhuma,sim,,23,1.4,pix,cancelado,
BM-00042,2025-05-16,Franca,SP,C460,online,calabresa,tradicional,quejio,600,09-20-2025,sim,228,101.06,21,43,domingo,23,,nao,,37,1.5,pix,procesado,
BM-00043,23/05/2025,São Paulo,MG,C381,balcao,calabreza,doce,molho,104,2025-09-12,sim,74,61.48,6,57,domingo,18,,nao,,20,1.9,pix,procesado,
BM-00044,17/01/2025,Uberlândia,mg,C446,balcao,mussarelaa,doce,catupiry,654,2025-07-10,nao,42,52.51,13,44,quinta,23,,nao,,29,2.1,cartao,,
BM-00045,2025-09-25,Uberaba,mg,C287,balcao,calabreza,doce,quejio,496,2025-02-08,nao,123,"97,28",16,29,domingo,17,nenhuma,nao,,6,3.9,pix,,
BM-00046,2025-10-16,Franca,MG,C425,delivery,mussarelaa,especial,quejio,314,2025-07-28,nao,205,60.27,31,58,quarta,21,cupom,nao,,32,1.8,cartao,procesado,
BM-00047,2025-01-03,São Paulo,mg,C181,balcao,mussarelaa,especial,quejio,375,2025-04-08,nao,44,50.17,25,26,quarta,22,nenhuma,nao,,10,4.4,cartao,cancelado,
BM-00048,2025-01-15,Uberaba,SP,C262,balcao,especial,doce,quejio,573,11/02/2025,nao,350,127.01,13,55,domingo,20,cupom,nao,,11,2.0,pix,procesado,
BM-00049,2025-01-02,São Paulo,mg,C24,online,especial,doce,queijo,599,2025-08-07,sim,31,61.29,13,37,quinta,19,cupom,nao,,31,4.7,pix,finalizado,
BM-00050,2025-09-26,Uberaba,SP,C267,balcao,mussarelaa,doce,quejio,731,2025-03-11,sim,103,40.24,33,23,sexta,22,combo,nao,,14,1.9,pix,cancelado,
BM-00051,2025-04-24,São Paulo,MG,C63,online,calabreza,doce,quejio,287,2025-07-07,nao,148,"134,11",21,37,domingo,18,cupom,nao,,14,4.5,dinheiro,finalizado,
BM-00052,2025-10-11,Franca,MG,C280,online,frango_catupiry,tradicional,catupiry,570,2025-02-13,sim,117,60.15,17,21,quarta,23,cupom,nao,,8,4.9,cartao,cancelado,
BM-00053,2025-01-01,Uberaba,mg,C421,balcao,calabreza,doce,quejio,535,2025-02-10,sim,157,35.0,28,59,quinta,23,,nao,,4,1.5,pix,finalizado,
BM-00054,2025-09-18,Uberlândia,SP,C409,online,mussarelaa,especial,calabresa,338,2025-03-08,nao,133,67.93,14,42,domingo,19,nenhuma,nao,,17,3.8,dinheiro,,
BM-00055,07-22-2025,Uberaba,mg,C359,balcao,especial,doce,quejio,240,2025-06-30,sim,123,1000,11,22,terça,20,cupom,nao,,8,3.2,pix,procesado,OUTLIER valor
BM-00056,2025-06-01,Uberaba,mg,C390,balcao,calabreza,especial,catupiry,460,2025-07-25,nao,212,128.36,5,30,quinta,21,nenhuma,nao,,7,3.5,pix,cancelado,
BM-00057,2025-10-25,São Paulo,MG,C76,delivery,calabreza,doce,queijo,310,2025-05-14,nao,134,135.65,26,54,segunda,17,cupom,nao,,5,1.7,pix,finalizado,
BM-00058,2025-07-16,Franca,MG,C498,balcao,mussarelaa,especial,queijo,52,2025-07-29,sim,133,92.5,13,13,sabado,21,cupom,nao,,19,3.2,cartao,cancelado,
BM-00059,data_invalida,Uberlândia,SP,C108,balcao,mussarelaa,tradicional,calabresa,78,2025-01-17,nao,72,72.53,13,34,terça,21,,sim,,18,2.9,pix,finalizado,
BM-00060,06/07/2025,Uberaba,SP,C161,online,calabresa,tradicional,catupiry,180,2025-08-02,sim,56,110.01,14,62,segunda,20,,nao,,34,4.7,dinheiro,procesado,
BM-00061,2025-07-29,Franca,SP,C168,delivery,calabreza,especial,molho,702,01-09-2025,nao,238,98.59,22,43,quinta,22,nenhuma,nao,,37,1.5,cartao,cancelado,
BM-00062,2025-02-05,Uberlândia,SP,C126,online,mussarelaa,doce,quejio,325,2025-01-28,sim,47,70.0,5,48,quarta,23,cupom,nao,,8,4.8,dinheiro,,
BM-00063,25/01/2025,Uberaba,SP,C271,balcao,mussarelaa,doce,molho,118,2025-07-08,nao,99,87.22,8,59,segunda,18,cupom,nao,,21,3.0,dinheiro,,
BM-00064,21/01/2025,Franca,MG,C274,online,especial,especial,quejio,782,18/08/2025,nao,56,107.89,16,24,quarta,21,nenhuma,nao,,24,1.1,pix,finalizado,
BM-00065,09/04/2025,Franca,MG,C94,online,calabreza,tradicional,quejio,87,2025-08-29,sim,41,42.17,24,62,sabado,19,cupom,nao,,35,3.1,pix,finalizado,
BM-00066,2025-01-09,Franca,SP,C219,delivery,calabresa,tradicional,quejio,443,2025-03-13,sim,165,118.0,16,13,sexta,23,nenhuma,sim,,12,2.3,pix,,
BM-00067,2025-01-15,Uberlândia,mg,C123,balcao,frango_catupiry,especial,quejio,434,2025-01-20,sim,0,138.9,11,44,terça,18,cupom,nao,,1,3.2,cartao,,
BM-00068,2025-10-22,São Paulo,SP,C43,delivery,calabreza,doce,quejio,339,2025-07-13,nao,233,130.9,16,27,sabado,21,cupom,nao,,23,3.5,dinheiro,procesado,
BM-00069,2025-01-11,Uberlândia,SP,C497,online,calabresa,especial,quejio,207,2025-09-03,sim,41,47.24,16,26,sexta,19,nenhuma,nao,,15,1.7,cartao,cancelado,
BM-00070,07/09/2025,São Paulo,mg,C15,online,calabresa,especial,quejio,10000,2025-04-17,nao,153,121.77,5,74,quarta,17,cupom,nao,,11,4.2,cartao,procesado,OUTLIER ingrediente
BM-00071,data_invalida,Franca,SP,C476,delivery,mussarelaa,tradicional,quejio,161,2025-08-31,nao,102,86.32,26,27,quinta,23,cupom,sim,,21,2.2,cartao,procesado,
BM-00072,08-30-2025,Franca,SP,C281,online,calabreza,doce,bacon,634,2025-02-11,nao,172,90.37,21,18,quarta,18,combo,sim,demora,23,2.7,pix,finalizado,
BM-00073,2025-03-07,São Paulo,mg,C35,delivery,mussarela,doce,quejio,640,2025-08-23,nao,204,"91,05",16,56,sabado,17,cupom,nao,,32,4.4,pix,procesado,
BM-00074,2025-01-09,São Paulo,mg,C191,balcao,frango_catupiry,especial,queijo,671,2025-07-24,nao,106,"134,66",8,57,sexta,18,combo,nao,,26,4.8,dinheiro,procesado,
BM-00075,2025-09-17,Uberaba,SP,C194,delivery,portuguesa,especial,molho,392,2025-09-17,nao,142,106.48,26,17,quarta,22,cupom,nao,,19,3.3,pix,finalizado,
BM-00076,2025-08-24,Franca,SP,C298,delivery,mussarelaa,doce,molho,626,04-25-2025,sim,188,66.49,13,38,sabado,20,combo,nao,,8,2.6,pix,cancelado,
BM-00077,2025-02-05,Franca,SP,C339,online,calabresa,doce,queijo,508,2025-03-14,nao,0,38.62,26,21,terça,17,nenhuma,sim,erro_pedido,7,1.8,cartao,procesado,
BM-00078,2025-09-19,Uberlândia,MG,C42,balcao,calabreza,especial,catupiry,570,2025-02-21,sim,182,59.4,15,28,sabado,18,,nao,,14,1.7,cartao,procesado,
BM-00079,06/09/2025,Uberaba,MG,C324,online,chocolate,doce,queijo,614,26/05/2025,nao,151,119.14,10,45,quinta,21,,nao,,33,2.3,cartao,,
BM-00080,2025-07-26,Franca,SP,C377,online,calabresa,tradicional,quejio,50,2025-03-25,sim,48,82.45,23,62,sabado,21,nenhuma,nao,,19,2.9,pix,procesado,
BM-00081,2025-08-02,Uberaba,SP,C147,delivery,mussarelaa,tradicional,catupiry,269,09-06-2025,nao,219,"134,03",23,33,terça,21,,nao,,2,3.9,pix,finalizado,
BM-00082,2025-09-10,Uberaba,SP,C467,delivery,calabreza,especial,quejio,402,2025-05-28,sim,210,77.95,19,57,quinta,19,cupom,nao,,8,1.5,dinheiro,,
BM-00083,2025-01-16,Uberlândia,MG,C63,delivery,calabreza,especial,quejio,398,2025-07-13,nao,0,71.3,17,20,quinta,17,combo,nao,,12,2.0,dinheiro,cancelado,
BM-00084,2025-10-01,Uberaba,MG,C485,delivery,calabreza,tradicional,catupiry,413,15/04/2025,sim,132,130.47,23,49,segunda,21,nenhuma,nao,,23,2.6,cartao,procesado,
BM-00085,2025-01-30,Uberlândia,SP,C5,delivery,portuguesa,especial,quejio,762,2025-02-14,nao,31,"135,58",24,46,quinta,22,combo,nao,,24,3.6,cartao,cancelado,
BM-00086,2025-02-09,Uberlândia,MG,C394,online,frango_catupiry,especial,quejio,681,2025-08-06,nao,30,"134,31",6,64,terça,19,cupom,nao,,22,2.8,cartao,finalizado,
BM-00087,2025-06-13,Franca,mg,C160,online,portuguesa,doce,catupiry,576,2025-07-19,nao,183,"118,86",23,20,segunda,20,nenhuma,nao,,37,1.3,cartao,finalizado,
BM-00088,2025-08-15,Franca,SP,C401,delivery,mussarelaa,tradicional,quejio,380,04-27-2025,nao,180,139.23,12,47,sexta,20,cupom,nao,,11,4.2,pix,finalizado,
BM-00089,2025-05-25,São Paulo,MG,C337,delivery,portuguesa,doce,catupiry,150,25/03/2025,sim,90,76.04,26,38,quinta,22,combo,nao,,6,4.0,dinheiro,finalizado,
BM-00090,2025-06-01,Uberlândia,SP,C254,balcao,calabreza,doce,queijo,344,08-26-2025,sim,114,68.53,20,51,sabado,23,cupom,sim,,35,1.0,pix,procesado,
BM-00091,2025-03-03,Franca,SP,C448,balcao,calabresa,especial,quejio,77,08/06/2025,sim,177,49.28,23,10,quinta,21,nenhuma,nao,,5,1.3,dinheiro,procesado,
BM-00092,2025-08-05,São Paulo,SP,C136,online,calabreza,especial,queijo,532,08-06-2025,sim,132,62.28,19,23,sabado,21,combo,nao,,23,1.8,cartao,procesado,
BM-00093,2025-02-27,Franca,SP,C133,balcao,mussarelaa,doce,molho,626,01/05/2025,sim,37,108.47,33,33,quinta,18,nenhuma,nao,,17,2.2,cartao,cancelado,
BM-00094,08-28-2025,Uberaba,mg,C130,online,mussarelaa,tradicional,queijo,722,2025-01-23,nao,142,40.09,20,49,terça,20,cupom,nao,,13,1.9,cartao,,
BM-00095,2025-02-24,Uberlândia,mg,C281,delivery,calabreza,especial,bacon,774,2025-09-17,sim,107,73.85,15,20,segunda,19,combo,nao,,40,4.6,dinheiro,procesado,
BM-00096,2025-05-09,São Paulo,SP,C333,online,mussarelaa,tradicional,quejio,164,06/06/2025,sim,116,125.85,15,26,quinta,20,cupom,nao,,18,3.5,dinheiro,finalizado,
BM-00097,2025-10-13,Uberlândia,SP,C46,balcao,portuguesa,especial,quejio,88,2025-02-22,sim,20,83.3,11,46,segunda,17,cupom,nao,,29,3.6,pix,procesado,
BM-00098,2025-03-14,Uberaba,SP,C247,online,calabreza,especial,quejio,453,2025-02-10,nao,113,63.61,22,22,terça,22,cupom,nao,,2,3.2,cartao,finalizado,
BM-00099,data_invalida,Franca,mg,C288,online,calabreza,tradicional,molho,735,14/09/2025,sim,101,52.23,13,10,segunda,17,combo,sim,,37,1.6,pix,procesado,
BM-00100,2025-06-08,Uberlândia,MG,C92,delivery,mussarelaa,doce,quejio,624,13/04/2025,sim,4,126.25,23,25,sabado,19,nenhuma,nao,,23,3.0,cartao,cancelado,
BM-00101,2025-06-22,Uberlândia,MG,C328,online,calabreza,especial,quejio,408,2025-07-13,nao,72,125.48,14,38,quarta,22,nenhuma,sim,,1,1.2,dinheiro,cancelado,
BM-00102,05-04-2025,Uberlândia,mg,C114,balcao,mussarela,tradicional,quejio,243,10-17-2025,sim,85,133.6,16,10,quarta,17,nenhuma,nao,,11,3.4,dinheiro,procesado,
BM-00103,2025-06-16,São Paulo,SP,C490,delivery,mussarela,doce,quejio,740,2025-09-19,nao,113,117.89,20,33,terça,21,combo,nao,,12,4.9,dinheiro,cancelado,
BM-00104,2025-02-03,São Paulo,mg,C293,online,calabreza,doce,quejio,684,2025-01-27,sim,87,"54,72",8,44,terça,20,combo,sim,cliente_desistiu,35,3.3,dinheiro,procesado,
BM-00105,2025-03-31,São Paulo,mg,C224,balcao,especial,doce,quejio,362,09-30-2025,nao,158,80.19,17,33,sabado,21,combo,sim,demora,6,2.9,pix,finalizado,
BM-00106,2025-04-23,São Paulo,SP,C484,online,calabreza,tradicional,queijo,545,2025-03-28,sim,97,135.12,12,55,quinta,19,combo,nao,,10,1.5,cartao,cancelado,
BM-00107,2025-08-15,Franca,SP,C114,balcao,calabreza,doce,queijo,413,2025-09-02,sim,227,"82,28",17,32,segunda,23,cupom,nao,,37,3.8,cartao,procesado,
BM-00108,2025-04-17,Uberlândia,SP,C383,delivery,mussarelaa,especial,queijo,536,data_invalida,nao,17,53.62,9,46,terça,18,nenhuma,nao,,38,3.1,pix,finalizado,
BM-00109,2025-06-23,Franca,mg,C299,delivery,calabreza,tradicional,queijo,366,2025-10-16,nao,123,41.04,10,37,segunda,17,nenhuma,nao,,6,2.7,dinheiro,finalizado,
BM-00110,22/09/2025,Franca,MG,C214,online,calabreza,tradicional,quejio,731,2025-03-29,sim,165,112.04,8,42,segunda,23,cupom,nao,,21,3.4,dinheiro,procesado,
BM-00111,data_invalida,Uberlândia,SP,C294,balcao,calabreza,doce,quejio,733,2025-06-02,sim,0,120.3,5,36,terça,21,nenhuma,sim,,9,1.2,dinheiro,procesado,
BM-00112,03-28-2025,São Paulo,SP,C327,online,calabreza,especial,catupiry,273,05-05-2025,sim,216,103.28,18,48,segunda,23,,nao,,39,4.2,cartao,procesado,
BM-00113,2025-08-28,Uberlândia,mg,C393,balcao,mussarelaa,especial,queijo,192,09-06-2025,nao,211,118.53,6,53,domingo,21,nenhuma,nao,,24,4.4,cartao,cancelado,
BM-00114,2025-10-04,Uberaba,SP,C246,online,frango_catupiry,tradicional,calabresa,240,2025-07-08,nao,0,111.07,25,23,domingo,23,nenhuma,nao,,36,1.4,dinheiro,,
BM-00115,04/04/2025,São Paulo,SP,C183,online,especial,especial,quejio,105,2025-07-31,sim,158,124.01,16,10,quinta,22,nenhuma,nao,,38,4.4,cartao,,
BM-00116,2025-04-11,Uberaba,SP,C71,delivery,chocolate,tradicional,quejio,344,2025-06-06,nao,143,"65,68",18,58,quarta,18,cupom,sim,erro_pedido,19,2.8,pix,,
BM-00117,2025-01-02,Franca,mg,C44,balcao,mussarelaa,tradicional,quejio,523,2025-08-13,sim,166,93.26,25,28,sexta,23,,nao,,40,1.4,pix,cancelado,
BM-00118,05-26-2025,Uberaba,MG,C484,delivery,frango_catupiry,tradicional,quejio,764,2025-01-29,nao,143,111.43,5,28,terça,20,,nao,,9,1.5,cartao,cancelado,
BM-00119,2025-10-02,Uberaba,SP,C11,balcao,frango_catupiry,especial,quejio,583,2025-09-29,nao,140,57.58,10,67,sabado,19,cupom,nao,,17,2.6,dinheiro,procesado,
BM-00120,2025-04-04,São Paulo,mg,C265,delivery,mussarelaa,tradicional,bacon,742,2025-08-22,sim,167,65.67,17,25,domingo,21,,nao,,38,4.6,dinheiro,,
BM-00121,2025-05-11,Uberaba,SP,C129,balcao,mussarelaa,tradicional,calabresa,635,2025-01-21,sim,72,"119,9",17,26,quinta,22,combo,nao,,33,2.8,dinheiro,cancelado,
BM-00122,2025-07-21,São Paulo,mg,C59,online,especial,especial,queijo,153,2025-07-15,sim,185,134.08,28,38,terça,22,cupom,sim,cliente_desistiu,37,1.4,cartao,cancelado,
BM-00123,2025-02-28,Franca,SP,C4,online,mussarelaa,especial,queijo,494,2025-02-18,sim,49,60.78,16,15,terça,21,combo,nao,,24,5.0,dinheiro,finalizado,
BM-00124,01/06/2025,São Paulo,SP,C131,delivery,calabreza,especial,queijo,199,2025-09-07,nao,211,"45,17",14,33,quinta,19,combo,nao,,29,1.2,cartao,finalizado,
BM-00125,2025-05-14,Uberlândia,MG,C235,balcao,mussarelaa,tradicional,quejio,342,2025-09-20,sim,0,83.96,5,34,segunda,23,,nao,,37,1.8,cartao,cancelado,
BM-00126,2025-02-25,Franca,mg,C345,delivery,calabreza,doce,quejio,448,2025-02-13,nao,39,129.78,19,46,sexta,19,cupom,sim,demora,40,1.5,dinheiro,finalizado,
BM-00127,21/03/2025,Uberlândia,SP,C70,delivery,mussarelaa,tradicional,queijo,500,2025-01-22,sim,108,76.25,17,38,terça,22,nenhuma,nao,,13,3.8,cartao,,
BM-00128,2025-09-21,São Paulo,mg,C95,balcao,calabreza,tradicional,quejio,387,2025-10-18,nao,111,134.21,11,63,quarta,23,nenhuma,nao,,22,3.9,dinheiro,cancelado,
BM-00129,2025-04-05,Franca,MG,C290,delivery,mussarelaa,doce,queijo,160,2025-08-29,nao,0,76.68,28,29,terça,18,cupom,nao,,20,1.9,dinheiro,finalizado,
BM-00130,07-26-2025,Franca,SP,C160,online,especial,doce,quejio,700,2025-06-17,nao,221,78.47,9,35,sabado,18,nenhuma,nao,,10,4.1,pix,,
BM-00131,2025-01-03,Uberlândia,MG,C407,balcao,mussarelaa,doce,quejio,575,2025-07-14,nao,6,47.64,22,45,quarta,19,combo,nao,,30,3.3,pix,procesado,
BM-00132,07-18-2025,Franca,mg,C54,balcao,frango_catupiry,especial,quejio,230,data_invalida,nao,52,52.42,32,10,sexta,18,,nao,,34,4.8,pix,finalizado,
BM-00133,08/02/2025,Franca,mg,C264,delivery,calabreza,doce,queijo,291,2025-03-26,sim,73,89.59,10,12,sexta,19,cupom,sim,cliente_desistiu,32,3.9,cartao,cancelado,
BM-00134,2025-02-21,Uberaba,SP,C52,delivery,frango_catupiry,tradicional,quejio,311,08-24-2025,nao,72,"120,41",13,40,quarta,20,combo,nao,,27,3.2,pix,procesado,
BM-00135,2025-06-26,Uberaba,mg,C408,online,mussarelaa,tradicional,molho,212,2025-06-16,sim,145,134.6,23,18,sabado,18,combo,nao,,31,2.9,pix,cancelado,
BM-00136,06-19-2025,São Paulo,SP,C221,online,calabresa,tradicional,quejio,512,data_invalida,sim,87,"124,71",16,47,domingo,23,combo,nao,,2,3.9,cartao,finalizado,
BM-00137,2025-03-29,Uberlândia,mg,C41,online,mussarelaa,doce,queijo,723,10-06-2025,sim,0,125.51,17,34,terça,17,nenhuma,nao,,36,4.9,cartao,cancelado,
BM-00138,2025-01-18,São Paulo,SP,C363,delivery,frango_catupiry,especial,molho,113,2025-03-10,nao,78,71.35,13,63,terça,19,,nao,,1,2.4,dinheiro,cancelado,
BM-00139,2025-08-22,Franca,MG,C215,online,calabreza,doce,queijo,443,2025-09-12,sim,104,135.38,31,16,quinta,23,nenhuma,nao,,19,2.5,cartao,procesado,
BM-00140,2025-07-20,São Paulo,MG,C449,balcao,calabreza,tradicional,quejio,135,2025-08-14,sim,171,64.53,5,44,domingo,20,nenhuma,nao,,12,1.3,pix,procesado,
BM-00141,2025-06-03,Franca,mg,C34,balcao,calabresa,tradicional,quejio,283,2025-04-08,nao,74,86.96,5,15,sabado,19,nenhuma,nao,,29,1.5,cartao,,
BM-00142,2025-08-14,Uberaba,mg,C188,balcao,calabresa,tradicional,molho,243,2025-07-03,nao,74,94.47,19,25,domingo,21,nenhuma,nao,,24,4.6,cartao,cancelado,
BM-00143,10-09-2025,São Paulo,SP,C101,delivery,mussarelaa,doce,bacon,411,08-23-2025,sim,259,57.96,30,18,sabado,23,nenhuma,nao,,5,1.3,cartao,procesado,
BM-00144,2025-03-24,Uberlândia,mg,C175,delivery,calabresa,tradicional,calabresa,200,03/02/2025,nao,198,57.96,10,45,domingo,18,cupom,nao,,13,2.2,pix,finalizado,
BM-00145,2025-02-04,São Paulo,MG,C205,balcao,mussarelaa,doce,calabresa,265,2025-02-01,nao,78,37.97,30,29,segunda,20,,nao,,5,3.4,cartao,cancelado,
BM-00146,2025-01-11,Uberaba,MG,C40,delivery,mussarelaa,especial,quejio,336,2025-10-11,sim,308,75.89,33,61,quarta,22,,nao,,22,4.9,pix,finalizado,
BM-00147,2025-05-31,São Paulo,mg,C271,delivery,especial,especial,quejio,282,2025-09-03,nao,245,100.53,10,26,quarta,22,,nao,,34,1.0,cartao,procesado,
BM-00148,10/06/2025,Uberlândia,SP,C313,delivery,mussarelaa,tradicional,quejio,555,2025-03-20,sim,218,99.97,5,23,sabado,17,cupom,nao,,16,2.9,cartao,,
BM-00149,17/07/2025,Uberlândia,MG,C428,online,mussarela,tradicional,bacon,726,25/06/2025,sim,175,73.62,12,38,segunda,17,nenhuma,nao,,33,1.7,cartao,,
BM-00150,2025-08-10,Franca,SP,C364,delivery,frango_catupiry,especial,catupiry,129,2025-07-15,nao,111,110.57,12,44,terça,21,nenhuma,nao,,39,5.0,dinheiro,cancelado,
BM-00151,2025-05-26,Uberlândia,mg,C428,online,mussarelaa,especial,catupiry,90,2025-07-06,sim,0,119.48,13,32,sexta,23,cupom,nao,,40,4.0,pix,cancelado,
BM-00152,2025-03-25,São Paulo,MG,C456,delivery,mussarela,doce,quejio,735,2025-03-06,nao,0,87.05,5,47,sabado,23,,nao,,7,4.6,dinheiro,,
BM-00153,2025-04-10,Uberlândia,SP,C468,balcao,mussarelaa,doce,queijo,621,2025-01-27,nao,88,"44,89",14,34,sexta,22,nenhuma,nao,,8,1.4,dinheiro,cancelado,
BM-00154,2025-10-28,Uberlândia,SP,C327,balcao,frango_catupiry,doce,quejio,89,2025-03-31,nao,99,113.46,5,26,quarta,19,cupom,nao,,33,1.6,pix,cancelado,
BM-00155,01-11-2025,Uberlândia,MG,C321,delivery,calabresa,tradicional,queijo,382,2025-09-30,sim,4,106.29,16,34,quinta,17,cupom,sim,,20,3.5,cartao,,
BM-00156,2025-07-07,Uberlândia,SP,C320,delivery,calabresa,tradicional,quejio,647,2025-01-13,nao,240,56.29,27,46,quinta,19,combo,nao,,2,1.8,cartao,procesado,
BM-00157,12/01/2025,São Paulo,mg,C100,delivery,mussarelaa,doce,catupiry,94,2025-08-09,sim,41,68.24,18,37,sabado,22,,nao,,33,2.4,cartao,procesado,
BM-00158,2025-10-12,Uberlândia,mg,C56,delivery,mussarelaa,tradicional,quejio,589,2025-04-25,sim,138,103.69,14,47,sabado,22,nenhuma,nao,,29,1.8,dinheiro,finalizado,
BM-00159,2025-01-17,Uberaba,SP,C255,online,mussarela,tradicional,catupiry,356,02/06/2025,nao,27,"127,45",23,25,terça,21,nenhuma,nao,,16,1.1,pix,procesado,
BM-00160,03-13-2025,Franca,mg,C206,online,mussarela,doce,quejio,96,2025-02-17,nao,37,111.3,31,44,domingo,18,combo,nao,,39,3.3,dinheiro,cancelado,
BM-00161,data_invalida,São Paulo,MG,C447,balcao,mussarela,doce,quejio,161,2025-04-11,sim,150,"67,06",15,52,quinta,17,,nao,,4,1.5,cartao,finalizado,
BM-00162,30/08/2025,São Paulo,SP,C222,online,mussarelaa,especial,quejio,435,2025-03-29,sim,104,79.51,12,33,sexta,18,cupom,nao,,25,2.0,pix,,
BM-00163,2025-04-19,Franca,MG,C223,online,mussarelaa,doce,quejio,603,2025-06-16,sim,102,"102,42",16,39,terça,19,,nao,,17,4.6,pix,cancelado,
BM-00164,08-18-2025,Uberlândia,mg,C16,online,calabreza,especial,molho,590,2025-08-19,nao,144,101.84,34,51,segunda,17,combo,nao,,30,4.9,cartao,,
BM-00165,2025-08-10,Uberlândia,MG,C202,balcao,mussarelaa,tradicional,quejio,610,24/01/2025,nao,165,"83,71",21,47,domingo,21,nenhuma,nao,,5,4.9,dinheiro,cancelado,
BM-00166,2025-04-28,Uberlândia,MG,C434,delivery,calabreza,doce,quejio,583,data_invalida,sim,92,134.37,22,45,sabado,22,cupom,nao,,21,2.1,dinheiro,,
BM-00167,2025-08-18,Uberaba,MG,C201,delivery,especial,tradicional,bacon,286,data_invalida,nao,88,102.12,11,17,segunda,19,,nao,,3,3.5,cartao,procesado,
BM-00168,2025-06-12,Franca,mg,C331,online,frango_catupiry,doce,quejio,212,2025-06-15,nao,118,"108,77",10,35,quinta,23,nenhuma,sim,erro_pedido,11,4.9,cartao,procesado,
BM-00169,03-26-2025,Uberlândia,SP,C79,balcao,mussarelaa,tradicional,queijo,94,2025-04-04,nao,0,"130,53",24,52,domingo,18,,nao,,26,3.7,dinheiro,cancelado,
BM-00170,data_invalida,São Paulo,mg,C112,balcao,calabreza,doce,catupiry,524,2025-10-04,nao,174,124.68,12,35,quarta,23,nenhuma,nao,,9,2.3,cartao,cancelado,
BM-00171,2025-01-12,Uberlândia,mg,C383,delivery,calabreza,especial,quejio,418,2025-02-28,sim,171,74.35,21,37,sexta,17,nenhuma,nao,,39,3.3,dinheiro,,
BM-00172,2025-02-26,Uberlândia,SP,C299,balcao,mussarelaa,especial,catupiry,539,2025-01-31,sim,224,114.12,25,16,terça,19,cupom,nao,,8,1.0,dinheiro,,
BM-00173,2025-02-04,Uberlândia,SP,C52,online,mussarelaa,especial,queijo,452,2025-08-04,sim,123,94.06,25,40,sexta,21,cupom,sim,demora,16,2.9,cartao,procesado,
BM-00174,2025-03-10,São Paulo,mg,C200,online,mussarelaa,doce,calabresa,773,2025-07-18,sim,126,"137,41",28,56,segunda,20,combo,nao,,16,4.6,cartao,,
BM-00175,2025-07-29,São Paulo,SP,C208,online,chocolate,tradicional,bacon,735,02-09-2025,sim,237,"64,1",12,26,terça,23,combo,nao,,18,1.4,cartao,procesado,
BM-00176,2025-03-21,Franca,mg,C94,balcao,frango_catupiry,tradicional,quejio,266,2025-03-03,sim,230,40.84,12,26,terça,21,cupom,nao,,4,4.0,pix,finalizado,
BM-00177,2025-10-11,Franca,MG,C467,online,calabreza,doce,quejio,308,2025-02-21,sim,12,"113,04",12,63,terça,19,cupom,nao,,13,1.3,cartao,finalizado,
BM-00178,06-07-2025,Franca,mg,C463,delivery,calabresa,doce,quejio,553,2025-05-10,sim,212,82.91,19,59,sexta,22,,nao,,31,1.6,pix,,
BM-00179,2025-04-18,Uberlândia,MG,C65,balcao,mussarelaa,tradicional,quejio,247,03-18-2025,nao,123,111.74,14,37,segunda,19,,nao,,28,4.7,dinheiro,procesado,
BM-00180,2025-06-02,Franca,mg,C228,online,mussarelaa,doce,quejio,158,2025-06-05,sim,47,106.37,17,10,segunda,18,,nao,,10,3.0,dinheiro,procesado,
BM-00181,data_invalida,Franca,MG,C15,balcao,calabresa,tradicional,quejio,355,2025-01-26,nao,212,"62,11",24,60,sabado,21,combo,nao,,37,4.8,cartao,procesado,
BM-00182,2025-07-17,Franca,SP,C120,delivery,calabresa,doce,quejio,189,05-30-2025,nao,228,51.45,5,52,terça,19,nenhuma,nao,,21,4.8,dinheiro,procesado,
BM-00183,10-15-2025,Franca,mg,C173,balcao,calabreza,especial,quejio,161,2025-08-10,nao,122,131.93,28,22,quarta,17,,nao,,23,3.7,cartao,finalizado,
BM-00184,2025-03-12,Uberlândia,mg,C393,balcao,calabreza,especial,calabresa,86,data_invalida,sim,173,101.28,16,27,terça,22,nenhuma,nao,,30,1.7,pix,cancelado,
BM-00185,2025-08-30,São Paulo,SP,C160,balcao,frango_catupiry,tradicional,quejio,539,2025-09-17,nao,132,92.84,11,43,terça,20,,nao,,24,3.0,pix,procesado,
BM-00186,2025-07-12,São Paulo,mg,C21,delivery,calabresa,especial,quejio,540,2025-05-02,nao,0,36.89,10,17,domingo,23,combo,nao,,10,4.7,dinheiro,finalizado,
BM-00187,2025-06-22,Franca,mg,C75,balcao,calabresa,doce,queijo,515,2025-04-12,sim,100,"38,24",15,24,quinta,17,combo,nao,,4,2.1,dinheiro,procesado,
BM-00188,2025-07-19,Uberlândia,SP,C359,online,mussarela,especial,quejio,510,07-20-2025,nao,122,65.62,21,18,quarta,17,,nao,,1,2.8,dinheiro,,
BM-00189,2025-03-08,Franca,mg,C108,balcao,mussarelaa,especial,queijo,370,data_invalida,nao,317,73.08,18,18,sexta,19,nenhuma,nao,,17,1.1,cartao,procesado,
BM-00190,2025-01-09,Franca,SP,C473,online,frango_catupiry,tradicional,calabresa,470,2025-03-07,sim,57,54.78,15,42,domingo,23,combo,nao,,23,4.2,pix,procesado,
BM-00191,2025-04-09,Uberlândia,mg,C181,balcao,calabresa,especial,calabresa,348,2025-10-28,sim,276,"122,1",19,29,sexta,17,cupom,nao,,31,4.0,pix,,
BM-00192,2025-09-16,Uberlândia,SP,C127,delivery,mussarelaa,tradicional,queijo,385,2025-04-02,nao,110,77.5,41,17,quarta,21,cupom,sim,erro_pedido,3,2.9,cartao,procesado,
BM-00193,2025-09-08,Uberlândia,SP,C114,online,portuguesa,tradicional,molho,178,2025-06-09,sim,216,82.56,8,44,sabado,21,nenhuma,nao,,11,4.5,pix,,
BM-00194,2025-03-01,São Paulo,mg,C418,balcao,mussarela,tradicional,molho,117,2025-06-22,sim,255,84.35,19,31,quinta,22,cupom,nao,,2,4.7,cartao,procesado,
BM-00195,2025-09-08,Franca,SP,C305,balcao,calabreza,doce,quejio,534,2025-06-27,nao,82,72.48,28,27,quarta,18,,nao,,22,2.4,dinheiro,procesado,
BM-00196,2025-03-06,Uberaba,SP,C461,balcao,frango_catupiry,tradicional,calabresa,217,03/05/2025,nao,162,116.45,5,64,segunda,20,,nao,,11,3.7,cartao,procesado,
BM-00197,2025-04-04,Franca,SP,C315,balcao,mussarelaa,especial,bacon,701,29/03/2025,nao,142,116.04,25,27,terça,17,combo,sim,demora,35,3.1,pix,cancelado,
BM-00198,10-17-2025,Uberlândia,SP,C243,delivery,calabreza,tradicional,quejio,321,data_invalida,nao,0,36.89,21,27,domingo,18,,nao,,23,4.4,cartao,finalizado,
BM-00199,2025-07-21,Uberlândia,mg,C470,online,mussarela,tradicional,quejio,302,2025-09-06,nao,147,50.18,23,42,segunda,23,combo,nao,,9,3.0,cartao,finalizado,
BM-00200,17/10/2025,São Paulo,SP,C114,online,calabreza,tradicional,queijo,271,2025-09-08,sim,156,48.82,11,10,sabado,23,cupom,nao,,19,2.1,cartao,procesado,
BM-00201,2025-04-26,Uberaba,mg,C142,delivery,mussarela,tradicional,molho,320,2025-04-05,sim,124,"118,21",21,56,segunda,20,combo,nao,,19,4.1,dinheiro,,
BM-00202,2025-09-24,São Paulo,SP,C404,delivery,portuguesa,tradicional,quejio,164,2025-05-13,sim,181,84.84,10,71,quinta,21,combo,sim,erro_pedido,10,1.1,pix,procesado,
BM-00203,04-27-2025,Uberlândia,mg,C326,delivery,mussarelaa,especial,quejio,79,11/06/2025,sim,0,63.1,5,45,terça,20,nenhuma,nao,,14,4.2,cartao,,
BM-00204,2025-03-03,Franca,SP,C461,balcao,frango_catupiry,doce,quejio,183,2025-01-17,sim,272,72.32,11,57,quarta,19,combo,nao,,13,3.6,cartao,cancelado,
BM-00205,2025-04-23,Uberlândia,SP,C390,online,mussarelaa,tradicional,quejio,752,2025-10-18,nao,143,129.49,12,17,domingo,23,,nao,,21,4.4,dinheiro,procesado,
BM-00206,2025-02-05,Uberlândia,mg,C1,online,mussarelaa,especial,quejio,101,2025-02-15,sim,127,35.11,25,37,quarta,20,,nao,,5,3.3,cartao,finalizado,
BM-00207,2025-04-01,Uberlândia,SP,C247,balcao,calabreza,especial,quejio,396,2025-07-19,nao,140,102.69,11,33,segunda,17,cupom,nao,,22,1.3,dinheiro,,
BM-00208,12/04/2025,Franca,MG,C156,online,mussarelaa,tradicional,catupiry,76,2025-09-09,sim,159,81.44,26,22,segunda,23,cupom,nao,,28,3.0,pix,,
BM-00209,2025-02-26,Uberlândia,mg,C55,balcao,mussarelaa,tradicional,calabresa,306,2025-02-24,sim,269,102.58,18,57,domingo,23,nenhuma,nao,,24,3.4,cartao,procesado,
BM-00210,2025-08-08,São Paulo,SP,C236,delivery,mussarelaa,especial,molho,651,2025-06-07,sim,251,126.28,19,30,sabado,21,cupom,nao,,13,1.9,cartao,procesado,
BM-00211,2025-08-10,Franca,mg,C369,online,calabreza,doce,quejio,349,2025-06-12,nao,82,42.74,9,47,quarta,19,combo,nao,,6,2.7,cartao,procesado,
BM-00212,2025-01-14,Uberlândia,MG,C261,online,frango_catupiry,tradicional,quejio,379,2025-04-07,nao,103,67.38,10,30,quarta,17,,nao,,33,2.2,pix,,
BM-00213,28/05/2025,São Paulo,SP,C412,balcao,mussarelaa,tradicional,queijo,72,2025-01-01,nao,74,"125,55",15,28,sexta,17,nenhuma,nao,,40,3.0,pix,,
BM-00214,2025-01-30,Uberaba,mg,C72,online,calabresa,doce,calabresa,449,2025-02-06,sim,173,43.49,17,40,sexta,17,combo,nao,,29,3.7,cartao,procesado,
BM-00215,2025-01-20,Uberlândia,MG,C82,delivery,mussarela,especial,quejio,59,data_invalida,nao,42,106.09,15,28,terça,21,cupom,nao,,12,2.4,cartao,finalizado,
BM-00216,2025-01-01,Uberlândia,SP,C275,balcao,frango_catupiry,especial,bacon,751,2025-02-22,sim,54,"89,16",23,38,quarta,21,cupom,nao,,4,2.0,pix,procesado,
BM-00217,2025-08-11,Franca,mg,C280,delivery,calabreza,tradicional,queijo,597,2025-10-04,sim,218,110.26,20,20,sexta,23,cupom,nao,,37,2.9,pix,procesado,
BM-00218,09-29-2025,Uberlândia,SP,C82,delivery,mussarelaa,tradicional,quejio,189,2025-09-05,nao,156,126.22,17,24,sexta,18,,nao,,25,2.6,pix,cancelado,
BM-00219,2025-01-09,Uberaba,SP,C120,balcao,calabreza,especial,catupiry,233,2025-03-31,sim,190,39.1,16,25,segunda,17,combo,nao,,8,5.0,dinheiro,cancelado,
BM-00220,07-20-2025,São Paulo,MG,C80,balcao,mussarelaa,doce,quejio,581,2025-04-19,nao,101,134.86,20,24,segunda,21,cupom,nao,,40,1.9,cartao,procesado,
BM-00221,08-23-2025,Uberlândia,mg,C364,balcao,calabreza,doce,calabresa,101,2025-03-23,nao,140,36.99,16,53,sexta,23,nenhuma,nao,,40,1.4,dinheiro,cancelado,
BM-00222,2025-08-12,Uberlândia,MG,C400,delivery,calabreza,especial,quejio,528,data_invalida,sim,0,85.11,7,30,terça,17,,sim,erro_pedido,14,1.6,dinheiro,,
BM-00223,2025-08-04,Franca,mg,C485,online,mussarelaa,especial,molho,409,2025-08-22,sim,118,132.95,20,36,quinta,23,combo,nao,,23,3.4,pix,finalizado,
BM-00224,2025-02-09,Uberaba,MG,C82,delivery,calabreza,especial,quejio,503,data_invalida,sim,0,111.88,16,36,quinta,17,combo,nao,,14,3.5,dinheiro,procesado,
BM-00225,2025-06-05,Uberaba,MG,C267,balcao,mussarelaa,doce,calabresa,701,11/02/2025,nao,11,124.99,28,43,sexta,19,combo,nao,,6,2.1,pix,,
BM-00226,2025-01-15,São Paulo,mg,C287,online,calabreza,doce,quejio,249,20/08/2025,sim,214,40.1,16,24,domingo,17,combo,nao,,13,3.1,cartao,finalizado,
BM-00227,2025-06-10,São Paulo,mg,C82,online,mussarelaa,tradicional,queijo,587,2025-08-14,nao,365,107.42,27,21,sexta,17,,nao,,15,3.0,cartao,,
BM-00228,2025-10-01,São Paulo,MG,C168,delivery,calabresa,tradicional,quejio,468,2025-02-15,sim,195,123.78,18,57,quinta,18,combo,nao,,7,4.3,cartao,finalizado,
BM-00229,data_invalida,Uberlândia,mg,C470,balcao,calabreza,especial,quejio,113,2025-05-09,nao,151,125.57,28,41,quarta,17,combo,nao,,38,3.5,cartao,procesado,
BM-00230,09-12-2025,Franca,mg,C218,balcao,mussarelaa,tradicional,catupiry,176,04/04/2025,sim,17,"102,49",35,17,sexta,18,,nao,,32,2.1,pix,procesado,
BM-00231,2025-06-09,São Paulo,MG,C365,delivery,chocolate,especial,catupiry,283,2025-01-31,nao,0,42.41,15,36,sexta,23,cupom,nao,,7,3.5,dinheiro,finalizado,
BM-00232,2025-10-25,Uberlândia,mg,C221,delivery,calabreza,doce,quejio,492,2025-09-22,nao,122,"113,62",29,60,quarta,20,cupom,sim,cliente_desistiu,29,1.4,dinheiro,procesado,
BM-00233,2025-07-28,Uberaba,SP,C199,online,mussarelaa,doce,quejio,243,2025-06-12,sim,10,45.96,15,23,domingo,19,combo,nao,,3,4.8,pix,procesado,
BM-00234,2025-08-09,Franca,mg,C294,online,calabreza,tradicional,quejio,144,08-09-2025,nao,133,133.19,22,11,quinta,22,nenhuma,nao,,30,4.4,dinheiro,,
BM-00235,2025-10-28,São Paulo,mg,C433,balcao,chocolate,doce,quejio,246,02-23-2025,sim,134,99.97,20,46,domingo,19,cupom,nao,,9,3.1,dinheiro,,
BM-00236,2025-01-31,Uberlândia,SP,C159,balcao,calabreza,tradicional,quejio,737,2025-06-29,nao,216,71.84,17,49,sexta,23,combo,nao,,5,2.1,pix,finalizado,
BM-00237,2025-02-09,São Paulo,mg,C207,online,frango_catupiry,doce,queijo,738,10-23-2025,nao,248,93.04,28,59,domingo,21,combo,sim,demora,25,3.9,pix,finalizado,
BM-00238,2025-09-04,Uberaba,MG,C69,balcao,mussarelaa,doce,quejio,631,data_invalida,nao,159,96.93,23,59,sexta,19,combo,sim,cliente_desistiu,35,1.3,dinheiro,cancelado,
BM-00239,04-16-2025,Franca,MG,C441,balcao,calabresa,doce,quejio,316,04-20-2025,nao,50,97.62,14,55,sabado,19,cupom,nao,,10,3.2,pix,,
BM-00240,2025-05-17,Franca,SP,C232,delivery,calabreza,tradicional,quejio,170,2025-05-04,sim,289,93.05,14,65,segunda,23,nenhuma,nao,,13,2.8,dinheiro,finalizado,
BM-00241,2025-06-30,São Paulo,SP,C401,balcao,mussarelaa,especial,quejio,741,2025-05-12,nao,286,"103,02",17,47,terça,21,,sim,demora,5,2.5,pix,,
BM-00242,2025-06-23,Franca,SP,C60,delivery,mussarela,tradicional,quejio,153,2025-04-23,nao,127,"109,97",16,21,segunda,18,combo,nao,,12,4.3,pix,finalizado,
BM-00243,04-28-2025,Uberlândia,mg,C407,online,calabreza,especial,quejio,488,2025-10-10,nao,122,"118,95",22,35,quarta,23,,nao,,15,1.1,pix,,
BM-00244,2025-06-26,Uberaba,mg,C463,online,calabreza,especial,quejio,94,01/03/2025,sim,239,101.61,24,38,segunda,21,cupom,nao,,29,1.7,pix,finalizado,
BM-00245,2025-01-17,Uberaba,mg,C313,balcao,calabreza,especial,calabresa,132,2025-03-23,nao,22,104.12,18,21,quarta,17,nenhuma,nao,,14,2.1,dinheiro,procesado,
BM-00246,2025-01-11,São Paulo,mg,C381,delivery,portuguesa,doce,quejio,238,2025-09-11,sim,289,106.98,8,53,domingo,20,cupom,nao,,32,2.3,pix,cancelado,
BM-00247,10-08-2025,Uberaba,SP,C280,delivery,calabreza,especial,catupiry,320,2025-06-19,nao,174,75.64,19,28,quarta,20,nenhuma,nao,,24,2.0,pix,procesado,
BM-00248,2025-07-19,São Paulo,MG,C43,online,mussarela,especial,molho,575,04-08-2025,nao,77,"67,77",17,29,sabado,23,nenhuma,sim,erro_pedido,16,4.4,cartao,,
BM-00249,2025-03-17,Uberaba,SP,C52,balcao,calabreza,doce,quejio,552,2025-08-30,sim,77,104.97,22,41,sabado,22,cupom,nao,,8,4.8,cartao,procesado,
BM-00250,2025-07-05,São Paulo,MG,C76,online,calabreza,tradicional,quejio,161,data_invalida,nao,196,134.94,9,29,quarta,23,cupom,nao,,12,2.5,pix,cancelado,
BM-00251,2025-05-10,Franca,SP,C287,balcao,mussarelaa,especial,quejio,435,2025-07-11,nao,36,78.05,25,36,segunda,21,,nao,,1,1.8,pix,cancelado,
BM-00252,2025-03-09,Uberaba,MG,C420,balcao,frango_catupiry,doce,quejio,689,2025-06-01,nao,263,44.04,7,66,quinta,20,,nao,,33,4.9,dinheiro,,
BM-00253,2025-04-14,Uberlândia,MG,C305,online,mussarelaa,doce,quejio,587,05/07/2025,nao,154,44.21,7,35,sexta,23,combo,sim,cliente_desistiu,5,1.7,cartao,cancelado,
BM-00254,2025-07-12,Uberaba,SP,C427,delivery,mussarelaa,tradicional,molho,56,2025-10-10,nao,35,"132,88",19,38,quinta,23,,nao,,15,2.7,dinheiro,cancelado,
BM-00255,2025-05-11,Uberlândia,MG,C5,online,frango_catupiry,doce,quejio,95,data_invalida,nao,157,92.86,18,55,domingo,18,cupom,nao,,12,2.6,pix,cancelado,
BM-00256,2025-06-20,Franca,SP,C34,delivery,mussarelaa,especial,quejio,98,2025-10-08,sim,49,"117,85",21,41,quarta,19,,nao,,20,3.2,pix,cancelado,
BM-00257,2025-03-02,Franca,mg,C62,delivery,mussarelaa,doce,quejio,444,2025-06-02,nao,145,68.23,20,25,quarta,22,,nao,,24,1.5,cartao,procesado,
BM-00258,06/07/2025,São Paulo,mg,C61,balcao,mussarelaa,doce,quejio,342,2025-07-11,sim,182,"127,4",20,27,domingo,18,,sim,erro_pedido,4,1.8,dinheiro,cancelado,
BM-00259,22/10/2025,Uberlândia,mg,C281,delivery,calabreza,tradicional,queijo,721,2025-03-20,nao,76,51.7,11,43,sabado,18,cupom,nao,,22,1.5,pix,cancelado,
BM-00260,2025-05-07,Uberlândia,SP,C456,balcao,mussarelaa,especial,molho,247,2025-05-11,nao,196,"74,75",8,35,domingo,21,nenhuma,nao,,6,3.3,cartao,cancelado,
BM-00261,2025-08-11,Franca,SP,C112,online,calabreza,tradicional,calabresa,241,2025-04-26,nao,0,97.67,28,38,domingo,18,cupom,nao,,25,4.0,cartao,procesado,
BM-00262,2025-07-10,Franca,mg,C27,delivery,portuguesa,doce,calabresa,106,2025-01-31,nao,144,58.16,22,35,sabado,17,cupom,sim,erro_pedido,39,2.8,dinheiro,procesado,
BM-00263,10-13-2025,Uberaba,SP,C64,delivery,calabreza,especial,quejio,182,2025-02-27,sim,0,129.38,19,29,sabado,18,,nao,,11,1.6,dinheiro,procesado,
BM-00264,2025-06-18,São Paulo,MG,C109,delivery,mussarelaa,especial,molho,660,2025-05-06,sim,198,82.62,17,39,sexta,18,cupom,nao,,6,1.0,dinheiro,,
BM-00265,09-10-2025,Franca,mg,C130,delivery,mussarelaa,tradicional,calabresa,148,2025-01-17,nao,116,105.93,19,57,domingo,17,combo,nao,,24,2.4,cartao,finalizado,
BM-00266,2025-02-16,Franca,mg,C313,delivery,calabreza,tradicional,quejio,772,2025-04-24,sim,195,51.57,19,34,sabado,17,,nao,,30,4.2,dinheiro,procesado,
BM-00267,2025-08-07,Uberlândia,mg,C55,delivery,calabreza,doce,quejio,766,2025-03-17,sim,176,135.44,16,15,segunda,22,cupom,nao,,9,3.0,pix,,
BM-00268,2025-09-21,Uberaba,MG,C144,delivery,calabreza,especial,queijo,557,2025-10-27,nao,0,79.36,22,38,segunda,20,cupom,nao,,36,3.4,dinheiro,,
BM-00269,2025-06-11,São Paulo,SP,C31,online,calabreza,tradicional,calabresa,365,2025-10-26,sim,65,76.86,9,10,domingo,20,nenhuma,nao,,26,4.3,pix,cancelado,
BM-00270,24/06/2025,São Paulo,MG,C33,online,especial,doce,quejio,201,data_invalida,nao,156,138.85,28,33,quarta,18,combo,nao,,34,2.4,dinheiro,finalizado,
BM-00271,2025-03-20,Uberlândia,SP,C294,balcao,mussarelaa,especial,quejio,492,2025-03-28,nao,119,"41,4",37,22,quinta,21,,nao,,39,4.7,pix,finalizado,
BM-00272,data_invalida,Franca,SP,C467,online,calabreza,especial,quejio,711,data_invalida,sim,119,69.6,5,26,terça,20,nenhuma,nao,,5,2.0,dinheiro,finalizado,
BM-00273,2025-05-14,Uberlândia,MG,C466,balcao,frango_catupiry,tradicional,catupiry,432,2025-08-30,nao,0,134.17,13,49,quarta,20,,nao,,11,4.8,pix,procesado,
BM-00274,2025-05-01,Uberaba,SP,C384,delivery,especial,especial,calabresa,187,2025-09-17,sim,0,51.35,17,47,terça,22,,nao,,22,1.8,cartao,finalizado,
BM-00275,2025-09-10,Uberaba,mg,C466,online,calabresa,especial,quejio,348,2025-05-03,nao,13,35.03,10,20,segunda,19,nenhuma,nao,,22,3.5,pix,procesado,
BM-00276,09-24-2025,São Paulo,SP,C439,balcao,frango_catupiry,especial,quejio,503,2025-04-12,sim,25,114.3,13,10,quinta,20,combo,nao,,20,4.9,cartao,,
BM-00277,04-22-2025,Uberlândia,MG,C26,online,mussarelaa,doce,quejio,508,2025-05-26,sim,16,135.6,7,10,quinta,23,,nao,,1,3.7,dinheiro,,
BM-00278,06-03-2025,São Paulo,mg,C153,online,calabreza,especial,molho,781,23/10/2025,nao,81,"111,46",18,33,sexta,23,,nao,,2,3.7,dinheiro,,
BM-00279,2025-03-27,Uberaba,mg,C408,delivery,calabreza,doce,quejio,749,04-09-2025,nao,298,88.79,20,31,domingo,21,nenhuma,sim,,5,4.0,dinheiro,finalizado,
BM-00280,2025-08-09,São Paulo,MG,C307,balcao,calabreza,especial,quejio,704,10/05/2025,sim,155,"132,71",21,30,quarta,18,nenhuma,nao,,3,3.9,cartao,cancelado,
BM-00281,2025-04-07,Uberaba,SP,C341,balcao,mussarela,doce,bacon,642,data_invalida,sim,208,118.93,13,19,sexta,19,nenhuma,sim,erro_pedido,35,4.8,dinheiro,finalizado,
BM-00282,08-02-2025,Uberlândia,mg,C157,online,mussarelaa,tradicional,quejio,170,2025-08-06,sim,1,120.31,28,35,quinta,20,,nao,,11,1.7,dinheiro,,
BM-00283,2025-02-21,São Paulo,mg,C429,balcao,calabresa,tradicional,catupiry,554,2025-08-14,sim,146,67.53,23,31,quarta,18,nenhuma,nao,,27,2.0,cartao,procesado,
BM-00284,2025-01-17,Uberlândia,SP,C432,balcao,calabreza,tradicional,queijo,381,08-11-2025,sim,16,81.11,8,18,quarta,18,nenhuma,nao,,9,2.9,dinheiro,finalizado,
BM-00285,2025-03-22,São Paulo,MG,C220,online,mussarelaa,especial,catupiry,347,2025-04-22,sim,35,52.08,26,42,quarta,19,nenhuma,nao,,10,2.4,dinheiro,finalizado,
BM-00286,2025-05-08,Franca,SP,C440,delivery,calabreza,tradicional,quejio,604,2025-09-19,nao,97,137.85,20,10,sexta,20,nenhuma,nao,,27,2.0,pix,finalizado,
BM-00287,2025-07-01,Franca,MG,C107,balcao,calabreza,tradicional,calabresa,630,2025-10-03,sim,218,46.59,30,25,quinta,21,,nao,,34,3.7,pix,finalizado,
BM-00288,2025-06-27,Franca,MG,C272,delivery,calabreza,especial,quejio,605,2025-02-10,sim,202,40.22,20,18,sabado,19,,nao,,35,3.8,cartao,cancelado,
BM-00289,05-25-2025,Franca,SP,C313,delivery,frango_catupiry,doce,molho,753,2025-01-27,nao,160,55.73,15,33,sexta,20,combo,nao,,25,3.5,dinheiro,finalizado,
BM-00290,14/01/2025,Franca,mg,C359,delivery,calabreza,especial,calabresa,605,2025-05-16,sim,97,"58,49",6,50,sexta,22,,nao,,10,4.1,dinheiro,cancelado,
BM-00291,2025-04-07,Uberaba,mg,C496,online,portuguesa,tradicional,catupiry,52,data_invalida,sim,214,43.15,29,17,segunda,21,cupom,nao,,26,5.0,dinheiro,,
BM-00292,23/05/2025,Uberlândia,mg,C414,online,calabreza,doce,catupiry,481,28/04/2025,sim,159,35.28,19,36,sexta,17,cupom,sim,erro_pedido,4,2.1,dinheiro,procesado,
BM-00293,2025-06-18,Uberlândia,MG,C255,balcao,mussarelaa,doce,bacon,633,2025-05-14,sim,161,117.22,15,39,sexta,20,,nao,,12,1.1,cartao,,
BM-00294,2025-04-21,Franca,mg,C367,balcao,calabreza,doce,bacon,689,2025-02-01,nao,56,"55,37",26,52,sexta,22,nenhuma,nao,,29,4.5,dinheiro,cancelado,
BM-00295,2025-05-06,Uberaba,SP,C260,online,calabresa,especial,queijo,61,2025-05-06,nao,7,99.88,5,24,sabado,18,cupom,nao,,8,2.0,cartao,finalizado,
BM-00296,2025-03-02,Uberlândia,MG,C212,delivery,calabreza,doce,bacon,538,data_invalida,nao,185,105.04,36,34,segunda,22,nenhuma,nao,,22,3.0,dinheiro,procesado,
BM-00297,2025-02-14,Uberaba,SP,C496,balcao,calabreza,doce,molho,93,2025-10-11,sim,148,"92,9",11,57,terça,19,combo,nao,,24,4.0,dinheiro,,
BM-00298,2025-08-18,Uberaba,SP,C133,delivery,mussarelaa,tradicional,queijo,735,data_invalida,nao,148,94.88,23,10,sabado,21,,nao,,26,1.6,pix,procesado,
BM-00299,data_invalida,Uberlândia,MG,C94,delivery,mussarelaa,tradicional,quejio,450,2025-08-20,sim,127,62.83,24,51,sexta,20,,nao,,30,4.3,cartao,procesado,
BM-00300,2025-06-28,Franca,SP,C320,online,frango_catupiry,tradicional,catupiry,110,2025-01-16,nao,84,139.76,17,21,segunda,23,nenhuma,sim,cliente_desistiu,33,1.1,dinheiro,cancelado,
BM-00301,07/08/2025,Uberaba,SP,C46,balcao,chocolate,doce,molho,672,2025-02-13,sim,195,56.03,12,24,quarta,19,nenhuma,nao,,8,3.9,pix,,
BM-00302,2025-08-20,São Paulo,mg,C129,online,frango_catupiry,especial,quejio,618,2025-01-20,sim,44,110.21,15,42,segunda,17,nenhuma,nao,,36,2.5,pix,,
BM-00303,2025-05-15,Uberaba,MG,C385,online,mussarelaa,tradicional,queijo,721,2025-04-20,nao,45,87.43,11,15,sabado,17,cupom,nao,,2,2.9,dinheiro,cancelado,
BM-00304,2025-09-21,São Paulo,MG,C233,balcao,mussarelaa,especial,queijo,783,2025-10-06,sim,127,"125,36",18,39,terça,19,cupom,nao,,40,2.7,pix,procesado,
BM-00305,2025-04-02,São Paulo,mg,C45,delivery,mussarelaa,tradicional,calabresa,673,2025-10-12,nao,179,68.86,5,40,quinta,19,nenhuma,nao,,28,2.7,pix,cancelado,
BM-00306,2025-04-03,Franca,SP,C2,delivery,calabreza,especial,bacon,737,2025-06-11,nao,131,41.94,28,46,quarta,17,cupom,nao,,14,4.2,pix,,
BM-00307,2025-08-09,São Paulo,mg,C286,delivery,calabresa,doce,calabresa,215,2025-06-15,sim,160,97.96,16,37,terça,20,,nao,,3,1.1,pix,finalizado,
BM-00308,08-24-2025,Uberaba,MG,C240,balcao,calabreza,tradicional,catupiry,210,2025-01-11,nao,161,78.22,5,45,quinta,21,nenhuma,nao,,13,4.9,dinheiro,cancelado,
BM-00309,2025-09-08,Uberaba,SP,C375,balcao,calabresa,tradicional,queijo,770,03-15-2025,nao,18,112.15,15,46,segunda,17,,nao,,7,1.8,cartao,cancelado,
BM-00310,09-26-2025,Uberaba,SP,C148,online,calabreza,doce,calabresa,618,2025-10-17,nao,86,68.76,24,33,terça,17,combo,nao,,18,3.4,dinheiro,,
BM-00311,2025-10-14,São Paulo,mg,C9,delivery,calabreza,doce,quejio,490,2025-02-18,sim,76,"124,39",18,32,quinta,21,,nao,,37,1.3,pix,cancelado,
BM-00312,2025-08-16,Uberlândia,mg,C30,balcao,frango_catupiry,doce,quejio,421,2025-01-10,sim,51,69.1,14,10,terça,17,,sim,demora,8,2.2,pix,finalizado,
BM-00313,08-12-2025,Franca,SP,C476,online,calabreza,tradicional,molho,224,23/07/2025,nao,92,86.3,13,29,terça,18,nenhuma,nao,,2,3.7,cartao,finalizado,
BM-00314,2025-02-07,Uberlândia,mg,C236,online,calabreza,tradicional,quejio,133,27/08/2025,nao,0,41.46,17,30,segunda,23,,nao,,5,4.6,pix,cancelado,
BM-00315,2025-03-11,São Paulo,mg,C451,delivery,calabreza,tradicional,quejio,330,2025-05-25,sim,217,75.68,26,42,segunda,19,combo,nao,,3,4.7,cartao,cancelado,
BM-00316,2025-09-18,São Paulo,SP,C43,delivery,mussarela,doce,quejio,218,09-18-2025,nao,75,"72,41",25,11,terça,20,combo,sim,erro_pedido,35,1.2,dinheiro,finalizado,
BM-00317,2025-01-01,Uberlândia,SP,C3,online,calabresa,doce,calabresa,373,2025-06-01,sim,258,69.32,26,58,terça,19,combo,nao,,40,2.1,dinheiro,finalizado,
BM-00318,2025-08-06,São Paulo,mg,C467,online,especial,doce,quejio,721,01/03/2025,sim,117,"68,24",11,28,domingo,22,cupom,nao,,23,3.4,dinheiro,,
BM-00319,2025-07-07,Franca,MG,C296,delivery,calabreza,especial,quejio,88,03-14-2025,sim,175,"44,91",14,31,sexta,20,cupom,nao,,37,5.0,cartao,cancelado,
BM-00320,09-13-2025,Uberlândia,MG,C128,online,mussarelaa,doce,quejio,378,2025-02-09,sim,147,94.77,13,17,quarta,21,nenhuma,nao,,37,2.8,cartao,,
BM-00321,2025-09-25,Uberaba,mg,C354,online,mussarelaa,especial,calabresa,358,2025-05-14,sim,147,77.94,10,28,sexta,22,combo,sim,demora,15,2.7,cartao,finalizado,
BM-00322,12/04/2025,Uberlândia,mg,C347,delivery,frango_catupiry,doce,queijo,113,2025-09-17,nao,181,121.5,20,59,quinta,17,combo,nao,,36,4.0,dinheiro,,
BM-00323,2025-06-04,São Paulo,MG,C138,online,calabreza,especial,calabresa,222,data_invalida,nao,199,45.73,14,58,quinta,21,,nao,,20,3.5,cartao,procesado,
BM-00324,2025-01-11,Uberlândia,MG,C278,balcao,calabreza,doce,calabresa,724,2025-01-17,nao,51,104.01,28,51,segunda,19,cupom,nao,,21,4.9,dinheiro,,
BM-00325,2025-01-08,Uberaba,mg,C121,delivery,calabresa,doce,molho,519,2025-09-18,nao,27,65.38,15,10,domingo,21,,nao,,36,1.5,dinheiro,cancelado,
BM-00326,2025-05-10,São Paulo,SP,C483,balcao,mussarelaa,tradicional,calabresa,243,2025-04-29,sim,0,89.46,21,16,terça,18,combo,nao,,10,2.8,cartao,finalizado,
BM-00327,30/06/2025,Uberaba,MG,C458,delivery,calabreza,especial,quejio,474,2025-04-07,nao,195,98.57,11,33,sabado,18,combo,nao,,15,1.8,dinheiro,cancelado,
BM-00328,2025-07-04,Uberaba,mg,C438,delivery,frango_catupiry,especial,quejio,297,2025-05-25,nao,22,77.07,31,25,quarta,19,cupom,nao,,40,2.3,pix,finalizado,
BM-00329,2025-08-10,Uberaba,mg,C108,delivery,calabreza,doce,queijo,696,31/03/2025,nao,77,"96,55",20,30,quarta,17,,sim,erro_pedido,7,3.6,pix,cancelado,
BM-00330,2025-07-17,Uberlândia,MG,C90,balcao,mussarelaa,especial,quejio,368,01/02/2025,sim,90,93.86,5,42,segunda,21,combo,nao,,9,1.4,cartao,finalizado,
BM-00331,2025-07-20,Uberaba,SP,C216,delivery,calabreza,tradicional,quejio,547,2025-05-22,sim,55,"71,64",24,56,sabado,23,nenhuma,nao,,24,1.3,dinheiro,cancelado,
BM-00332,2025-08-08,Uberlândia,MG,C196,online,mussarelaa,especial,quejio,76,data_invalida,nao,36,119.94,13,43,quarta,21,cupom,nao,,28,4.1,cartao,procesado,
BM-00333,2025-09-11,São Paulo,mg,C359,online,mussarelaa,tradicional,quejio,140,2025-10-03,sim,59,37.45,19,10,quarta,22,,nao,,39,2.2,cartao,,
BM-00334,2025-10-28,São Paulo,SP,C368,online,especial,doce,catupiry,434,2025-03-01,sim,0,85.64,23,25,quarta,17,combo,nao,,31,2.8,pix,cancelado,
BM-00335,08/01/2025,Uberlândia,MG,C377,balcao,calabreza,especial,quejio,189,2025-02-15,sim,128,50.48,28,81,domingo,20,combo,nao,,16,2.8,pix,procesado,
BM-00336,2025-09-12,Uberaba,SP,C191,delivery,chocolate,doce,calabresa,275,25/02/2025,sim,48,77.22,6,10,sexta,20,combo,nao,,23,3.7,dinheiro,finalizado,
BM-00337,09-18-2025,São Paulo,SP,C263,balcao,mussarelaa,especial,bacon,514,04/06/2025,nao,116,87.34,23,27,quinta,18,combo,nao,,12,2.6,pix,cancelado,
BM-00338,2025-07-19,Uberaba,mg,C320,balcao,mussarela,doce,queijo,548,2025-08-20,nao,362,90.97,19,20,domingo,20,nenhuma,nao,,38,4.1,dinheiro,finalizado,
BM-00339,27/03/2025,Uberlândia,SP,C195,balcao,mussarelaa,especial,molho,512,2025-08-14,nao,215,60.17,7,33,sexta,22,combo,nao,,17,3.1,dinheiro,cancelado,
BM-00340,data_invalida,São Paulo,MG,C251,online,mussarela,tradicional,quejio,797,2025-08-18,sim,119,91.26,12,50,sexta,17,combo,nao,,17,2.8,cartao,cancelado,
BM-00341,2025-07-23,Franca,mg,C368,balcao,calabresa,tradicional,queijo,708,2025-06-10,sim,93,"119,95",15,37,segunda,22,combo,nao,,19,3.5,dinheiro,cancelado,
BM-00342,2025-07-14,Franca,MG,C327,balcao,especial,tradicional,molho,476,2025-10-12,nao,78,95.4,16,40,domingo,19,cupom,nao,,6,4.7,dinheiro,procesado,
BM-00343,2025-08-31,Uberaba,SP,C354,balcao,mussarelaa,especial,molho,705,09/10/2025,nao,214,78.77,13,46,segunda,20,combo,nao,,3,4.9,dinheiro,finalizado,
BM-00344,2025-06-11,São Paulo,SP,C353,balcao,portuguesa,tradicional,quejio,774,2025-05-14,nao,203,"83,36",9,21,sabado,22,nenhuma,nao,,8,3.0,cartao,procesado,
BM-00345,2025-02-06,São Paulo,mg,C350,online,mussarelaa,doce,calabresa,688,2025-04-02,nao,134,111.33,24,41,segunda,19,cupom,nao,,40,4.3,dinheiro,finalizado,
BM-00346,2025-05-19,Uberlândia,SP,C6,online,mussarelaa,tradicional,bacon,75,01-06-2025,nao,163,110.83,16,22,quinta,22,nenhuma,nao,,26,3.5,cartao,finalizado,
BM-00347,2025-06-01,Uberlândia,mg,C186,delivery,mussarelaa,especial,quejio,442,2025-10-01,sim,78,"97,45",28,40,domingo,22,cupom,nao,,25,3.2,pix,finalizado,
BM-00348,2025-09-10,Uberaba,mg,C282,online,mussarelaa,doce,queijo,460,2025-04-29,nao,239,135.14,5,21,segunda,18,,nao,,32,1.2,dinheiro,finalizado,
BM-00349,2025-05-29,Uberaba,mg,C261,online,portuguesa,tradicional,queijo,797,2025-09-16,nao,182,67.36,18,53,sexta,17,cupom,nao,,27,2.7,pix,finalizado,
BM-00350,2025-03-01,Uberaba,mg,C185,balcao,mussarelaa,tradicional,quejio,466,2025-06-16,nao,20,"76,94",28,19,sexta,20,combo,nao,,33,2.5,cartao,procesado,
BM-00351,2025-02-24,Uberlândia,MG,C226,balcao,especial,tradicional,quejio,214,data_invalida,sim,114,122.02,19,70,sabado,21,cupom,nao,,8,1.2,pix,cancelado,
BM-00352,2025-03-24,Uberaba,MG,C486,delivery,mussarelaa,especial,quejio,675,06/04/2025,nao,117,74.03,34,10,segunda,23,nenhuma,nao,,33,2.7,pix,procesado,
BM-00353,2025-01-24,São Paulo,MG,C458,online,calabreza,tradicional,quejio,629,data_invalida,sim,10,136.35,27,53,segunda,19,nenhuma,nao,,5,2.7,pix,procesado,
BM-00354,2025-01-10,São Paulo,SP,C341,online,calabreza,especial,queijo,722,10-25-2025,sim,39,59.92,16,18,segunda,19,combo,nao,,10,2.3,pix,finalizado,
BM-00355,2025-04-15,Franca,mg,C139,delivery,calabreza,tradicional,calabresa,176,2025-05-09,nao,23,46.89,15,32,sexta,17,cupom,nao,,38,3.6,cartao,finalizado,
BM-00356,2025-05-07,Uberaba,MG,C340,balcao,portuguesa,doce,catupiry,733,2025-04-06,sim,256,80.25,8,29,sexta,22,,nao,,4,2.5,pix,procesado,
BM-00357,2025-10-21,Franca,SP,C80,online,mussarelaa,tradicional,quejio,729,2025-01-22,sim,183,105.82,28,63,quinta,17,,nao,,15,1.8,dinheiro,,
BM-00358,2025-04-24,São Paulo,mg,C478,balcao,calabreza,especial,quejio,270,02-06-2025,nao,157,35.51,5,32,sabado,20,cupom,nao,,9,1.8,dinheiro,finalizado,
BM-00359,2025-04-06,Uberlândia,MG,C302,online,mussarelaa,doce,quejio,688,05-20-2025,nao,19,37.86,19,52,segunda,21,combo,nao,,8,3.8,cartao,cancelado,
BM-00360,2025-02-07,Uberlândia,SP,C470,balcao,mussarelaa,doce,calabresa,617,2025-10-23,sim,129,76.74,20,53,domingo,22,,nao,,28,1.6,pix,,
BM-00361,2025-02-20,Uberlândia,MG,C459,online,calabreza,tradicional,catupiry,649,08-11-2025,sim,138,"136,66",19,10,domingo,18,cupom,nao,,24,4.9,dinheiro,,
BM-00362,31/03/2025,Franca,mg,C151,balcao,calabresa,tradicional,quejio,354,2025-02-22,sim,109,"113,58",20,42,sabado,19,cupom,nao,,19,4.3,cartao,cancelado,
BM-00363,2025-07-16,Franca,MG,C490,balcao,portuguesa,tradicional,quejio,220,data_invalida,sim,185,73.29,14,39,sexta,21,,nao,,17,1.2,cartao,,
BM-00364,data_invalida,Franca,mg,C272,delivery,calabreza,doce,catupiry,631,2025-03-27,sim,246,45.55,17,28,quarta,19,nenhuma,nao,,11,3.2,cartao,procesado,
BM-00365,2025-02-04,Uberlândia,MG,C79,delivery,mussarelaa,doce,molho,272,2025-05-10,sim,52,97.33,20,42,quinta,22,combo,nao,,10,4.9,pix,finalizado,
BM-00366,29/01/2025,Uberaba,mg,C442,delivery,calabreza,doce,catupiry,636,09/08/2025,nao,169,65.73,16,57,sabado,22,,sim,demora,3,1.8,pix,cancelado,
BM-00367,2025-10-07,Uberlândia,mg,C486,online,portuguesa,especial,quejio,510,2025-02-14,nao,223,120.15,5,49,sexta,22,,nao,,37,1.3,pix,,
BM-00368,2025-02-25,Franca,MG,C125,delivery,frango_catupiry,doce,queijo,527,2025-04-24,nao,92,136.87,23,16,sexta,20,nenhuma,nao,,4,4.2,dinheiro,cancelado,
BM-00369,2025-05-23,Franca,MG,C357,online,calabreza,especial,calabresa,783,2025-06-09,nao,35,"98,37",22,41,domingo,20,,nao,,24,4.1,dinheiro,cancelado,
BM-00370,2025-02-03,Uberaba,mg,C315,online,calabreza,tradicional,quejio,426,2025-05-09,sim,136,138.65,20,61,sabado,20,,nao,,11,2.4,pix,,
BM-00371,2025-07-31,Franca,mg,C107,online,frango_catupiry,doce,calabresa,751,2025-08-22,sim,268,44.63,9,56,sabado,17,combo,sim,cliente_desistiu,13,1.4,pix,finalizado,
BM-00372,2025-01-17,Uberaba,mg,C294,balcao,calabresa,especial,molho,144,2025-04-01,sim,223,36.42,17,44,quarta,22,combo,nao,,38,1.9,pix,cancelado,
BM-00373,data_invalida,Uberlândia,MG,C20,delivery,mussarela,tradicional,molho,395,2025-04-10,sim,73,133.24,10,49,sabado,23,cupom,nao,,34,4.0,pix,cancelado,
BM-00374,2025-02-20,Uberlândia,mg,C11,online,mussarelaa,tradicional,bacon,161,2025-05-20,nao,210,45.05,15,52,sexta,20,,nao,,7,4.0,cartao,finalizado,
BM-00375,2025-05-19,Uberaba,mg,C484,online,calabreza,tradicional,queijo,296,2025-08-21,sim,14,93.96,18,44,quinta,23,nenhuma,nao,,36,3.9,cartao,finalizado,
BM-00376,2025-10-10,São Paulo,MG,C123,balcao,mussarelaa,doce,queijo,251,2025-07-29,sim,0,54.71,12,19,segunda,23,cupom,nao,,36,3.0,dinheiro,finalizado,
BM-00377,2025-09-28,Franca,MG,C158,delivery,calabresa,especial,quejio,142,2025-01-28,nao,104,109.3,8,49,quarta,19,combo,nao,,3,1.9,cartao,,
BM-00378,2025-08-20,Uberaba,SP,C62,balcao,mussarelaa,doce,calabresa,704,data_invalida,nao,179,116.38,31,53,sabado,18,combo,sim,erro_pedido,2,1.5,pix,finalizado,
BM-00379,2025-04-22,Uberaba,MG,C318,online,mussarelaa,doce,quejio,391,07-30-2025,nao,197,81.66,21,38,quarta,20,,nao,,9,1.3,dinheiro,finalizado,
BM-00380,2025-08-15,Franca,MG,C181,delivery,chocolate,tradicional,quejio,716,2025-08-15,nao,72,"120,49",11,40,quarta,21,combo,nao,,3,4.4,dinheiro,,
BM-00381,2025-03-02,Uberaba,mg,C442,delivery,calabreza,tradicional,quejio,509,2025-04-11,sim,131,85.05,15,10,quarta,21,combo,nao,,23,3.4,pix,procesado,
BM-00382,01-11-2025,Uberlândia,SP,C204,balcao,calabreza,especial,catupiry,244,2025-09-22,sim,147,55.55,37,25,sabado,18,nenhuma,sim,,21,4.4,pix,finalizado,
BM-00383,14/02/2025,Uberlândia,MG,C12,delivery,calabreza,doce,quejio,63,2025-09-01,sim,342,100.16,13,46,sabado,21,cupom,nao,,23,2.0,cartao,finalizado,
BM-00384,2025-09-21,Uberlândia,mg,C460,balcao,calabresa,doce,quejio,130,data_invalida,nao,119,129.61,10,47,terça,21,,nao,,9,4.0,pix,procesado,
BM-00385,05-05-2025,Uberlândia,SP,C235,online,mussarelaa,doce,quejio,766,06-19-2025,sim,145,111.44,32,36,quarta,17,cupom,nao,,32,2.1,dinheiro,procesado,
BM-00386,2025-10-04,Uberlândia,SP,C176,balcao,portuguesa,doce,calabresa,703,2025-10-01,sim,6,50.88,17,30,sexta,19,cupom,nao,,33,1.1,cartao,cancelado,
BM-00387,2025-09-02,Uberlândia,MG,C362,balcao,calabresa,doce,quejio,300,2025-01-10,nao,200,98.22,5,24,domingo,23,nenhuma,nao,,14,2.8,dinheiro,cancelado,
BM-00388,2025-04-17,Franca,MG,C425,delivery,calabreza,doce,quejio,60,2025-04-16,sim,193,"46,7",14,10,segunda,17,cupom,nao,,15,1.3,pix,finalizado,
BM-00389,2025-06-12,Uberaba,SP,C144,delivery,mussarelaa,tradicional,quejio,399,data_invalida,nao,149,116.86,17,41,sabado,17,combo,nao,,6,3.2,pix,finalizado,
BM-00390,2025-05-20,Uberaba,SP,C461,balcao,mussarelaa,doce,quejio,265,2025-05-26,sim,142,99.75,27,67,quinta,21,cupom,nao,,2,4.4,cartao,procesado,
BM-00391,2025-10-02,Uberaba,SP,C316,balcao,calabreza,especial,quejio,261,2025-10-28,sim,161,138.25,16,10,sexta,21,cupom,nao,,32,1.9,cartao,procesado,
BM-00392,10/08/2025,Uberaba,MG,C244,delivery,mussarelaa,especial,catupiry,289,29/03/2025,nao,156,"54,5",22,29,sexta,17,combo,nao,,38,3.7,cartao,procesado,
BM-00393,2025-03-30,Uberlândia,mg,C448,online,calabreza,doce,quejio,349,10-24-2025,nao,155,"128,26",25,33,sabado,21,nenhuma,nao,,20,2.2,cartao,finalizado,
BM-00394,2025-04-09,Uberaba,mg,C340,online,frango_catupiry,especial,quejio,88,2025-06-16,sim,145,74.98,16,57,quarta,22,nenhuma,nao,,9,3.6,pix,,
BM-00395,2025-03-04,Franca,mg,C8,online,calabreza,doce,quejio,657,2025-07-18,nao,0,45.39,11,18,domingo,18,combo,nao,,12,5.0,dinheiro,finalizado,
BM-00396,2025-05-06,Uberlândia,SP,C292,delivery,calabreza,especial,quejio,401,2025-02-07,sim,162,90.72,22,53,domingo,19,,nao,,8,4.3,cartao,,
BM-00397,2025-06-06,São Paulo,MG,C235,delivery,calabreza,doce,queijo,748,05-03-2025,sim,119,63.48,18,65,segunda,23,,nao,,8,1.9,pix,cancelado,
BM-00398,2025-09-20,São Paulo,SP,C482,balcao,calabreza,tradicional,quejio,424,02/07/2025,nao,181,68.07,19,36,quinta,21,,nao,,24,4.7,pix,,
BM-00399,2025-09-05,Franca,mg,C391,online,calabresa,tradicional,quejio,117,2025-08-13,sim,241,115.14,17,36,quarta,17,combo,nao,,12,3.2,dinheiro,procesado,
BM-00400,2025-02-06,Uberaba,MG,C252,delivery,calabreza,especial,catupiry,238,2025-05-13,nao,64,112.12,20,37,sabado,19,nenhuma,nao,,24,3.0,dinheiro,,
BM-00401,2025-06-04,São Paulo,mg,C376,online,calabreza,doce,molho,396,2025-05-28,sim,147,63.44,13,45,terça,21,combo,nao,,17,2.1,dinheiro,finalizado,
BM-00402,2025-02-10,Franca,mg,C185,online,mussarelaa,doce,quejio,483,2025-02-10,sim,53,127.37,10,37,segunda,21,nenhuma,nao,,10,1.9,dinheiro,procesado,
BM-00403,2025-01-24,Uberaba,MG,C266,online,especial,doce,quejio,117,2025-09-17,nao,140,47.83,30,29,terça,17,cupom,sim,demora,36,1.2,pix,,
BM-00404,2025-07-24,Uberlândia,mg,C299,delivery,frango_catupiry,doce,quejio,221,2025-10-04,nao,82,"84,51",17,35,segunda,18,,nao,,21,1.8,pix,cancelado,
BM-00405,data_invalida,Uberlândia,SP,C177,balcao,mussarelaa,especial,quejio,535,2025-09-28,sim,0,137.5,10,40,sexta,21,combo,nao,,32,3.1,cartao,procesado,
BM-00406,2025-01-12,Uberaba,MG,C181,delivery,calabreza,tradicional,queijo,727,2025-02-09,sim,96,36.55,36,40,segunda,19,nenhuma,nao,,17,1.5,pix,cancelado,
BM-00407,2025-05-14,Franca,SP,C104,delivery,mussarelaa,tradicional,quejio,735,07-08-2025,sim,113,"124,05",23,45,domingo,20,combo,nao,,36,2.1,dinheiro,,
BM-00408,16/05/2025,Franca,MG,C125,balcao,calabreza,tradicional,quejio,595,19/10/2025,sim,0,63.1,9,49,sexta,21,,nao,,36,3.6,cartao,procesado,
BM-00409,2025-07-13,Uberlândia,mg,C297,online,frango_catupiry,tradicional,quejio,676,05-10-2025,nao,26,119.43,20,35,quarta,18,cupom,nao,,37,2.9,cartao,finalizado,
BM-00410,2025-07-17,Uberaba,mg,C218,balcao,frango_catupiry,tradicional,molho,72,2025-09-18,sim,16,122.1,19,40,quarta,20,nenhuma,nao,,12,1.9,cartao,cancelado,
BM-00411,2025-04-20,São Paulo,SP,C79,balcao,mussarela,especial,quejio,70,02/07/2025,sim,14,97.28,20,15,sabado,23,combo,nao,,20,2.6,cartao,cancelado,
BM-00412,2025-06-16,Uberaba,SP,C468,online,mussarela,especial,bacon,595,26/01/2025,nao,2,36.48,11,13,quarta,17,nenhuma,nao,,9,1.2,dinheiro,procesado,
BM-00413,01-10-2025,Franca,MG,C106,balcao,calabreza,tradicional,queijo,302,2025-02-11,sim,171,133.99,22,10,sexta,19,nenhuma,nao,,27,2.5,cartao,,
BM-00414,2025-10-13,Franca,SP,C351,online,calabreza,especial,quejio,764,2025-03-20,sim,158,61.91,10,66,domingo,17,cupom,nao,,3,2.8,cartao,,
BM-00415,2025-10-09,Uberlândia,SP,C241,balcao,mussarelaa,doce,queijo,491,2025-03-03,sim,70,47.59,19,52,domingo,20,nenhuma,nao,,2,3.5,pix,finalizado,
BM-00416,2025-02-21,São Paulo,SP,C454,balcao,calabreza,tradicional,bacon,465,2025-02-03,nao,5,71.49,14,24,domingo,20,cupom,nao,,40,2.0,pix,procesado,
BM-00417,data_invalida,Uberaba,SP,C488,balcao,mussarelaa,especial,queijo,187,2025-09-01,sim,180,"104,05",24,12,segunda,19,nenhuma,nao,,4,3.2,cartao,finalizado,
BM-00418,2025-07-11,Uberlândia,SP,C388,delivery,especial,tradicional,quejio,326,2025-10-28,sim,67,107.44,9,41,sexta,22,,nao,,7,2.2,pix,finalizado,
BM-00419,2025-04-24,São Paulo,mg,C359,balcao,calabreza,especial,queijo,349,2025-07-09,nao,199,36.24,19,38,terça,19,,nao,,27,2.4,cartao,finalizado,
BM-00420,2025-04-17,Uberlândia,SP,C126,delivery,chocolate,tradicional,quejio,372,16/02/2025,nao,98,83.74,20,29,sexta,19,combo,nao,,4,1.5,dinheiro,cancelado,
BM-00421,2025-10-11,Uberlândia,SP,C120,delivery,mussarelaa,doce,quejio,577,06/02/2025,sim,103,"89,48",11,36,domingo,18,combo,nao,,3,2.4,dinheiro,,
BM-00422,2025-06-04,Uberlândia,mg,C117,balcao,mussarelaa,especial,quejio,466,2025-01-26,nao,145,74.28,16,31,segunda,18,nenhuma,nao,,21,2.3,cartao,,
BM-00423,19/04/2025,São Paulo,SP,C129,balcao,calabreza,especial,molho,495,2025-09-01,nao,223,"78,75",15,60,quarta,18,nenhuma,sim,demora,28,4.6,cartao,,
BM-00424,2025-08-05,Uberaba,MG,C404,online,calabreza,especial,catupiry,702,2025-04-21,sim,217,131.87,27,24,quinta,22,cupom,nao,,17,4.2,pix,cancelado,
BM-00425,2025-07-19,Uberaba,SP,C209,online,frango_catupiry,doce,quejio,381,2025-04-06,nao,52,119.26,19,22,quarta,21,combo,sim,erro_pedido,25,4.2,dinheiro,cancelado,
BM-00426,2025-09-04,Uberlândia,MG,C479,online,calabreza,tradicional,quejio,503,2025-04-27,sim,85,67.64,31,47,sexta,23,,nao,,8,3.2,cartao,,
BM-00427,2025-03-05,Uberlândia,MG,C213,online,mussarelaa,doce,quejio,622,08-31-2025,sim,116,82.65,11,54,sabado,23,,sim,erro_pedido,26,4.1,dinheiro,finalizado,
BM-00428,18/03/2025,Uberaba,MG,C179,balcao,mussarelaa,doce,calabresa,272,2025-02-26,sim,110,"90,42",20,36,quinta,18,cupom,nao,,33,3.9,pix,procesado,
BM-00429,2025-09-30,Uberlândia,mg,C300,delivery,mussarelaa,especial,calabresa,705,2025-06-21,nao,112,114.76,6,48,sabado,19,combo,nao,,33,3.8,pix,finalizado,
BM-00430,28/09/2025,São Paulo,mg,C72,online,mussarelaa,doce,molho,243,2025-09-20,sim,97,71.49,16,46,terça,22,nenhuma,nao,,11,3.9,cartao,procesado,
BM-00431,02-11-2025,Franca,SP,C362,balcao,calabreza,tradicional,quejio,403,10-26-2025,nao,0,98.35,18,50,sexta,20,,nao,,40,3.8,dinheiro,,
BM-00432,03-17-2025,Uberlândia,mg,C420,online,calabresa,doce,quejio,189,2025-09-05,sim,130,36.02,29,19,quinta,23,combo,nao,,13,2.5,pix,,
BM-00433,2025-01-30,Uberaba,MG,C424,balcao,calabreza,doce,quejio,526,2025-09-11,sim,36,37.5,9,14,sabado,17,cupom,nao,,3,3.0,pix,cancelado,
BM-00434,2025-04-07,São Paulo,SP,C175,delivery,mussarelaa,doce,queijo,101,2025-07-29,nao,62,128.83,12,54,segunda,17,cupom,sim,erro_pedido,23,4.4,pix,procesado,
BM-00435,2025-09-17,Uberlândia,mg,C364,balcao,mussarela,tradicional,queijo,370,2025-09-26,sim,145,"54,7",12,17,terça,18,combo,nao,,31,2.3,dinheiro,cancelado,
BM-00436,2025-04-22,São Paulo,MG,C224,online,calabreza,doce,quejio,484,2025-04-07,nao,91,"131,7",14,32,quinta,17,,nao,,26,3.3,cartao,cancelado,
BM-00437,2025-09-14,Uberlândia,mg,C124,online,mussarelaa,tradicional,quejio,169,26/02/2025,nao,208,63.71,19,41,terça,18,combo,nao,,1,4.5,pix,finalizado,
BM-00438,2025-07-25,São Paulo,MG,C478,balcao,mussarelaa,especial,queijo,154,2025-08-17,nao,331,46.99,14,34,quarta,17,,nao,,27,2.9,cartao,finalizado,
BM-00439,28/04/2025,Uberaba,SP,C8,online,calabreza,tradicional,queijo,510,2025-01-03,sim,161,59.41,14,43,segunda,21,,nao,,20,4.4,pix,cancelado,
BM-00440,18/04/2025,São Paulo,mg,C227,balcao,mussarelaa,especial,queijo,290,2025-01-11,sim,16,68.09,12,30,segunda,23,combo,nao,,37,2.7,cartao,cancelado,
BM-00441,2025-01-24,São Paulo,MG,C221,online,calabreza,especial,quejio,570,04-13-2025,nao,127,55.3,12,27,sabado,23,cupom,nao,,27,4.2,pix,procesado,
BM-00442,2025-10-17,Uberaba,MG,C325,delivery,calabreza,especial,calabresa,694,2025-06-13,nao,256,49.51,11,47,terça,17,nenhuma,nao,,33,4.8,cartao,,
BM-00443,2025-06-01,Franca,MG,C123,online,calabreza,doce,queijo,331,data_invalida,sim,49,51.64,25,42,domingo,19,,nao,,24,3.5,pix,cancelado,
BM-00444,2025-07-29,São Paulo,mg,C322,online,mussarelaa,doce,queijo,523,11/05/2025,nao,26,"49,05",20,35,sexta,22,cupom,nao,,1,4.4,pix,finalizado,
BM-00445,2025-07-09,Uberlândia,mg,C215,delivery,calabreza,doce,calabresa,339,2025-02-19,sim,185,96.18,17,54,segunda,23,combo,sim,,9,2.8,dinheiro,cancelado,
BM-00446,2025-04-07,Uberaba,mg,C186,balcao,calabreza,especial,bacon,121,2025-09-30,nao,51,106.05,17,29,quarta,17,,sim,cliente_desistiu,19,2.4,cartao,,
BM-00447,2025-07-18,São Paulo,MG,C418,online,calabresa,tradicional,catupiry,525,07/07/2025,sim,85,132.18,23,36,sexta,21,combo,nao,,33,1.7,dinheiro,procesado,
BM-00448,25/02/2025,São Paulo,MG,C458,online,chocolate,doce,calabresa,673,2025-06-03,sim,103,50.85,14,70,sexta,20,,nao,,16,4.2,cartao,procesado,
BM-00449,2025-01-10,Franca,mg,C83,balcao,calabreza,doce,catupiry,761,2025-02-09,nao,107,84.55,5,65,segunda,17,combo,nao,,17,2.3,dinheiro,cancelado,
BM-00450,2025-07-25,São Paulo,MG,C279,delivery,calabreza,doce,queijo,660,07-19-2025,nao,48,"51,35",9,52,quinta,22,nenhuma,nao,,25,2.0,dinheiro,finalizado,
BM-00451,2025-05-23,Franca,SP,C182,balcao,calabresa,especial,molho,333,2025-08-08,sim,0,129.49,11,21,domingo,18,nenhuma,nao,,8,1.5,dinheiro,finalizado,
BM-00452,2025-05-31,Uberaba,MG,C37,delivery,mussarelaa,tradicional,quejio,795,2025-01-19,sim,191,62.21,23,52,quarta,17,,nao,,37,1.1,dinheiro,finalizado,
BM-00453,2025-07-04,Uberlândia,mg,C238,balcao,calabresa,doce,quejio,95,data_invalida,sim,71,83.51,18,10,terça,21,,nao,,19,3.4,cartao,cancelado,
BM-00454,2025-01-12,Uberaba,MG,C24,online,especial,especial,quejio,320,2025-04-26,sim,39,128.26,8,31,domingo,23,,nao,,17,3.9,cartao,procesado,
BM-00455,2025-01-08,Uberlândia,SP,C168,online,calabresa,doce,quejio,298,2025-03-09,sim,85,138.15,9,58,sexta,21,combo,nao,,9,3.4,pix,procesado,
BM-00456,data_invalida,Franca,SP,C122,balcao,mussarelaa,especial,quejio,215,2025-07-16,nao,111,123.11,24,24,terça,19,cupom,sim,cliente_desistiu,25,3.4,pix,procesado,
BM-00457,2025-02-18,Uberlândia,SP,C423,balcao,calabreza,tradicional,bacon,372,26/02/2025,sim,51,39.95,16,25,sexta,20,nenhuma,nao,,1,3.5,cartao,cancelado,
BM-00458,2025-05-15,São Paulo,mg,C335,online,frango_catupiry,doce,quejio,440,2025-01-19,nao,222,126.93,25,15,terça,17,combo,nao,,19,4.8,cartao,procesado,
BM-00459,2025-03-02,São Paulo,MG,C303,online,portuguesa,tradicional,quejio,144,2025-07-07,nao,320,"131,37",5,26,quarta,20,,sim,,27,1.8,cartao,finalizado,
BM-00460,2025-08-06,Franca,SP,C126,balcao,mussarela,tradicional,queijo,357,09-24-2025,sim,32,"71,58",12,25,quarta,23,,nao,,29,2.2,cartao,cancelado,
BM-00461,2025-10-03,São Paulo,mg,C259,delivery,mussarelaa,doce,calabresa,145,2025-09-15,sim,141,53.3,23,70,quarta,20,,nao,,12,2.6,dinheiro,cancelado,
BM-00462,2025-06-01,Uberaba,mg,C286,balcao,calabreza,doce,quejio,648,2025-08-15,nao,134,124.99,36,54,segunda,21,cupom,nao,,37,3.3,dinheiro,,
BM-00463,2025-01-11,Uberaba,mg,C77,delivery,calabreza,especial,calabresa,560,data_invalida,nao,53,134.01,7,61,segunda,21,nenhuma,nao,,29,4.4,pix,cancelado,
BM-00464,2025-01-13,Uberaba,mg,C52,balcao,calabreza,doce,quejio,390,2025-02-06,nao,0,58.77,24,17,sexta,17,,nao,,20,1.2,cartao,cancelado,
BM-00465,2025-06-20,Uberaba,mg,C420,delivery,portuguesa,doce,queijo,621,2025-10-01,sim,78,"86,6",20,37,sabado,23,combo,nao,,31,3.4,pix,procesado,
BM-00466,2025-07-30,São Paulo,SP,C18,balcao,frango_catupiry,especial,molho,163,2025-08-27,sim,327,110.4,10,39,quinta,22,cupom,nao,,10,4.5,dinheiro,,
BM-00467,2025-06-18,Franca,SP,C284,delivery,calabreza,doce,molho,757,2025-08-29,sim,145,"77,94",19,29,terça,22,,nao,,35,3.7,dinheiro,finalizado,
BM-00468,2025-06-28,Uberaba,MG,C223,online,chocolate,tradicional,calabresa,180,2025-09-15,nao,209,84.22,16,35,sabado,20,combo,nao,,21,3.9,dinheiro,procesado,
BM-00469,2025-09-08,Uberaba,mg,C347,online,mussarelaa,tradicional,quejio,213,2025-05-12,nao,201,"101,28",16,39,domingo,20,cupom,sim,cliente_desistiu,28,2.6,cartao,finalizado,
BM-00470,2025-06-09,Uberaba,SP,C58,online,chocolate,doce,catupiry,278,data_invalida,sim,84,50.09,15,48,domingo,22,combo,nao,,33,2.0,cartao,cancelado,
BM-00471,2025-08-23,Franca,mg,C351,online,mussarelaa,doce,quejio,224,2025-06-09,sim,265,"139,69",21,34,sexta,21,combo,nao,,14,1.5,pix,procesado,
BM-00472,2025-05-02,Uberlândia,MG,C202,balcao,mussarelaa,tradicional,quejio,648,2025-03-16,nao,104,104.43,19,25,segunda,19,,nao,,1,3.6,cartao,procesado,
BM-00473,11/08/2025,Franca,mg,C185,online,frango_catupiry,tradicional,calabresa,292,2025-07-21,nao,111,118.07,23,32,quarta,22,cupom,nao,,34,2.5,cartao,cancelado,
BM-00474,2025-06-14,Uberlândia,SP,C329,delivery,mussarelaa,especial,molho,304,2025-06-17,sim,136,92.97,13,50,segunda,20,cupom,nao,,2,3.3,pix,procesado,
BM-00475,2025-08-09,Uberlândia,MG,C186,delivery,mussarelaa,tradicional,quejio,82,2025-08-01,nao,61,49.73,10,25,domingo,23,combo,nao,,7,4.4,pix,finalizado,
BM-00476,2025-04-02,Franca,mg,C332,delivery,calabreza,tradicional,quejio,146,2025-01-10,nao,74,"117,52",15,36,quarta,18,nenhuma,nao,,27,1.9,pix,,
BM-00477,2025-06-26,Uberlândia,MG,C367,online,mussarelaa,doce,quejio,420,2025-03-04,sim,161,"77,94",14,27,quarta,17,combo,nao,,4,2.6,cartao,cancelado,
BM-00478,2025-01-03,Uberlândia,SP,C20,balcao,mussarela,tradicional,quejio,441,2025-07-23,sim,156,97.04,21,68,segunda,20,,nao,,27,2.3,dinheiro,procesado,
BM-00479,2025-05-13,São Paulo,mg,C35,balcao,mussarelaa,tradicional,bacon,393,2025-02-14,nao,103,87.72,12,15,domingo,21,combo,nao,,29,3.8,cartao,finalizado,
BM-00480,03-03-2025,São Paulo,SP,C147,online,mussarela,tradicional,quejio,588,08/10/2025,nao,163,87.66,17,38,sexta,22,,sim,cliente_desistiu,19,1.2,cartao,procesado,
BM-00481,2025-01-17,Uberlândia,mg,C32,balcao,mussarela,tradicional,quejio,414,03-04-2025,sim,132,"127,21",10,41,domingo,19,cupom,nao,,15,1.0,pix,,
BM-00482,data_invalida,São Paulo,MG,C153,online,mussarelaa,especial,quejio,730,2025-07-27,nao,155,137.66,20,48,quarta,22,,nao,,13,3.6,dinheiro,procesado,
BM-00483,2025-06-15,Uberaba,SP,C416,delivery,calabreza,especial,queijo,115,2025-09-11,sim,70,93.58,18,35,sexta,19,cupom,nao,,31,1.0,dinheiro,finalizado,
BM-00484,data_invalida,São Paulo,SP,C86,balcao,frango_catupiry,doce,quejio,468,2025-06-29,nao,100,53.77,16,46,quarta,21,combo,nao,,3,4.5,cartao,procesado,
BM-00485,12/01/2025,São Paulo,SP,C361,balcao,mussarelaa,especial,queijo,97,2025-05-05,nao,103,127.31,6,24,segunda,23,nenhuma,nao,,9,4.9,dinheiro,procesado,
BM-00486,2025-02-14,Uberlândia,MG,C477,online,calabreza,tradicional,quejio,178,2025-08-21,sim,176,68.92,11,30,terça,23,,sim,cliente_desistiu,6,1.3,dinheiro,,
BM-00487,2025-09-13,São Paulo,mg,C106,online,mussarela,tradicional,molho,708,2025-06-09,sim,187,"132,2",14,33,quinta,19,cupom,nao,,3,4.7,dinheiro,procesado,
BM-00488,2025-06-27,Uberaba,SP,C382,delivery,calabreza,especial,catupiry,523,2025-05-01,nao,23,"58,24",5,33,domingo,18,,nao,,8,2.5,cartao,finalizado,
BM-00489,2025-10-23,Franca,SP,C110,delivery,calabreza,doce,calabresa,356,04-26-2025,sim,141,92.59,23,25,quinta,23,,nao,,33,3.4,cartao,,
BM-00490,2025-01-22,São Paulo,MG,C345,balcao,calabresa,especial,queijo,161,03/09/2025,sim,77,"114,57",24,34,sabado,18,cupom,nao,,20,3.9,pix,cancelado,
BM-00491,2025-03-07,Uberaba,MG,C491,online,chocolate,tradicional,quejio,639,2025-01-10,nao,52,81.45,15,21,terça,19,cupom,nao,,10,3.6,cartao,cancelado,
BM-00492,2025-01-24,São Paulo,SP,C415,delivery,calabresa,especial,quejio,273,2025-07-04,nao,74,137.15,15,41,segunda,17,combo,nao,,22,4.1,dinheiro,procesado,
BM-00493,data_invalida,Uberlândia,MG,C202,delivery,frango_catupiry,especial,quejio,234,06/04/2025,nao,0,35.53,9,48,sabado,22,cupom,sim,demora,39,2.4,pix,procesado,
BM-00494,2025-02-03,Franca,MG,C294,balcao,mussarela,doce,queijo,245,2025-10-07,sim,118,41.35,17,32,quinta,19,cupom,nao,,12,2.4,cartao,finalizado,
BM-00495,2025-09-05,São Paulo,MG,C219,online,portuguesa,doce,quejio,116,2025-10-06,sim,204,78.14,18,43,terça,17,,nao,,13,1.7,dinheiro,,
BM-00496,2025-04-10,Uberaba,SP,C327,delivery,mussarelaa,tradicional,calabresa,488,05-27-2025,sim,147,"121,59",11,45,sabado,22,,nao,,33,4.4,cartao,,
BM-00497,06-20-2025,São Paulo,mg,C208,delivery,calabreza,tradicional,catupiry,306,05/08/2025,sim,139,120.71,12,36,domingo,21,nenhuma,nao,,6,3.1,pix,procesado,
BM-00498,2025-04-03,Uberlândia,MG,C72,delivery,portuguesa,tradicional,catupiry,477,2025-02-16,sim,172,42.57,18,26,terça,22,,nao,,37,1.9,cartao,cancelado,
BM-00499,2025-01-06,São Paulo,MG,C278,balcao,calabresa,tradicional,quejio,607,03-23-2025,sim,188,104.22,15,46,quinta,22,combo,sim,erro_pedido,36,4.1,dinheiro,procesado,
BM-00500,2025-10-04,São Paulo,SP,C391,online,mussarelaa,doce,catupiry,187,2025-04-04,sim,192,134.62,22,26,sabado,22,cupom,nao,,40,4.1,cartao,cancelado,
BM-00501,09-07-2025,Uberaba,SP,C416,online,calabreza,tradicional,quejio,700,2025-01-30,nao,97,46.06,29,25,sexta,20,cupom,nao,,19,4.3,cartao,cancelado,
BM-00502,05-31-2025,São Paulo,mg,C116,online,frango_catupiry,especial,quejio,94,10-03-2025,sim,138,91.87,16,36,sexta,21,combo,nao,,3,1.2,dinheiro,cancelado,
BM-00503,2025-06-09,São Paulo,SP,C474,online,chocolate,doce,quejio,684,27/04/2025,nao,26,81.37,22,35,terça,17,,nao,,15,2.0,cartao,procesado,
BM-00504,08-17-2025,Franca,mg,C403,online,mussarelaa,doce,quejio,392,2025-06-27,nao,41,"87,19",12,10,terça,20,nenhuma,nao,,39,3.7,pix,cancelado,
BM-00505,2025-07-21,Franca,mg,C47,delivery,calabresa,especial,queijo,110,2025-04-03,sim,228,67.27,20,63,sexta,23,nenhuma,sim,cliente_desistiu,21,2.1,cartao,cancelado,
BM-00506,data_invalida,Franca,SP,C388,online,mussarelaa,doce,quejio,517,2025-10-20,nao,166,46.73,13,27,sexta,20,nenhuma,nao,,12,3.6,cartao,finalizado,
BM-00507,2025-05-27,São Paulo,MG,C35,balcao,calabreza,especial,quejio,668,2025-09-10,sim,35,77.61,24,29,quinta,17,,nao,,8,1.4,cartao,finalizado,
BM-00508,06-18-2025,São Paulo,MG,C185,online,calabreza,especial,molho,606,2025-01-26,sim,171,62.42,29,31,terça,22,cupom,nao,,30,4.2,cartao,,
BM-00509,data_invalida,Uberaba,SP,C236,balcao,calabresa,doce,quejio,705,2025-06-27,sim,0,114.93,25,28,quinta,17,combo,nao,,40,3.9,cartao,,
BM-00510,data_invalida,Uberlândia,mg,C306,online,calabreza,tradicional,quejio,70,2025-07-17,sim,120,75.2,15,34,segunda,23,combo,nao,,34,4.9,cartao,finalizado,
BM-00511,2025-06-23,São Paulo,mg,C302,balcao,calabreza,tradicional,calabresa,761,2025-01-27,sim,37,123.91,13,20,segunda,20,combo,nao,,1,2.2,cartao,finalizado,
BM-00512,2025-02-03,São Paulo,MG,C448,balcao,calabreza,doce,quejio,639,2025-10-02,nao,118,65.15,16,42,segunda,21,,nao,,29,4.9,pix,,
BM-00513,2025-08-27,Franca,MG,C424,delivery,portuguesa,doce,quejio,78,09-27-2025,nao,131,96.58,13,26,sabado,18,nenhuma,nao,,24,1.5,cartao,procesado,
BM-00514,10-16-2025,São Paulo,SP,C73,balcao,calabreza,especial,queijo,579,data_invalida,nao,16,"88,48",12,65,terça,19,cupom,nao,,19,4.3,pix,finalizado,
BM-00515,09-25-2025,Franca,SP,C138,delivery,mussarela,tradicional,quejio,546,2025-01-29,sim,61,"36,82",21,32,domingo,21,nenhuma,nao,,6,1.9,pix,procesado,
BM-00516,data_invalida,São Paulo,SP,C98,delivery,mussarelaa,tradicional,molho,283,24/10/2025,nao,185,37.7,31,46,sabado,18,combo,nao,,28,4.3,pix,finalizado,
BM-00517,data_invalida,Uberlândia,mg,C323,balcao,frango_catupiry,tradicional,quejio,53,2025-02-22,sim,222,47.9,28,35,sexta,21,cupom,sim,erro_pedido,22,4.7,dinheiro,procesado,
BM-00518,2025-02-18,Uberaba,mg,C395,online,calabreza,doce,quejio,114,2025-04-02,sim,84,35.47,23,40,sabado,19,,nao,,5,1.6,dinheiro,finalizado,
BM-00519,2025-06-23,São Paulo,MG,C450,balcao,mussarelaa,tradicional,calabresa,630,2025-02-04,sim,32,123.96,5,70,quarta,23,cupom,nao,,26,4.9,cartao,,
BM-00520,10-24-2025,Uberlândia,mg,C118,balcao,calabreza,especial,queijo,531,data_invalida,sim,0,"39,06",16,16,sabado,22,combo,nao,,37,2.3,dinheiro,cancelado,
BM-00521,2025-08-31,Uberlândia,MG,C22,delivery,calabreza,tradicional,bacon,618,2025-09-21,sim,94,138.65,29,55,segunda,19,combo,nao,,17,4.0,dinheiro,,
BM-00522,2025-05-06,Uberaba,mg,C439,online,frango_catupiry,especial,quejio,511,2025-08-04,nao,144,86.04,14,41,sexta,21,,sim,demora,36,3.9,pix,cancelado,
BM-00523,12/02/2025,Uberlândia,SP,C37,balcao,calabreza,tradicional,queijo,688,2025-01-12,nao,202,61.12,5,44,sexta,22,nenhuma,nao,,27,4.4,pix,finalizado,
BM-00524,2025-09-23,Franca,SP,C77,online,mussarelaa,tradicional,quejio,515,2025-10-25,sim,74,76.99,22,41,quarta,19,nenhuma,nao,,37,1.3,cartao,cancelado,
BM-00525,10-21-2025,Franca,MG,C403,delivery,mussarelaa,tradicional,quejio,487,04/05/2025,nao,100,107.71,25,40,terça,20,,nao,,14,2.8,cartao,,
BM-00526,2025-10-26,Uberaba,SP,C69,balcao,frango_catupiry,especial,quejio,746,2025-05-12,nao,310,46.71,15,34,quinta,23,,nao,,37,4.6,dinheiro,,
BM-00527,2025-10-28,Uberaba,SP,C182,delivery,calabreza,especial,queijo,174,2025-01-08,sim,227,63.2,26,18,quinta,22,,nao,,20,2.9,cartao,cancelado,
BM-00528,09-05-2025,Uberaba,mg,C491,online,mussarelaa,tradicional,quejio,673,2025-02-26,sim,199,"68,97",22,30,domingo,19,combo,nao,,25,4.7,cartao,cancelado,
BM-00529,2025-07-10,Uberlândia,SP,C86,delivery,calabreza,especial,quejio,111,2025-06-16,nao,93,82.13,14,30,quarta,20,,nao,,4,1.5,pix,,
BM-00530,25/07/2025,Uberlândia,mg,C175,balcao,calabreza,especial,queijo,743,03-05-2025,sim,42,96.82,31,49,sabado,23,combo,nao,,15,1.3,pix,procesado,
BM-00531,2025-04-28,Uberaba,mg,C262,delivery,calabreza,especial,catupiry,789,2025-01-09,nao,189,105.45,16,61,quinta,19,nenhuma,nao,,33,4.7,cartao,cancelado,
BM-00532,2025-07-09,Uberaba,SP,C222,delivery,mussarelaa,especial,quejio,464,2025-06-29,sim,236,114.66,17,13,domingo,19,cupom,nao,,35,2.5,pix,finalizado,
BM-00533,data_invalida,Uberaba,SP,C416,balcao,chocolate,tradicional,quejio,530,03-02-2025,sim,56,"95,48",22,45,sexta,18,cupom,nao,,37,1.7,dinheiro,cancelado,
BM-00534,13/07/2025,Uberlândia,SP,C42,balcao,calabresa,especial,quejio,58,09/03/2025,nao,263,62.23,18,41,terça,23,cupom,sim,cliente_desistiu,37,2.7,pix,,
BM-00535,2025-04-17,Franca,MG,C63,delivery,mussarelaa,tradicional,quejio,762,2025-03-18,sim,106,84.47,17,37,segunda,23,cupom,nao,,16,3.5,pix,procesado,
BM-00536,07-26-2025,Uberaba,mg,C481,delivery,calabreza,doce,calabresa,126,15/05/2025,sim,126,46.47,19,25,quinta,22,nenhuma,nao,,28,4.5,cartao,finalizado,
BM-00537,22/05/2025,São Paulo,mg,C447,balcao,frango_catupiry,tradicional,calabresa,659,2025-06-05,sim,222,135.73,17,38,domingo,22,nenhuma,nao,,32,4.0,dinheiro,finalizado,
BM-00538,2025-01-16,São Paulo,mg,C444,delivery,calabresa,especial,calabresa,740,2025-09-07,nao,201,42.86,21,68,segunda,22,combo,nao,,9,2.9,cartao,finalizado,
BM-00539,07/04/2025,São Paulo,MG,C176,balcao,chocolate,tradicional,quejio,578,2025-01-02,sim,232,81.55,5,32,sabado,20,nenhuma,nao,,6,3.7,cartao,cancelado,
BM-00540,2025-06-15,Uberaba,mg,C106,online,chocolate,doce,quejio,157,2025-08-05,sim,168,114.06,17,32,quinta,18,cupom,nao,,36,2.3,pix,cancelado,
BM-00541,2025-03-29,Uberaba,mg,C363,delivery,calabreza,tradicional,quejio,495,2025-07-27,nao,161,68.4,9,35,sexta,23,nenhuma,nao,,15,4.5,pix,cancelado,
BM-00542,data_invalida,Franca,SP,C415,balcao,mussarelaa,doce,calabresa,290,2025-07-19,nao,132,"117,15",17,19,sabado,18,cupom,nao,,36,4.8,pix,procesado,
BM-00543,2025-02-24,São Paulo,SP,C48,balcao,portuguesa,especial,quejio,77,2025-01-24,nao,132,74.12,16,42,sabado,18,nenhuma,nao,,39,1.1,dinheiro,cancelado,
BM-00544,2025-06-24,Franca,SP,C113,online,mussarelaa,especial,quejio,495,2025-10-06,nao,10,"77,03",18,37,terça,23,nenhuma,nao,,17,1.4,pix,,
BM-00545,2025-08-31,Uberaba,mg,C330,balcao,mussarelaa,tradicional,quejio,684,2025-06-06,sim,148,75.53,5,14,domingo,23,cupom,nao,,15,3.4,cartao,procesado,
BM-00546,2025-04-16,Franca,mg,C33,delivery,mussarelaa,especial,calabresa,88,2025-06-03,nao,2,58.77,21,33,sabado,20,cupom,sim,demora,26,2.4,cartao,finalizado,
BM-00547,2025-02-21,Uberaba,mg,C117,online,mussarelaa,doce,quejio,195,05-03-2025,sim,85,139.55,23,18,segunda,17,cupom,nao,,5,4.0,dinheiro,,
BM-00548,2025-01-25,São Paulo,MG,C231,delivery,mussarela,tradicional,calabresa,60,2025-07-19,nao,166,134.56,30,43,quinta,22,,sim,,33,1.6,pix,cancelado,
BM-00549,data_invalida,Franca,mg,C206,balcao,calabresa,doce,queijo,561,2025-09-23,nao,92,115.23,7,10,segunda,23,combo,nao,,35,4.2,dinheiro,finalizado,
BM-00550,2025-02-14,Uberaba,mg,C425,balcao,chocolate,tradicional,queijo,425,2025-02-18,nao,69,106.14,8,41,sexta,18,,nao,,16,2.5,pix,procesado,
BM-00551,07/02/2025,Uberlândia,MG,C489,online,mussarelaa,doce,quejio,349,2025-05-16,sim,159,82.68,20,46,domingo,17,combo,sim,,15,4.6,pix,,
BM-00552,2025-04-28,Uberaba,MG,C369,online,calabreza,doce,quejio,460,2025-07-30,nao,29,40.4,13,40,terça,17,combo,nao,,24,4.1,dinheiro,cancelado,
BM-00553,2025-09-20,Uberaba,SP,C180,balcao,calabresa,especial,molho,321,2025-07-29,nao,43,126.45,5,42,segunda,21,cupom,nao,,15,3.9,cartao,finalizado,
BM-00554,2025-07-24,Franca,MG,C102,balcao,frango_catupiry,tradicional,quejio,461,2025-09-14,nao,156,96.44,15,33,sabado,17,nenhuma,nao,,4,4.0,dinheiro,cancelado,
BM-00555,2025-08-15,Uberlândia,mg,C308,delivery,mussarelaa,especial,quejio,376,2025-08-16,nao,301,"103,97",8,50,terça,23,,nao,,4,3.8,dinheiro,procesado,
BM-00556,2025-07-20,Uberlândia,MG,C416,online,mussarela,especial,calabresa,375,2025-06-18,sim,113,97.77,23,14,sexta,18,nenhuma,nao,,23,1.5,cartao,cancelado,
BM-00557,data_invalida,Uberlândia,mg,C419,online,calabreza,tradicional,queijo,444,2025-04-22,sim,235,"101,77",5,45,terça,18,combo,nao,,23,1.3,pix,cancelado,
BM-00558,2025-07-08,Franca,SP,C281,balcao,mussarelaa,doce,catupiry,182,2025-03-11,sim,63,103.53,18,42,terça,19,nenhuma,nao,,34,4.9,cartao,finalizado,
BM-00559,2025-04-04,Uberaba,SP,C194,delivery,mussarelaa,doce,bacon,350,2025-06-29,nao,45,136.22,24,24,segunda,19,combo,nao,,20,4.6,cartao,,
BM-00560,2025-06-10,Uberlândia,MG,C107,balcao,calabreza,especial,quejio,383,18/05/2025,sim,7,96.42,27,29,sabado,20,,nao,,3,4.1,dinheiro,,
BM-00561,2025-02-16,Uberaba,SP,C332,online,calabreza,doce,queijo,537,2025-07-24,sim,0,58.48,29,10,domingo,18,combo,sim,erro_pedido,27,3.5,dinheiro,cancelado,
BM-00562,27/02/2025,Uberaba,MG,C92,online,mussarelaa,doce,catupiry,713,05/02/2025,nao,53,53.82,24,54,domingo,18,cupom,nao,,15,3.1,cartao,cancelado,
BM-00563,2025-09-25,Uberaba,mg,C499,online,mussarelaa,especial,queijo,92,18/07/2025,sim,225,138.08,23,14,segunda,18,cupom,nao,,32,4.7,dinheiro,cancelado,
BM-00564,09-16-2025,Uberlândia,SP,C193,delivery,calabresa,doce,queijo,712,2025-01-02,sim,106,124.39,9,48,sabado,20,nenhuma,nao,,9,2.1,cartao,finalizado,
BM-00565,2025-07-05,São Paulo,SP,C321,delivery,chocolate,especial,catupiry,554,2025-07-03,nao,239,"128,84",20,10,terça,23,combo,nao,,14,4.9,cartao,finalizado,
BM-00566,04-23-2025,São Paulo,MG,C39,delivery,calabreza,tradicional,queijo,717,2025-09-20,sim,70,72.72,15,45,terça,20,combo,sim,demora,31,1.9,dinheiro,procesado,
BM-00567,2025-06-22,Uberlândia,mg,C64,balcao,calabreza,doce,calabresa,758,2025-05-31,nao,284,98.0,22,46,terça,22,combo,nao,,40,2.0,pix,cancelado,
BM-00568,2025-06-27,Uberlândia,MG,C232,balcao,calabreza,doce,quejio,642,2025-07-15,sim,212,112.07,7,34,sabado,17,,nao,,1,3.2,cartao,,
BM-00569,02-15-2025,Uberaba,mg,C418,balcao,mussarelaa,doce,catupiry,545,2025-05-20,nao,222,"83,51",26,27,sabado,23,cupom,nao,,14,4.3,cartao,cancelado,
BM-00570,2025-06-10,São Paulo,SP,C84,online,calabreza,tradicional,quejio,171,27/03/2025,nao,64,64.68,32,31,quarta,17,cupom,nao,,24,4.1,pix,finalizado,
BM-00571,2025-09-08,Franca,mg,C369,delivery,mussarelaa,tradicional,catupiry,349,2025-07-11,sim,41,105.52,21,36,terça,21,,nao,,32,3.7,cartao,,
BM-00572,2025-05-14,Uberaba,MG,C96,balcao,calabreza,tradicional,catupiry,311,2025-03-28,nao,245,37.48,31,28,quinta,17,,nao,,29,3.3,cartao,finalizado,
BM-00573,2025-05-19,São Paulo,mg,C4,delivery,calabreza,doce,molho,479,2025-10-21,sim,245,47.09,22,10,quinta,23,nenhuma,nao,,34,2.4,dinheiro,finalizado,
BM-00574,2025-10-28,Uberlândia,MG,C410,balcao,calabreza,doce,molho,698,2025-10-22,nao,0,102.17,19,38,domingo,17,nenhuma,nao,,18,4.5,dinheiro,procesado,
BM-00575,2025-03-31,Franca,mg,C314,balcao,calabreza,especial,quejio,194,2025-05-19,sim,101,117.76,25,50,terça,17,nenhuma,nao,,2,4.6,pix,finalizado,
BM-00576,2025-07-16,São Paulo,mg,C459,balcao,chocolate,especial,quejio,108,2025-06-03,nao,118,139.84,23,10,segunda,17,,nao,,1,2.4,pix,finalizado,
BM-00577,08-09-2025,São Paulo,SP,C43,delivery,mussarelaa,tradicional,calabresa,384,2025-10-01,nao,270,109.69,13,36,sabado,19,combo,nao,,5,2.8,pix,,
BM-00578,2025-10-17,Uberlândia,mg,C360,online,mussarela,especial,quejio,430,2025-02-27,sim,126,40.43,24,45,domingo,23,cupom,nao,,4,2.1,dinheiro,cancelado,
BM-00579,2025-01-01,Uberlândia,MG,C476,online,mussarelaa,especial,catupiry,564,06-30-2025,nao,170,"49,4",23,10,terça,21,combo,nao,,2,3.6,cartao,procesado,
BM-00580,data_invalida,Franca,MG,C496,balcao,mussarelaa,especial,quejio,757,23/06/2025,nao,121,"138,25",15,18,domingo,17,,nao,,12,1.0,pix,finalizado,
BM-00581,2025-10-19,São Paulo,SP,C29,balcao,calabreza,especial,quejio,312,07-04-2025,sim,103,80.7,20,20,quinta,18,,nao,,1,4.4,pix,finalizado,
BM-00582,2025-07-03,Uberlândia,SP,C465,online,mussarelaa,especial,quejio,681,2025-09-06,sim,142,86.01,12,55,terça,21,cupom,nao,,26,3.0,cartao,finalizado,
BM-00583,2025-04-14,Franca,mg,C315,online,mussarelaa,especial,quejio,378,28/02/2025,nao,138,63.97,21,34,terça,21,,nao,,5,5.0,pix,,
BM-00584,2025-05-27,São Paulo,mg,C77,online,mussarelaa,tradicional,quejio,308,18/02/2025,nao,180,55.01,18,23,quinta,17,combo,nao,,7,2.9,dinheiro,,
BM-00585,2025-03-30,São Paulo,mg,C193,delivery,frango_catupiry,doce,quejio,113,04-29-2025,sim,87,126.28,22,17,quinta,23,nenhuma,nao,,12,4.6,cartao,finalizado,
BM-00586,2025-06-14,Franca,MG,C105,balcao,calabresa,especial,queijo,321,2025-10-24,nao,116,"68,29",15,22,quarta,20,combo,nao,,12,1.1,cartao,,
BM-00587,2025-07-10,Uberaba,mg,C474,delivery,calabreza,tradicional,quejio,671,2025-01-28,sim,66,51.73,22,14,segunda,23,cupom,nao,,11,1.3,cartao,cancelado,
BM-00588,2025-06-04,Uberaba,SP,C29,balcao,especial,tradicional,calabresa,770,2025-06-17,nao,133,"113,16",5,16,quinta,23,cupom,nao,,4,1.5,pix,procesado,
BM-00589,2025-02-07,São Paulo,MG,C320,online,calabreza,tradicional,quejio,221,02/09/2025,sim,90,"116,98",29,41,terça,17,nenhuma,nao,,26,4.1,cartao,,
BM-00590,2025-06-08,Uberlândia,mg,C98,delivery,mussarelaa,tradicional,quejio,382,2025-06-20,nao,50,83.76,15,51,segunda,17,,nao,,15,2.1,cartao,cancelado,
BM-00591,2025-01-01,Franca,SP,C463,delivery,mussarela,tradicional,quejio,752,2025-10-11,nao,164,125.82,14,37,quarta,20,combo,nao,,20,3.5,dinheiro,cancelado,
BM-00592,2025-09-18,Franca,SP,C238,delivery,mussarelaa,especial,quejio,621,2025-05-21,sim,69,130.28,23,33,segunda,18,cupom,nao,,29,2.8,dinheiro,procesado,
BM-00593,2025-03-06,São Paulo,mg,C392,online,mussarelaa,tradicional,molho,177,2025-07-10,nao,0,138.25,20,27,segunda,23,nenhuma,nao,,8,3.7,pix,finalizado,
BM-00594,2025-01-06,Uberlândia,mg,C223,balcao,frango_catupiry,doce,calabresa,671,23/03/2025,sim,118,136.01,29,37,quarta,19,,sim,erro_pedido,27,2.1,dinheiro,finalizado,
BM-00595,2025-03-29,São Paulo,SP,C339,online,calabreza,tradicional,queijo,383,2025-03-30,sim,135,"68,84",17,41,terça,17,,nao,,28,3.2,cartao,procesado,
BM-00596,2025-06-28,Franca,mg,C361,delivery,calabreza,doce,queijo,176,2025-04-13,nao,243,"95,29",19,56,sabado,17,nenhuma,nao,,19,1.5,cartao,,
BM-00597,2025-07-15,São Paulo,SP,C487,online,chocolate,tradicional,queijo,552,04-28-2025,nao,104,"139,57",5,21,quarta,22,cupom,nao,,9,3.0,dinheiro,,
BM-00598,2025-01-15,Franca,MG,C412,delivery,calabreza,doce,queijo,295,2025-03-20,sim,106,118.82,10,45,quarta,17,,nao,,26,1.5,pix,procesado,
BM-00599,2025-04-15,Uberaba,SP,C439,delivery,chocolate,tradicional,catupiry,430,2025-04-10,nao,221,73.39,28,48,terça,22,combo,sim,demora,10,2.8,dinheiro,cancelado,
BM-00600,2025-07-28,Franca,SP,C395,delivery,calabreza,tradicional,catupiry,195,2025-03-04,nao,92,88.55,24,46,terça,19,nenhuma,nao,,18,2.1,dinheiro,cancelado,
BM-00601,2025-10-27,Uberaba,SP,C117,balcao,mussarelaa,tradicional,queijo,797,2025-04-19,sim,107,86.72,10,60,sexta,18,cupom,sim,,32,2.5,cartao,,
BM-00602,2025-06-15,Uberlândia,mg,C423,delivery,frango_catupiry,especial,molho,345,data_invalida,sim,63,46.41,13,46,sexta,21,combo,nao,,12,1.6,dinheiro,finalizado,
BM-00603,2025-06-01,Uberaba,mg,C458,online,mussarela,especial,quejio,532,data_invalida,sim,261,"45,37",17,30,quarta,22,,nao,,33,2.2,dinheiro,cancelado,
BM-00604,09-16-2025,Uberlândia,MG,C231,delivery,calabreza,doce,quejio,128,06/08/2025,nao,189,81.42,10,42,domingo,17,cupom,nao,,16,3.3,dinheiro,finalizado,
BM-00605,data_invalida,Uberaba,SP,C497,delivery,calabreza,tradicional,quejio,351,data_invalida,nao,51,114.16,16,29,domingo,17,combo,nao,,32,3.6,dinheiro,,
BM-00606,2025-05-07,São Paulo,SP,C230,online,mussarelaa,tradicional,quejio,734,2025-09-18,sim,0,"103,44",24,10,terça,23,nenhuma,nao,,13,4.3,dinheiro,cancelado,
BM-00607,2025-06-13,Franca,mg,C292,delivery,calabresa,especial,queijo,250,2025-06-15,sim,99,58.92,15,35,domingo,18,cupom,nao,,30,2.9,dinheiro,,
BM-00608,2025-04-20,São Paulo,SP,C88,delivery,calabreza,especial,catupiry,271,2025-06-09,sim,245,65.1,19,40,sabado,20,cupom,nao,,18,4.2,dinheiro,cancelado,
BM-00609,03-14-2025,Uberaba,MG,C108,online,portuguesa,doce,quejio,155,2025-07-31,nao,0,53.6,30,37,quarta,22,combo,nao,,32,1.8,dinheiro,finalizado,
BM-00610,2025-03-11,Uberaba,mg,C491,online,mussarelaa,doce,molho,268,data_invalida,sim,131,63.01,11,30,segunda,23,combo,nao,,40,3.0,dinheiro,,
BM-00611,10-17-2025,Franca,MG,C128,delivery,calabresa,especial,quejio,234,data_invalida,sim,188,109.18,20,24,segunda,19,cupom,nao,,13,1.7,dinheiro,cancelado,
BM-00612,2025-09-21,Uberlândia,mg,C97,delivery,calabreza,doce,molho,191,data_invalida,nao,106,"65,94",17,44,segunda,21,,nao,,31,4.7,cartao,procesado,
BM-00613,2025-03-13,São Paulo,MG,C11,online,calabreza,doce,quejio,586,2025-10-18,sim,315,80.04,15,55,sexta,17,cupom,nao,,7,1.2,dinheiro,,
BM-00614,2025-10-21,Uberlândia,mg,C491,delivery,mussarela,tradicional,quejio,717,10-26-2025,sim,90,37.56,17,59,sexta,23,combo,nao,,29,1.2,cartao,cancelado,
BM-00615,07-19-2025,Uberaba,SP,C346,delivery,mussarelaa,especial,calabresa,588,2025-07-04,sim,143,"93,35",13,25,terça,23,cupom,nao,,12,2.5,cartao,finalizado,
BM-00616,2025-10-23,São Paulo,MG,C422,delivery,mussarelaa,doce,queijo,72,2025-09-10,nao,0,106.31,19,35,domingo,20,nenhuma,nao,,40,1.9,cartao,procesado,
BM-00617,11/05/2025,Uberlândia,mg,C128,delivery,mussarelaa,especial,queijo,624,2025-10-22,sim,120,126.72,20,24,sabado,21,,nao,,35,2.0,cartao,procesado,
BM-00618,2025-06-17,Uberaba,MG,C86,online,mussarelaa,tradicional,quejio,481,2025-05-23,nao,150,"66,75",12,28,terça,22,cupom,nao,,38,3.6,cartao,,
BM-00619,07-21-2025,Franca,SP,C332,delivery,calabreza,especial,quejio,642,2025-04-14,sim,73,50.73,19,24,sabado,18,cupom,nao,,38,2.6,cartao,cancelado,
BM-00620,2025-07-21,Franca,MG,C177,balcao,mussarelaa,doce,quejio,268,09-23-2025,nao,8,65.76,23,24,domingo,23,cupom,sim,cliente_desistiu,37,1.2,cartao,finalizado,
BM-00621,2025-10-04,Uberlândia,SP,C302,online,calabreza,tradicional,molho,679,2025-02-21,sim,136,"58,01",10,23,domingo,17,,nao,,23,1.7,pix,,
BM-00622,2025-07-10,São Paulo,MG,C155,balcao,mussarela,tradicional,queijo,644,2025-05-23,nao,96,113.74,28,14,segunda,17,cupom,nao,,31,1.4,cartao,cancelado,
BM-00623,2025-05-31,São Paulo,MG,C19,online,mussarelaa,doce,queijo,183,2025-09-23,nao,51,81.8,35,17,quinta,19,cupom,nao,,14,3.2,cartao,procesado,
BM-00624,2025-02-23,Uberlândia,MG,C394,online,especial,especial,queijo,548,2025-03-18,sim,142,46.8,27,27,terça,17,nenhuma,nao,,6,3.1,cartao,finalizado,
BM-00625,data_invalida,Franca,mg,C266,delivery,calabreza,especial,catupiry,734,2025-05-20,sim,56,81.85,29,60,quarta,23,cupom,nao,,12,3.2,dinheiro,finalizado,
BM-00626,24/03/2025,Franca,SP,C21,delivery,especial,tradicional,queijo,609,2025-07-29,nao,42,"118,43",27,45,quinta,20,,sim,demora,25,3.3,pix,procesado,
BM-00627,2025-06-09,Uberlândia,MG,C135,online,especial,especial,quejio,330,2025-06-08,nao,66,51.31,37,13,quinta,22,cupom,sim,cliente_desistiu,7,2.6,dinheiro,cancelado,
BM-00628,2025-01-22,Uberaba,SP,C318,online,calabreza,tradicional,quejio,130,2025-03-17,nao,104,73.29,11,39,quinta,19,nenhuma,nao,,20,3.5,cartao,cancelado,
BM-00629,2025-07-16,Uberaba,SP,C387,online,mussarelaa,especial,quejio,736,2025-02-16,nao,0,76.64,5,21,sabado,21,,nao,,18,3.3,pix,procesado,
BM-00630,2025-03-06,São Paulo,mg,C249,online,calabreza,tradicional,quejio,275,04-25-2025,nao,80,"128,57",16,53,terça,22,nenhuma,nao,,13,4.8,pix,finalizado,
BM-00631,2025-03-28,Uberlândia,SP,C158,balcao,mussarelaa,especial,quejio,799,2025-07-08,nao,154,47.71,20,46,terça,20,combo,nao,,31,1.5,dinheiro,finalizado,
BM-00632,2025-08-22,Uberaba,MG,C441,online,mussarelaa,doce,quejio,665,data_invalida,sim,138,"39,66",12,46,segunda,20,,nao,,9,2.8,cartao,,
BM-00633,27/08/2025,Franca,mg,C197,delivery,mussarelaa,tradicional,calabresa,407,03-02-2025,sim,10,60.54,16,32,quarta,18,combo,nao,,36,2.5,cartao,,
BM-00634,2025-09-29,Franca,mg,C395,online,calabreza,tradicional,calabresa,168,2025-08-21,nao,0,135.77,11,45,segunda,17,cupom,nao,,16,4.2,pix,cancelado,
BM-00635,2025-03-03,Franca,SP,C50,delivery,mussarela,tradicional,molho,72,2025-08-05,nao,149,87.03,26,35,sexta,18,,nao,,10,4.4,dinheiro,,
BM-00636,2025-04-23,São Paulo,SP,C185,balcao,mussarelaa,tradicional,quejio,480,27/02/2025,sim,146,"74,26",20,40,quinta,21,,nao,,19,2.8,dinheiro,finalizado,
BM-00637,2025-07-14,Uberaba,mg,C421,online,mussarelaa,tradicional,quejio,517,2025-02-03,sim,70,105.33,16,45,terça,23,combo,nao,,33,4.8,pix,,
BM-00638,12/10/2025,São Paulo,MG,C139,delivery,mussarelaa,doce,quejio,690,2025-04-03,nao,3,"86,49",18,59,terça,23,cupom,nao,,40,3.6,pix,procesado,
BM-00639,2025-02-14,Franca,mg,C169,balcao,mussarelaa,especial,quejio,204,2025-01-07,nao,136,36.88,14,19,quinta,22,cupom,nao,,22,3.7,cartao,,
BM-00640,2025-06-25,São Paulo,MG,C153,online,mussarela,doce,quejio,113,05-01-2025,nao,67,37.27,13,33,terça,19,combo,nao,,8,2.4,pix,procesado,
BM-00641,2025-02-01,São Paulo,mg,C248,balcao,mussarela,doce,molho,289,2025-06-04,sim,0,131.63,6,11,segunda,18,nenhuma,nao,,40,3.6,cartao,procesado,
BM-00642,2025-03-08,São Paulo,MG,C199,online,calabresa,especial,bacon,133,2025-01-18,sim,138,136.84,5,47,sexta,17,,nao,,33,4.2,pix,procesado,
BM-00643,2025-09-14,São Paulo,mg,C308,online,frango_catupiry,especial,quejio,771,2025-09-25,nao,292,92.19,13,32,domingo,23,cupom,sim,,15,2.3,pix,procesado,
BM-00644,2025-03-09,Uberaba,MG,C144,delivery,mussarelaa,tradicional,quejio,57,2025-09-25,nao,158,"121,18",10,33,sabado,17,,nao,,29,1.3,cartao,finalizado,
BM-00645,02-28-2025,Uberaba,MG,C319,online,calabreza,tradicional,catupiry,507,2025-02-06,sim,119,76.09,9,37,segunda,21,nenhuma,nao,,37,1.7,cartao,finalizado,
BM-00646,2025-01-13,Uberaba,mg,C147,delivery,frango_catupiry,especial,quejio,724,data_invalida,nao,110,44.15,23,49,quinta,20,combo,nao,,37,3.4,dinheiro,,
BM-00647,2025-04-22,Uberaba,mg,C58,online,calabreza,especial,bacon,57,2025-03-31,sim,121,40.92,16,30,domingo,22,cupom,nao,,40,4.0,pix,finalizado,
BM-00648,2025-02-04,Uberaba,MG,C468,balcao,calabresa,doce,queijo,436,04-06-2025,nao,252,"42,87",26,43,segunda,23,combo,nao,,35,4.6,pix,cancelado,
BM-00649,2025-08-15,Uberlândia,mg,C302,delivery,calabresa,tradicional,calabresa,199,2025-04-01,sim,21,56.93,17,52,segunda,19,combo,nao,,13,3.4,pix,cancelado,
BM-00650,2025-01-03,Franca,SP,C314,delivery,calabresa,tradicional,molho,102,2025-04-06,sim,152,48.54,19,44,sexta,22,cupom,nao,,14,4.5,cartao,,
BM-00651,data_invalida,Franca,SP,C357,online,calabreza,doce,queijo,155,2025-10-13,nao,136,41.69,15,10,sabado,18,cupom,sim,cliente_desistiu,26,4.7,cartao,,
BM-00652,2025-09-26,Franca,SP,C306,balcao,frango_catupiry,especial,quejio,386,2025-03-01,sim,71,83.71,22,36,sexta,17,cupom,nao,,10,3.5,cartao,procesado,
BM-00653,09-10-2025,Uberaba,SP,C492,delivery,mussarelaa,tradicional,queijo,502,data_invalida,sim,0,128.59,11,39,sexta,19,combo,nao,,11,1.6,dinheiro,cancelado,
BM-00654,05-03-2025,São Paulo,MG,C250,balcao,calabreza,especial,quejio,227,2025-10-18,nao,138,84.81,16,27,sexta,18,nenhuma,nao,,2,2.7,cartao,finalizado,
BM-00655,2025-04-14,Franca,mg,C86,balcao,calabreza,tradicional,molho,461,2025-05-27,nao,87,67.32,27,24,domingo,18,,nao,,30,1.6,cartao,finalizado,
BM-00656,2025-05-25,Franca,mg,C353,online,calabreza,tradicional,calabresa,368,05/02/2025,nao,199,41.61,12,18,domingo,19,nenhuma,nao,,19,2.0,pix,,
BM-00657,03-29-2025,Uberlândia,SP,C308,online,mussarelaa,tradicional,quejio,153,07/09/2025,nao,320,45.51,24,22,domingo,20,cupom,nao,,19,1.4,dinheiro,,
BM-00658,2025-04-22,Franca,SP,C99,balcao,calabresa,doce,quejio,571,01-09-2025,nao,229,66.67,19,22,terça,19,,nao,,12,3.6,cartao,,
BM-00659,2025-07-29,Franca,SP,C218,online,mussarela,tradicional,quejio,351,2025-09-16,sim,136,"83,73",28,37,domingo,22,combo,nao,,9,1.7,dinheiro,procesado,
BM-00660,2025-01-25,Uberlândia,mg,C362,online,calabreza,especial,quejio,347,2025-04-17,sim,197,89.57,20,27,sabado,17,cupom,nao,,8,2.9,cartao,procesado,
BM-00661,2025-01-01,Uberaba,SP,C409,balcao,especial,especial,molho,72,2025-10-25,sim,16,65.16,18,21,sexta,22,,nao,,30,4.8,dinheiro,,
BM-00662,06-14-2025,Uberlândia,SP,C37,balcao,mussarelaa,especial,quejio,518,2025-07-05,sim,200,117.63,18,32,terça,19,cupom,sim,,13,3.2,dinheiro,cancelado,
BM-00663,03/06/2025,São Paulo,MG,C355,balcao,mussarelaa,especial,quejio,605,2025-10-08,sim,0,44.67,19,28,sexta,19,nenhuma,nao,,13,2.5,dinheiro,,
BM-00664,02/04/2025,Uberaba,SP,C29,delivery,calabresa,doce,quejio,629,2025-01-27,sim,152,"99,65",22,57,quarta,23,nenhuma,nao,,6,1.2,dinheiro,,
BM-00665,04-23-2025,São Paulo,mg,C20,delivery,mussarelaa,tradicional,bacon,690,07-01-2025,nao,296,43.63,17,59,segunda,23,cupom,nao,,13,4.5,pix,cancelado,
BM-00666,05-28-2025,Franca,mg,C270,delivery,mussarela,doce,calabresa,63,2025-03-29,sim,269,63.91,24,35,terça,21,combo,nao,,10,1.8,dinheiro,cancelado,
BM-00667,2025-05-17,Uberaba,mg,C187,delivery,calabreza,tradicional,quejio,612,2025-09-08,sim,113,61.57,16,41,terça,18,,nao,,29,4.9,dinheiro,,
BM-00668,2025-06-08,São Paulo,mg,C493,online,mussarelaa,doce,quejio,463,2025-04-04,sim,0,53.89,20,68,quarta,18,,nao,,16,4.9,pix,finalizado,
BM-00669,2025-04-08,Uberlândia,MG,C230,delivery,calabresa,tradicional,catupiry,412,2025-10-21,sim,172,49.57,12,61,domingo,18,cupom,nao,,4,2.4,dinheiro,cancelado,
BM-00670,2025-10-09,Uberaba,mg,C7,online,mussarelaa,tradicional,quejio,554,2025-05-28,sim,151,60.11,17,35,sabado,18,,sim,demora,25,2.7,pix,,
BM-00671,2025-05-01,Uberaba,mg,C336,delivery,calabreza,doce,quejio,741,2025-08-02,nao,55,119.0,6,46,segunda,23,nenhuma,nao,,33,1.2,cartao,procesado,
BM-00672,2025-07-01,Uberlândia,MG,C291,online,calabreza,tradicional,quejio,580,13/06/2025,sim,125,70.95,20,23,segunda,22,,nao,,35,4.0,pix,cancelado,
BM-00673,data_invalida,Uberlândia,mg,C207,online,mussarelaa,especial,bacon,391,10-09-2025,nao,59,67.24,26,41,quinta,21,nenhuma,nao,,39,2.6,dinheiro,finalizado,
BM-00674,05-15-2025,Uberlândia,MG,C283,delivery,calabresa,especial,queijo,154,2025-09-19,sim,233,57.15,15,37,quinta,22,combo,sim,erro_pedido,19,2.7,pix,finalizado,
BM-00675,data_invalida,Franca,mg,C330,balcao,calabreza,tradicional,quejio,174,2025-10-14,sim,3,88.92,24,35,sabado,19,,nao,,6,4.2,dinheiro,,
BM-00676,2025-05-26,Uberaba,MG,C332,online,especial,tradicional,quejio,729,10/04/2025,sim,59,62.6,12,26,terça,20,combo,nao,,37,4.8,dinheiro,,
BM-00677,2025-07-01,Uberaba,mg,C147,balcao,frango_catupiry,doce,queijo,99,2025-05-13,nao,86,71.06,26,25,domingo,20,combo,nao,,30,2.4,pix,finalizado,
BM-00678,2025-09-21,Uberlândia,MG,C497,balcao,frango_catupiry,tradicional,molho,571,2025-10-08,nao,194,"68,22",20,22,domingo,17,,nao,,19,1.1,cartao,finalizado,
BM-00679,2025-08-17,Franca,mg,C316,balcao,frango_catupiry,doce,bacon,414,2025-10-09,sim,83,"108,26",21,49,sexta,18,,nao,,18,2.0,pix,,
BM-00680,2025-06-03,Franca,mg,C368,online,calabreza,doce,molho,493,05-14-2025,nao,25,"132,1",22,50,segunda,20,,nao,,9,3.7,pix,cancelado,
BM-00681,2025-02-14,Uberaba,MG,C439,balcao,calabreza,tradicional,queijo,357,2025-05-21,sim,52,53.5,19,57,quarta,20,combo,sim,cliente_desistiu,11,4.0,cartao,finalizado,
BM-00682,2025-03-16,Uberlândia,MG,C428,delivery,mussarelaa,tradicional,quejio,581,08/06/2025,sim,37,65.26,13,23,terça,21,combo,nao,,28,4.2,pix,,
BM-00683,2025-04-11,São Paulo,SP,C445,balcao,portuguesa,especial,quejio,63,05-28-2025,sim,116,58.39,14,49,segunda,19,nenhuma,nao,,38,2.9,cartao,cancelado,
BM-00684,2025-01-17,São Paulo,MG,C296,delivery,mussarela,tradicional,bacon,495,15/06/2025,sim,222,"74,95",8,24,sabado,18,combo,nao,,3,3.9,pix,finalizado,
BM-00685,2025-01-13,Franca,MG,C459,online,especial,tradicional,quejio,775,data_invalida,sim,190,71.7,25,60,quarta,23,,nao,,34,1.2,cartao,,
BM-00686,2025-09-09,Uberaba,SP,C145,balcao,especial,especial,quejio,513,2025-07-07,sim,239,"72,26",29,35,segunda,22,cupom,nao,,12,4.7,dinheiro,procesado,
BM-00687,2025-10-03,Uberlândia,mg,C220,online,mussarelaa,tradicional,catupiry,717,2025-02-08,sim,0,47.36,27,25,segunda,20,,sim,demora,25,1.5,pix,cancelado,
BM-00688,2025-04-22,São Paulo,mg,C113,balcao,frango_catupiry,tradicional,calabresa,536,2025-02-17,nao,134,106.73,15,43,quarta,22,,nao,,28,2.5,cartao,finalizado,
BM-00689,2025-03-01,São Paulo,MG,C469,delivery,mussarelaa,tradicional,quejio,784,2025-08-26,sim,131,37.45,20,38,segunda,21,,sim,demora,33,1.0,pix,,
BM-00690,data_invalida,Franca,MG,C322,online,calabresa,especial,calabresa,571,05-17-2025,sim,52,104.02,6,27,domingo,21,nenhuma,nao,,25,3.8,cartao,cancelado,
BM-00691,data_invalida,Franca,MG,C283,balcao,mussarelaa,especial,quejio,741,2025-05-07,sim,154,65.61,20,46,sabado,20,,nao,,36,1.8,pix,,
BM-00692,2025-01-09,Uberaba,SP,C6,online,mussarelaa,especial,quejio,484,2025-01-31,nao,53,114.6,11,38,quarta,20,cupom,nao,,6,2.8,pix,cancelado,
BM-00693,2025-02-02,Uberaba,SP,C383,balcao,mussarelaa,doce,calabresa,271,2025-07-08,sim,172,115.62,21,23,segunda,17,combo,nao,,13,2.5,dinheiro,procesado,
BM-00694,2025-08-15,Uberlândia,MG,C142,online,calabreza,especial,quejio,384,2025-08-12,nao,189,"99,34",28,48,quinta,18,combo,nao,,3,4.4,dinheiro,finalizado,
BM-00695,2025-10-16,Franca,MG,C363,balcao,mussarelaa,doce,molho,69,04-25-2025,sim,64,124.75,17,38,segunda,21,nenhuma,nao,,10,1.1,dinheiro,cancelado,
BM-00696,2025-04-05,São Paulo,MG,C478,online,calabreza,tradicional,calabresa,394,2025-05-08,sim,247,"96,86",15,17,segunda,20,cupom,nao,,25,1.6,cartao,,
BM-00697,2025-07-18,São Paulo,MG,C441,online,calabreza,doce,molho,161,2025-08-04,nao,0,55.88,14,22,sabado,23,cupom,nao,,8,3.5,dinheiro,finalizado,
BM-00698,2025-01-01,Franca,mg,C416,online,portuguesa,tradicional,quejio,105,20/01/2025,nao,176,125.66,25,55,sabado,18,nenhuma,nao,,1,2.8,dinheiro,finalizado,
BM-00699,2025-04-26,Uberaba,MG,C92,balcao,mussarelaa,doce,quejio,282,2025-02-04,sim,0,123.34,27,44,quinta,20,,nao,,21,3.0,dinheiro,,
BM-00700,2025-01-10,São Paulo,SP,C481,balcao,mussarelaa,doce,queijo,658,2025-06-25,sim,97,61.88,13,66,terça,19,nenhuma,nao,,2,1.0,cartao,finalizado,
BM-00701,2025-04-21,Uberaba,SP,C383,online,calabreza,especial,molho,431,2025-02-21,sim,198,72.97,26,51,quarta,17,,nao,,20,1.1,cartao,cancelado,
BM-00702,2025-01-10,Uberaba,mg,C231,delivery,mussarelaa,doce,quejio,777,2025-03-19,nao,217,"48,56",27,40,quinta,22,nenhuma,nao,,25,4.2,dinheiro,finalizado,
BM-00703,2025-01-22,São Paulo,SP,C182,online,calabreza,especial,quejio,799,22/02/2025,sim,77,60.6,6,22,sexta,19,,nao,,11,4.1,pix,cancelado,
BM-00704,05-21-2025,Franca,SP,C470,delivery,frango_catupiry,tradicional,quejio,532,2025-08-22,sim,0,"95,07",12,13,quarta,21,,nao,,24,4.8,dinheiro,finalizado,
BM-00705,2025-04-19,Franca,mg,C205,delivery,portuguesa,tradicional,calabresa,400,22/05/2025,sim,58,"42,68",20,39,quarta,23,cupom,nao,,10,1.4,pix,cancelado,
BM-00706,2025-04-06,Uberaba,MG,C153,delivery,mussarelaa,especial,quejio,211,2025-10-18,nao,216,68.71,5,51,sabado,23,combo,nao,,25,3.5,cartao,cancelado,
BM-00707,2025-02-12,São Paulo,mg,C441,balcao,mussarelaa,especial,quejio,184,2025-03-17,sim,126,45.3,19,18,quinta,23,,nao,,32,4.4,dinheiro,procesado,
BM-00708,2025-02-25,Uberaba,mg,C190,delivery,mussarelaa,especial,queijo,682,2025-10-13,nao,102,126.73,5,50,quinta,22,nenhuma,sim,demora,20,1.5,pix,procesado,
BM-00709,2025-04-01,Franca,mg,C286,balcao,calabreza,tradicional,quejio,360,2025-07-06,nao,259,38.36,18,31,quinta,22,,nao,,6,1.8,pix,finalizado,
BM-00710,11/02/2025,Uberlândia,mg,C299,delivery,calabresa,doce,calabresa,728,04-18-2025,sim,108,55.43,5,38,sexta,17,nenhuma,nao,,31,1.7,dinheiro,,
BM-00711,18/01/2025,Uberlândia,SP,C397,balcao,calabreza,especial,quejio,351,02/06/2025,nao,198,118.74,17,33,domingo,22,nenhuma,nao,,26,4.5,pix,cancelado,
BM-00712,2025-07-26,Uberaba,SP,C59,delivery,calabreza,especial,calabresa,426,2025-01-25,sim,251,64.86,21,39,segunda,18,nenhuma,nao,,5,2.6,cartao,finalizado,
BM-00713,09-25-2025,Franca,SP,C64,balcao,calabreza,doce,molho,637,data_invalida,sim,266,43.62,6,41,quarta,20,nenhuma,nao,,23,1.0,pix,cancelado,
BM-00714,2025-09-29,Uberaba,mg,C1,balcao,mussarelaa,especial,queijo,243,2025-08-22,nao,180,122.47,19,51,segunda,22,nenhuma,nao,,31,2.2,dinheiro,finalizado,
BM-00715,2025-01-25,São Paulo,SP,C425,balcao,calabreza,doce,quejio,669,13/10/2025,sim,121,"122,28",15,17,quarta,18,combo,nao,,40,2.8,dinheiro,cancelado,
BM-00716,2025-06-24,São Paulo,MG,C481,online,mussarelaa,tradicional,quejio,426,21/03/2025,sim,176,122.82,17,17,segunda,19,,nao,,26,2.2,dinheiro,cancelado,
BM-00717,2025-10-23,Uberaba,mg,C344,balcao,mussarelaa,doce,quejio,482,2025-08-13,nao,7,"80,6",8,36,quarta,23,,nao,,40,2.2,cartao,,
BM-00718,2025-04-20,Franca,mg,C334,delivery,mussarelaa,doce,calabresa,772,2025-04-16,sim,120,75.81,5,15,quarta,21,nenhuma,sim,,29,1.1,dinheiro,,
BM-00719,2025-04-01,Franca,MG,C309,balcao,calabreza,especial,catupiry,573,2025-08-02,nao,115,"105,32",31,37,quarta,20,combo,nao,,2,4.8,dinheiro,cancelado,
BM-00720,2025-08-09,Franca,MG,C498,balcao,mussarelaa,doce,catupiry,82,07-11-2025,sim,66,118.93,11,49,domingo,18,nenhuma,nao,,38,1.3,dinheiro,procesado,
BM-00721,2025-03-24,São Paulo,SP,C35,online,calabreza,especial,quejio,789,2025-01-04,sim,140,"82,58",18,34,sabado,20,cupom,nao,,39,1.2,pix,procesado,
BM-00722,2025-06-17,Franca,SP,C31,balcao,mussarelaa,doce,quejio,705,2025-02-15,sim,163,123.07,23,29,sexta,17,nenhuma,nao,,22,1.4,dinheiro,,
BM-00723,2025-06-25,Uberlândia,mg,C402,balcao,mussarelaa,doce,quejio,286,data_invalida,sim,258,"37,81",11,12,domingo,19,,nao,,38,1.6,cartao,procesado,
BM-00724,2025-09-20,São Paulo,MG,C1,delivery,calabreza,especial,calabresa,770,2025-04-26,nao,166,95.79,19,18,segunda,17,nenhuma,nao,,40,2.9,cartao,cancelado,
BM-00725,09/05/2025,Uberaba,MG,C76,online,mussarelaa,doce,molho,672,2025-07-04,sim,70,100.1,15,49,sabado,17,,nao,,26,4.0,cartao,procesado,
BM-00726,2025-03-10,Uberlândia,SP,C83,delivery,mussarela,tradicional,quejio,678,2025-08-20,sim,67,92.03,5,16,quarta,18,cupom,sim,demora,3,3.3,dinheiro,procesado,
BM-00727,04/06/2025,Uberlândia,MG,C97,balcao,calabreza,especial,calabresa,520,2025-10-15,nao,164,111.9,13,50,terça,17,,sim,erro_pedido,13,3.4,pix,cancelado,
BM-00728,2025-06-26,Uberlândia,SP,C57,delivery,calabreza,tradicional,quejio,432,2025-01-16,nao,126,103.82,36,43,sexta,17,cupom,nao,,31,2.0,cartao,,
BM-00729,2025-09-29,Uberaba,mg,C149,delivery,mussarelaa,doce,queijo,204,2025-07-30,nao,74,94.65,12,22,domingo,23,nenhuma,nao,,1,1.0,pix,finalizado,
BM-00730,2025-07-23,São Paulo,SP,C211,balcao,calabreza,especial,quejio,353,data_invalida,sim,114,60.28,14,22,terça,22,nenhuma,nao,,27,1.1,dinheiro,cancelado,
BM-00731,2025-07-14,Uberlândia,MG,C369,online,mussarelaa,especial,quejio,719,2025-04-24,sim,18,97.66,18,31,sabado,18,nenhuma,nao,,28,2.5,dinheiro,,
BM-00732,2025-02-04,Uberlândia,MG,C366,delivery,calabresa,doce,quejio,150,2025-03-31,nao,171,105.44,19,24,sabado,23,combo,nao,,25,1.8,pix,procesado,
BM-00733,2025-08-21,Uberaba,MG,C494,balcao,mussarelaa,tradicional,quejio,761,2025-08-17,nao,112,51.42,22,25,sexta,23,cupom,nao,,15,1.3,cartao,cancelado,
BM-00734,2025-07-31,Uberaba,MG,C152,online,calabreza,doce,quejio,158,10-16-2025,nao,111,51.96,17,50,segunda,20,combo,sim,erro_pedido,28,4.3,dinheiro,cancelado,
BM-00735,2025-02-06,Franca,mg,C328,delivery,calabreza,especial,quejio,335,30/01/2025,nao,218,84.62,12,40,domingo,20,combo,nao,,20,3.0,pix,procesado,
BM-00736,2025-03-03,Uberaba,MG,C252,online,calabreza,doce,calabresa,305,2025-02-17,sim,18,116.5,7,60,segunda,17,cupom,nao,,4,1.2,pix,finalizado,
BM-00737,2025-10-06,São Paulo,MG,C352,online,mussarelaa,tradicional,quejio,366,2025-06-20,sim,39,"60,55",10,58,sexta,21,cupom,nao,,3,3.0,pix,finalizado,
BM-00738,2025-06-02,Uberlândia,mg,C222,balcao,mussarelaa,tradicional,quejio,700,2025-05-19,nao,82,"121,37",16,16,sabado,20,combo,nao,,38,4.8,dinheiro,finalizado,
BM-00739,2025-06-26,Uberlândia,mg,C135,balcao,mussarelaa,tradicional,queijo,608,17/02/2025,nao,154,56.96,5,38,quinta,17,cupom,nao,,3,1.3,pix,cancelado,
BM-00740,2025-05-16,Franca,MG,C85,delivery,calabreza,especial,molho,689,2025-02-27,nao,140,88.08,18,15,segunda,18,cupom,nao,,32,4.6,dinheiro,finalizado,
BM-00741,25/04/2025,Uberaba,MG,C68,delivery,mussarela,especial,quejio,769,2025-05-12,sim,87,139.11,18,45,segunda,22,cupom,nao,,40,5.0,pix,finalizado,
BM-00742,21/06/2025,Franca,MG,C449,delivery,mussarelaa,tradicional,molho,218,05/07/2025,nao,267,"84,34",15,41,sabado,21,cupom,nao,,1,2.9,pix,procesado,
BM-00743,2025-10-19,Uberaba,mg,C11,online,mussarelaa,doce,quejio,770,01-31-2025,sim,56,105.47,17,20,terça,22,nenhuma,nao,,10,4.4,cartao,procesado,
BM-00744,2025-04-12,São Paulo,SP,C384,delivery,mussarela,especial,quejio,769,2025-01-21,nao,53,135.46,29,34,quinta,19,combo,nao,,31,4.9,pix,,
BM-00745,08-20-2025,Franca,MG,C480,online,mussarelaa,especial,quejio,188,09-25-2025,sim,104,37.75,25,37,sabado,22,cupom,nao,,39,3.5,cartao,,
BM-00746,2025-03-30,Uberaba,SP,C192,online,calabreza,especial,queijo,634,22/08/2025,nao,63,126.02,13,22,sexta,19,nenhuma,nao,,39,3.9,pix,,
BM-00747,2025-07-02,Uberlândia,mg,C46,balcao,mussarelaa,doce,quejio,650,2025-04-20,nao,206,103.49,24,36,quinta,20,,nao,,28,3.4,dinheiro,finalizado,
BM-00748,09-10-2025,Uberaba,MG,C93,balcao,mussarelaa,doce,queijo,439,06-02-2025,nao,106,108.16,20,55,quarta,21,combo,nao,,2,1.8,cartao,finalizado,
BM-00749,2025-02-12,São Paulo,MG,C122,online,calabreza,especial,quejio,78,2025-04-06,nao,124,58.31,10,43,sabado,20,cupom,nao,,5,1.1,pix,cancelado,
BM-00750,11/02/2025,São Paulo,MG,C310,delivery,portuguesa,doce,quejio,533,09-20-2025,sim,12,"81,19",19,36,domingo,20,,nao,,37,2.4,dinheiro,,
BM-00751,2025-06-07,Franca,mg,C495,balcao,mussarela,especial,quejio,279,2025-03-01,nao,5,35.35,11,38,quinta,23,,nao,,35,3.1,dinheiro,finalizado,
BM-00752,2025-07-25,Uberlândia,mg,C288,balcao,mussarelaa,especial,quejio,458,2025-02-01,sim,0,"71,8",5,42,sexta,20,cupom,nao,,21,1.0,dinheiro,cancelado,
BM-00753,2025-08-04,São Paulo,MG,C188,online,mussarelaa,doce,queijo,58,2025-02-16,nao,232,"43,62",17,48,quarta,17,cupom,nao,,17,1.8,dinheiro,procesado,
BM-00754,2025-09-20,Uberaba,mg,C47,online,mussarelaa,doce,bacon,132,2025-03-26,sim,159,41.96,12,36,segunda,19,,nao,,30,2.3,dinheiro,finalizado,
BM-00755,2025-05-21,São Paulo,mg,C213,delivery,calabreza,doce,calabresa,547,2025-04-11,sim,0,47.89,30,11,segunda,19,,sim,cliente_desistiu,33,4.7,cartao,finalizado,
BM-00756,2025-05-20,Uberlândia,MG,C284,balcao,frango_catupiry,especial,quejio,176,2025-01-13,nao,157,100.19,9,26,segunda,18,combo,nao,,15,1.6,cartao,finalizado,
BM-00757,2025-06-05,São Paulo,SP,C368,online,calabreza,tradicional,queijo,320,2025-09-25,nao,87,55.22,22,27,segunda,17,combo,nao,,8,2.7,pix,,
BM-00758,19/02/2025,Uberaba,mg,C384,balcao,portuguesa,tradicional,calabresa,231,2025-05-24,nao,56,98.65,38,36,sabado,22,,sim,demora,22,1.6,pix,,
BM-00759,14/01/2025,Uberlândia,MG,C39,balcao,calabreza,tradicional,quejio,578,2025-01-19,sim,67,67.06,14,16,terça,17,,nao,,10,2.3,pix,cancelado,
BM-00760,2025-05-07,Uberlândia,SP,C360,balcao,frango_catupiry,especial,queijo,239,24/02/2025,sim,19,51.32,14,34,domingo,23,nenhuma,nao,,18,3.4,cartao,procesado,
BM-00761,2025-03-12,Franca,mg,C413,balcao,mussarelaa,doce,queijo,555,2025-05-18,sim,106,"103,81",21,50,quinta,21,,nao,,23,3.7,dinheiro,cancelado,
BM-00762,2025-07-11,Franca,MG,C117,delivery,mussarelaa,doce,quejio,662,2025-09-01,nao,159,125.78,16,13,terça,20,nenhuma,nao,,11,2.9,dinheiro,cancelado,
BM-00763,2025-04-15,Franca,mg,C189,delivery,frango_catupiry,tradicional,quejio,129,2025-05-19,sim,228,74.89,33,21,sabado,17,cupom,nao,,31,1.2,pix,,
BM-00764,2025-10-25,Uberaba,mg,C415,balcao,calabreza,doce,quejio,396,2025-07-21,nao,253,52.93,17,16,sabado,20,combo,nao,,29,4.5,pix,procesado,
BM-00765,2025-07-21,Uberlândia,SP,C426,balcao,especial,doce,catupiry,453,data_invalida,sim,108,132.59,32,18,segunda,20,cupom,nao,,31,1.6,cartao,procesado,
BM-00766,2025-06-28,Uberaba,SP,C450,online,frango_catupiry,especial,quejio,719,2025-08-31,nao,83,44.12,10,28,terça,22,combo,nao,,26,1.9,dinheiro,cancelado,
BM-00767,2025-08-19,Franca,MG,C380,balcao,calabreza,doce,bacon,737,2025-05-21,sim,186,134.26,16,23,sexta,18,nenhuma,nao,,22,1.1,cartao,,
BM-00768,2025-09-13,São Paulo,SP,C421,online,calabreza,doce,molho,394,data_invalida,nao,208,78.07,17,36,sabado,20,combo,sim,cliente_desistiu,23,2.5,pix,procesado,
BM-00769,2025-02-13,Uberlândia,mg,C166,online,mussarelaa,tradicional,queijo,267,13/07/2025,sim,161,103.05,26,54,quarta,19,,sim,erro_pedido,33,3.2,pix,procesado,
BM-00770,2025-04-18,Uberlândia,SP,C385,online,calabreza,tradicional,calabresa,257,2025-08-09,sim,198,"49,64",13,31,domingo,22,,nao,,23,4.9,dinheiro,,
BM-00771,09-05-2025,Uberaba,MG,C223,online,frango_catupiry,doce,molho,760,2025-04-14,sim,111,56.04,31,41,quinta,23,nenhuma,nao,,27,2.0,dinheiro,cancelado,
BM-00772,2025-09-04,Franca,mg,C71,online,calabreza,especial,queijo,496,08-15-2025,nao,32,119.67,26,15,sexta,19,combo,nao,,12,2.7,cartao,procesado,
BM-00773,2025-06-15,São Paulo,SP,C216,delivery,calabreza,doce,queijo,259,21/07/2025,nao,301,50.48,18,25,quinta,19,nenhuma,nao,,19,2.0,pix,finalizado,
BM-00774,2025-06-13,Uberaba,MG,C301,delivery,calabresa,tradicional,quejio,761,2025-09-20,sim,73,121.0,33,26,terça,18,nenhuma,nao,,29,3.5,dinheiro,cancelado,
BM-00775,2025-02-24,São Paulo,mg,C152,online,calabreza,doce,quejio,426,2025-07-21,sim,104,"136,75",15,25,sabado,19,nenhuma,nao,,37,3.3,cartao,cancelado,
BM-00776,18/03/2025,Uberaba,SP,C153,online,calabresa,especial,quejio,70,2025-07-24,nao,21,98.67,22,24,sexta,19,,sim,demora,6,3.3,pix,,
BM-00777,2025-03-06,Uberaba,mg,C265,delivery,calabreza,doce,quejio,155,02/01/2025,nao,76,41.57,22,20,terça,22,nenhuma,nao,,32,3.1,pix,procesado,
BM-00778,2025-01-13,Uberlândia,MG,C466,balcao,calabreza,tradicional,quejio,482,data_invalida,nao,146,79.44,24,80,sabado,20,cupom,nao,,28,1.6,pix,procesado,
BM-00779,2025-06-13,Uberlândia,MG,C166,online,mussarelaa,especial,molho,334,2025-01-31,sim,138,134.21,14,28,quinta,21,nenhuma,nao,,40,2.9,dinheiro,cancelado,
BM-00780,2025-06-30,Franca,mg,C115,online,mussarelaa,tradicional,calabresa,327,2025-03-04,nao,128,99.0,14,54,terça,19,combo,nao,,1,1.4,dinheiro,,
BM-00781,13/03/2025,Uberaba,mg,C380,balcao,portuguesa,tradicional,calabresa,511,2025-04-21,sim,106,54.07,17,43,segunda,20,nenhuma,sim,erro_pedido,10,4.4,pix,finalizado,
BM-00782,2025-06-17,São Paulo,SP,C358,online,mussarela,especial,molho,220,2025-10-03,sim,63,132.83,7,42,segunda,22,,nao,,8,2.1,pix,procesado,
BM-00783,2025-03-12,Franca,SP,C117,balcao,mussarelaa,especial,queijo,325,02-23-2025,nao,112,84.77,12,53,sabado,17,cupom,nao,,38,1.6,pix,,
BM-00784,2025-03-17,Uberlândia,SP,C485,balcao,mussarelaa,tradicional,molho,90,2025-05-14,sim,132,42.35,33,13,domingo,22,nenhuma,nao,,34,3.5,dinheiro,finalizado,
BM-00785,2025-05-13,São Paulo,SP,C122,balcao,calabreza,tradicional,queijo,371,2025-08-18,sim,100,79.57,17,52,sabado,20,nenhuma,sim,,8,2.3,pix,cancelado,
BM-00786,08-09-2025,Uberlândia,mg,C237,online,calabreza,tradicional,catupiry,370,2025-05-03,nao,141,"95,94",24,49,sabado,17,combo,nao,,5,2.6,pix,procesado,
BM-00787,2025-05-19,Franca,SP,C483,balcao,portuguesa,doce,queijo,256,2025-08-20,sim,195,80.62,16,14,quinta,17,combo,nao,,24,4.7,dinheiro,cancelado,
BM-00788,2025-05-14,São Paulo,SP,C46,balcao,calabreza,especial,quejio,382,2025-07-04,nao,69,98.72,19,61,quarta,22,combo,nao,,22,4.5,pix,,
BM-00789,2025-10-05,Uberlândia,SP,C292,delivery,mussarelaa,especial,quejio,758,2025-10-13,sim,68,83.75,22,37,segunda,23,combo,nao,,25,1.9,pix,cancelado,
BM-00790,2025-08-12,Uberaba,mg,C198,online,mussarelaa,tradicional,quejio,304,2025-01-12,sim,193,"47,62",6,31,quarta,21,combo,nao,,24,2.2,cartao,cancelado,
BM-00791,07-28-2025,Uberaba,mg,C496,online,calabreza,especial,quejio,160,2025-08-04,sim,288,"67,82",25,30,terça,19,,nao,,39,2.9,dinheiro,finalizado,
BM-00792,2025-01-28,São Paulo,mg,C369,delivery,frango_catupiry,especial,quejio,711,2025-02-19,sim,105,81.32,14,10,sexta,18,,nao,,24,4.9,dinheiro,finalizado,
BM-00793,2025-07-22,Franca,mg,C375,balcao,calabreza,tradicional,quejio,584,01-12-2025,nao,218,69.03,20,32,quarta,18,cupom,nao,,8,1.6,pix,,
BM-00794,2025-08-06,Uberlândia,mg,C279,balcao,calabreza,especial,bacon,740,18/09/2025,sim,85,44.54,13,26,quinta,21,cupom,nao,,35,2.0,pix,cancelado,
BM-00795,2025-09-20,Uberlândia,MG,C347,online,mussarela,tradicional,quejio,96,08-09-2025,nao,116,64.71,12,13,quarta,17,nenhuma,nao,,32,2.2,cartao,procesado,
BM-00796,2025-10-10,Franca,MG,C84,online,portuguesa,especial,quejio,127,12/03/2025,sim,0,57.98,18,24,sabado,23,,nao,,36,2.7,dinheiro,cancelado,
BM-00797,2025-07-21,Uberaba,mg,C344,balcao,mussarela,tradicional,quejio,611,2025-03-03,nao,0,44.32,16,35,quinta,17,nenhuma,nao,,6,3.8,cartao,finalizado,
BM-00798,2025-08-16,Uberlândia,mg,C209,balcao,mussarelaa,tradicional,quejio,593,2025-01-08,sim,29,80.37,10,18,sexta,18,nenhuma,nao,,20,2.6,dinheiro,,
BM-00799,03-14-2025,Uberaba,MG,C327,balcao,calabreza,especial,quejio,756,09-28-2025,sim,0,"129,15",21,41,sabado,22,cupom,nao,,1,4.7,dinheiro,finalizado,
BM-00800,2025-01-12,São Paulo,SP,C272,online,frango_catupiry,doce,quejio,532,2025-07-05,sim,124,119.44,5,47,sabado,20,combo,nao,,4,3.5,dinheiro,,
BM-00801,2025-06-24,Franca,SP,C137,delivery,mussarelaa,tradicional,catupiry,139,2025-02-02,nao,100,"81,9",25,37,terça,18,cupom,nao,,23,3.0,pix,,
BM-00802,2025-08-23,Franca,mg,C395,balcao,mussarela,tradicional,molho,314,2025-02-21,sim,0,95.11,13,22,sexta,19,nenhuma,nao,,11,1.4,pix,cancelado,
BM-00803,2025-01-13,Franca,MG,C386,online,mussarelaa,doce,queijo,628,2025-10-28,sim,149,68.88,19,43,segunda,21,,nao,,26,4.5,pix,cancelado,
BM-00804,09-17-2025,Uberaba,MG,C275,online,mussarelaa,doce,quejio,636,2025-01-23,sim,108,125.61,19,47,sexta,18,combo,nao,,5,3.8,cartao,finalizado,
BM-00805,04-24-2025,Uberlândia,SP,C369,delivery,mussarelaa,tradicional,quejio,364,2025-01-19,nao,208,80.67,23,46,segunda,18,nenhuma,nao,,29,3.1,cartao,,
BM-00806,2025-10-21,Uberlândia,mg,C179,balcao,mussarelaa,especial,bacon,446,2025-10-26,sim,8,122.73,21,37,segunda,19,nenhuma,nao,,27,1.0,cartao,procesado,
BM-00807,2025-05-08,Franca,mg,C288,delivery,calabreza,especial,quejio,735,2025-07-19,sim,0,59.89,33,22,quarta,22,combo,nao,,21,3.5,cartao,procesado,
BM-00808,data_invalida,Uberlândia,MG,C299,online,mussarela,especial,calabresa,126,2025-06-24,nao,117,128.02,13,32,segunda,23,nenhuma,nao,,39,1.5,pix,,
BM-00809,2025-05-08,Uberaba,SP,C91,delivery,calabresa,especial,molho,557,2025-09-22,sim,125,84.93,21,36,sabado,17,combo,nao,,16,3.8,dinheiro,cancelado,
BM-00810,2025-05-29,São Paulo,mg,C238,delivery,calabreza,doce,bacon,336,2025-05-26,sim,48,60.2,26,12,sabado,21,nenhuma,sim,,40,4.8,dinheiro,finalizado,
BM-00811,2025-05-27,Uberlândia,SP,C395,online,frango_catupiry,especial,molho,702,2025-04-14,sim,115,102.18,15,46,terça,20,nenhuma,nao,,31,1.1,dinheiro,procesado,
BM-00812,2025-10-19,Uberaba,MG,C31,online,mussarela,tradicional,quejio,579,09-21-2025,sim,88,104.59,12,29,segunda,21,cupom,nao,,25,2.5,cartao,cancelado,
BM-00813,2025-10-27,Uberlândia,SP,C95,balcao,calabreza,especial,molho,664,2025-07-25,nao,91,132.82,25,50,sexta,23,combo,nao,,1,1.3,pix,cancelado,
BM-00814,2025-04-24,Franca,SP,C412,delivery,chocolate,tradicional,quejio,698,2025-07-13,nao,0,"138,9",18,45,quinta,21,nenhuma,nao,,10,4.1,cartao,finalizado,
BM-00815,2025-08-17,Franca,SP,C116,delivery,calabreza,doce,quejio,506,25/07/2025,nao,124,111.79,16,55,segunda,23,combo,nao,,34,3.5,dinheiro,cancelado,
BM-00816,2025-06-05,Uberlândia,MG,C48,balcao,mussarelaa,tradicional,molho,353,06-18-2025,nao,333,100.48,16,10,quinta,17,cupom,nao,,37,1.1,pix,cancelado,
BM-00817,2025-01-11,São Paulo,SP,C59,online,calabresa,doce,catupiry,287,24/08/2025,nao,170,"58,54",19,45,quarta,17,cupom,nao,,20,1.4,pix,procesado,
BM-00818,2025-01-30,Franca,MG,C193,delivery,calabresa,tradicional,quejio,80,data_invalida,sim,195,108.73,12,10,sabado,21,cupom,nao,,9,2.7,cartao,procesado,
BM-00819,data_invalida,Uberaba,SP,C83,online,chocolate,tradicional,quejio,729,2025-03-13,sim,154,111.75,33,50,sabado,23,,nao,,26,1.1,cartao,,
BM-00820,2025-02-25,São Paulo,SP,C65,online,especial,doce,quejio,251,2025-07-17,nao,155,95.94,16,23,terça,23,cupom,nao,,6,3.9,pix,cancelado,
BM-00821,2025-01-06,Franca,MG,C451,delivery,mussarela,doce,molho,241,2025-04-14,sim,85,83.53,18,31,segunda,17,combo,sim,demora,17,1.3,pix,,
BM-00822,2025-01-07,Uberaba,SP,C266,delivery,especial,tradicional,quejio,739,2025-10-13,sim,175,"69,17",19,34,quinta,21,combo,nao,,27,4.2,cartao,finalizado,
BM-00823,2025-03-07,Uberlândia,SP,C191,online,frango_catupiry,doce,queijo,320,2025-05-02,nao,171,68.23,11,44,domingo,18,,nao,,22,1.2,pix,procesado,
BM-00824,24/10/2025,Franca,mg,C445,online,calabresa,tradicional,molho,401,2025-08-09,nao,0,84.07,25,44,quarta,23,cupom,nao,,29,2.9,cartao,cancelado,
BM-00825,2025-01-18,São Paulo,SP,C34,delivery,calabreza,doce,quejio,300,2025-05-30,sim,285,"100,62",14,55,quarta,22,combo,nao,,6,2.8,cartao,,
BM-00826,2025-01-01,Uberaba,mg,C207,delivery,calabreza,especial,queijo,88,09-21-2025,nao,37,57.21,5,61,quarta,19,nenhuma,nao,,7,1.6,pix,cancelado,
BM-00827,2025-02-21,Franca,SP,C264,delivery,mussarela,tradicional,quejio,428,2025-07-18,sim,100,94.98,10,10,sabado,20,nenhuma,nao,,39,1.2,cartao,procesado,
BM-00828,2025-05-24,Uberlândia,MG,C213,delivery,calabreza,especial,quejio,172,2025-05-13,nao,141,107.84,22,36,sabado,20,nenhuma,nao,,37,3.8,cartao,finalizado,
BM-00829,2025-05-01,Franca,SP,C23,delivery,calabreza,tradicional,quejio,751,data_invalida,nao,75,38.08,12,55,sexta,17,cupom,nao,,26,2.2,dinheiro,finalizado,
BM-00830,2025-10-27,Uberaba,mg,C228,balcao,mussarela,especial,molho,502,2025-02-27,nao,149,105.18,6,55,segunda,20,cupom,nao,,34,2.9,dinheiro,procesado,
BM-00831,2025-03-07,São Paulo,mg,C310,online,mussarelaa,especial,quejio,738,19/03/2025,nao,227,96.87,10,49,quinta,18,cupom,nao,,36,2.8,pix,cancelado,
BM-00832,2025-03-16,Uberlândia,MG,C478,online,portuguesa,tradicional,quejio,497,2025-10-04,sim,120,61.19,14,30,domingo,19,,sim,erro_pedido,30,1.4,dinheiro,finalizado,
BM-00833,2025-08-13,Uberaba,mg,C212,balcao,mussarelaa,doce,molho,470,data_invalida,nao,116,83.14,13,40,quarta,18,combo,sim,demora,24,3.2,pix,,
BM-00834,2025-10-24,Uberlândia,SP,C319,delivery,mussarela,doce,calabresa,133,06/01/2025,sim,25,69.13,16,15,quinta,20,cupom,nao,,23,2.4,dinheiro,cancelado,
BM-00835,2025-02-20,São Paulo,mg,C15,balcao,calabreza,tradicional,quejio,254,2025-09-29,nao,342,74.09,22,28,domingo,17,cupom,nao,,36,2.2,dinheiro,finalizado,
BM-00836,09-22-2025,São Paulo,mg,C35,online,mussarelaa,doce,quejio,93,24/05/2025,sim,8,77.51,15,28,quinta,19,combo,nao,,19,1.5,dinheiro,procesado,
BM-00837,2025-07-18,São Paulo,mg,C407,delivery,calabreza,especial,quejio,193,2025-02-14,sim,124,48.57,27,77,sexta,21,cupom,nao,,13,3.1,dinheiro,cancelado,
BM-00838,2025-08-25,Uberaba,mg,C265,online,calabreza,tradicional,calabresa,269,2025-05-30,sim,42,"126,0",8,10,sexta,19,cupom,nao,,35,2.2,dinheiro,finalizado,
BM-00839,2025-07-23,Uberaba,MG,C25,online,calabreza,doce,catupiry,770,2025-05-08,nao,0,126.04,8,62,sabado,23,combo,nao,,6,4.7,dinheiro,procesado,
BM-00840,2025-10-25,São Paulo,SP,C202,delivery,mussarelaa,doce,quejio,227,2025-08-24,sim,0,130.49,17,17,segunda,22,nenhuma,nao,,35,3.8,cartao,procesado,
BM-00841,2025-05-26,Uberlândia,MG,C236,balcao,calabreza,especial,quejio,493,03-10-2025,nao,147,37.62,25,23,sexta,21,cupom,sim,demora,33,4.8,pix,finalizado,
BM-00842,2025-06-09,São Paulo,SP,C374,online,calabreza,especial,queijo,110,03/03/2025,sim,267,64.99,19,29,domingo,18,nenhuma,nao,,24,1.7,cartao,procesado,
BM-00843,18/08/2025,São Paulo,mg,C110,delivery,calabreza,doce,calabresa,446,2025-10-12,sim,56,96.94,39,42,domingo,23,nenhuma,nao,,20,3.7,cartao,finalizado,
BM-00844,2025-06-06,Uberlândia,MG,C110,balcao,mussarelaa,especial,quejio,196,2025-08-13,nao,159,"61,81",29,32,sabado,18,nenhuma,nao,,13,1.3,pix,cancelado,
BM-00845,2025-08-10,Franca,SP,C479,online,mussarelaa,especial,quejio,596,2025-02-06,nao,196,83.55,25,25,segunda,22,,nao,,31,3.1,pix,finalizado,
BM-00846,2025-03-09,Uberlândia,SP,C39,delivery,mussarelaa,tradicional,quejio,568,data_invalida,nao,218,36.58,24,31,sexta,21,,nao,,2,4.0,dinheiro,procesado,
BM-00847,09-14-2025,Franca,MG,C201,balcao,especial,doce,quejio,530,data_invalida,nao,100,125.03,23,30,segunda,19,combo,nao,,14,3.6,pix,,
BM-00848,2025-05-08,Uberaba,mg,C339,balcao,calabreza,doce,quejio,162,2025-09-09,sim,185,123.89,24,59,sabado,17,cupom,nao,,22,2.1,cartao,procesado,
BM-00849,2025-04-04,São Paulo,mg,C482,online,calabresa,tradicional,quejio,535,2025-03-09,nao,102,96.92,23,24,sexta,20,,nao,,14,4.5,pix,finalizado,
BM-00850,09-06-2025,São Paulo,mg,C319,delivery,mussarela,doce,queijo,55,2025-04-06,nao,43,62.92,17,22,quinta,21,,nao,,1,1.9,dinheiro,finalizado,
BM-00851,06-26-2025,Uberlândia,SP,C154,balcao,calabreza,tradicional,calabresa,647,02-17-2025,sim,47,53.09,17,48,segunda,17,combo,nao,,4,1.7,dinheiro,,
BM-00852,2025-07-18,Franca,mg,C335,balcao,mussarelaa,doce,bacon,315,data_invalida,sim,222,87.53,17,24,segunda,19,nenhuma,nao,,23,4.6,dinheiro,finalizado,
BM-00853,2025-10-15,São Paulo,MG,C380,online,calabresa,especial,catupiry,287,11/07/2025,sim,174,87.96,13,35,quarta,19,nenhuma,nao,,25,2.3,pix,procesado,
BM-00854,2025-04-09,Uberaba,SP,C123,delivery,calabresa,especial,quejio,464,05/01/2025,nao,53,105.98,13,29,sexta,17,nenhuma,nao,,34,1.6,dinheiro,,
BM-00855,28/07/2025,Uberlândia,SP,C290,online,mussarelaa,tradicional,quejio,418,2025-02-04,sim,0,"74,05",30,13,sabado,18,combo,sim,demora,7,2.8,cartao,finalizado,
BM-00856,2025-06-29,Uberlândia,MG,C133,online,calabresa,doce,bacon,499,2025-10-26,nao,154,115.51,14,40,quinta,19,cupom,nao,,4,2.9,cartao,,
BM-00857,2025-03-26,Uberlândia,MG,C190,balcao,calabresa,especial,quejio,96,10/10/2025,nao,242,88.31,5,38,quarta,19,,sim,,16,1.0,cartao,finalizado,
BM-00858,06-17-2025,São Paulo,SP,C93,online,mussarelaa,especial,quejio,416,2025-10-19,sim,106,58.1,10,57,quarta,17,nenhuma,nao,,21,3.3,pix,,
BM-00859,2025-05-24,Franca,MG,C82,online,calabreza,tradicional,queijo,402,2025-04-05,sim,116,120.47,20,21,terça,17,,nao,,11,3.7,cartao,cancelado,
BM-00860,2025-07-18,Franca,SP,C491,online,calabreza,especial,calabresa,139,02-04-2025,nao,107,56.62,10,17,terça,21,combo,nao,,11,4.2,cartao,procesado,
BM-00861,2025-10-03,Uberlândia,mg,C20,balcao,calabreza,tradicional,catupiry,294,2025-05-18,nao,29,102.98,8,25,quarta,19,,nao,,4,5.0,cartao,cancelado,
BM-00862,2025-10-20,Uberaba,mg,C400,online,mussarela,especial,quejio,439,2025-07-31,sim,310,"49,92",5,33,quarta,20,combo,nao,,36,2.0,dinheiro,,
BM-00863,06-23-2025,São Paulo,SP,C151,delivery,calabreza,tradicional,quejio,738,2025-01-31,nao,184,89.87,6,40,segunda,21,,nao,,22,4.8,dinheiro,finalizado,
BM-00864,2025-02-23,Uberlândia,mg,C420,online,frango_catupiry,doce,quejio,92,2025-02-05,nao,152,133.25,19,25,segunda,18,nenhuma,nao,,3,3.4,pix,cancelado,
BM-00865,2025-02-16,São Paulo,MG,C253,online,calabresa,especial,quejio,420,2025-05-25,nao,280,"111,72",27,33,terça,22,combo,nao,,9,1.3,cartao,finalizado,
BM-00866,2025-03-15,Franca,MG,C200,online,calabreza,doce,quejio,137,2025-10-23,sim,77,"90,1",30,24,quarta,19,combo,nao,,15,3.1,pix,cancelado,
BM-00867,10/08/2025,Franca,mg,C53,delivery,especial,tradicional,quejio,54,06/01/2025,sim,69,"107,51",10,61,terça,22,,nao,,30,3.5,cartao,finalizado,
BM-00868,2025-08-28,Uberaba,mg,C369,online,calabreza,especial,calabresa,91,04-19-2025,nao,146,"124,46",23,17,quarta,19,combo,nao,,18,2.0,cartao,cancelado,
BM-00869,data_invalida,Uberlândia,SP,C357,balcao,calabreza,tradicional,quejio,352,2025-01-15,nao,152,46.25,33,36,quinta,17,,nao,,21,1.2,dinheiro,cancelado,
BM-00870,2025-07-03,Uberlândia,SP,C480,online,mussarelaa,especial,quejio,148,04/06/2025,nao,48,134.33,18,50,segunda,17,cupom,nao,,12,2.0,cartao,finalizado,
BM-00871,11/07/2025,Franca,SP,C222,balcao,calabresa,doce,catupiry,63,17/05/2025,sim,8,111.41,31,44,terça,18,cupom,nao,,28,1.3,dinheiro,cancelado,
BM-00872,2025-04-15,São Paulo,SP,C243,balcao,calabreza,especial,catupiry,789,2025-02-22,nao,47,128.2,18,32,sabado,19,combo,nao,,37,4.0,cartao,,
BM-00873,23/01/2025,São Paulo,SP,C176,online,frango_catupiry,tradicional,bacon,649,data_invalida,sim,142,136.33,5,50,quinta,22,cupom,nao,,24,4.3,pix,cancelado,
BM-00874,2025-02-13,Uberlândia,MG,C22,online,mussarelaa,doce,quejio,269,2025-02-20,sim,137,"82,25",30,18,sabado,19,combo,nao,,24,4.3,dinheiro,finalizado,
BM-00875,2025-01-11,São Paulo,MG,C11,delivery,especial,doce,calabresa,704,2025-10-02,sim,84,85.59,6,23,domingo,23,combo,nao,,15,4.9,cartao,procesado,
BM-00876,2025-01-23,Uberlândia,SP,C46,balcao,mussarelaa,especial,catupiry,599,2025-05-02,sim,122,70.86,12,10,segunda,21,,nao,,27,1.9,pix,procesado,
BM-00877,2025-02-07,Uberaba,mg,C285,online,mussarelaa,tradicional,queijo,376,2025-02-01,sim,89,134.34,10,42,domingo,19,nenhuma,nao,,22,4.1,dinheiro,finalizado,
BM-00878,2025-03-22,Uberaba,MG,C165,balcao,mussarelaa,doce,quejio,676,2025-03-16,sim,166,78.71,6,34,sexta,17,combo,nao,,20,4.9,cartao,cancelado,
BM-00879,2025-06-14,Uberaba,MG,C160,balcao,mussarelaa,tradicional,quejio,198,2025-10-05,nao,20,66.78,8,49,terça,18,,nao,,17,4.3,cartao,finalizado,
BM-00880,2025-10-27,São Paulo,SP,C140,online,calabreza,especial,molho,240,2025-02-11,nao,127,55.25,21,41,domingo,18,combo,nao,,15,1.0,dinheiro,cancelado,
BM-00881,2025-01-26,São Paulo,MG,C431,balcao,calabreza,doce,molho,521,01-04-2025,nao,126,"126,36",15,87,segunda,18,combo,nao,,33,2.8,cartao,,
BM-00882,data_invalida,Uberlândia,SP,C52,balcao,calabresa,doce,quejio,581,17/07/2025,nao,170,108.75,15,20,sabado,21,combo,nao,,3,2.8,dinheiro,procesado,
BM-00883,2025-01-08,São Paulo,MG,C264,balcao,mussarela,especial,catupiry,489,2025-06-04,sim,95,51.9,12,62,sabado,19,nenhuma,nao,,10,1.4,cartao,finalizado,
BM-00884,09/08/2025,Franca,MG,C337,balcao,calabreza,especial,queijo,393,2025-10-27,sim,26,65.26,14,39,quarta,20,combo,nao,,15,2.6,dinheiro,,
BM-00885,2025-09-23,Franca,SP,C348,balcao,mussarelaa,doce,molho,726,2025-05-30,nao,162,125.51,15,47,quarta,19,cupom,nao,,9,3.4,dinheiro,procesado,
BM-00886,2025-01-27,Uberaba,mg,C38,delivery,mussarela,tradicional,quejio,131,02-01-2025,sim,117,40.23,18,10,quarta,23,nenhuma,nao,,6,2.2,dinheiro,,
BM-00887,2025-02-07,Uberaba,mg,C488,online,frango_catupiry,especial,queijo,118,2025-08-30,sim,113,"59,59",19,48,terça,17,,nao,,34,4.1,dinheiro,,
BM-00888,2025-08-04,Uberaba,SP,C262,balcao,mussarelaa,doce,quejio,146,2025-02-21,nao,140,108.77,17,10,domingo,19,combo,nao,,27,3.9,cartao,procesado,
BM-00889,2025-10-19,Franca,mg,C219,online,mussarelaa,doce,quejio,492,2025-10-28,sim,0,91.01,5,24,terça,22,nenhuma,sim,cliente_desistiu,23,3.1,dinheiro,cancelado,
BM-00890,data_invalida,Uberlândia,MG,C205,balcao,calabreza,especial,queijo,133,2025-09-18,nao,258,84.75,10,21,quinta,21,,sim,erro_pedido,1,3.9,pix,finalizado,
BM-00891,2025-01-23,Uberaba,MG,C357,balcao,especial,especial,molho,205,2025-07-02,sim,247,"138,41",8,10,segunda,22,,nao,,12,4.6,pix,cancelado,
BM-00892,03-25-2025,Franca,mg,C291,online,chocolate,especial,quejio,185,2025-10-28,nao,69,42.93,15,29,sabado,20,combo,nao,,20,3.9,dinheiro,cancelado,
BM-00893,2025-01-23,Franca,mg,C460,online,mussarelaa,doce,quejio,203,2025-07-24,sim,135,74.78,22,23,sabado,20,cupom,sim,cliente_desistiu,14,4.8,pix,,
BM-00894,2025-05-02,São Paulo,mg,C215,delivery,calabresa,especial,quejio,468,2025-06-29,sim,84,"54,61",17,39,quarta,23,nenhuma,nao,,30,4.5,pix,finalizado,
BM-00895,2025-10-07,Uberaba,mg,C488,online,calabreza,tradicional,quejio,257,2025-04-15,sim,136,139.69,12,24,terça,20,,nao,,34,3.6,pix,,
BM-00896,2025-09-08,São Paulo,MG,C354,online,frango_catupiry,doce,molho,715,2025-05-31,nao,237,68.42,16,40,quinta,21,combo,nao,,27,2.9,dinheiro,finalizado,
BM-00897,2025-10-26,Uberlândia,mg,C160,delivery,portuguesa,especial,calabresa,628,2025-10-06,sim,137,"44,39",25,29,terça,17,cupom,nao,,13,2.5,pix,,
BM-00898,2025-02-11,São Paulo,SP,C330,online,calabreza,doce,quejio,648,07/03/2025,sim,53,49.25,29,37,terça,18,cupom,nao,,25,1.7,pix,,
BM-00899,2025-02-06,Uberlândia,MG,C444,balcao,calabreza,tradicional,quejio,50,2025-04-29,sim,273,135.85,22,24,terça,19,nenhuma,nao,,40,2.3,pix,procesado,
BM-00900,data_invalida,São Paulo,SP,C288,online,mussarelaa,especial,queijo,436,10-08-2025,nao,69,89.4,10,29,quinta,18,cupom,nao,,16,3.2,cartao,finalizado,
BM-00901,2025-05-30,Uberlândia,MG,C415,online,mussarelaa,especial,quejio,107,2025-09-16,sim,117,128.74,14,28,quarta,17,combo,nao,,11,4.4,cartao,procesado,
BM-00902,2025-03-12,Franca,mg,C225,balcao,calabreza,tradicional,queijo,276,01-21-2025,sim,70,115.19,18,36,terça,17,combo,nao,,34,3.0,cartao,finalizado,
BM-00903,2025-10-15,Uberaba,mg,C431,delivery,mussarelaa,especial,catupiry,121,21/10/2025,sim,92,108.66,10,51,sabado,19,combo,nao,,20,3.7,dinheiro,,
BM-00904,2025-04-02,Franca,mg,C63,online,mussarelaa,especial,queijo,419,2025-03-12,sim,36,122.01,28,24,quinta,22,combo,nao,,38,4.0,cartao,procesado,
BM-00905,03/08/2025,Franca,mg,C436,delivery,portuguesa,doce,quejio,461,08-18-2025,sim,62,"99,48",13,30,domingo,23,,nao,,9,4.7,pix,finalizado,
BM-00906,2025-07-14,Uberaba,SP,C10,online,mussarela,especial,quejio,386,05/10/2025,sim,51,78.29,21,31,sexta,20,nenhuma,nao,,1,4.2,pix,,
BM-00907,2025-10-14,Franca,mg,C195,online,portuguesa,tradicional,quejio,515,02/08/2025,nao,259,68.9,18,37,segunda,23,,sim,erro_pedido,20,2.0,pix,,
BM-00908,2025-01-30,São Paulo,mg,C101,balcao,mussarelaa,especial,quejio,692,2025-09-16,sim,303,113.35,29,38,sabado,21,,nao,,21,3.7,cartao,cancelado,
BM-00909,2025-07-16,Franca,mg,C362,online,mussarelaa,tradicional,quejio,640,05-13-2025,sim,40,136.3,18,45,domingo,19,nenhuma,nao,,17,2.0,dinheiro,cancelado,
BM-00910,2025-05-25,Uberaba,MG,C70,online,mussarelaa,doce,molho,775,2025-02-20,nao,122,48.94,17,25,terça,20,,nao,,31,4.1,dinheiro,finalizado,
BM-00911,2025-06-22,Uberlândia,SP,C181,delivery,calabreza,doce,quejio,336,25/02/2025,nao,322,72.69,35,45,segunda,19,,sim,erro_pedido,38,2.2,cartao,cancelado,
BM-00912,2025-08-27,Uberlândia,MG,C277,online,mussarela,doce,catupiry,217,2025-03-16,sim,249,136.49,14,56,quinta,22,nenhuma,sim,demora,21,1.6,cartao,finalizado,
BM-00913,2025-01-09,Uberlândia,MG,C336,delivery,mussarelaa,tradicional,quejio,598,2025-09-06,nao,164,"76,15",14,68,terça,18,nenhuma,nao,,7,2.2,cartao,cancelado,
BM-00914,2025-03-18,Franca,MG,C183,delivery,calabreza,doce,quejio,108,2025-06-07,nao,171,69.2,20,16,quinta,23,combo,nao,,21,3.2,pix,,
BM-00915,data_invalida,Franca,SP,C358,online,calabresa,especial,quejio,701,2025-10-18,nao,100,126.9,20,46,sexta,19,cupom,nao,,35,2.6,cartao,cancelado,
BM-00916,2025-08-06,São Paulo,mg,C267,delivery,mussarelaa,tradicional,quejio,530,2025-02-02,nao,138,113.84,40,10,quinta,23,cupom,nao,,27,1.8,pix,cancelado,
BM-00917,2025-01-23,Franca,MG,C475,delivery,mussarelaa,tradicional,molho,107,2025-10-08,sim,81,"107,72",18,29,quarta,19,cupom,nao,,3,1.2,pix,procesado,
BM-00918,2025-07-14,Franca,SP,C105,balcao,mussarelaa,tradicional,bacon,376,03-04-2025,sim,44,70.14,22,27,quarta,19,nenhuma,nao,,16,4.7,cartao,cancelado,
BM-00919,18/08/2025,Uberlândia,mg,C194,balcao,frango_catupiry,especial,quejio,702,30/03/2025,nao,49,64.45,22,38,sexta,23,,nao,,26,3.7,pix,,
BM-00920,2025-09-13,Uberaba,mg,C166,balcao,calabresa,doce,catupiry,394,03-25-2025,sim,147,93.87,17,39,sabado,19,combo,nao,,24,2.5,dinheiro,,
BM-00921,2025-03-07,Uberaba,mg,C194,delivery,calabreza,doce,quejio,592,2025-09-02,nao,108,131.67,11,63,quinta,23,cupom,nao,,13,4.2,cartao,procesado,
BM-00922,2025-03-10,Uberaba,mg,C8,balcao,mussarelaa,tradicional,quejio,342,2025-04-08,nao,64,66.63,14,51,sexta,22,combo,nao,,13,1.3,dinheiro,procesado,
BM-00923,2025-08-19,Franca,MG,C387,delivery,calabreza,especial,calabresa,108,2025-08-21,sim,107,97.36,23,25,sabado,19,cupom,nao,,18,2.9,cartao,procesado,
BM-00924,2025-03-08,Franca,SP,C272,delivery,mussarelaa,doce,quejio,75,2025-05-23,nao,211,108.56,11,48,domingo,23,,nao,,18,4.7,dinheiro,,
BM-00925,2025-05-21,Franca,MG,C317,delivery,portuguesa,especial,quejio,533,04/08/2025,sim,203,"98,67",16,29,domingo,19,combo,nao,,16,1.8,cartao,,
BM-00926,27/07/2025,São Paulo,MG,C249,balcao,mussarelaa,doce,quejio,294,2025-08-03,nao,9,103.42,11,30,domingo,22,combo,nao,,14,2.5,dinheiro,,
BM-00927,2025-05-28,Franca,mg,C336,delivery,mussarela,especial,molho,789,2025-01-01,sim,59,"87,0",29,53,quarta,19,combo,sim,cliente_desistiu,1,1.9,cartao,,
BM-00928,2025-09-10,Uberaba,MG,C327,online,mussarelaa,doce,molho,180,data_invalida,nao,89,97.12,31,26,domingo,21,combo,nao,,24,4.1,cartao,procesado,
BM-00929,08-06-2025,São Paulo,SP,C135,delivery,mussarelaa,tradicional,quejio,194,2025-06-03,nao,162,"134,08",27,48,sabado,19,,nao,,6,3.2,dinheiro,cancelado,
BM-00930,2025-02-10,Uberlândia,SP,C24,balcao,mussarelaa,tradicional,quejio,793,2025-05-08,nao,119,46.67,7,24,domingo,18,cupom,nao,,28,4.1,dinheiro,procesado,
BM-00931,2025-03-18,Uberaba,SP,C443,balcao,portuguesa,doce,quejio,579,2025-10-25,nao,8,38.26,21,24,quarta,20,cupom,nao,,34,1.3,dinheiro,procesado,
BM-00932,2025-06-17,São Paulo,mg,C109,balcao,mussarelaa,especial,queijo,66,11/05/2025,nao,239,"76,84",18,31,segunda,20,nenhuma,nao,,25,3.7,dinheiro,finalizado,
BM-00933,2025-07-17,São Paulo,mg,C301,delivery,mussarelaa,especial,quejio,155,2025-10-21,sim,120,38.34,9,40,quinta,18,combo,nao,,31,2.3,pix,,
BM-00934,2025-06-08,Uberlândia,SP,C31,online,mussarelaa,especial,queijo,643,2025-07-16,sim,146,"60,35",11,62,segunda,21,,nao,,4,3.2,cartao,finalizado,
BM-00935,2025-02-28,São Paulo,MG,C448,balcao,portuguesa,tradicional,molho,606,2025-10-23,sim,222,138.62,13,55,segunda,23,,nao,,7,3.2,pix,cancelado,
BM-00936,data_invalida,Uberaba,mg,C204,delivery,especial,doce,queijo,548,2025-08-21,nao,177,69.12,13,33,terça,22,,sim,erro_pedido,31,2.7,dinheiro,cancelado,
BM-00937,2025-10-08,São Paulo,SP,C381,delivery,calabreza,doce,queijo,121,2025-02-14,nao,223,"110,96",15,20,segunda,22,nenhuma,nao,,14,1.8,dinheiro,finalizado,
BM-00938,26/10/2025,Uberaba,SP,C378,online,portuguesa,tradicional,queijo,592,2025-10-08,sim,50,124.65,15,23,domingo,22,cupom,sim,demora,24,2.1,cartao,procesado,
BM-00939,2025-10-07,Uberlândia,SP,C27,online,calabreza,especial,quejio,217,2025-05-15,sim,0,59.48,5,26,domingo,22,cupom,sim,erro_pedido,25,1.3,cartao,,
BM-00940,2025-05-19,São Paulo,MG,C111,balcao,mussarelaa,doce,quejio,68,2025-05-17,nao,143,111.6,7,28,quinta,18,cupom,nao,,36,2.4,cartao,procesado,
BM-00941,2025-02-12,Uberaba,SP,C141,online,calabreza,tradicional,quejio,655,2025-09-05,sim,219,105.95,19,50,segunda,19,cupom,nao,,3,3.9,pix,,
BM-00942,2025-01-07,Uberaba,MG,C358,online,calabreza,tradicional,quejio,206,08-16-2025,sim,175,46.67,14,35,terça,20,combo,sim,cliente_desistiu,1,2.4,pix,procesado,
BM-00943,2025-10-20,Uberaba,MG,C420,delivery,calabreza,tradicional,quejio,150,data_invalida,nao,0,37.12,11,69,terça,23,nenhuma,nao,,4,2.2,cartao,cancelado,
BM-00944,2025-08-31,Franca,SP,C157,online,calabreza,doce,molho,469,2025-08-20,sim,96,37.48,12,41,sexta,23,cupom,nao,,28,2.4,cartao,procesado,
BM-00945,08/01/2025,Uberlândia,MG,C462,balcao,calabreza,especial,quejio,295,2025-09-28,nao,114,"53,63",24,37,segunda,23,cupom,nao,,8,4.4,dinheiro,,
BM-00946,2025-02-15,São Paulo,mg,C220,balcao,portuguesa,doce,molho,141,2025-05-27,nao,29,42.68,26,28,quinta,20,,nao,,29,4.7,dinheiro,cancelado,
BM-00947,2025-01-12,Franca,mg,C444,balcao,frango_catupiry,especial,quejio,242,02/01/2025,nao,109,39.28,20,32,sexta,17,cupom,nao,,38,2.2,pix,,
BM-00948,2025-10-22,Uberlândia,SP,C156,delivery,frango_catupiry,especial,quejio,90,2025-03-04,nao,41,53.74,18,41,sexta,18,cupom,sim,erro_pedido,18,1.4,dinheiro,finalizado,
BM-00949,2025-04-08,Uberlândia,SP,C312,delivery,calabreza,tradicional,calabresa,647,2025-04-02,nao,82,35.16,35,19,quinta,20,nenhuma,nao,,22,4.6,dinheiro,finalizado,
BM-00950,2025-04-19,Uberlândia,MG,C177,delivery,calabreza,doce,quejio,295,2025-07-25,nao,168,50.05,20,52,domingo,20,nenhuma,nao,,4,2.2,cartao,cancelado,
BM-00951,2025-04-13,Franca,MG,C425,balcao,mussarelaa,especial,quejio,620,02-04-2025,sim,0,120.1,15,28,segunda,17,,nao,,13,2.9,cartao,finalizado,
BM-00952,2025-07-04,São Paulo,SP,C184,online,calabreza,especial,catupiry,531,2025-06-10,sim,194,60.1,10,23,sabado,20,cupom,nao,,8,1.7,dinheiro,procesado,
BM-00953,data_invalida,Uberlândia,MG,C362,balcao,calabreza,especial,calabresa,486,2025-01-14,sim,0,"62,68",18,12,domingo,22,cupom,nao,,23,4.6,dinheiro,,
BM-00954,22/08/2025,Uberaba,SP,C447,online,mussarelaa,especial,quejio,556,22/06/2025,nao,196,80.55,11,43,sexta,17,,nao,,30,2.9,dinheiro,finalizado,
BM-00955,2025-07-18,Uberaba,SP,C6,delivery,calabreza,especial,quejio,741,2025-09-09,sim,76,127.07,18,44,domingo,18,cupom,nao,,35,3.0,pix,procesado,
BM-00956,2025-02-15,São Paulo,MG,C237,balcao,portuguesa,tradicional,catupiry,255,09/01/2025,sim,210,"45,97",18,22,domingo,21,nenhuma,nao,,2,3.8,dinheiro,,
BM-00957,2025-02-11,São Paulo,MG,C464,online,calabreza,especial,bacon,615,2025-05-12,sim,231,37.77,21,39,segunda,20,nenhuma,nao,,7,2.8,cartao,finalizado,
BM-00958,2025-07-26,São Paulo,mg,C194,balcao,chocolate,doce,quejio,481,2025-05-18,nao,95,126.15,19,60,quinta,18,cupom,nao,,22,2.3,dinheiro,cancelado,
BM-00959,2025-06-03,São Paulo,MG,C463,online,calabreza,especial,quejio,273,04-18-2025,nao,31,92.58,15,17,sexta,17,,nao,,18,3.4,dinheiro,finalizado,
BM-00960,2025-10-25,Franca,MG,C336,balcao,mussarela,tradicional,molho,441,data_invalida,sim,274,127.44,28,25,sexta,20,combo,nao,,35,3.1,pix,finalizado,
BM-00961,2025-10-24,São Paulo,SP,C244,balcao,especial,doce,bacon,96,2025-01-19,sim,71,43.66,24,15,sabado,23,cupom,sim,demora,7,4.5,cartao,cancelado,
BM-00962,2025-08-24,Franca,SP,C92,balcao,calabresa,especial,queijo,635,2025-08-23,nao,96,81.3,8,35,sabado,22,nenhuma,nao,,22,5.0,dinheiro,procesado,
BM-00963,2025-02-08,São Paulo,MG,C56,online,calabreza,tradicional,calabresa,69,2025-05-28,nao,161,63.59,12,60,domingo,18,nenhuma,nao,,23,1.9,pix,procesado,
BM-00964,data_invalida,Franca,SP,C105,online,calabreza,doce,bacon,70,data_invalida,nao,169,46.7,19,20,sabado,20,cupom,sim,cliente_desistiu,14,4.0,cartao,cancelado,
BM-00965,2025-09-03,Uberaba,mg,C403,delivery,mussarelaa,tradicional,quejio,378,2025-09-24,sim,8,86.26,14,22,terça,23,nenhuma,nao,,12,3.9,cartao,,
BM-00966,2025-04-11,São Paulo,SP,C304,online,calabreza,especial,bacon,203,2025-09-09,sim,228,131.35,20,18,sabado,22,nenhuma,nao,,29,2.9,cartao,cancelado,
BM-00967,2025-03-30,Uberlândia,SP,C192,delivery,mussarelaa,tradicional,quejio,265,2025-01-10,nao,243,117.08,21,44,quarta,19,cupom,nao,,25,1.7,cartao,finalizado,
BM-00968,2025-04-27,Franca,SP,C229,delivery,calabreza,especial,molho,698,2025-09-20,nao,107,105.87,24,43,sabado,17,nenhuma,sim,erro_pedido,20,2.8,cartao,cancelado,
BM-00969,2025-09-28,Uberaba,SP,C96,online,mussarelaa,especial,quejio,750,2025-04-26,nao,56,71.07,15,57,sabado,18,,nao,,11,2.3,dinheiro,procesado,
BM-00970,2025-09-10,São Paulo,SP,C491,online,mussarelaa,tradicional,queijo,589,2025-06-01,sim,0,36.2,24,45,domingo,22,,nao,,11,3.7,dinheiro,,
BM-00971,2025-03-02,Uberlândia,SP,C60,online,portuguesa,tradicional,molho,204,2025-09-26,sim,6,64.89,30,57,terça,22,nenhuma,nao,,7,4.4,cartao,cancelado,
BM-00972,data_invalida,São Paulo,SP,C393,online,mussarelaa,tradicional,quejio,517,data_invalida,sim,180,39.33,34,40,quarta,21,,nao,,12,2.3,pix,cancelado,
BM-00973,2025-10-07,Uberaba,MG,C481,balcao,calabreza,doce,quejio,476,2025-03-08,sim,0,139.14,20,37,segunda,18,combo,sim,demora,18,2.4,cartao,,
BM-00974,2025-10-23,Uberlândia,SP,C487,online,especial,tradicional,queijo,301,04/03/2025,nao,155,53.77,21,14,terça,19,,nao,,30,3.0,dinheiro,procesado,
BM-00975,2025-08-30,Uberaba,mg,C147,delivery,calabreza,doce,catupiry,703,11/06/2025,nao,124,107.4,8,46,domingo,22,nenhuma,nao,,15,4.6,cartao,cancelado,
BM-00976,2025-02-21,Franca,mg,C285,balcao,mussarelaa,doce,quejio,325,2025-06-29,nao,169,83.0,20,33,quarta,23,nenhuma,nao,,3,1.2,dinheiro,finalizado,
BM-00977,10-05-2025,Uberlândia,mg,C366,delivery,calabreza,tradicional,bacon,775,2025-09-09,sim,202,114.39,26,65,sabado,17,combo,nao,,21,2.4,cartao,procesado,
BM-00978,2025-08-27,Uberlândia,MG,C60,balcao,calabreza,especial,molho,406,2025-03-02,nao,104,"42,03",9,19,domingo,20,combo,nao,,38,2.1,pix,cancelado,
BM-00979,2025-07-18,Uberlândia,mg,C199,online,calabreza,especial,calabresa,255,2025-08-08,sim,35,38.95,7,30,segunda,21,,nao,,16,3.1,dinheiro,,
BM-00980,2025-02-09,São Paulo,SP,C211,online,calabreza,especial,quejio,592,14/08/2025,nao,18,"118,48",8,57,sexta,23,nenhuma,nao,,1,2.8,cartao,cancelado,
BM-00981,2025-08-15,Uberaba,MG,C49,online,mussarela,doce,catupiry,605,2025-03-16,sim,78,67.8,26,57,sabado,18,,sim,erro_pedido,26,4.9,pix,,
BM-00982,2025-04-07,Uberaba,mg,C184,balcao,frango_catupiry,especial,queijo,672,2025-05-26,nao,118,93.83,27,33,segunda,17,cupom,nao,,15,2.1,pix,cancelado,
BM-00983,2025-05-27,Franca,mg,C69,online,calabreza,doce,queijo,74,2025-02-11,sim,186,88.94,24,26,quarta,21,nenhuma,nao,,40,2.9,cartao,cancelado,
BM-00984,2025-05-05,Franca,SP,C25,balcao,mussarelaa,doce,calabresa,329,12/06/2025,sim,105,"92,76",24,54,domingo,20,,nao,,4,3.4,pix,cancelado,
BM-00985,31/07/2025,Uberaba,mg,C151,online,mussarelaa,tradicional,queijo,577,2025-04-11,nao,192,91.87,28,52,sexta,23,,nao,,40,1.8,cartao,,
BM-00986,2025-06-15,Franca,mg,C203,delivery,mussarelaa,especial,calabresa,321,2025-01-15,nao,117,86.29,5,33,domingo,18,nenhuma,sim,demora,33,3.6,dinheiro,cancelado,
BM-00987,2025-03-22,São Paulo,MG,C78,online,chocolate,especial,quejio,766,29/08/2025,nao,137,115.11,28,32,quinta,23,cupom,nao,,17,4.8,dinheiro,procesado,
BM-00988,2025-08-02,Uberaba,MG,C492,delivery,mussarelaa,doce,calabresa,489,2025-04-10,nao,60,82.67,16,29,domingo,20,nenhuma,nao,,20,2.6,dinheiro,,
BM-00989,2025-02-28,Uberaba,SP,C382,balcao,calabreza,tradicional,molho,640,2025-08-16,sim,138,"106,13",17,40,sexta,21,,nao,,36,4.6,cartao,cancelado,
BM-00990,2025-04-03,Uberlândia,MG,C244,online,mussarelaa,doce,calabresa,294,2025-01-25,sim,106,126.8,5,55,domingo,21,nenhuma,nao,,39,4.0,pix,cancelado,
BM-00991,2025-10-11,Franca,SP,C179,delivery,calabreza,tradicional,bacon,57,2025-09-06,sim,0,71.11,15,33,quinta,18,combo,sim,erro_pedido,13,4.2,cartao,cancelado,
BM-00992,2025-09-17,Uberlândia,SP,C413,delivery,calabreza,doce,quejio,94,15/09/2025,sim,108,76.26,19,47,quinta,20,,nao,,15,1.2,pix,cancelado,
BM-00993,2025-08-25,São Paulo,mg,C379,balcao,mussarela,doce,queijo,264,2025-09-03,nao,5,77.76,8,62,quarta,18,nenhuma,nao,,3,1.2,pix,cancelado,
BM-00994,2025-05-30,São Paulo,SP,C305,online,calabreza,doce,quejio,709,2025-02-28,sim,132,127.69,14,33,quinta,22,cupom,nao,,17,1.1,cartao,procesado,
BM-00995,2025-10-14,Franca,SP,C336,online,calabreza,doce,quejio,682,2025-09-14,sim,152,64.56,7,31,quinta,19,cupom,nao,,35,1.9,cartao,,
BM-00996,2025-01-31,Uberlândia,mg,C135,online,mussarelaa,tradicional,quejio,467,26/03/2025,nao,198,"37,77",18,12,terça,22,combo,nao,,10,1.6,pix,cancelado,
BM-00997,2025-01-03,Franca,SP,C49,delivery,frango_catupiry,tradicional,quejio,249,05-27-2025,sim,31,51.13,5,10,sexta,23,nenhuma,nao,,35,3.7,cartao,procesado,
BM-00998,data_invalida,Uberaba,SP,C415,balcao,frango_catupiry,tradicional,molho,284,2025-04-25,sim,59,78.31,15,40,sexta,22,combo,nao,,39,2.5,dinheiro,procesado,
BM-00999,2025-05-26,Uberaba,mg,C20,online,mussarelaa,tradicional,quejio,305,2025-09-02,sim,106,127.19,14,31,quarta,22,combo,nao,,34,2.8,cartao,cancelado,
BM-00000,2025-08-14,Uberaba,SP,C123,online,mussarelaa,doce,quejio,219,2025-07-05,nao,33,129.61,14,70,segunda,22,nenhuma,nao,,18,4.3,cartao,finalizado,
BM-00001,2025-05-05,Uberaba,mg,C141,online,calabreza,doce,queijo,200,data_invalida,nao,0,75.72,20,53,quinta,17,nenhuma,nao,,33,2.1,pix,,
BM-00002,2025-01-05,São Paulo,mg,C241,balcao,mussarelaa,doce,calabresa,621,2025-04-30,sim,83,40.26,5,21,terça,18,cupom,nao,,33,2.0,pix,finalizado,
BM-00003,2025-07-14,Uberlândia,MG,C91,online,mussarelaa,tradicional,quejio,326,2025-10-21,nao,191,125.63,20,46,segunda,20,nenhuma,nao,,34,1.0,dinheiro,,
BM-00004,2025-05-07,São Paulo,SP,C179,balcao,mussarela,tradicional,quejio,90,data_invalida,sim,203,66.69,19,57,terça,22,,nao,,11,4.3,pix,,
BM-00005,07-01-2025,Franca,MG,C196,online,mussarelaa,doce,quejio,183,2025-02-06,sim,147,75.48,6,18,quarta,23,combo,nao,,5,4.3,pix,,
BM-00006,2025-02-05,Uberaba,MG,C338,balcao,calabreza,tradicional,quejio,428,2025-08-28,sim,106,120.08,26,44,domingo,21,nenhuma,nao,,10,1.1,dinheiro,,
BM-00007,2025-07-05,São Paulo,SP,C275,delivery,mussarelaa,doce,quejio,454,2025-09-17,sim,66,"129,12",26,46,sexta,22,nenhuma,nao,,18,1.3,pix,finalizado,
BM-00008,2025-06-01,Franca,mg,C462,delivery,mussarela,doce,quejio,116,02-24-2025,sim,0,78.2,13,33,domingo,19,cupom,sim,demora,18,3.1,cartao,,
BM-00009,2025-06-20,Uberlândia,SP,C60,delivery,mussarelaa,tradicional,calabresa,681,2025-09-02,sim,220,43.21,10,50,quarta,20,,nao,,35,4.4,dinheiro,finalizado,
BM-00010,2025-10-15,Franca,SP,C358,online,calabreza,especial,catupiry,468,2025-09-14,sim,0,86.2,20,24,sabado,23,,nao,,31,4.3,cartao,cancelado,
BM-00011,09-12-2025,Franca,MG,C253,delivery,frango_catupiry,doce,quejio,337,2025-01-22,nao,39,83.07,27,45,quarta,23,cupom,sim,cliente_desistiu,18,4.3,dinheiro,cancelado,
BM-00012,2025-07-22,Uberaba,mg,C113,delivery,calabreza,especial,quejio,340,2025-10-28,sim,33,74.74,23,47,sexta,23,nenhuma,sim,erro_pedido,15,3.8,cartao,procesado,
BM-00013,2025-02-27,Franca,MG,C413,online,mussarelaa,especial,quejio,387,2025-08-09,nao,54,56.89,21,38,terça,20,,nao,,5,1.1,cartao,procesado,
BM-00014,2025-06-16,Franca,SP,C141,online,mussarela,doce,quejio,479,2025-01-07,nao,134,107.51,7,33,quinta,22,cupom,nao,,7,3.2,pix,procesado,
BM-00015,09-12-2025,Uberaba,mg,C358,online,mussarelaa,doce,queijo,145,2025-09-19,sim,169,96.58,17,32,sexta,19,combo,sim,erro_pedido,4,1.7,pix,procesado,
BM-00016,2025-06-11,São Paulo,mg,C233,balcao,mussarelaa,tradicional,quejio,434,data_invalida,nao,56,93.4,14,60,sexta,22,nenhuma,sim,,20,2.7,pix,finalizado,
BM-00017,2025-02-05,Uberlândia,MG,C389,online,mussarelaa,doce,quejio,296,2025-09-10,nao,0,63.4,33,39,sexta,20,nenhuma,nao,,7,2.5,dinheiro,cancelado,
BM-00018,2025-05-23,São Paulo,SP,C402,balcao,calabresa,especial,quejio,465,2025-04-25,nao,324,"136,76",17,13,quarta,23,,nao,,38,2.3,dinheiro,cancelado,
BM-00019,2025-05-25,Uberlândia,SP,C239,balcao,calabreza,tradicional,quejio,161,2025-04-03,nao,211,41.3,13,34,domingo,22,cupom,nao,,6,2.0,pix,,
