registro_id,data_viagem,cidade,uf,regiao,latitude,longitude,modal,tempo_viagem_min,distancia_km,custo,avaliacao_usuario,usuario_id,frequencia_uso_mes,tempo_desde_ultima_viagem_dias,cupom_utilizado,cancelou_viagem,clima,hora,dia_semana,observacao
ECO-00000,2025-09-27,Uberlândia,MG,oeste,-18.927273,-48.25581,patinete,33,3.19,4.79,2.9,U374,12,34,sim,nao,sol,1,ter,
ECO-00001,02-15-2025,Uberlândia,MG,leste,"-18,935736",-48.289407,bike,12,4.45,10.14,4.7,U279,8,41,,nao,chuva,21,dom,
ECO-00002,19/09/2025,Salvador,BA,centro,-12.981363,-38.474097,patinete,8,5.74,11.1,4.2,U377,14,5,sim,sim,nublado,16,sab,
ECO-00003,2025-02-02,Curitiba,PR,leste,-25.404827,-49.275499,bike,30,2.37,6.76,2.8,U18,29,59,,sim,chuva,1,sex,
ECO-00004,2025-01-29,Curitiba,PR,norte,-25.412439,-49.244203,patinete,16,3.08,12.12,3.3,U189,16,7,nao,nao,sol,17,ter,
ECO-00005,2025-07-13,Uberaba,MG,oeste,-19.722675,-47.923988,patinete,17,7.28,18.26,5.0,U10,25,45,nao,nao,nublado,21,ter,
ECO-00006,data_invalida,Uberaba,MG,oeste,-19.704063,-47.894589,bike,13,1.47,2.21,3.9,U388,21,53,nao,nao,sol,0,qua,
ECO-00007,data_invalida,Curitiba,pr,norte,-25.440538,"-49,239972",bike,30,"6,74",25.51,4.2,U176,2,48,,nao,chuva,8,sex,
ECO-00008,2025-02-22,São Paulo,SP,sul,-23.567504,-46.656981,bike,27,0.5,1.16,2.8,U285,22,43,nao,sim,sol,7,seg,
ECO-00009,21/09/2025,São Paulo,SP,oeste,-23.59134,-46.608258,patinete,27,8.91,21.95,5.0,U159,7,21,,sim,nublado,10,dom,
ECO-00010,2025-03-14,São Paulo,SP,leste,-23.593459,-46.664558,bike,300,9.47,23.42,1.7,U193,29,13,,sim,sol,6,qui,OUTLIER tempo
ECO-00011,2025-01-13,Salvador,BA,sul,-13.011067,-38.5436,publico,26,"3,24",12.45,2.4,U301,0,22,nao,sim,nublado,16,sab,
ECO-00012,2025-01-20,Uberaba,MG,centro,-19.794741,-47.903297,patinete,12,2.3,7.19,1.5,U131,8,40,sim,sim,chuva,13,sab,
ECO-00013,07/02/2025,Curitiba,PR,norte,"-25,399628",-49.300279,carro,24,0.5,1.22,2.8,U82,19,7,sim,sim,sol,7,qua,
ECO-00014,2025-05-31,Curitiba,PR,leste,-25.379549,-49.259847,bike,16,"5,71",14.84,1.0,U107,2,17,sim,nao,sol,9,dom,
ECO-00015,2025-03-26,Uberlândia,MG,centro,"-18,868629",-48.260674,patinete,30,7.67,18.99,4.3,U253,6,56,,nao,sol,16,seg,
ECO-00016,2025-04-02,Campinas,SP,norte,"-22,863231",-47.058432,publico,33,4.32,14.52,3.0,U208,30,30,,nao,sol,5,qui,
ECO-00017,24/01/2025,Uberaba,MG,norte,"-19,718422","-47,975029",carro,21,3.97,9.27,1.8,U99,9,0,nao,sim,sol,17,qui,
ECO-00018,2025-03-24,Salvador,BA,centro,-13.013327,-38.497908,bike,13,0.5,1.74,1.4,U337,15,54,,nao,nublado,10,dom,
ECO-00019,2025-06-19,Uberlândia,MG,sul,-18.958578,-48.24119,carro,19,1.82,6.39,2.4,U381,7,12,sim,nao,sol,7,dom,
ECO-00020,2025-03-06,Uberaba,MG,sul,-19.769393,-47.939194,bike,26,"5,52",14.9,1.5,U84,10,8,nao,nao,nublado,22,qui,
ECO-00021,2025-02-03,Curitiba,PR,sul,-25.430582,-49.313553,bike,11,3.02,8.18,3.1,U247,11,5,,nao,chuva,14,ter,
ECO-00022,09/09/2025,Uberlândia,mg,sul,-18.917444,"-48,282078",carro,25,3.57,11.95,4.0,U278,8,55,sim,nao,sol,5,sab,
ECO-00023,18/03/2025,Curitiba,PR,oeste,-25.406921,-49.240066,publico,28,2.11,5.49,1.4,U163,27,12,,nao,sol,2,ter,
ECO-00024,2025-05-21,São Paulo,SP,oeste,-23.539005,-46.623681,bike,3,3.51,6.4,1.3,U142,30,51,sim,nao,sol,12,sab,
ECO-00025,2025-09-17,São Paulo,SP,norte,-23.519261,-46.624793,patinete,22,100,10.86,3.9,U356,25,52,sim,sim,sol,6,seg,OUTLIER distancia
ECO-00026,2025-04-10,Uberaba,MG,centro,"-19,751452",-47.986952,publico,25,3.36,8.86,4.9,U107,16,59,,nao,chuva,21,seg,
ECO-00027,09-30-2025,Campinas,SP,norte,"-22,860343",-47.039659,publico,13,0.5,1.36,3.3,U357,11,9,,nao,sol,0,qui,
ECO-00028,2025-07-10,Uberlândia,MG,leste,-18.869642,-48.321346,patinete,5,3.78,8.53,2.9,U100,1,50,sim,sim,chuva,17,sex,
ECO-00029,2025-08-27,São Paulo,SP,oeste,-23.554197,-46.624969,patinete,14,7.43,21.24,1.5,U258,28,11,,sim,sol,6,qua,
ECO-00030,04-26-2025,Uberaba,MG,oeste,-19.750526,"-47,942865",publico,12,3.15,11.4,3.8,U280,24,28,,sim,sol,16,seg,
ECO-00031,04-06-2025,Curitiba,PR,norte,-25.387797,-49.255168,bike,25,"5,27",16.33,3.4,U115,3,6,nao,sim,sol,12,ter,
ECO-00032,2025-05-11,Uberaba,MG,leste,-19.786441,-47.974125,patinete,3,0.98,3.01,2.3,U310,16,45,sim,sim,nublado,19,qui,
ECO-00033,2025-08-16,Curitiba,PR,norte,-25.386511,-49.250148,carro,7,3.41,8.34,3.3,U149,2,26,nao,sim,nublado,1,qua,
ECO-00034,2025-02-15,Curitiba,PR,norte,-25.439765,-49.257696,bike,13,2.55,10.06,1.4,U267,24,47,nao,sim,sol,23,qui,
ECO-00035,2025-06-12,Curitiba,PR,leste,-25.459392,-49.238268,publico,30,1.91,4.63,3.6,U212,2,16,sim,nao,sol,1,ter,
ECO-00036,07-28-2025,salvador,BA,sul,-12.987944,-38.467436,patinete,3,4.83,11.5,2.7,U284,4,45,sim,sim,sol,22,qua,
ECO-00037,2025-07-22,Uberlândia,MG,norte,-18.949281,-48.283903,patinete,9,3.92,14.94,3.4,U32,10,17,sim,nao,nublado,13,sab,
ECO-00038,2025-01-29,salvador,BA,oeste,"-13,012906",-38.547392,publico,11,4.72,14.59,4.0,U338,16,43,,nao,nublado,11,sex,
ECO-00039,data_invalida,Uberlândia,MG,leste,"-18,959278",-48.311267,publico,16,4.69,11.95,1.2,U4,11,46,sim,nao,sol,19,qua,
ECO-00040,2025-08-14,Curitiba,PR,centro,-25.410835,-49.246396,bike,19,"2,62",999.99,2.0,U32,25,28,,sim,chuva,17,sab,OUTLIER custo
ECO-00041,06-20-2025,Uberaba,MG,centro,-19.711646,"-47,937095",bike,18,5.65,21.09,3.1,U114,18,41,nao,nao,nublado,17,qui,
ECO-00042,2025-07-09,Uberlândia,MG,centro,"-18,91491",-48.284377,patinete,36,7.99,30.57,2.5,U315,23,12,nao,nao,sol,12,dom,
ECO-00043,2025-07-26,Uberlândia,MG,centro,-18.914778,-48.282809,carro,22,0.5,0.8,3.9,U164,7,17,sim,sim,sol,1,dom,
ECO-00044,2025-09-16,Salvador,BA,oeste,-12.960736,-38.47965,patinete,19,7.17,10.9,1.5,U261,19,34,nao,sim,sol,6,sex,
ECO-00045,29/09/2025,Campinas,SP,centro,"-22,877787",-47.070495,patinete,15,"4,97",19.0,3.2,U180,20,12,sim,sim,nublado,6,qui,
ECO-00046,06-27-2025,Salvador,BA,centro,-13.025864,-38.490583,patinete,27,5.8,11.07,3.9,U319,4,44,sim,nao,nublado,12,qui,
ECO-00047,10/01/2025,Campinas,SP,leste,"-22,868002","-47,017413",publico,13,2.17,5.89,2.3,U222,4,25,,nao,sol,0,sex,
ECO-00048,04/08/2025,Salvador,BA,oeste,-13.002809,-38.546566,bike,28,4.07,14.79,1.3,U332,23,9,sim,nao,nublado,16,dom,
ECO-00049,27/07/2025,Uberlândia,MG,oeste,"-18,884798",-48.322571,bike,5,4.66,15.15,1.9,U63,9,14,,nao,chuva,1,sab,
ECO-00050,2025-06-15,Uberlândia,MG,norte,-18.929866,-48.294029,bike,23,2.73,8.86,2.1,U105,15,0,,nao,sol,11,sab,
ECO-00051,2025-05-20,Campinas,SP,centro,-22.940397,-47.035668,patinete,17,0.5,1.54,1.8,U126,14,15,nao,nao,sol,7,sab,
ECO-00052,2025-09-18,Uberaba,MG,centro,-19.72976,-47.916738,publico,13,0.5,2.0,4.5,U306,0,13,sim,nao,sol,12,sex,
ECO-00053,2025-09-25,Salvador,BA,centro,-13.024114,-38.485279,bike,10,4.14,14.38,4.5,U120,26,40,sim,nao,sol,3,qui,
ECO-00054,2025-08-24,São Paulo,sp,norte,-23.51459,-46.596515,bike,19,5.56,12.09,3.3,U56,3,14,nao,nao,nublado,21,sex,
ECO-00055,08/01/2025,Salvador,BA,oeste,-13.016028,-38.497713,patinete,20,4.62,13.99,4.5,U47,200,16,nao,sim,nublado,22,qua,OUTLIER frequencia
ECO-00056,2025-08-31,São Paulo,sp,centro,-23.59048,"-46,665639",patinete,17,4.98,13.9,2.4,U328,2,45,,sim,chuva,10,sab,
ECO-00057,data_invalida,São Paulo,SP,sul,-23.547017,-46.583882,patinete,20,9.16,32.78,2.6,U243,3,48,,sim,sol,20,ter,
ECO-00058,02-06-2025,Uberaba,MG,oeste,"-19,733481",-47.980658,patinete,4,4.62,14.93,3.7,U29,5,5,nao,nao,chuva,7,qua,
ECO-00059,2025-10-22,Uberaba,MG,oeste,-19.706358,"-47,97455",patinete,27,0.5,1.91,4.3,U399,8,51,,nao,nublado,21,qui,
ECO-00060,2025-05-13,Salvador,BA,oeste,-13.001218,-38.505794,bike,11,4.74,9.78,3.3,U257,4,34,,sim,sol,11,ter,
ECO-00061,02-09-2025,Campinas,SP,norte,-22.889793,-47.05937,bike,3,"0,5",1.89,3.3,U306,17,31,sim,nao,sol,12,dom,
ECO-00062,2025-05-19,Salvador,BA,centro,-12.972143,-38.533606,bike,19,"4,91",14.83,1.9,U106,17,21,nao,sim,chuva,19,sex,
ECO-00063,2025-01-01,São Paulo,SP,norte,-23.534256,"-46,649388",patinete,30,"3,83",10.27,3.8,U84,24,40,,nao,nublado,3,dom,
ECO-00064,23/06/2025,Uberaba,MG,sul,-19.721893,"-47,977787",publico,37,"0,5",0.76,5.0,U302,26,29,sim,nao,sol,1,qui,
ECO-00065,2025-06-03,Campinas,SP,sul,-22.939194,-47.058317,bike,17,0.9,2.62,2.3,U213,26,45,,nao,nublado,1,dom,
ECO-00066,2025-03-28,Uberlândia,MG,centro,-18.925699,-48.268014,carro,18,"0,96",3.61,3.4,U283,29,37,sim,sim,sol,17,qui,
ECO-00067,2025-01-03,Salvador,BA,leste,"-12,965372",-38.461606,carro,25,"4,81",12.78,3.8,U191,26,43,nao,nao,chuva,0,qua,
ECO-00068,2025-02-04,Curitiba,PR,norte,-25.392785,-49.300059,publico,28,"7,08",17.7,3.1,U166,13,23,sim,sim,sol,0,dom,
ECO-00069,11/10/2025,Uberlândia,MG,leste,-18.939261,-48.256491,carro,6,4.51,15.07,4.8,U184,6,19,,nao,sol,5,ter,
ECO-00070,2025-08-05,Uberaba,MG,leste,-19.730144,-47.9821,patinete,25,8.51,30.04,9,U57,26,22,nao,sim,nublado,7,dom,INVALIDO avaliacao
ECO-00071,2025-06-15,Curitiba,PR,sul,"-25,401617",-49.320249,publico,21,3.36,9.53,2.0,U181,4,16,nao,nao,chuva,11,ter,
ECO-00072,2025-09-08,Uberlândia,MG,centro,"-18,886252",-48.3256,bike,26,0.5,1.48,3.8,U251,24,5,,sim,nublado,1,ter,
ECO-00073,2025-09-27,Salvador,BA,norte,-12.999856,-38.530837,bike,18,2.4,6.24,2.9,U52,22,26,,sim,nublado,18,seg,
ECO-00074,2025-05-14,Curitiba,PR,leste,-25.413579,"-49,310732",publico,20,"2,88",5.05,2.0,U337,13,53,sim,nao,sol,20,qui,
ECO-00075,2025-06-20,Salvador,BA,sul,-12.965914,"-38,499207",patinete,10,2.24,3.39,3.3,U271,25,30,,sim,nublado,7,sab,
ECO-00076,2025-09-27,Uberaba,MG,centro,-19.74964,-47.927098,bike,29,9.17,18.07,3.1,U112,28,0,sim,nao,sol,14,sab,
ECO-00077,2025-08-05,curitiba,PR,leste,-25.440735,-49.27809,carro,18,"6,07",16.51,4.7,U206,17,51,nao,sim,sol,0,sex,
ECO-00078,2025-04-24,Salvador,BA,centro,-12.986403,-38.468932,bike,22,9.78,24.58,3.9,U246,13,12,sim,sim,chuva,5,seg,
ECO-00079,2025-04-11,Uberlândia,MG,leste,-18.900084,-48.268085,patinete,11,"3,62",6.81,3.9,U324,1,27,,sim,sol,21,sab,
ECO-00080,2025-09-26,Campinas,SP,norte,-22.954333,-47.024908,patinete,10,"6,15",19.13,3.6,U21,6,26,,nao,sol,5,sab,
ECO-00081,2025-02-03,uberaba,MG,oeste,-19.794891,-47.943108,patinete,10,2.76,4.79,3.0,U398,12,50,sim,sim,sol,4,seg,
ECO-00082,2025-08-31,Campinas,SP,centro,-22.952691,-47.080779,patinete,25,"0,5",1.33,1.0,U205,19,32,sim,nao,sol,2,sab,
ECO-00083,10-22-2025,São Paulo,SP,centro,"-23,565165",-46.596104,bike,28,6.55,16.1,3.2,U80,24,41,sim,sim,sol,3,ter,
ECO-00084,data_invalida,Curitiba,PR,leste,-25.380338,"-49,28552",bike,20,0.5,1.65,3.5,U15,3,17,sim,nao,nublado,3,seg,
ECO-00085,06-22-2025,São Paulo,SP,norte,-23.570256,-46.669339,bike,3,"1,82",5.89,4.7,U139,16,27,sim,nao,sol,18,qui,
ECO-00086,2025-05-28,Curitiba,PR,centro,-25.411597,-49.242082,carro,15,5.6,18.92,3.0,U233,23,42,nao,sim,sol,1,ter,
ECO-00087,03/10/2025,são paulo,SP,oeste,-23.53477,-46.622696,publico,12,2.49,7.53,1.4,U294,21,58,nao,nao,nublado,16,seg,
ECO-00088,2025-04-03,Campinas,SP,sul,"-22,898273",-47.019518,bike,11,3.38,9.92,4.8,U213,4,43,nao,sim,chuva,2,seg,
ECO-00089,02-01-2025,Campinas,SP,sul,-22.903449,-47.080505,patinete,17,3.2,9.61,5.0,U96,18,39,,nao,sol,3,sex,
ECO-00090,2025-01-08,Curitiba,PR,norte,-25.406356,"-49,259486",carro,9,4.93,11.99,2.0,U340,6,3,,sim,nublado,23,sab,
ECO-00091,2025-08-06,campinas,SP,centro,-22.951826,-47.016908,patinete,13,3.23,9.15,4.3,U244,0,43,nao,nao,sol,4,dom,
ECO-00092,2025-10-20,Salvador,ba,oeste,-12.931178,"-38,528063",carro,27,4.08,6.95,1.7,U371,9,13,nao,sim,nublado,6,qui,
ECO-00093,12/06/2025,Campinas,SP,leste,-22.937144,-47.076155,bike,22,2.44,4.05,2.1,U38,8,46,,sim,nublado,1,qui,
ECO-00094,2025-03-07,Curitiba,PR,norte,-25.416937,-49.248492,publico,3,4.85,13.64,4.0,U238,25,48,nao,sim,sol,16,dom,
ECO-00095,2025-06-22,Campinas,SP,oeste,-22.942671,-47.011602,bike,28,4.21,11.32,2.5,U150,23,40,nao,nao,chuva,12,sex,
ECO-00096,2025-10-01,Uberlândia,MG,centro,-18.890239,-48.320648,bike,7,0.5,1.17,2.2,U241,3,33,,sim,sol,13,qua,
ECO-00097,2025-01-01,Salvador,BA,leste,-12.978588,"-38,528541",patinete,28,0.5,0.83,3.7,U200,7,45,nao,nao,sol,20,qui,
ECO-00098,data_invalida,Uberaba,MG,oeste,-19.766738,-47.92512,patinete,10,1.03,1.86,2.2,U204,25,37,sim,nao,sol,22,dom,
ECO-00099,25/02/2025,Curitiba,PR,centro,-25.468273,-49.248926,patinete,15,0.5,1.21,1.1,U237,14,34,nao,nao,chuva,6,sex,
ECO-00100,2025-01-22,Campinas,SP,leste,-22.906744,-47.013626,publico,38,6.26,11.35,2.0,U5,7,8,nao,sim,nublado,15,seg,
ECO-00101,2025-10-09,Salvador,BA,norte,-12.989374,-38.509785,carro,14,2.43,4.04,2.6,U321,24,53,,sim,sol,11,sab,
ECO-00102,2025-06-11,Salvador,BA,norte,"-12,985719",-38.508622,patinete,3,3.36,10.81,4.0,U117,12,10,,nao,sol,16,ter,
ECO-00103,2025-09-09,uberlândia,MG,sul,-18.949866,"-48,233479",bike,22,"8,39",22.64,2.0,U337,28,55,sim,nao,nublado,11,ter,
ECO-00104,02/02/2025,Campinas,SP,norte,-22.905763,-47.085057,patinete,8,3.9,14.78,3.3,U173,16,50,sim,nao,sol,10,qui,
ECO-00105,2025-03-12,Curitiba,PR,centro,-25.380998,-49.255504,bike,25,"2,79",5.42,3.9,U328,25,33,sim,nao,sol,11,sab,
ECO-00106,2025-03-30,Campinas,SP,leste,-22.891575,-47.080351,patinete,3,10.04,21.82,4.2,U251,24,50,,sim,chuva,18,qui,
ECO-00107,2025-08-05,Campinas,SP,oeste,-22.913202,-47.086445,publico,32,2.82,11.11,2.5,U82,16,22,nao,sim,chuva,1,qua,
ECO-00108,2025-04-01,Uberlândia,mg,sul,-18.873314,-48.229468,bike,3,6.95,15.49,1.6,U358,18,28,nao,sim,chuva,13,seg,
ECO-00109,2025-07-26,Campinas,SP,leste,-22.879999,-47.110714,patinete,21,1.54,4.03,4.6,U311,19,51,sim,nao,chuva,21,dom,
ECO-00110,2025-05-02,Campinas,SP,centro,-22.930622,-47.077679,patinete,13,6.86,12.01,4.7,U96,13,42,sim,nao,sol,11,sex,
ECO-00111,25/10/2025,Curitiba,PR,oeste,-25.405465,-49.319036,carro,9,"0,5",0.99,3.2,U8,23,34,,nao,chuva,6,sab,
ECO-00112,2025-05-26,Salvador,BA,oeste,-12.976901,-38.464489,publico,4,0.5,1.5,3.7,U64,28,55,nao,sim,nublado,23,seg,
ECO-00113,03-12-2025,São Paulo,SP,oeste,-23.553801,-46.604575,bike,7,2.32,4.89,4.7,U67,19,4,,nao,sol,17,sex,
ECO-00114,2025-03-23,Campinas,SP,centro,"-22,940394",-47.097693,patinete,13,1.86,5.42,4.7,U252,17,24,nao,nao,sol,18,sab,
ECO-00115,10-01-2025,Campinas,SP,oeste,-22.902305,-47.056926,bike,22,4.74,17.16,1.1,U191,30,52,sim,nao,nublado,13,ter,
ECO-00116,2025-06-12,São Paulo,SP,sul,-23.578526,-46.66058,carro,15,3.2,12.56,1.1,U389,25,47,sim,sim,chuva,15,qua,
ECO-00117,2025-10-23,Uberaba,MG,centro,-19.785489,"-47,968504",publico,8,2.51,8.75,4.1,U385,27,15,sim,nao,sol,0,seg,
ECO-00118,data_invalida,Uberlândia,MG,leste,-18.947376,-48.276337,patinete,21,"0,5",1.39,1.0,U129,4,60,nao,sim,nublado,18,qua,
ECO-00119,data_invalida,São Paulo,sp,norte,-23.525389,-46.643962,patinete,20,2.56,3.98,2.7,U106,1,18,,nao,sol,9,qua,
ECO-00120,2025-05-06,São Paulo,SP,sul,-23.526657,-46.605932,carro,7,4.97,15.23,2.8,U246,29,4,,sim,sol,22,sex,
ECO-00121,2025-09-09,Uberlândia,MG,sul,-18.921822,-48.321522,publico,17,2.89,4.86,4.0,U345,12,20,,sim,chuva,19,seg,
ECO-00122,2025-01-07,Curitiba,PR,leste,"-25,463278","-49,291987",publico,26,8.71,21.78,3.1,U273,2,28,nao,sim,nublado,0,sex,
ECO-00123,2025-02-20,Uberaba,MG,oeste,-19.777193,-47.914172,bike,35,0.84,1.69,3.7,U291,1,59,sim,nao,sol,4,sab,
ECO-00124,22/05/2025,Uberlândia,MG,oeste,-18.930477,-48.24626,bike,25,"1,39",3.49,2.1,U124,20,31,nao,sim,sol,19,dom,
ECO-00125,2025-01-11,Uberlândia,MG,oeste,-18.899199,-48.280144,bike,3,0.5,1.2,3.2,U80,1,53,nao,nao,chuva,22,sex,
ECO-00126,05/10/2025,são paulo,SP,centro,-23.594506,-46.611259,patinete,13,"0,5",1.65,3.2,U140,21,28,nao,nao,chuva,22,qua,
ECO-00127,2025-10-24,Campinas,SP,leste,-22.951525,-47.017633,patinete,17,4.52,16.21,3.7,U273,20,47,nao,sim,sol,4,qua,
ECO-00128,2025-01-05,São Paulo,SP,leste,-23.575222,-46.592341,bike,8,2.65,10.46,2.8,U107,28,8,nao,nao,nublado,8,qua,
ECO-00129,04-21-2025,Campinas,SP,centro,-22.918956,-47.027007,publico,16,2.77,5.71,3.4,U296,12,15,nao,nao,sol,11,qua,
ECO-00130,2025-02-07,Uberaba,MG,norte,-19.776056,-47.928229,publico,15,3.36,7.25,4.0,U207,7,4,sim,sim,sol,15,ter,
ECO-00131,2025-06-16,Curitiba,pr,centro,-25.43563,-49.236019,carro,20,4.93,18.61,2.0,U244,27,17,nao,sim,sol,2,qui,
ECO-00132,2025-03-21,Uberaba,MG,sul,-19.742579,-47.919307,patinete,3,7.92,14.5,4.4,U140,7,51,nao,sim,chuva,19,qua,
ECO-00133,2025-10-18,Curitiba,PR,leste,-25.402128,-49.243212,bike,33,0.5,1.49,4.3,U73,28,44,nao,nao,nublado,2,dom,
ECO-00134,2025-06-14,São Paulo,SP,oeste,-23.519388,-46.660698,bike,14,3.43,8.92,2.4,U394,2,23,,sim,chuva,7,qua,
ECO-00135,2025-10-11,Uberlândia,MG,oeste,-18.914751,-48.310964,patinete,11,"4,11",10.41,1.1,U108,18,41,sim,nao,nublado,14,ter,
ECO-00136,02-13-2025,Uberaba,MG,sul,-19.768359,-47.90565,publico,11,3.74,10.19,1.5,U8,10,14,nao,nao,sol,21,qua,
ECO-00137,25/07/2025,Salvador,BA,leste,-13.016151,-38.462808,bike,20,11.88,46.23,4.0,U270,1,15,sim,nao,sol,23,qui,
ECO-00138,data_invalida,Campinas,SP,centro,-22.913135,-47.078334,publico,34,"0,79",1.29,5.0,U363,15,48,nao,nao,nublado,10,ter,
ECO-00139,2025-07-07,Curitiba,PR,centro,-25.384265,-49.251514,publico,7,"6,83",21.7,1.7,U122,11,25,sim,nao,sol,22,seg,
ECO-00140,21/06/2025,Curitiba,PR,norte,-25.441062,-49.2483,carro,13,7.09,10.99,2.6,U113,24,43,,nao,sol,7,sab,
ECO-00141,2025-07-02,Curitiba,PR,centro,-25.404882,-49.25147,bike,16,"2,05",8.11,1.5,U93,10,41,,sim,nublado,13,seg,
ECO-00142,10-09-2025,São Paulo,SP,leste,-23.582031,"-46,611306",patinete,10,"6,85",15.0,1.2,U138,16,24,,sim,nublado,7,sab,
ECO-00143,05-14-2025,salvador,BA,norte,-13.007542,-38.513191,publico,27,4.86,16.81,5.0,U174,8,28,nao,nao,sol,23,sex,
ECO-00144,data_invalida,São Paulo,SP,centro,-23.502818,-46.59518,patinete,28,8.12,20.12,4.6,U67,0,32,sim,sim,sol,5,qua,
ECO-00145,2025-07-28,Salvador,BA,centro,-12.997211,-38.482439,carro,10,7.7,28.33,4.2,U119,13,40,nao,nao,sol,9,seg,
ECO-00146,2025-10-10,Campinas,SP,leste,-22.929907,-47.051758,patinete,14,0.97,2.23,1.5,U318,2,19,,nao,nublado,11,qua,
ECO-00147,2025-08-15,Salvador,BA,sul,"-13,010305",-38.515918,patinete,25,5.19,9.53,2.4,U58,19,22,nao,sim,nublado,7,qui,
ECO-00148,2025-04-13,Uberaba,MG,leste,"-19,72053",-47.921388,publico,30,0.5,1.6,1.6,U92,30,13,sim,nao,sol,13,dom,
ECO-00149,05-29-2025,São Paulo,SP,leste,-23.590331,-46.623131,patinete,24,5.05,13.11,1.5,U286,25,29,,sim,chuva,16,dom,
ECO-00150,2025-02-20,Campinas,SP,oeste,-22.889951,-47.049281,publico,16,"1,14",2.84,3.1,U212,18,40,,sim,sol,8,qui,
ECO-00151,2025-04-03,campinas,SP,leste,-22.938194,-47.075134,carro,5,2.73,4.89,1.7,U65,21,34,,nao,sol,5,qua,
ECO-00152,08-19-2025,Uberlândia,MG,oeste,-18.902516,-48.326433,patinete,16,2.72,5.82,2.6,U378,20,10,nao,sim,sol,14,qua,
ECO-00153,2025-07-10,Uberlândia,MG,norte,-18.876232,-48.252719,patinete,15,8.44,21.72,3.1,U162,12,30,nao,nao,sol,0,qua,
ECO-00154,2025-10-20,Salvador,ba,oeste,-12.9455,"-38,511063",bike,20,4.0,12.91,2.9,U129,12,33,sim,nao,sol,3,sab,
ECO-00155,2025-04-23,São Paulo,SP,sul,-23.513964,"-46,594597",patinete,11,"3,67",13.71,4.5,U365,17,3,sim,nao,nublado,10,seg,
ECO-00156,2025-08-27,Campinas,SP,norte,-22.948642,-47.082643,publico,11,0.76,2.73,2.0,U380,26,34,,nao,sol,16,dom,
ECO-00157,2025-05-03,Curitiba,PR,leste,-25.390029,-49.23353,bike,5,"4,08",8.37,2.0,U375,11,49,nao,sim,chuva,18,qui,
ECO-00158,2025-05-01,São Paulo,SP,centro,-23.586102,-46.613669,patinete,7,5.06,9.31,4.9,U243,8,45,,nao,sol,0,sex,
ECO-00159,2025-03-08,Uberaba,MG,oeste,-19.73847,-47.925509,carro,36,"0,5",1.73,1.8,U31,26,20,,nao,sol,2,ter,
ECO-00160,09-03-2025,Curitiba,PR,sul,-25.389654,-49.228577,patinete,22,3.17,12.07,4.3,U153,1,28,nao,sim,sol,0,sab,
ECO-00161,05-12-2025,Uberlândia,MG,norte,-18.925056,"-48,270172",publico,27,0.5,1.06,5.0,U177,25,11,sim,sim,chuva,18,qui,
ECO-00162,2025-08-20,Campinas,SP,oeste,"-22,93039",-47.093327,patinete,7,"1,3",3.93,1.3,U226,7,33,sim,nao,sol,23,sab,
ECO-00163,03/01/2025,Campinas,SP,centro,-22.938694,-47.023691,bike,3,2.31,3.77,1.1,U167,0,52,,nao,sol,12,qui,
ECO-00164,2025-05-19,Uberaba,MG,leste,-19.759663,"-47,891986",patinete,30,1.9,3.83,4.0,U318,17,9,,sim,sol,12,seg,
ECO-00165,08/05/2025,Curitiba,PR,leste,-25.410767,-49.262012,patinete,3,0.5,1.47,4.4,U192,21,38,nao,nao,sol,21,qui,
ECO-00166,2025-06-13,Curitiba,PR,norte,-25.403105,-49.310665,patinete,18,0.5,1.97,4.3,U28,2,43,,sim,sol,8,qui,
ECO-00167,10/04/2025,Curitiba,PR,oeste,-25.380279,-49.321944,patinete,17,"6,68",25.89,1.8,U255,23,27,,sim,sol,8,dom,
ECO-00168,2025-09-12,Uberlândia,MG,oeste,-18.902058,-48.257483,patinete,26,9.33,18.88,2.6,U400,30,28,,sim,sol,16,qui,
ECO-00169,04-29-2025,Uberlândia,MG,sul,-18.95754,-48.289172,bike,28,5.49,9.04,3.5,U185,2,7,,sim,sol,19,sab,
ECO-00170,08-22-2025,uberaba,MG,sul,-19.782896,-47.96438,patinete,24,9.92,18.79,1.3,U278,21,33,,sim,nublado,12,sex,
ECO-00171,data_invalida,Uberlândia,MG,oeste,"-18,92774",-48.303217,carro,16,2.55,4.19,3.5,U138,26,0,nao,sim,chuva,19,sex,
ECO-00172,08-09-2025,Curitiba,PR,leste,"-25,395903",-49.24223,patinete,17,3.27,8.26,4.2,U28,7,20,sim,nao,nublado,22,qua,
ECO-00173,data_invalida,Curitiba,PR,centro,-25.428024,-49.280401,patinete,29,4.88,10.43,2.5,U15,17,59,sim,sim,chuva,20,ter,
ECO-00174,2025-10-09,Salvador,BA,leste,-12.937024,-38.474449,bike,8,"5,37",18.08,4.6,U47,9,60,sim,sim,sol,16,seg,
ECO-00175,09/05/2025,Curitiba,PR,oeste,-25.40904,-49.298548,patinete,28,5.64,13.67,3.6,U230,13,51,sim,nao,sol,17,dom,
ECO-00176,2025-03-23,Uberaba,MG,leste,-19.70434,-47.893625,publico,13,3.11,5.57,4.5,U337,28,14,sim,sim,nublado,6,qua,
ECO-00177,2025-07-04,salvador,BA,leste,-13.024093,-38.501707,publico,28,3.84,13.91,4.8,U340,3,53,nao,sim,nublado,6,qui,
ECO-00178,2025-06-17,Salvador,BA,sul,-12.995423,-38.510976,bike,17,"7,83",16.91,1.9,U376,17,46,nao,nao,nublado,7,dom,
ECO-00179,2025-06-16,uberlândia,MG,oeste,-18.953022,-48.320576,publico,27,6.14,12.59,3.6,U327,24,57,,nao,chuva,5,sab,
ECO-00180,2025-05-07,Uberlândia,MG,sul,-18.892653,-48.299055,carro,32,3.04,8.82,3.8,U249,28,43,sim,sim,chuva,6,seg,
ECO-00181,data_invalida,Curitiba,PR,sul,-25.392687,-49.270798,publico,6,3.68,6.39,1.1,U371,29,43,,nao,sol,19,dom,
ECO-00182,10/06/2025,Salvador,BA,norte,-12.957125,-38.472971,bike,17,4.66,12.39,3.4,U115,14,5,sim,sim,nublado,13,seg,
ECO-00183,2025-05-13,Campinas,SP,leste,-22.930907,-47.020219,publico,12,10.96,38.38,4.5,U118,30,32,sim,nao,sol,6,qua,
ECO-00184,2025-06-17,Campinas,SP,oeste,"-22,890163",-47.025371,patinete,27,0.5,0.8,1.6,U109,20,30,,sim,nublado,13,qua,
ECO-00185,02-21-2025,Campinas,SP,sul,"-22,950386",-47.029759,bike,9,"5,25",17.85,2.0,U236,25,42,sim,nao,sol,18,qui,
ECO-00186,2025-01-05,São Paulo,SP,leste,-23.517949,-46.596354,publico,31,"5,37",19.51,4.1,U74,13,47,,sim,sol,22,sex,
ECO-00187,2025-09-28,Salvador,BA,sul,-13.003354,-38.546278,bike,5,0.5,1.97,2.5,U253,0,52,,sim,nublado,10,dom,
ECO-00188,2025-10-17,Salvador,BA,norte,-12.964611,-38.487815,publico,21,"0,5",1.01,3.7,U138,20,41,nao,sim,sol,7,qui,
ECO-00189,2025-03-01,Salvador,BA,norte,"-12,929009",-38.504649,patinete,35,0.5,1.6,1.3,U290,27,56,,nao,sol,9,sex,
ECO-00190,2025-07-11,salvador,BA,sul,-12.96133,"-38,538319",bike,31,4.9,13.06,4.3,U59,4,3,,sim,sol,2,qui,
ECO-00191,2025-07-28,Uberaba,MG,norte,-19.698621,-47.950379,publico,13,2.41,8.21,1.3,U213,12,51,,nao,chuva,6,sex,
ECO-00192,05-20-2025,São Paulo,SP,norte,-23.563388,-46.660728,patinete,13,4.61,9.03,2.4,U41,13,8,,nao,sol,20,sab,
ECO-00193,2025-06-07,Uberlândia,MG,leste,-18.889882,-48.30971,publico,19,5.23,11.05,2.2,U175,15,58,,sim,nublado,2,seg,
ECO-00194,2025-01-19,São Paulo,SP,sul,-23.591693,-46.647497,patinete,12,"2,78",9.99,2.0,U238,15,58,,nao,sol,17,sab,
ECO-00195,2025-04-10,Curitiba,PR,centro,"-25,439375",-49.251838,bike,11,6.44,10.24,1.4,U175,13,47,sim,nao,nublado,4,qui,
ECO-00196,2025-04-07,Salvador,BA,centro,-13.020249,"-38,478041",patinete,3,5.04,12.77,1.2,U308,7,47,sim,sim,sol,8,qua,
ECO-00197,2025-10-02,Curitiba,PR,centro,-25.454328,"-49,308416",patinete,7,2.63,6.93,3.4,U143,15,50,nao,sim,chuva,9,seg,
ECO-00198,2025-07-24,Salvador,BA,oeste,-12.968066,-38.492369,patinete,37,"0,5",1.65,2.3,U115,14,52,,nao,nublado,12,qui,
ECO-00199,2025-01-13,Campinas,SP,centro,-22.90285,-47.084498,bike,15,0.5,0.81,3.2,U1,4,27,sim,sim,nublado,18,dom,
ECO-00200,2025-04-01,uberlândia,MG,sul,-18.947719,-48.297587,carro,15,2.89,8.53,4.7,U185,12,3,nao,nao,sol,22,sab,
ECO-00201,07-24-2025,São Paulo,SP,sul,-23.514908,-46.62588,patinete,21,6.47,13.59,4.8,U247,18,7,nao,sim,nublado,11,seg,
ECO-00202,2025-08-27,Curitiba,PR,leste,"-25,413124",-49.309594,bike,10,6.81,19.94,4.3,U234,17,8,sim,sim,sol,7,seg,
ECO-00203,2025-09-24,Curitiba,PR,norte,-25.437232,-49.236455,bike,4,1.27,3.26,3.3,U283,2,0,,sim,sol,12,sex,
ECO-00204,05/08/2025,Uberaba,mg,oeste,-19.727031,-47.96182,carro,23,"0,5",1.92,4.0,U295,8,6,sim,sim,chuva,21,seg,
ECO-00205,2025-06-07,Campinas,SP,centro,-22.877752,-47.071907,bike,32,3.84,12.38,2.7,U303,22,52,sim,nao,nublado,16,qui,
ECO-00206,2025-04-05,São Paulo,SP,norte,-23.546269,-46.64011,publico,8,4.63,7.5,1.3,U37,5,37,sim,sim,sol,22,ter,
ECO-00207,2025-02-26,São Paulo,SP,oeste,-23.555761,-46.626752,carro,6,7.37,18.05,4.4,U257,12,53,sim,sim,chuva,21,dom,
ECO-00208,data_invalida,São Paulo,sp,centro,-23.514062,"-46,617258",bike,25,6.27,11.7,4.7,U111,21,34,,nao,sol,21,seg,
ECO-00209,2025-06-20,Uberlândia,MG,oeste,-18.870004,"-48,300833",bike,3,2.0,4.2,2.2,U343,17,3,sim,sim,nublado,20,sab,
ECO-00210,2025-09-17,Uberaba,MG,sul,-19.776704,-47.938499,carro,24,"6,23",10.09,1.4,U203,22,3,,nao,nublado,18,sex,
ECO-00211,03-17-2025,Salvador,BA,leste,-13.008869,"-38,544013",patinete,10,"4,12",7.9,4.8,U304,9,53,,sim,sol,5,qua,
ECO-00212,2025-07-05,Curitiba,PR,centro,-25.396275,-49.299057,carro,3,"3,34",12.68,1.3,U221,5,24,,nao,nublado,18,sex,
ECO-00213,08-13-2025,uberaba,MG,sul,-19.753147,-47.909287,patinete,3,6.35,23.41,4.9,U345,23,20,sim,sim,sol,7,seg,
ECO-00214,2025-07-01,Campinas,sp,leste,-22.863653,-47.089714,patinete,13,8.15,15.38,3.5,U310,7,35,nao,sim,chuva,14,sab,
ECO-00215,17/07/2025,Campinas,sp,oeste,-22.927754,-47.017112,bike,3,"3,65",10.8,4.3,U353,29,26,,nao,sol,13,ter,
ECO-00216,2025-04-26,Campinas,SP,sul,-22.892753,-47.060175,bike,7,"8,17",30.86,3.3,U214,0,20,nao,sim,chuva,6,sab,
ECO-00217,2025-04-12,Curitiba,PR,centro,-25.381747,-49.238348,patinete,21,"2,4",7.38,4.4,U81,19,32,nao,nao,sol,1,seg,
ECO-00218,27/05/2025,Uberlândia,MG,leste,-18.903071,-48.305301,patinete,4,"5,93",9.26,1.1,U10,26,49,,sim,sol,9,dom,
ECO-00219,2025-01-09,Uberaba,MG,leste,-19.747431,-47.983937,patinete,9,3.1,11.94,4.3,U271,17,18,nao,nao,nublado,8,qua,
ECO-00220,2025-03-26,Salvador,BA,oeste,-12.967554,-38.518138,patinete,12,1.45,5.74,4.9,U143,18,0,,sim,nublado,13,dom,
ECO-00221,2025-02-08,Curitiba,PR,centro,-25.441937,"-49,236246",bike,26,2.74,9.21,3.6,U271,4,16,sim,sim,nublado,7,seg,
ECO-00222,2025-01-24,São Paulo,SP,oeste,-23.540027,-46.656861,bike,14,4.07,9.95,4.4,U373,14,23,,sim,nublado,9,dom,
ECO-00223,2025-06-13,Campinas,SP,oeste,-22.895109,-47.105764,publico,22,2.96,6.73,2.1,U362,27,1,sim,nao,sol,4,sab,
ECO-00224,2025-03-09,Uberaba,MG,sul,-19.734512,-47.923735,patinete,22,4.77,8.33,4.7,U22,18,39,nao,sim,sol,14,dom,
ECO-00225,2025-04-29,Salvador,BA,centro,-13.024836,-38.485353,patinete,28,5.26,14.61,2.4,U375,14,13,sim,nao,sol,16,ter,
ECO-00226,2025-07-28,Uberaba,MG,norte,"-19,728414",-47.943826,publico,3,4.7,12.11,2.4,U119,22,53,,sim,nublado,16,qui,
ECO-00227,2025-07-13,São Paulo,SP,centro,-23.567453,-46.666806,carro,31,10.34,25.93,2.8,U396,5,49,,nao,sol,22,qui,
ECO-00228,05-03-2025,Uberlândia,MG,centro,-18.88173,"-48,269412",patinete,10,"5,12",9.4,4.2,U359,2,51,nao,sim,chuva,12,sab,
ECO-00229,2025-05-13,Salvador,BA,leste,-13.027638,"-38,53006",patinete,3,4.45,7.32,4.3,U333,16,45,nao,nao,nublado,13,ter,
ECO-00230,2025-06-18,Uberaba,MG,norte,-19.698723,-47.95871,carro,20,7.8,21.06,1.8,U262,2,3,sim,sim,chuva,18,dom,
ECO-00231,29/03/2025,uberlândia,MG,sul,-18.959209,-48.232148,carro,15,2.46,5.13,4.0,U251,13,47,nao,sim,sol,13,ter,
ECO-00232,2025-06-15,Salvador,BA,norte,-12.99917,-38.503182,bike,7,4.75,17.52,2.7,U250,1,35,sim,sim,sol,9,ter,
ECO-00233,23/02/2025,Curitiba,PR,oeste,-25.468797,-49.258752,bike,24,"0,99",3.18,1.8,U289,0,57,,sim,nublado,17,dom,
ECO-00234,2025-09-04,Uberlândia,MG,sul,-18.921215,-48.313556,bike,11,5.87,21.8,3.1,U122,6,0,sim,nao,sol,12,seg,
ECO-00235,2025-04-20,Uberlândia,MG,sul,-18.927424,-48.298103,bike,3,8.41,21.27,4.5,U14,19,59,sim,nao,sol,17,sab,
ECO-00236,2025-03-22,Campinas,SP,leste,-22.950788,-47.048991,patinete,25,"5,7",15.86,2.7,U376,5,39,sim,sim,chuva,17,ter,
ECO-00237,2025-08-12,Uberlândia,MG,oeste,-18.933965,-48.238083,publico,25,5.92,11.84,4.3,U366,14,32,,sim,sol,22,dom,
ECO-00238,2025-02-14,Uberaba,MG,leste,-19.776158,-47.889396,carro,28,9.93,37.27,3.2,U347,28,38,sim,sim,sol,12,sab,
ECO-00239,2025-07-21,Uberlândia,mg,oeste,-18.903934,-48.301064,bike,12,3.77,9.15,1.5,U204,18,22,,nao,sol,6,ter,
ECO-00240,09-20-2025,Salvador,BA,leste,-13.019841,-38.493936,bike,12,6.87,18.73,3.3,U305,2,58,sim,sim,sol,4,dom,
ECO-00241,31/07/2025,Uberaba,MG,sul,-19.730332,-47.904825,patinete,12,5.45,21.45,3.4,U158,8,9,nao,sim,chuva,16,dom,
ECO-00242,2025-09-02,Uberaba,MG,norte,-19.732954,-47.899998,patinete,24,"3,35",6.61,4.4,U384,6,2,,sim,nublado,16,ter,
ECO-00243,2025-04-07,Campinas,SP,centro,-22.928413,-47.106613,patinete,4,9.33,21.34,3.8,U7,30,10,,nao,chuva,21,sex,
ECO-00244,2025-03-23,São Paulo,SP,norte,-23.52435,-46.630789,publico,21,5.41,20.86,3.3,U254,18,56,,nao,chuva,11,qua,
ECO-00245,2025-05-19,Uberlândia,MG,oeste,-18.922289,-48.310293,bike,19,6.23,9.8,1.9,U55,15,46,sim,nao,nublado,15,qua,
ECO-00246,2025-08-12,Curitiba,PR,centro,-25.400846,-49.273309,patinete,3,"0,5",0.91,4.4,U108,19,51,sim,nao,nublado,8,sab,
ECO-00247,01/01/2025,Campinas,SP,leste,-22.896056,-47.079661,bike,39,1.75,6.11,3.9,U276,27,14,sim,sim,chuva,13,qua,
ECO-00248,2025-07-15,Curitiba,PR,oeste,-25.474721,-49.30517,bike,19,1.64,5.61,2.7,U256,3,56,,sim,sol,13,ter,
ECO-00249,2025-08-07,Curitiba,PR,leste,-25.475982,-49.303174,patinete,25,5.69,9.88,1.9,U183,11,46,nao,sim,sol,22,sex,
ECO-00250,2025-07-08,Campinas,SP,norte,"-22,904458",-47.09097,patinete,17,"2,95",5.23,2.2,U13,4,55,sim,nao,chuva,10,seg,
ECO-00251,2025-02-16,Uberlândia,mg,sul,-18.903851,-48.314043,bike,18,"4,66",9.3,1.3,U356,28,31,,sim,sol,11,qua,
ECO-00252,2025-06-21,São Paulo,SP,oeste,-23.506159,"-46,68324",publico,10,9.83,38.41,2.7,U372,20,16,sim,sim,sol,12,qua,
ECO-00253,2025-04-21,Uberaba,MG,sul,-19.781602,-47.957135,carro,3,4.14,13.45,2.8,U362,10,23,nao,sim,sol,5,seg,
ECO-00254,2025-07-23,Curitiba,PR,leste,-25.445284,-49.292564,publico,3,"4,82",18.38,2.3,U203,8,47,,nao,sol,4,sex,
ECO-00255,2025-07-14,Uberaba,MG,centro,-19.720468,-47.904522,patinete,7,2.44,8.08,1.4,U178,10,39,sim,sim,chuva,8,qui,
ECO-00256,2025-10-20,São Paulo,SP,oeste,"-23,583016",-46.672924,publico,25,5.15,18.67,1.9,U245,3,30,,nao,chuva,1,dom,
ECO-00257,2025-01-09,Uberaba,MG,centro,-19.710201,-47.975385,carro,3,0.5,1.39,1.0,U47,7,26,sim,nao,chuva,3,ter,
ECO-00258,2025-02-19,Uberaba,MG,norte,"-19,710405",-47.953823,carro,21,5.16,10.13,3.8,U77,30,9,,nao,chuva,1,qua,
ECO-00259,17/10/2025,Salvador,BA,leste,-12.981478,-38.536406,publico,3,5.93,21.02,3.7,U212,8,15,nao,sim,sol,12,ter,
ECO-00260,2025-09-14,Curitiba,PR,centro,-25.47024,-49.259568,bike,11,"5,18",10.54,4.3,U395,1,54,nao,sim,nublado,19,qua,
ECO-00261,01-31-2025,Uberaba,MG,centro,-19.707171,-47.964662,publico,3,7.94,25.2,3.9,U208,18,24,,nao,chuva,7,dom,
ECO-00262,2025-01-18,são paulo,SP,centro,-23.525855,-46.633959,publico,21,2.39,9.14,3.8,U153,1,14,nao,sim,sol,6,seg,
ECO-00263,02-01-2025,Curitiba,PR,sul,-25.40085,-49.287974,bike,9,6.23,21.4,3.3,U292,6,7,nao,nao,chuva,0,ter,
ECO-00264,2025-07-05,Uberlândia,MG,sul,-18.950498,-48.321845,patinete,22,5.55,21.24,4.6,U335,27,33,sim,nao,sol,10,dom,
ECO-00265,2025-06-08,Uberaba,MG,norte,-19.770446,-47.914249,publico,18,2.76,7.83,2.1,U186,30,8,sim,nao,sol,4,dom,
ECO-00266,2025-10-23,Uberaba,MG,norte,-19.731092,-47.945464,patinete,14,"0,5",1.61,3.4,U379,1,60,,nao,sol,6,qui,
ECO-00267,2025-07-29,Salvador,BA,oeste,-12.951918,-38.531081,publico,22,9.51,27.11,1.6,U124,24,27,,sim,nublado,6,qui,
ECO-00268,data_invalida,Curitiba,PR,oeste,-25.474358,"-49,268578",bike,35,9.3,28.1,1.2,U184,26,48,,sim,nublado,8,ter,
ECO-00269,07/10/2025,São Paulo,SP,norte,-23.579794,-46.623583,publico,3,2.17,5.1,2.8,U19,22,29,sim,sim,nublado,22,seg,
ECO-00270,2025-03-26,Campinas,SP,leste,-22.940043,-47.108706,publico,16,4.16,12.34,4.5,U150,24,51,,nao,sol,6,qui,
ECO-00271,2025-06-19,Salvador,ba,norte,-12.936241,"-38,506193",carro,18,6.99,21.72,4.5,U281,17,41,sim,nao,sol,2,dom,
ECO-00272,2025-08-07,Curitiba,PR,norte,-25.420341,-49.235549,carro,23,2.38,6.19,1.6,U51,12,58,,sim,nublado,23,sab,
ECO-00273,data_invalida,São Paulo,SP,centro,-23.509642,-46.672753,bike,7,3.84,11.36,3.8,U110,12,56,,nao,sol,11,dom,
ECO-00274,23/10/2025,Salvador,BA,centro,-13.016946,-38.484439,patinete,28,0.5,1.62,4.6,U375,21,35,nao,nao,nublado,18,seg,
ECO-00275,2025-06-20,Campinas,SP,sul,-22.857431,-47.090029,publico,23,3.58,13.55,3.2,U172,28,2,sim,sim,chuva,1,sex,
ECO-00276,2025-02-06,Uberaba,MG,centro,-19.754816,-47.984278,carro,17,4.1,13.29,3.5,U288,28,23,,sim,nublado,21,sab,
ECO-00277,2025-08-06,Salvador,BA,norte,-12.990159,-38.486534,bike,18,0.5,1.46,4.3,U317,27,57,sim,nao,nublado,4,qua,
ECO-00278,19/05/2025,uberaba,MG,oeste,-19.731158,-47.925841,carro,27,0.5,1.29,4.9,U146,9,39,sim,sim,nublado,22,dom,
ECO-00279,04-01-2025,Uberaba,MG,oeste,-19.709566,"-47,906288",patinete,10,3.92,12.39,2.9,U13,2,46,nao,nao,sol,15,qui,
ECO-00280,2025-08-10,Uberlândia,MG,sul,-18.934085,-48.280512,patinete,32,3.9,13.43,1.4,U306,2,29,sim,sim,sol,19,sex,
ECO-00281,2025-01-13,Curitiba,PR,sul,-25.455647,-49.254226,bike,25,6.65,20.94,2.5,U314,15,14,,sim,chuva,15,qua,
ECO-00282,2025-03-15,Uberaba,MG,leste,-19.779862,-47.962813,carro,9,1.6,4.81,1.2,U91,23,35,,sim,sol,4,qui,
ECO-00283,10-12-2025,Salvador,ba,centro,-13.016216,"-38,498233",bike,25,1.35,2.26,4.6,U34,2,2,sim,sim,nublado,7,dom,
ECO-00284,2025-01-01,São Paulo,SP,norte,-23.537951,-46.651876,bike,27,2.18,4.47,4.0,U211,22,7,sim,sim,sol,4,dom,
ECO-00285,2025-03-08,Salvador,BA,leste,"-12,958699",-38.452117,patinete,23,2.51,7.66,2.2,U174,28,24,,sim,chuva,16,qua,
ECO-00286,05-08-2025,Campinas,SP,oeste,-22.919106,-47.08354,patinete,28,6.64,10.21,2.8,U14,19,31,nao,sim,nublado,2,qua,
ECO-00287,2025-07-27,Salvador,BA,norte,-12.995467,-38.476743,carro,16,6.01,22.15,4.3,U227,14,51,nao,sim,sol,20,ter,
ECO-00288,2025-03-23,são paulo,SP,oeste,-23.544397,-46.620244,bike,3,10.68,36.26,4.8,U383,23,9,nao,sim,chuva,9,seg,
ECO-00289,02-04-2025,São Paulo,SP,centro,-23.536772,-46.585437,bike,12,6.1,22.09,3.1,U108,0,44,,nao,nublado,8,ter,
ECO-00290,data_invalida,Campinas,SP,oeste,-22.898742,"-47,091208",bike,16,2.71,10.57,2.0,U215,5,41,sim,nao,sol,20,qua,
ECO-00291,2025-08-06,uberaba,MG,norte,-19.758639,"-47,970617",publico,17,"8,29",24.52,4.8,U199,25,16,sim,sim,chuva,15,dom,
ECO-00292,24/05/2025,Uberlândia,MG,norte,"-18,917462",-48.315906,publico,27,3.83,11.87,4.1,U295,29,45,,sim,sol,19,ter,
ECO-00293,14/08/2025,São Paulo,SP,oeste,"-23,556839","-46,595765",publico,20,"3,47",10.64,3.0,U209,22,59,,nao,nublado,16,seg,
ECO-00294,07-22-2025,Campinas,SP,oeste,-22.943132,-47.044435,patinete,17,4.39,8.09,4.5,U79,7,8,,nao,sol,20,ter,
ECO-00295,2025-02-08,Curitiba,PR,centro,-25.466103,"-49,252218",patinete,19,0.97,2.18,2.6,U298,16,37,,sim,nublado,11,dom,
ECO-00296,2025-02-16,uberaba,MG,norte,-19.754055,-47.904655,publico,15,6.94,15.12,2.7,U259,2,1,nao,nao,nublado,10,sab,
ECO-00297,09-10-2025,salvador,BA,sul,-12.948338,-38.49267,carro,23,0.77,1.41,4.8,U365,8,51,nao,sim,sol,21,dom,
ECO-00298,2025-09-12,São Paulo,SP,norte,-23.563416,-46.677054,bike,9,"2,15",6.82,2.8,U75,0,49,nao,sim,chuva,8,qui,
ECO-00299,2025-08-29,São Paulo,SP,leste,-23.516854,-46.68162,patinete,31,2.29,3.91,4.8,U155,18,48,sim,nao,sol,2,sex,
ECO-00300,06-14-2025,São Paulo,SP,leste,"-23,574809","-46,61206",publico,20,1.68,5.9,4.3,U129,25,48,sim,nao,sol,4,dom,
ECO-00301,data_invalida,Salvador,BA,norte,"-12,944292",-38.543917,publico,18,5.6,16.62,3.1,U44,14,43,nao,sim,nublado,4,qua,
ECO-00302,16/07/2025,Salvador,BA,oeste,"-12,951531",-38.477397,publico,9,5.47,11.24,4.7,U191,0,27,sim,nao,chuva,3,sex,
ECO-00303,2025-09-06,Curitiba,PR,norte,"-25,466795",-49.261904,patinete,28,"6,97",23.57,3.1,U161,7,49,sim,nao,nublado,19,sab,
ECO-00304,2025-05-07,Uberlândia,MG,leste,-18.905254,-48.255256,patinete,16,"2,02",3.7,4.1,U185,5,50,sim,sim,nublado,22,sex,
ECO-00305,04/01/2025,Curitiba,PR,leste,"-25,398951","-49,266363",carro,23,0.5,1.19,1.9,U141,1,25,nao,nao,chuva,6,sab,
ECO-00306,2025-03-11,Salvador,BA,sul,-12.942526,-38.50457,bike,25,5.62,16.79,2.4,U34,28,58,,sim,nublado,7,sex,
ECO-00307,2025-08-18,São Paulo,SP,centro,-23.572623,"-46,636185",carro,3,3.17,8.88,3.9,U117,29,15,,sim,sol,12,ter,
ECO-00308,30/05/2025,Campinas,SP,sul,-22.881413,-47.037067,publico,17,2.86,11.29,2.5,U331,14,12,,sim,sol,6,qui,
ECO-00309,2025-10-19,Uberlândia,MG,norte,-18.880015,-48.24785,bike,28,1.07,3.06,1.0,U172,7,39,nao,nao,sol,5,qui,
ECO-00310,07/06/2025,Salvador,BA,sul,-12.964081,-38.455748,patinete,8,0.65,1.76,4.5,U161,15,23,sim,sim,sol,16,sex,
ECO-00311,18/01/2025,Salvador,BA,centro,-12.937349,-38.482373,publico,32,7.23,12.04,3.2,U122,24,14,sim,nao,sol,2,qui,
ECO-00312,2025-03-14,Uberlândia,MG,leste,-18.943241,-48.245675,carro,38,1.79,5.39,3.4,U206,23,32,sim,sim,sol,15,seg,
ECO-00313,2025-02-23,Uberlândia,MG,norte,-18.952544,-48.256857,publico,13,7.53,26.34,2.1,U3,5,10,sim,nao,nublado,20,sex,
ECO-00314,2025-08-18,Curitiba,PR,centro,"-25,396851",-49.223774,bike,34,"4,73",12.12,1.6,U79,16,36,nao,nao,nublado,22,qui,
ECO-00315,2025-10-17,Campinas,SP,leste,-22.917212,-47.084483,bike,3,6.59,19.48,1.7,U273,0,2,sim,nao,sol,0,dom,
ECO-00316,2025-07-22,Curitiba,PR,centro,-25.462716,-49.261549,patinete,6,4.81,17.78,3.2,U22,26,51,sim,nao,nublado,10,sab,
ECO-00317,2025-02-08,Uberaba,MG,leste,-19.765301,-47.930884,publico,3,2.62,8.55,2.6,U249,30,50,nao,nao,nublado,9,qua,
ECO-00318,13/02/2025,Uberaba,MG,oeste,-19.744141,-47.966434,carro,30,0.5,1.9,1.5,U311,7,5,sim,sim,nublado,16,sex,
ECO-00319,data_invalida,uberlândia,MG,oeste,-18.933951,-48.319583,carro,3,0.5,1.0,3.0,U274,13,26,,nao,nublado,15,qua,
ECO-00320,2025-01-17,Curitiba,pr,leste,-25.473214,-49.2553,bike,10,6.81,16.25,4.0,U345,4,32,,sim,nublado,16,qui,
ECO-00321,2025-07-12,Uberlândia,MG,centro,"-18,918474",-48.263765,publico,6,7.02,21.55,3.8,U158,10,20,sim,nao,sol,0,qui,
ECO-00322,2025-07-07,Campinas,SP,centro,-22.941665,-47.013774,bike,3,"3,54",5.91,4.0,U237,27,24,sim,sim,nublado,4,dom,
ECO-00323,2025-08-17,uberlândia,MG,sul,-18.966371,-48.29434,bike,29,5.9,16.74,4.4,U366,5,29,nao,sim,chuva,5,dom,
ECO-00324,2025-03-11,Curitiba,PR,leste,-25.393398,-49.32151,bike,18,7.68,21.74,4.0,U295,13,40,nao,nao,sol,15,qua,
ECO-00325,data_invalida,Curitiba,PR,centro,"-25,459674",-49.226647,patinete,12,0.5,1.63,2.9,U356,30,26,,nao,sol,14,seg,
ECO-00326,14/07/2025,Campinas,SP,centro,-22.954195,-47.077814,patinete,18,4.7,7.96,1.6,U184,7,39,nao,nao,sol,19,qui,
ECO-00327,2025-07-08,uberaba,MG,sul,-19.702058,-47.901391,patinete,13,1.43,4.21,3.9,U88,3,47,nao,sim,sol,2,dom,
ECO-00328,02/08/2025,Salvador,BA,centro,-13.023094,"-38,512301",carro,17,"5,23",20.24,2.9,U158,1,10,,nao,nublado,13,dom,
ECO-00329,2025-05-01,Salvador,BA,sul,-12.956816,-38.549735,publico,19,2.84,6.1,1.1,U35,9,40,,sim,chuva,0,seg,
ECO-00330,04-28-2025,Campinas,SP,oeste,"-22,94881",-47.0835,carro,23,10.89,19.1,3.3,U186,25,17,,sim,sol,17,ter,
ECO-00331,2025-02-28,São Paulo,SP,sul,-23.509436,-46.609355,patinete,21,"0,5",1.1,1.7,U281,6,45,sim,sim,nublado,17,sex,
ECO-00332,2025-05-27,Salvador,BA,oeste,-12.956545,-38.50189,patinete,21,1.15,3.94,1.5,U292,17,3,sim,nao,sol,1,dom,
ECO-00333,2025-04-25,campinas,SP,centro,-22.923072,-47.086486,patinete,7,0.5,1.24,4.6,U133,9,1,nao,sim,sol,10,seg,
ECO-00334,2025-09-04,Salvador,ba,sul,-12.999251,-38.510227,carro,6,2.73,6.43,3.2,U298,29,27,,nao,sol,7,dom,
ECO-00335,2025-09-23,Campinas,SP,centro,"-22,902436",-47.0881,carro,3,3.19,7.67,2.6,U121,4,19,nao,sim,chuva,19,qui,
ECO-00336,2025-01-13,Curitiba,PR,sul,-25.477325,-49.278938,patinete,16,7.06,10.6,3.0,U335,17,39,nao,nao,sol,3,ter,
ECO-00337,2025-01-04,Uberlândia,MG,sul,"-18,880136",-48.303064,bike,24,1.38,5.4,3.3,U346,21,23,,sim,sol,1,qua,
ECO-00338,2025-08-30,Campinas,SP,oeste,-22.859213,-47.015242,carro,22,"5,39",20.33,4.5,U314,27,15,sim,sim,nublado,14,qui,
ECO-00339,01-14-2025,Uberlândia,MG,sul,-18.906205,-48.231088,bike,11,4.63,17.52,3.4,U74,12,12,sim,sim,chuva,9,qua,
ECO-00340,2025-01-05,Campinas,sp,leste,-22.886836,-47.066934,bike,14,0.78,1.18,4.4,U169,25,17,sim,nao,sol,1,qui,
ECO-00341,2025-10-28,Salvador,BA,leste,-12.980089,-38.479056,bike,17,0.5,0.78,1.7,U69,30,58,sim,sim,sol,17,qua,
ECO-00342,03/08/2025,Campinas,SP,oeste,-22.936508,"-47,034934",patinete,27,3.45,7.13,3.0,U299,12,30,sim,nao,sol,17,dom,
ECO-00343,2025-07-06,Uberaba,MG,norte,-19.726785,-47.898107,patinete,22,"5,02",17.42,3.9,U288,7,43,nao,sim,nublado,16,dom,
ECO-00344,2025-07-06,São Paulo,SP,oeste,-23.572786,-46.654943,bike,3,1.06,1.65,4.2,U329,17,51,nao,sim,chuva,17,qui,
ECO-00345,2025-05-13,São Paulo,SP,oeste,"-23,586967",-46.592883,patinete,5,6.85,17.8,1.2,U143,8,20,,nao,nublado,11,sex,
ECO-00346,2025-10-16,Salvador,BA,leste,-12.938055,-38.489212,publico,9,0.5,1.35,2.6,U366,26,9,sim,nao,sol,9,ter,
ECO-00347,2025-06-15,Campinas,SP,norte,-22.947737,-47.077674,bike,10,"5,82",13.85,1.2,U96,9,12,sim,sim,nublado,14,ter,
ECO-00348,04-21-2025,Campinas,SP,norte,"-22,874004",-47.050037,publico,22,"0,5",0.76,1.0,U344,6,51,nao,nao,chuva,8,sex,
ECO-00349,2025-07-31,salvador,BA,norte,-12.948658,"-38,526676",carro,22,5.56,16.1,1.4,U160,1,24,,sim,sol,13,qua,
ECO-00350,2025-03-15,Uberlândia,MG,leste,-18.887613,-48.268659,patinete,33,0.5,1.89,3.9,U271,9,57,sim,nao,sol,23,qua,
ECO-00351,2025-06-05,São Paulo,SP,norte,-23.583814,-46.659645,publico,31,4.4,9.04,1.8,U139,14,18,,nao,sol,14,ter,
ECO-00352,2025-06-28,Uberaba,MG,oeste,"-19,756012",-47.96122,publico,32,8.57,16.73,1.6,U38,2,37,,sim,sol,17,qua,
ECO-00353,2025-07-19,Uberlândia,mg,centro,-18.958846,"-48,279194",bike,9,4.48,16.01,2.1,U76,3,51,nao,sim,nublado,2,dom,
ECO-00354,2025-04-20,Campinas,SP,sul,-22.905186,-47.023617,bike,19,7.78,12.53,3.1,U13,2,7,,nao,sol,14,ter,
ECO-00355,2025-07-21,Curitiba,PR,leste,-25.475872,-49.251571,patinete,20,"7,61",11.92,4.2,U246,10,49,sim,nao,nublado,4,qui,
ECO-00356,2025-10-14,Campinas,SP,centro,-22.93486,"-47,108395",carro,10,5.95,17.94,3.6,U143,12,45,sim,sim,sol,4,ter,
ECO-00357,2025-06-16,Curitiba,PR,oeste,"-25,389527",-49.241604,bike,17,0.5,1.76,1.8,U297,30,54,sim,sim,nublado,2,seg,
ECO-00358,2025-07-12,Curitiba,PR,leste,-25.379491,-49.274698,patinete,5,7.99,18.5,4.6,U95,4,0,sim,nao,nublado,0,sex,
ECO-00359,26/10/2025,Campinas,SP,centro,-22.886697,-47.017315,publico,3,"0,8",2.32,2.2,U294,8,7,,sim,sol,6,qui,
ECO-00360,12/07/2025,Curitiba,PR,norte,-25.450954,-49.269396,patinete,16,0.5,1.47,4.0,U137,21,41,sim,nao,sol,14,sab,
ECO-00361,2025-05-12,Uberaba,MG,norte,-19.732751,-47.965425,patinete,3,3.25,8.58,1.1,U21,23,55,nao,sim,nublado,5,qua,
ECO-00362,2025-05-03,São Paulo,SP,oeste,-23.558307,-46.675144,publico,11,4.79,9.26,3.3,U247,22,26,sim,nao,nublado,16,dom,
ECO-00363,2025-09-03,São Paulo,SP,norte,-23.523971,-46.673157,bike,23,2.69,4.8,1.4,U216,6,53,nao,sim,sol,7,dom,
ECO-00364,data_invalida,Curitiba,PR,sul,"-25,402831","-49,278711",bike,35,1.79,5.37,2.8,U37,10,4,nao,nao,sol,0,qui,
ECO-00365,data_invalida,Uberaba,MG,sul,-19.699544,-47.9156,bike,21,"3,29",9.08,1.2,U299,27,18,nao,sim,chuva,4,qui,
ECO-00366,data_invalida,Uberaba,MG,norte,-19.727209,-47.944589,patinete,21,3.79,13.18,1.6,U397,30,51,nao,sim,sol,2,ter,
ECO-00367,2025-07-05,Uberaba,MG,leste,-19.714606,-47.92405,patinete,26,1.47,5.13,1.3,U99,18,46,sim,nao,sol,22,seg,
ECO-00368,data_invalida,São Paulo,SP,leste,-23.530895,-46.588725,bike,3,6.89,19.48,3.2,U250,25,48,,sim,chuva,0,qui,
ECO-00369,2025-06-05,Uberaba,MG,norte,-19.729974,-47.891454,patinete,5,"2,89",10.68,1.7,U63,11,54,nao,sim,chuva,8,seg,
ECO-00370,2025-05-26,São Paulo,SP,norte,-23.539565,-46.629433,publico,10,4.37,14.13,2.6,U175,3,54,sim,sim,sol,13,qua,
ECO-00371,2025-03-28,Curitiba,pr,sul,-25.394613,"-49,241796",carro,20,"0,5",1.78,2.3,U346,12,60,sim,nao,sol,7,dom,
ECO-00372,2025-07-31,Uberlândia,MG,sul,"-18,947925",-48.313096,bike,25,"5,41",8.65,3.3,U119,16,56,nao,nao,sol,21,sex,
ECO-00373,2025-08-18,Salvador,BA,centro,-13.018677,-38.480599,patinete,17,6.67,12.2,3.9,U81,29,40,,nao,nublado,8,dom,
ECO-00374,2025-07-27,Curitiba,PR,centro,-25.474156,-49.240504,patinete,6,5.06,9.12,1.3,U78,28,40,sim,nao,sol,4,dom,
ECO-00375,08-06-2025,Uberaba,MG,centro,"-19,723154",-47.936185,patinete,27,7.17,18.65,4.7,U275,1,60,,sim,nublado,19,sab,
ECO-00376,2025-09-28,Uberlândia,MG,sul,-18.952114,-48.267526,patinete,13,10.66,41.96,1.9,U345,25,3,sim,nao,nublado,11,qua,
ECO-00377,2025-01-05,Salvador,BA,sul,-12.967361,-38.511096,patinete,3,3.49,13.03,3.8,U26,6,34,,nao,sol,21,dom,
ECO-00378,2025-04-24,Curitiba,PR,norte,-25.408925,"-49,2472",patinete,10,2.9,7.24,2.0,U355,5,35,nao,sim,sol,21,sex,
ECO-00379,03-01-2025,São Paulo,SP,norte,"-23,554252","-46,64746",publico,13,4.75,8.2,4.5,U104,26,29,,sim,nublado,18,ter,
ECO-00380,2025-09-14,Uberlândia,MG,centro,-18.947312,-48.240821,bike,4,1.14,3.34,3.0,U5,7,37,nao,sim,chuva,2,seg,
ECO-00381,2025-07-20,Uberlândia,mg,leste,-18.88413,-48.276104,patinete,28,5.39,14.55,3.7,U87,9,60,,nao,nublado,9,sex,
ECO-00382,2025-07-20,Campinas,SP,oeste,-22.939336,"-47,059614",patinete,24,"3,91",8.52,4.7,U255,30,4,,sim,sol,15,seg,
ECO-00383,2025-04-27,Uberlândia,MG,centro,-18.918565,-48.258841,publico,3,6.78,22.66,2.5,U24,3,52,nao,nao,chuva,3,sex,
ECO-00384,2025-07-15,São Paulo,SP,oeste,-23.554914,-46.598286,carro,17,0.78,2.21,3.9,U195,7,59,sim,nao,chuva,22,ter,
ECO-00385,2025-09-14,Curitiba,PR,sul,-25.469463,-49.244366,publico,20,3.92,9.31,2.0,U320,13,6,,nao,chuva,3,seg,
ECO-00386,04-27-2025,Curitiba,PR,leste,-25.458374,-49.297761,carro,6,1.59,2.93,4.4,U234,11,60,nao,nao,nublado,8,qui,
ECO-00387,2025-10-08,Uberlândia,MG,sul,-18.895407,-48.316232,bike,16,"0,5",1.26,2.6,U253,30,52,,sim,chuva,15,seg,
ECO-00388,11/04/2025,São Paulo,sp,sul,-23.518349,-46.664614,patinete,26,5.37,19.13,1.3,U370,17,29,sim,sim,chuva,20,dom,
ECO-00389,2025-10-11,Uberaba,MG,centro,-19.752463,-47.908602,publico,17,"1,49",2.68,4.2,U242,26,60,,nao,chuva,5,ter,
ECO-00390,2025-06-28,Curitiba,pr,oeste,-25.401428,-49.240507,bike,3,0.5,0.97,4.9,U280,5,42,,sim,nublado,8,sex,
ECO-00391,2025-05-30,São Paulo,SP,norte,-23.569316,-46.627105,patinete,9,0.76,1.99,4.0,U171,23,17,sim,sim,sol,0,sab,
ECO-00392,2025-04-24,São Paulo,sp,centro,-23.584618,-46.59886,publico,29,1.95,4.06,1.1,U366,11,50,,nao,nublado,4,ter,
ECO-00393,2025-05-07,Salvador,BA,norte,-12.945547,-38.473368,patinete,15,2.93,11.61,3.1,U297,14,57,nao,sim,sol,15,qua,
ECO-00394,2025-03-16,São Paulo,sp,sul,-23.594817,-46.616223,carro,22,4.96,17.79,4.2,U293,10,26,nao,sim,sol,13,qui,
ECO-00395,2025-02-15,Uberlândia,MG,norte,-18.870608,-48.232187,patinete,7,"6,39",23.9,1.8,U18,24,59,sim,nao,sol,6,dom,
ECO-00396,06-20-2025,Curitiba,PR,leste,-25.446312,"-49,269011",publico,36,6.37,13.45,2.4,U376,20,1,,nao,sol,6,sab,
ECO-00397,22/05/2025,Curitiba,PR,sul,"-25,40232",-49.319085,bike,37,4.38,9.23,1.6,U150,10,49,sim,sim,chuva,9,ter,
ECO-00398,2025-07-02,Campinas,sp,leste,-22.936201,-47.09943,publico,5,1.3,2.29,1.7,U311,30,2,nao,nao,nublado,18,sex,
ECO-00399,2025-05-11,Uberlândia,MG,sul,-18.946188,-48.231607,carro,13,6.25,20.96,3.9,U204,20,38,,sim,sol,18,dom,
ECO-00400,2025-05-06,Uberlândia,MG,leste,-18.882261,-48.260396,bike,11,5.98,17.97,2.6,U174,8,18,sim,nao,nublado,16,sex,
ECO-00401,2025-02-17,curitiba,PR,centro,-25.463197,-49.247826,bike,21,7.92,22.53,2.5,U394,5,13,sim,nao,sol,3,sab,
ECO-00402,2025-01-05,Salvador,BA,norte,-13.018686,-38.523046,patinete,24,7.19,28.27,4.4,U107,20,15,nao,nao,nublado,10,sab,
ECO-00403,2025-08-06,curitiba,PR,norte,-25.468616,-49.292889,publico,29,6.92,19.62,2.7,U170,20,9,nao,sim,nublado,23,sab,
ECO-00404,data_invalida,Curitiba,PR,leste,-25.417502,-49.292528,bike,20,2.39,4.27,3.3,U259,5,41,sim,nao,sol,5,sex,
ECO-00405,data_invalida,Curitiba,PR,centro,-25.435012,-49.319883,publico,12,0.5,0.85,3.0,U295,5,0,,nao,sol,13,seg,
ECO-00406,2025-04-21,Salvador,BA,sul,-13.013182,-38.453081,patinete,17,4.56,9.63,1.6,U220,29,53,,sim,nublado,1,sab,
ECO-00407,2025-04-21,uberaba,MG,sul,-19.748979,-47.969185,carro,24,"2,46",6.66,3.5,U171,5,36,nao,sim,nublado,8,qua,
ECO-00408,2025-07-31,Uberaba,MG,oeste,-19.698385,-47.927465,bike,20,5.61,20.38,3.3,U400,3,30,sim,nao,sol,12,sab,
ECO-00409,2025-03-30,Salvador,BA,sul,-12.978619,-38.472902,publico,9,6.8,20.6,4.1,U315,15,18,sim,nao,sol,21,sex,
ECO-00410,2025-01-18,Campinas,SP,norte,-22.879543,-47.074257,patinete,18,4.66,15.5,4.9,U144,8,12,sim,sim,nublado,19,sex,
ECO-00411,data_invalida,São Paulo,SP,norte,-23.576532,-46.61523,bike,17,4.33,8.53,3.0,U211,23,25,nao,nao,chuva,14,qua,
ECO-00412,2025-02-23,Curitiba,PR,oeste,-25.418816,-49.227561,publico,25,"2,45",4.41,4.3,U369,13,11,sim,sim,sol,2,ter,
ECO-00413,2025-09-21,Campinas,SP,centro,-22.878725,-47.091879,patinete,33,9.13,20.25,4.3,U386,12,13,nao,nao,chuva,3,ter,
ECO-00414,2025-08-31,Campinas,SP,sul,-22.881427,-47.10859,bike,6,1.86,3.84,4.9,U225,6,3,,sim,nublado,0,seg,
ECO-00415,2025-08-04,Campinas,SP,norte,-22.902839,-47.026868,carro,3,"0,5",1.71,3.4,U36,15,45,,nao,sol,10,sex,
ECO-00416,09-18-2025,Curitiba,PR,sul,"-25,383061",-49.26607,publico,10,7.29,25.5,2.9,U58,10,28,sim,nao,nublado,12,dom,
ECO-00417,2025-08-19,são paulo,SP,norte,-23.553054,"-46,61528",bike,10,1.21,4.49,3.5,U347,25,60,nao,nao,sol,11,sex,
ECO-00418,03-08-2025,Salvador,BA,centro,-12.946364,"-38,528036",bike,11,1.27,2.93,4.5,U301,3,8,nao,sim,sol,8,sex,
ECO-00419,2025-06-09,São Paulo,sp,centro,-23.515736,-46.633212,publico,3,6.13,22.61,2.3,U369,28,38,sim,sim,nublado,21,seg,
ECO-00420,21/02/2025,Salvador,BA,centro,-12.928998,-38.497578,patinete,37,3.29,9.53,3.9,U267,9,5,sim,nao,sol,10,sex,
ECO-00421,2025-10-14,Curitiba,PR,oeste,-25.401882,-49.299054,carro,17,2.92,10.16,4.4,U104,22,2,sim,sim,sol,6,sex,
ECO-00422,data_invalida,Campinas,SP,norte,"-22,939502",-47.092734,publico,20,2.86,7.77,3.9,U155,18,22,,nao,sol,16,dom,
ECO-00423,2025-01-03,são paulo,SP,norte,"-23,590528",-46.669942,patinete,15,"0,5",1.05,1.5,U35,25,8,sim,nao,chuva,14,qui,
ECO-00424,2025-05-17,Salvador,BA,norte,-12.958878,-38.501548,carro,19,1.03,1.77,4.4,U335,30,53,nao,nao,sol,6,qui,
ECO-00425,2025-02-17,Uberaba,MG,oeste,-19.725628,-47.914988,bike,43,5.67,12.76,2.0,U244,6,3,nao,sim,sol,21,ter,
ECO-00426,2025-08-14,Uberaba,MG,sul,-19.763824,"-47,957798",carro,33,2.24,7.44,2.9,U271,19,37,sim,sim,chuva,10,seg,
ECO-00427,26/04/2025,Uberlândia,MG,oeste,-18.956252,-48.294413,carro,8,2.88,11.19,4.2,U136,24,38,,sim,sol,20,qui,
ECO-00428,2025-09-28,Campinas,SP,oeste,"-22,859852",-47.042294,publico,18,"1,1",2.61,2.4,U116,24,45,nao,nao,sol,5,sex,
ECO-00429,2025-01-26,Salvador,BA,leste,-13.027634,-38.507517,patinete,12,8.25,25.35,4.7,U196,1,37,sim,nao,nublado,1,qui,
ECO-00430,2025-10-02,Salvador,BA,sul,-12.951426,-38.541589,publico,9,5.43,16.18,3.1,U114,30,14,,sim,sol,20,sab,
ECO-00431,2025-07-04,Campinas,SP,norte,-22.943099,-47.068019,patinete,23,8.05,12.71,4.8,U42,22,37,nao,nao,chuva,23,sex,
ECO-00432,01-11-2025,Curitiba,pr,leste,-25.412336,-49.232018,carro,19,6.89,13.09,1.5,U390,28,31,sim,nao,nublado,1,seg,
ECO-00433,2025-03-03,Curitiba,PR,centro,"-25,462881",-49.313856,patinete,19,0.5,1.34,3.1,U16,0,58,sim,nao,sol,14,ter,
ECO-00434,2025-05-13,são paulo,SP,sul,-23.576383,-46.599201,carro,39,3.42,7.5,3.9,U122,4,39,nao,nao,sol,8,qua,
ECO-00435,2025-03-22,Campinas,SP,oeste,-22.899263,-47.057359,bike,13,5.82,22.11,4.3,U330,25,4,,sim,nublado,7,seg,
ECO-00436,2025-07-09,Salvador,BA,centro,"-13,005271",-38.452206,bike,14,1.0,3.14,3.9,U22,17,45,,sim,sol,17,sex,
ECO-00437,2025-04-04,Salvador,BA,sul,-13.004953,"-38,490303",carro,15,0.5,1.78,3.3,U187,28,25,nao,nao,nublado,3,sex,
ECO-00438,2025-07-29,Salvador,BA,leste,-12.96831,-38.485958,carro,25,"2,12",5.27,3.6,U72,2,54,,sim,chuva,10,sex,
ECO-00439,2025-07-25,Uberaba,MG,oeste,-19.747586,"-47,931529",carro,18,9.65,19.52,1.5,U376,27,49,,nao,chuva,16,seg,
ECO-00440,2025-05-03,São Paulo,SP,centro,-23.545158,-46.58982,bike,19,0.5,1.44,1.1,U216,20,47,,sim,nublado,12,sex,
ECO-00441,2025-05-16,Curitiba,PR,oeste,-25.393399,"-49,264954",bike,21,6.3,14.09,1.4,U79,7,12,nao,nao,sol,16,sab,
ECO-00442,2025-05-03,Campinas,SP,oeste,-22.925717,-47.032293,publico,16,0.5,1.24,1.3,U158,7,23,,nao,nublado,0,qui,
ECO-00443,2025-03-19,São Paulo,SP,leste,"-23,584875",-46.633963,patinete,12,6.94,15.3,2.2,U2,5,18,nao,sim,sol,19,sab,
ECO-00444,2025-02-20,São Paulo,SP,norte,-23.599541,-46.602324,patinete,12,0.87,2.28,4.3,U265,12,17,sim,sim,chuva,10,sex,
ECO-00445,15/06/2025,Salvador,BA,leste,-13.019896,-38.500352,publico,16,8.54,30.97,3.7,U131,30,12,nao,nao,sol,22,sab,
ECO-00446,2025-01-01,Curitiba,pr,norte,-25.400402,-49.264055,patinete,3,0.5,1.03,4.9,U215,12,17,nao,sim,sol,19,sab,
ECO-00447,2025-03-24,São Paulo,SP,centro,-23.575449,"-46,583801",bike,32,4.35,7.06,2.6,U374,29,27,,sim,nublado,15,seg,
ECO-00448,2025-01-09,Curitiba,PR,sul,-25.458055,-49.301232,bike,17,"1,16",2.79,1.2,U3,8,18,,sim,sol,2,sex,
ECO-00449,2025-07-28,Curitiba,PR,leste,-25.476528,-49.30289,publico,4,"4,35",13.8,4.5,U388,12,35,,sim,sol,4,qui,
ECO-00450,2025-02-14,Curitiba,PR,leste,-25.420856,-49.280039,patinete,27,4.98,11.98,2.6,U244,2,56,,sim,sol,0,ter,
ECO-00451,2025-01-15,Curitiba,PR,sul,"-25,451694",-49.250882,bike,18,1.19,2.06,2.6,U266,6,24,,nao,sol,16,sex,
ECO-00452,22/05/2025,Salvador,BA,leste,-12.943092,-38.527966,patinete,5,3.37,5.12,4.7,U63,28,51,,nao,sol,21,dom,
ECO-00453,2025-09-01,Uberlândia,MG,oeste,-18.90151,-48.250384,bike,11,"6,3",20.6,2.6,U46,3,26,sim,sim,nublado,17,qua,
ECO-00454,2025-04-25,Uberaba,MG,norte,-19.717671,-47.919197,patinete,26,6.75,22.52,3.0,U17,30,14,,nao,nublado,22,seg,
ECO-00455,2025-01-02,Uberlândia,MG,sul,-18.939432,-48.297332,publico,3,6.12,16.39,4.8,U231,4,47,sim,sim,nublado,19,sab,
ECO-00456,2025-05-06,Salvador,BA,oeste,"-12,983327",-38.522921,patinete,3,5.64,11.47,5.0,U22,29,17,sim,sim,sol,23,qui,
ECO-00457,2025-01-13,Uberaba,MG,sul,-19.742525,-47.904818,publico,11,1.81,6.71,2.7,U323,28,11,,nao,sol,22,sab,
ECO-00458,2025-07-02,Uberaba,MG,norte,-19.761698,-47.987298,patinete,7,"6,55",21.33,1.0,U67,13,21,nao,sim,sol,16,qui,
ECO-00459,14/02/2025,Curitiba,PR,norte,-25.468021,-49.25265,publico,25,2.76,4.27,4.0,U368,16,56,nao,nao,sol,0,sab,
ECO-00460,2025-02-16,Uberaba,MG,oeste,"-19,70036",-47.986194,patinete,30,5.12,19.64,3.2,U269,30,21,,sim,nublado,1,qua,
ECO-00461,2025-08-22,São Paulo,SP,centro,-23.541653,-46.631354,patinete,5,5.91,11.33,2.2,U205,1,53,,sim,sol,16,sex,
ECO-00462,data_invalida,Salvador,BA,oeste,"-12,954521",-38.51842,patinete,16,"3,1",5.38,3.1,U9,23,28,,nao,nublado,10,sex,
ECO-00463,2025-04-04,Curitiba,PR,sul,-25.406973,"-49,242325",publico,4,2.7,5.91,5.0,U51,29,14,nao,nao,nublado,8,seg,
ECO-00464,data_invalida,Campinas,SP,leste,-22.919127,-47.04356,bike,5,6.5,17.11,2.2,U312,14,49,nao,nao,sol,8,sex,
ECO-00465,2025-01-03,Curitiba,PR,sul,-25.392564,"-49,299181",bike,18,2.87,10.5,4.4,U227,29,42,nao,sim,nublado,18,sex,
ECO-00466,2025-06-25,Salvador,BA,oeste,-13.013366,-38.468939,publico,33,2.48,7.02,3.9,U312,9,9,sim,sim,sol,4,qui,
ECO-00467,2025-09-15,Campinas,SP,centro,"-22,924739",-47.022487,patinete,13,"3,66",11.21,4.3,U358,5,21,nao,nao,sol,22,qui,
ECO-00468,2025-05-22,Uberaba,mg,oeste,-19.702343,-47.987025,publico,10,3.77,12.96,1.2,U391,29,50,sim,sim,chuva,6,dom,
ECO-00469,2025-01-09,Campinas,SP,centro,-22.876692,-47.078918,bike,23,1.37,4.05,3.7,U88,24,37,nao,sim,sol,15,sab,
ECO-00470,2025-08-28,São Paulo,SP,sul,-23.578135,-46.60708,carro,3,7.35,24.89,1.7,U211,24,55,,sim,nublado,14,dom,
ECO-00471,04/04/2025,São Paulo,SP,centro,-23.569246,-46.668997,carro,7,"3,41",11.64,2.9,U74,13,58,nao,nao,sol,11,sex,
ECO-00472,2025-04-11,São Paulo,SP,leste,-23.506961,-46.669282,publico,17,4.31,16.1,2.9,U28,27,32,nao,sim,nublado,21,seg,
ECO-00473,2025-06-15,Curitiba,PR,centro,-25.463623,-49.296228,publico,10,0.5,1.12,4.5,U295,14,7,nao,nao,nublado,13,dom,
ECO-00474,2025-01-21,Salvador,BA,oeste,-12.9527,-38.454361,publico,32,1.79,6.36,1.2,U359,15,27,sim,nao,nublado,4,qui,
ECO-00475,2025-03-26,Curitiba,PR,centro,"-25,407747",-49.302733,carro,25,7.77,28.23,2.9,U331,9,18,sim,sim,sol,2,ter,
ECO-00476,24/04/2025,Curitiba,PR,sul,-25.387996,-49.302674,carro,13,7.71,29.97,4.9,U222,23,55,nao,nao,nublado,4,qua,
ECO-00477,2025-07-31,Uberlândia,MG,centro,-18.899889,-48.23096,bike,32,"4,01",7.18,3.5,U284,28,23,sim,sim,chuva,4,qui,
ECO-00478,2025-04-23,Curitiba,PR,oeste,-25.447749,-49.263028,publico,18,3.07,4.99,3.5,U278,11,58,nao,sim,sol,9,ter,
ECO-00479,2025-04-03,Curitiba,PR,oeste,-25.475601,"-49,272398",bike,31,4.02,11.13,1.5,U181,1,52,nao,sim,chuva,1,qui,
ECO-00480,18/07/2025,São Paulo,sp,centro,"-23,508766",-46.622424,bike,11,"5,29",8.69,2.0,U384,4,29,sim,nao,nublado,1,sex,
ECO-00481,2025-10-07,Uberaba,MG,leste,-19.76282,-47.944989,bike,22,4.79,9.08,3.6,U252,0,47,,sim,sol,5,sex,
ECO-00482,data_invalida,Uberlândia,MG,centro,-18.943437,"-48,258723",publico,12,7.16,12.26,3.6,U349,13,41,sim,sim,nublado,20,sex,
ECO-00483,2025-05-09,Campinas,SP,leste,-22.926724,-47.088977,patinete,21,7.96,18.64,2.5,U146,29,32,nao,sim,sol,7,dom,
ECO-00484,08/01/2025,curitiba,PR,leste,"-25,439757",-49.313355,patinete,3,1.43,3.87,2.5,U181,19,1,nao,nao,chuva,8,ter,
ECO-00485,2025-03-08,Curitiba,PR,sul,"-25,398293","-49,287014",patinete,28,2.91,10.72,3.7,U259,30,57,,nao,sol,1,qua,
ECO-00486,2025-08-28,Curitiba,pr,centro,-25.392363,-49.315311,bike,34,9.41,30.86,4.4,U126,26,21,nao,nao,nublado,12,dom,
ECO-00487,2025-07-09,Curitiba,PR,norte,-25.415103,"-49,242947",carro,17,7.99,16.35,4.8,U253,15,39,,nao,chuva,3,sab,
ECO-00488,20/05/2025,uberlândia,MG,oeste,-18.904385,-48.252297,publico,19,"5,02",18.11,4.7,U316,4,39,nao,sim,nublado,19,seg,
ECO-00489,2025-03-11,Salvador,BA,centro,-13.001379,-38.512391,carro,16,1.49,4.63,2.1,U339,16,28,sim,sim,chuva,2,seg,
ECO-00490,2025-09-18,Uberaba,mg,sul,-19.777275,-47.897403,publico,17,0.5,0.77,1.4,U171,15,12,nao,sim,chuva,2,sex,
ECO-00491,2025-02-24,São Paulo,SP,oeste,"-23,557352",-46.66414,patinete,13,5.19,17.39,1.1,U195,15,1,nao,sim,nublado,10,qua,
ECO-00492,2025-03-25,Salvador,BA,leste,-12.978182,-38.538792,bike,17,0.5,0.96,2.9,U102,16,41,,sim,sol,0,qua,
ECO-00493,2025-05-06,Campinas,SP,oeste,-22.877185,"-47,089332",patinete,5,7.11,24.56,3.2,U24,18,32,nao,sim,chuva,13,seg,
ECO-00494,2025-08-14,São Paulo,SP,norte,-23.556883,-46.588765,bike,14,6.4,19.54,1.9,U18,10,57,,nao,nublado,23,dom,
ECO-00495,2025-06-01,são paulo,SP,centro,-23.531402,-46.637573,bike,5,5.06,16.67,1.4,U90,12,2,nao,nao,nublado,10,dom,
ECO-00496,2025-04-21,uberlândia,MG,norte,-18.884712,"-48,30923",carro,6,4.2,7.13,4.6,U30,10,1,,nao,sol,0,sex,
ECO-00497,2025-05-13,Uberlândia,MG,norte,-18.871606,-48.297119,carro,26,0.5,1.54,4.0,U46,8,13,sim,sim,nublado,19,sab,
ECO-00498,03/01/2025,São Paulo,SP,norte,-23.545814,-46.613077,patinete,18,"0,5",1.78,4.1,U42,16,22,nao,nao,chuva,7,seg,
ECO-00499,09-03-2025,Uberlândia,MG,centro,-18.880071,-48.292047,publico,10,3.42,8.16,3.6,U58,11,10,nao,sim,sol,23,qui,
ECO-00500,2025-06-25,Salvador,BA,norte,-13.008515,"-38,475051",carro,18,4.18,15.19,1.3,U5,14,28,nao,sim,nublado,17,qua,
ECO-00501,2025-03-29,uberlândia,MG,oeste,-18.898177,-48.286603,publico,7,"6,39",11.81,2.7,U264,14,13,nao,nao,chuva,6,ter,
ECO-00502,2025-08-04,Campinas,SP,norte,-22.94357,-47.032157,patinete,20,3.88,11.67,2.8,U109,29,57,sim,sim,sol,5,qui,
ECO-00503,07-05-2025,campinas,SP,leste,-22.897874,-47.033118,publico,8,"1,15",2.64,3.3,U176,26,23,nao,sim,chuva,9,seg,
ECO-00504,2025-04-17,Curitiba,PR,oeste,"-25,425707",-49.307396,bike,9,4.67,10.93,1.8,U186,17,35,sim,nao,sol,1,qui,
ECO-00505,data_invalida,Uberlândia,MG,leste,-18.960707,-48.231322,carro,20,6.23,20.34,3.2,U120,9,47,sim,sim,chuva,3,sab,
ECO-00506,2025-05-09,Campinas,SP,sul,-22.891253,-47.088115,bike,15,"3,56",8.28,4.5,U98,29,16,,nao,sol,12,sex,
ECO-00507,2025-10-24,São Paulo,SP,oeste,"-23,568343",-46.677715,publico,3,"5,26",19.83,1.7,U304,11,60,sim,sim,sol,12,qua,
ECO-00508,2025-06-15,Uberaba,MG,oeste,-19.751899,-47.916952,publico,27,6.06,12.96,4.1,U322,25,58,nao,nao,nublado,8,dom,
ECO-00509,2025-04-13,Salvador,BA,norte,"-12,940769",-38.479841,patinete,20,6.33,15.0,2.2,U31,12,16,nao,sim,sol,1,qui,
ECO-00510,2025-10-21,Uberlândia,MG,sul,-18.871269,-48.300728,carro,6,1.64,5.59,3.8,U14,9,56,,sim,nublado,0,sab,
ECO-00511,2025-07-13,Campinas,SP,sul,-22.87769,-47.097015,publico,36,"1,17",3.2,2.7,U344,28,49,nao,nao,sol,20,seg,
ECO-00512,2025-02-20,Salvador,BA,leste,-12.931836,-38.51416,bike,3,5.0,12.9,1.3,U384,29,31,nao,nao,sol,13,qui,
ECO-00513,2025-02-05,Salvador,BA,oeste,-12.936151,-38.545198,publico,22,0.5,1.88,1.1,U190,15,20,,nao,nublado,8,qui,
ECO-00514,29/04/2025,São Paulo,SP,norte,-23.553907,-46.607314,bike,13,"1,12",2.04,3.2,U392,9,21,sim,nao,nublado,17,sab,
ECO-00515,2025-05-26,Salvador,BA,centro,-12.978239,"-38,536448",publico,33,"6,11",12.51,1.4,U205,28,25,sim,sim,nublado,5,ter,
ECO-00516,2025-04-18,Uberaba,MG,norte,-19.743752,-47.918773,patinete,3,5.82,16.19,2.6,U88,12,19,sim,nao,nublado,19,seg,
ECO-00517,2025-04-12,salvador,BA,sul,-12.962414,-38.465523,publico,25,4.71,18.6,2.7,U308,24,49,nao,sim,sol,8,sab,
ECO-00518,17/08/2025,Campinas,SP,centro,-22.924269,-47.012183,bike,18,5.22,12.85,3.5,U100,19,33,,sim,chuva,3,ter,
ECO-00519,2025-07-09,Uberaba,MG,norte,-19.778935,"-47,899978",bike,12,2.92,10.19,4.7,U265,1,49,sim,nao,chuva,13,seg,
ECO-00520,2025-05-01,São Paulo,SP,sul,-23.583455,-46.619264,bike,8,0.75,1.51,4.0,U137,24,31,nao,sim,sol,19,qui,
ECO-00521,2025-06-19,Campinas,SP,centro,"-22,867389","-47,077905",carro,6,4.05,11.69,3.4,U141,1,5,,sim,sol,21,qui,
ECO-00522,2025-04-27,Uberaba,mg,norte,-19.764651,-47.926512,bike,5,6.39,16.36,4.8,U124,5,34,sim,nao,chuva,8,sex,
ECO-00523,data_invalida,Uberaba,MG,sul,"-19,713036",-47.911822,patinete,19,0.5,0.77,2.5,U11,11,50,nao,nao,sol,4,sex,
ECO-00524,2025-09-30,Uberlândia,MG,centro,-18.899359,-48.272283,patinete,24,8.33,25.02,3.5,U323,7,32,,sim,sol,23,qua,
ECO-00525,2025-09-20,uberaba,MG,oeste,-19.770843,-47.891442,bike,32,6.86,19.93,1.4,U26,29,34,,nao,nublado,7,qua,
ECO-00526,2025-05-05,Campinas,SP,oeste,-22.915138,-47.099473,bike,17,"0,81",1.68,2.4,U27,8,14,sim,nao,sol,20,seg,
ECO-00527,27/10/2025,São Paulo,SP,sul,-23.557917,-46.593045,bike,3,2.97,6.23,4.5,U52,6,50,sim,nao,chuva,9,qua,
ECO-00528,2025-07-07,salvador,BA,oeste,-12.96566,-38.466576,bike,6,"2,16",6.32,4.1,U298,14,47,nao,sim,sol,19,seg,
ECO-00529,2025-04-10,Uberlândia,MG,oeste,-18.888059,-48.272347,carro,14,"8,57",19.34,2.3,U316,29,33,nao,nao,sol,13,qui,
ECO-00530,07-14-2025,Uberlândia,MG,sul,-18.873909,-48.32094,publico,27,3.3,11.79,4.2,U358,18,18,sim,sim,sol,2,qua,
ECO-00531,2025-07-17,Uberlândia,MG,centro,"-18,893031",-48.317887,carro,24,1.05,2.46,1.1,U236,11,36,,sim,sol,11,dom,
ECO-00532,2025-10-19,Salvador,BA,leste,"-12,954959",-38.478662,carro,10,9.96,26.11,4.3,U294,15,11,nao,nao,sol,4,qua,
ECO-00533,10/07/2025,Uberaba,MG,leste,-19.779384,-47.923765,patinete,43,4.57,15.34,4.5,U104,21,24,sim,nao,nublado,22,dom,
ECO-00534,2025-10-04,Salvador,BA,centro,-12.996301,-38.536056,publico,3,1.21,2.98,2.9,U167,21,41,,sim,sol,10,qui,
ECO-00535,2025-09-05,São Paulo,sp,leste,"-23,589963",-46.68062,carro,18,4.87,12.01,4.9,U66,20,37,sim,sim,sol,10,dom,
ECO-00536,2025-08-13,uberlândia,MG,leste,-18.869241,-48.26602,carro,20,3.66,6.34,1.7,U335,22,28,nao,sim,sol,19,qua,
ECO-00537,data_invalida,Curitiba,PR,norte,-25.43774,-49.322595,patinete,20,"5,13",15.14,4.8,U284,23,19,,nao,sol,13,dom,
ECO-00538,2025-02-03,Salvador,BA,leste,-12.97399,-38.466969,publico,15,5.61,20.1,3.5,U321,20,14,sim,sim,chuva,21,sex,
ECO-00539,2025-06-09,Salvador,BA,oeste,-13.027345,-38.507475,carro,15,7.19,28.31,4.9,U159,2,54,sim,nao,sol,0,qua,
ECO-00540,2025-02-02,São Paulo,SP,sul,-23.577201,-46.646002,patinete,12,7.01,16.78,3.3,U36,20,14,sim,nao,sol,3,qua,
ECO-00541,2025-09-05,Uberlândia,MG,norte,-18.930535,-48.292574,patinete,19,1.38,3.06,2.1,U254,15,32,nao,sim,sol,22,sex,
ECO-00542,2025-03-20,São Paulo,SP,centro,-23.506937,-46.587174,bike,12,"4,43",17.12,1.1,U321,2,39,nao,sim,chuva,19,sab,
ECO-00543,2025-05-26,Campinas,sp,leste,-22.950268,-47.071565,bike,22,3.47,10.19,3.0,U192,19,5,,nao,sol,1,sab,
ECO-00544,10-26-2025,Curitiba,PR,centro,-25.392007,-49.246665,publico,3,2.03,4.91,1.6,U113,22,2,sim,nao,sol,23,sab,
ECO-00545,2025-09-27,Uberlândia,MG,leste,-18.924249,-48.317192,bike,13,"3,57",11.67,4.4,U389,11,52,sim,nao,chuva,13,ter,
ECO-00546,2025-08-05,Salvador,BA,sul,-13.00631,-38.514788,publico,26,0.5,1.56,4.5,U27,23,57,nao,nao,sol,16,sab,
ECO-00547,2025-05-13,Curitiba,PR,leste,-25.409857,"-49,267854",carro,23,8.06,20.44,3.2,U383,26,0,nao,sim,sol,7,qua,
ECO-00548,2025-10-16,Campinas,SP,sul,-22.904948,-47.100471,carro,3,0.5,0.99,4.0,U169,25,21,,sim,sol,5,sex,
ECO-00549,2025-03-09,Curitiba,PR,leste,-25.441255,-49.298606,carro,3,2.08,7.5,3.6,U160,23,55,sim,nao,sol,22,dom,
ECO-00550,2025-06-10,Uberlândia,MG,leste,-18.878389,-48.297475,carro,29,"2,46",7.86,1.2,U136,3,21,,sim,chuva,14,ter,
ECO-00551,2025-05-03,Uberlândia,MG,sul,-18.942557,-48.321566,patinete,6,"6,86",21.34,1.2,U57,1,34,sim,sim,sol,18,sab,
ECO-00552,2025-05-20,Uberaba,MG,leste,-19.715001,-47.986448,bike,24,"5,71",21.14,4.4,U373,8,34,,nao,chuva,4,qua,
ECO-00553,2025-05-22,Salvador,BA,leste,-13.02394,-38.527471,bike,8,0.68,1.44,2.0,U320,14,49,nao,sim,nublado,17,sab,
ECO-00554,2025-04-06,Campinas,SP,sul,-22.869045,-47.060367,patinete,3,"2,23",8.42,3.1,U197,0,39,nao,sim,sol,7,seg,
ECO-00555,08-10-2025,Campinas,SP,norte,-22.873127,"-47,013951",publico,3,4.03,7.18,3.5,U124,14,32,sim,nao,nublado,7,sex,
ECO-00556,2025-03-23,São Paulo,SP,sul,-23.524641,-46.630812,carro,34,"4,74",13.17,3.4,U96,13,17,nao,sim,chuva,11,sex,
ECO-00557,2025-02-17,Curitiba,pr,sul,-25.384655,-49.252504,carro,27,1.36,3.44,3.5,U245,9,10,sim,sim,sol,4,qui,
ECO-00558,2025-04-11,Salvador,BA,centro,-12.974421,-38.467729,bike,12,5.82,19.45,1.2,U317,17,47,nao,sim,chuva,23,ter,
ECO-00559,2025-05-02,Campinas,SP,leste,-22.888831,"-47,07617",publico,17,0.5,1.18,1.2,U396,23,33,sim,nao,chuva,7,sab,
ECO-00560,2025-07-01,Salvador,BA,oeste,-13.01981,-38.486545,patinete,35,4.41,16.9,4.2,U375,21,41,nao,sim,chuva,20,dom,
ECO-00561,data_invalida,São Paulo,SP,centro,-23.548073,"-46,662361",carro,16,4.45,16.41,3.8,U132,0,39,,nao,sol,14,seg,
ECO-00562,2025-01-24,são paulo,SP,leste,-23.507992,-46.677931,patinete,26,5.7,18.98,3.2,U238,11,59,nao,nao,sol,7,sab,
ECO-00563,2025-08-06,Campinas,SP,norte,-22.953041,-47.096423,bike,29,5.02,16.68,4.4,U153,15,4,nao,sim,nublado,17,qua,
ECO-00564,2025-04-28,São Paulo,SP,oeste,"-23,516301",-46.66514,publico,12,7.94,29.27,2.4,U194,13,39,nao,nao,sol,9,ter,
ECO-00565,2025-10-01,Uberaba,MG,centro,-19.793826,-47.94702,bike,27,5.99,14.42,1.1,U53,6,28,sim,nao,nublado,14,ter,
ECO-00566,2025-09-12,Salvador,BA,leste,-12.993707,-38.535153,bike,3,0.5,1.5,1.4,U148,20,32,sim,sim,sol,1,ter,
ECO-00567,2025-04-05,são paulo,SP,centro,-23.555146,-46.653029,patinete,5,5.17,12.37,4.9,U390,12,60,,nao,sol,1,ter,
ECO-00568,2025-01-17,são paulo,SP,oeste,-23.563213,-46.610966,carro,9,0.5,0.88,4.8,U210,29,20,sim,sim,sol,17,sex,
ECO-00569,2025-03-02,Campinas,SP,leste,-22.928805,-47.016222,carro,15,7.6,13.92,1.9,U267,8,17,,sim,sol,12,sex,
ECO-00570,06-28-2025,Uberaba,MG,norte,"-19,754276",-47.923813,publico,19,1.23,4.31,2.0,U58,17,29,sim,sim,chuva,5,sab,
ECO-00571,2025-06-24,Uberlândia,MG,sul,-18.921708,-48.246579,bike,10,4.2,9.88,4.9,U48,17,50,nao,sim,sol,13,qui,
ECO-00572,2025-05-28,Campinas,SP,oeste,-22.868644,-47.032406,publico,10,5.76,14.86,3.6,U336,23,41,,nao,nublado,16,sex,
ECO-00573,2025-10-16,Uberaba,MG,centro,"-19,785997",-47.890491,patinete,14,6.71,14.6,4.2,U46,5,6,,sim,chuva,4,sex,
ECO-00574,2025-05-11,Salvador,BA,norte,"-12,978472",-38.529948,patinete,22,9.07,24.68,4.6,U139,11,2,nao,nao,chuva,18,qui,
ECO-00575,2025-04-15,Curitiba,PR,sul,-25.442529,-49.306862,patinete,14,5.3,13.63,3.1,U242,2,10,nao,sim,chuva,6,ter,
ECO-00576,2025-04-25,Uberaba,MG,oeste,-19.779972,"-47,931316",patinete,33,8.33,25.68,3.5,U313,5,12,nao,sim,chuva,8,seg,
ECO-00577,2025-08-26,Uberaba,mg,norte,-19.736596,-47.984266,bike,8,5.48,8.8,2.1,U35,15,7,nao,nao,chuva,15,sex,
ECO-00578,01-25-2025,Uberlândia,MG,sul,"-18,930142",-48.300334,bike,28,0.56,1.78,3.6,U396,18,23,nao,sim,nublado,22,sab,
ECO-00579,10-04-2025,Uberlândia,MG,sul,-18.884122,-48.287025,carro,38,9.14,35.16,4.9,U141,5,2,,nao,chuva,14,qua,
ECO-00580,2025-06-26,Uberlândia,mg,sul,-18.879384,-48.255377,carro,32,4.6,14.45,4.7,U388,0,58,nao,sim,sol,0,ter,
ECO-00581,2025-09-29,Salvador,BA,sul,-12.96959,-38.523372,bike,8,4.51,11.21,3.7,U259,12,14,nao,nao,nublado,14,ter,
ECO-00582,2025-04-13,Curitiba,PR,oeste,-25.450038,-49.24321,patinete,18,4.02,8.97,3.3,U164,23,55,nao,sim,sol,16,dom,
ECO-00583,2025-01-25,Salvador,ba,centro,-12.972705,-38.493326,bike,19,5.14,18.36,4.6,U23,0,29,sim,sim,chuva,10,sex,
ECO-00584,2025-04-23,São Paulo,SP,norte,-23.50798,-46.626635,bike,23,"5,05",13.82,1.3,U356,12,46,nao,nao,sol,10,sex,
ECO-00585,10-15-2025,Uberlândia,MG,leste,-18.900973,-48.231891,patinete,3,5.1,12.63,1.6,U18,4,47,,nao,chuva,15,seg,
ECO-00586,29/03/2025,Curitiba,PR,norte,-25.469492,"-49,306754",bike,25,3.75,13.04,1.5,U19,0,33,,sim,nublado,20,qua,
ECO-00587,03-07-2025,Uberaba,mg,oeste,-19.751592,-47.899024,patinete,12,3.6,6.02,3.4,U117,0,24,,sim,chuva,5,sex,
ECO-00588,2025-03-07,Salvador,BA,centro,-13.007464,-38.487989,bike,14,3.7,9.78,3.6,U153,18,48,sim,sim,sol,4,qua,
ECO-00589,30/07/2025,Uberaba,MG,centro,-19.780364,-47.976197,carro,19,8.69,14.9,1.9,U215,0,23,nao,sim,chuva,12,qui,
ECO-00590,2025-03-14,Uberaba,MG,sul,-19.771008,-47.983746,bike,22,3.62,6.31,4.2,U33,21,28,,sim,nublado,2,qua,
ECO-00591,2025-05-18,São Paulo,SP,oeste,-23.510256,-46.609979,patinete,10,"5,62",9.69,3.7,U33,3,53,sim,sim,nublado,3,qua,
ECO-00592,2025-07-15,Campinas,SP,oeste,-22.916602,-47.109431,bike,30,6.99,17.86,3.6,U389,14,50,sim,sim,nublado,0,qua,
ECO-00593,2025-04-08,Curitiba,pr,norte,-25.4356,-49.277158,patinete,30,6.59,12.54,1.6,U223,0,60,,nao,sol,21,sex,
ECO-00594,2025-02-24,São Paulo,SP,centro,-23.515619,-46.653953,patinete,15,2.32,7.93,3.5,U390,4,49,nao,sim,nublado,18,sex,
ECO-00595,2025-10-11,Curitiba,PR,norte,-25.411005,"-49,320742",bike,35,4.95,12.35,2.2,U102,14,49,sim,nao,chuva,19,dom,
ECO-00596,19/01/2025,uberaba,MG,centro,-19.790792,-47.951429,carro,13,"4,04",6.18,1.3,U337,30,27,nao,nao,nublado,19,ter,
ECO-00597,2025-08-16,São Paulo,SP,oeste,"-23,579825",-46.66748,patinete,15,"3,64",11.17,1.2,U339,10,49,sim,nao,nublado,10,dom,
ECO-00598,20/03/2025,Curitiba,PR,norte,-25.383041,-49.280293,bike,24,"6,42",25.65,1.4,U87,4,52,sim,sim,sol,20,seg,
ECO-00599,2025-06-08,Curitiba,PR,norte,-25.417241,"-49,240328",carro,10,0.5,1.13,1.0,U249,6,56,nao,sim,sol,8,ter,
ECO-00600,2025-02-20,Campinas,SP,centro,-22.895861,-47.095712,publico,13,1.05,2.78,2.0,U115,1,59,nao,nao,nublado,22,seg,
ECO-00601,2025-06-30,salvador,BA,oeste,-12.946723,-38.456823,publico,22,0.92,3.66,3.8,U38,11,44,sim,sim,chuva,10,seg,
ECO-00602,18/06/2025,São Paulo,sp,sul,-23.563129,-46.637288,publico,13,"7,84",23.65,2.0,U255,16,28,,nao,sol,22,ter,
ECO-00603,2025-01-10,São Paulo,sp,oeste,-23.534283,-46.652764,carro,18,5.84,17.73,1.2,U395,19,2,sim,nao,nublado,8,sab,
ECO-00604,15/06/2025,Uberlândia,mg,centro,-18.881494,-48.320536,carro,19,4.26,13.39,1.9,U61,18,7,,sim,sol,0,qua,
ECO-00605,data_invalida,salvador,BA,centro,-12.962321,-38.542665,patinete,15,8.54,28.63,4.1,U267,18,60,sim,nao,nublado,22,dom,
ECO-00606,data_invalida,Campinas,SP,centro,-22.933038,-47.019826,carro,22,6.4,19.6,1.5,U35,2,60,,nao,nublado,7,qui,
ECO-00607,2025-06-16,Campinas,SP,centro,"-22,898832",-47.032849,bike,19,4.41,13.23,2.2,U90,0,20,,sim,chuva,15,ter,
ECO-00608,2025-07-02,São Paulo,SP,sul,"-23,579219",-46.621703,patinete,4,"7,58",29.93,2.0,U157,18,53,nao,sim,sol,12,ter,
ECO-00609,2025-08-05,Campinas,SP,norte,-22.889684,"-47,044753",bike,8,1.07,2.58,3.2,U287,28,23,,nao,sol,1,qua,
ECO-00610,2025-07-11,uberaba,MG,centro,-19.720977,-47.946642,bike,16,4.08,16.14,3.8,U164,12,24,nao,nao,sol,19,ter,
ECO-00611,2025-02-17,campinas,SP,sul,-22.937833,-47.02259,carro,17,5.54,15.69,4.4,U295,5,16,sim,nao,nublado,17,sab,
ECO-00612,2025-02-05,Salvador,BA,oeste,-12.969752,"-38,466831",publico,3,4.95,8.98,4.7,U213,30,10,sim,nao,chuva,16,dom,
ECO-00613,2025-03-25,Salvador,BA,leste,"-12,952573",-38.536155,bike,21,2.47,8.14,3.7,U59,23,57,,sim,nublado,22,qua,
ECO-00614,27/05/2025,São Paulo,SP,centro,-23.531358,"-46,626424",patinete,12,3.58,10.96,3.5,U3,1,2,,nao,sol,15,qui,
ECO-00615,2025-08-27,Salvador,BA,leste,-12.958267,-38.547208,patinete,16,2.61,8.3,3.6,U162,24,7,nao,sim,sol,12,dom,
ECO-00616,2025-01-10,curitiba,PR,centro,-25.430147,-49.309479,carro,17,0.5,0.84,3.5,U258,11,40,sim,nao,sol,15,qui,
ECO-00617,11/06/2025,Salvador,BA,leste,-12.955247,"-38,543583",bike,18,4.36,16.21,1.2,U135,24,8,sim,sim,sol,11,qui,
ECO-00618,2025-06-06,Campinas,SP,oeste,-22.922519,"-47,08167",patinete,17,"2,86",9.52,2.4,U328,9,52,nao,nao,chuva,11,dom,
ECO-00619,02/10/2025,Uberaba,MG,oeste,-19.772411,-47.954997,bike,13,4.37,11.19,1.8,U189,6,15,nao,nao,nublado,22,dom,
ECO-00620,2025-09-07,São Paulo,sp,oeste,-23.564417,-46.629955,bike,35,6.55,11.32,1.9,U156,16,44,,nao,nublado,1,dom,
ECO-00621,2025-09-28,Salvador,BA,leste,-12.974181,-38.550414,patinete,18,"2,03",4.74,4.7,U191,1,0,nao,sim,nublado,16,qua,
ECO-00622,15/07/2025,Salvador,BA,oeste,-12.956624,-38.462516,patinete,17,5.04,19.12,2.7,U161,3,11,,sim,nublado,22,qua,
ECO-00623,2025-08-21,Uberaba,MG,norte,-19.742384,-47.955257,publico,19,0.5,1.75,3.5,U156,25,59,nao,sim,sol,8,qui,
ECO-00624,06-28-2025,Uberaba,MG,centro,-19.771948,-47.929035,bike,11,2.73,7.74,1.1,U98,11,0,sim,nao,sol,18,qui,
ECO-00625,2025-04-26,campinas,SP,centro,-22.892178,-47.058627,publico,22,"1,72",4.04,4.8,U179,24,2,,sim,nublado,11,sab,
ECO-00626,21/08/2025,Uberlândia,MG,oeste,-18.918469,-48.271606,bike,20,3.08,10.55,3.1,U210,15,47,sim,sim,sol,3,sab,
ECO-00627,2025-02-13,Uberaba,MG,centro,-19.733313,-47.901157,bike,24,6.56,16.4,2.7,U172,13,21,sim,sim,sol,13,qui,
ECO-00628,2025-08-11,São Paulo,SP,centro,-23.550364,-46.625938,patinete,23,2.79,8.64,4.2,U202,30,27,sim,sim,nublado,21,sex,
ECO-00629,2025-01-01,Campinas,SP,norte,-22.868063,"-47,101832",carro,23,"5,16",19.87,2.8,U83,9,60,,nao,sol,4,sex,
ECO-00630,2025-10-07,curitiba,PR,norte,"-25,379216",-49.260658,bike,13,8.99,23.3,2.1,U72,3,6,nao,nao,sol,0,sex,
ECO-00631,2025-08-20,Curitiba,PR,leste,-25.386491,-49.245967,carro,16,2.97,7.51,1.3,U396,29,4,sim,sim,sol,8,seg,
ECO-00632,2025-05-04,São Paulo,SP,norte,-23.597716,"-46,681608",patinete,12,4.31,11.17,1.2,U323,23,35,,nao,sol,19,ter,
ECO-00633,2025-08-06,Campinas,SP,norte,-22.869253,-47.078964,bike,29,9.35,26.23,4.8,U42,13,2,sim,nao,sol,0,dom,
ECO-00634,2025-10-26,Curitiba,PR,norte,-25.430866,-49.25801,carro,22,1.92,3.4,1.8,U151,13,4,sim,nao,chuva,9,sex,
ECO-00635,2025-07-15,Uberaba,MG,leste,-19.760445,-47.917975,bike,28,5.15,8.23,3.5,U75,12,31,nao,nao,chuva,20,ter,
ECO-00636,2025-06-12,Uberlândia,MG,centro,-18.943629,-48.263623,bike,3,6.49,15.41,1.6,U238,8,8,sim,sim,chuva,17,qua,
ECO-00637,2025-09-20,Uberlândia,mg,sul,-18.942924,"-48,255842",publico,19,0.5,1.25,3.3,U250,24,27,,sim,sol,3,ter,
ECO-00638,data_invalida,Curitiba,PR,oeste,-25.386958,"-49,278327",bike,22,"3,06",11.51,1.6,U278,28,51,,nao,sol,8,seg,
ECO-00639,2025-05-18,salvador,BA,norte,-12.961326,-38.461433,carro,12,"5,69",16.89,1.6,U23,22,11,nao,nao,sol,8,seg,
ECO-00640,2025-09-30,uberlândia,MG,sul,"-18,954946",-48.247156,publico,23,1.82,6.16,4.5,U356,4,8,sim,sim,sol,12,qua,
ECO-00641,2025-06-25,Salvador,BA,sul,"-12,999146",-38.520818,bike,16,5.42,15.18,1.7,U214,11,14,nao,nao,chuva,13,sex,
ECO-00642,02/04/2025,Uberaba,MG,sul,-19.778108,"-47,897134",bike,22,11.69,43.64,5.0,U89,6,44,,sim,sol,22,seg,
ECO-00643,2025-06-11,São Paulo,SP,leste,-23.599758,-46.599156,publico,21,0.5,0.93,4.7,U369,2,21,sim,nao,nublado,23,qui,
ECO-00644,2025-02-11,Salvador,BA,leste,-12.940164,-38.461632,publico,3,6.13,21.04,2.6,U35,0,35,nao,sim,sol,19,qua,
ECO-00645,2025-09-15,São Paulo,SP,sul,-23.515622,-46.657744,bike,14,5.53,10.92,4.4,U71,0,34,sim,nao,sol,13,dom,
ECO-00646,2025-09-16,Salvador,BA,centro,-13.014602,-38.515267,patinete,39,2.99,11.02,4.6,U178,13,34,,sim,nublado,3,ter,
ECO-00647,2025-08-06,Uberaba,MG,centro,-19.698107,-47.965083,bike,23,"6,31",10.46,4.0,U68,0,5,nao,nao,nublado,21,seg,
ECO-00648,2025-01-21,Curitiba,pr,leste,-25.463491,-49.268432,patinete,3,3.2,8.75,1.4,U117,19,55,nao,nao,chuva,3,ter,
ECO-00649,2025-01-13,Curitiba,PR,oeste,-25.443828,-49.289289,bike,10,"10,27",25.79,1.3,U142,1,2,,sim,sol,9,qua,
ECO-00650,2025-01-18,Uberlândia,MG,leste,-18.943436,-48.233962,bike,14,5.27,14.45,2.2,U332,27,29,,sim,nublado,0,dom,
ECO-00651,2025-05-15,são paulo,SP,sul,-23.53526,-46.617926,patinete,17,1.44,5.35,4.1,U274,22,40,,sim,sol,11,sex,
ECO-00652,2025-08-25,Salvador,BA,centro,-12.937818,-38.485487,patinete,12,3.52,10.12,4.2,U110,6,58,nao,sim,nublado,7,qua,
ECO-00653,2025-05-14,Curitiba,PR,norte,-25.386842,-49.223889,bike,20,5.1,12.26,3.0,U15,15,23,,nao,chuva,15,sex,
ECO-00654,2025-10-09,Salvador,BA,leste,"-13,001777",-38.463926,bike,16,6.3,22.55,4.0,U177,5,31,,nao,sol,16,ter,
ECO-00655,2025-05-14,São Paulo,SP,sul,-23.533766,-46.613892,patinete,26,4.72,14.83,3.3,U178,25,27,,sim,nublado,1,seg,
ECO-00656,06-04-2025,Uberlândia,MG,centro,"-18,960385",-48.293165,patinete,16,6.84,16.91,3.1,U382,3,7,sim,sim,nublado,11,qui,
ECO-00657,04-25-2025,Curitiba,PR,sul,-25.383322,-49.279947,carro,22,6.14,18.89,4.6,U12,14,38,nao,sim,sol,5,ter,
ECO-00658,2025-10-23,Uberaba,MG,norte,-19.697997,-47.922822,bike,20,0.8,2.41,2.4,U231,22,3,,sim,sol,11,ter,
ECO-00659,2025-02-25,Uberlândia,MG,oeste,-18.966289,"-48,232532",bike,7,2.04,6.57,4.9,U161,28,36,,sim,nublado,2,sex,
ECO-00660,2025-05-31,Salvador,BA,leste,"-12,99019",-38.462176,patinete,15,6.34,19.65,4.0,U295,23,17,sim,nao,sol,18,seg,
ECO-00661,2025-03-24,Uberaba,MG,norte,-19.759172,"-47,977063",bike,20,"8,39",19.79,4.9,U135,23,59,sim,sim,sol,23,sab,
ECO-00662,2025-08-27,Salvador,BA,sul,"-12,995383",-38.533535,carro,17,3.99,7.13,1.3,U335,24,8,nao,nao,sol,5,dom,
ECO-00663,2025-09-17,Uberlândia,mg,oeste,-18.893252,"-48,252102",publico,35,4.99,8.08,3.8,U2,14,34,sim,nao,sol,12,dom,
ECO-00664,04-29-2025,Uberaba,MG,sul,-19.781164,-47.903993,publico,21,5.34,18.89,1.0,U278,18,11,nao,sim,chuva,14,sex,
ECO-00665,2025-09-15,uberaba,MG,oeste,-19.753555,-47.973621,patinete,13,5.65,18.43,4.1,U152,18,56,,sim,nublado,1,sab,
ECO-00666,01-21-2025,Campinas,SP,centro,-22.898544,-47.023932,patinete,44,5.13,11.73,1.7,U344,13,17,,sim,chuva,7,qua,
ECO-00667,2025-03-21,Curitiba,PR,centro,-25.408253,"-49,260232",patinete,9,3.89,6.29,2.6,U136,16,7,nao,nao,sol,2,sab,
ECO-00668,2025-03-18,São Paulo,SP,oeste,-23.593466,-46.624939,carro,26,"6,49",17.88,2.7,U240,13,6,nao,nao,chuva,22,sab,
ECO-00669,2025-05-15,Uberaba,MG,norte,-19.790123,-47.955071,patinete,27,4.64,15.66,2.7,U24,11,28,,nao,sol,15,ter,
ECO-00670,2025-09-21,São Paulo,SP,norte,-23.581524,"-46,65177",carro,23,4.99,9.58,4.6,U164,12,18,nao,nao,sol,7,seg,
ECO-00671,03/03/2025,Uberaba,MG,norte,-19.726725,-47.981312,patinete,11,5.69,8.56,2.8,U66,19,6,nao,sim,sol,17,ter,
ECO-00672,2025-01-20,Uberaba,MG,centro,-19.723134,"-47,951892",bike,8,"8,75",14.85,4.4,U166,8,30,nao,sim,chuva,4,ter,
ECO-00673,04-24-2025,Uberaba,MG,leste,-19.736183,-47.962835,bike,28,4.26,6.86,2.3,U333,11,7,nao,nao,nublado,1,sab,
ECO-00674,2025-03-15,Curitiba,PR,centro,-25.467145,"-49,229964",patinete,13,3.88,7.97,2.3,U327,30,48,nao,nao,chuva,7,qui,
ECO-00675,2025-04-11,São Paulo,SP,oeste,"-23,588929",-46.641824,publico,8,4.24,15.75,2.8,U162,26,51,,nao,sol,4,seg,
ECO-00676,2025-08-11,Uberlândia,MG,sul,"-18,870837",-48.288396,patinete,16,5.76,15.4,4.3,U159,4,8,,nao,sol,17,qua,
ECO-00677,09-11-2025,São Paulo,SP,norte,-23.592564,"-46,678674",bike,6,1.29,2.8,4.8,U18,12,14,nao,sim,sol,19,seg,
ECO-00678,02-19-2025,Uberaba,MG,sul,-19.751527,-47.908727,bike,23,6.25,24.29,1.8,U277,20,36,nao,nao,sol,15,qua,
ECO-00679,2025-08-15,Uberlândia,MG,oeste,-18.939667,-48.242521,carro,26,6.6,25.82,2.4,U313,30,13,sim,sim,sol,9,sex,
ECO-00680,06-02-2025,Uberlândia,MG,centro,-18.958196,-48.291495,bike,29,7.0,16.22,2.4,U55,28,36,,nao,sol,16,dom,
ECO-00681,2025-04-23,Uberaba,MG,norte,-19.782927,-47.949086,patinete,16,0.9,1.5,3.5,U241,30,52,,nao,nublado,17,sex,
ECO-00682,2025-10-11,Uberaba,MG,sul,-19.750984,-47.931536,patinete,13,11.59,18.43,3.2,U354,1,3,,nao,sol,16,sab,
ECO-00683,2025-08-11,São Paulo,SP,leste,-23.530049,-46.61039,bike,3,8.62,20.47,3.0,U210,16,56,nao,sim,nublado,18,qua,
ECO-00684,2025-08-16,Campinas,SP,norte,-22.860245,-47.10438,carro,3,0.5,1.92,1.5,U113,23,20,nao,nao,nublado,13,sab,
ECO-00685,2025-02-04,Uberaba,MG,centro,-19.780012,-47.891122,bike,6,1.37,5.16,4.4,U117,2,34,,sim,sol,9,sab,
ECO-00686,2025-06-28,Uberlândia,MG,oeste,"-18,917819",-48.294507,bike,33,0.5,1.29,1.2,U181,26,31,nao,sim,sol,12,sab,
ECO-00687,2025-02-08,São Paulo,SP,sul,-23.59591,-46.59072,carro,15,1.2,2.26,3.8,U257,16,40,sim,sim,sol,21,dom,
ECO-00688,2025-07-29,Campinas,SP,sul,-22.894917,-47.059252,publico,3,"6,82",24.69,3.9,U339,29,0,nao,sim,sol,19,ter,
ECO-00689,2025-07-03,Uberaba,MG,leste,-19.763206,-47.933202,publico,25,0.5,1.89,1.1,U263,29,18,nao,nao,nublado,15,seg,
ECO-00690,2025-02-28,Uberlândia,MG,leste,-18.928627,-48.302839,patinete,15,1.12,1.73,1.8,U128,19,26,nao,nao,sol,22,ter,
ECO-00691,2025-09-28,São Paulo,SP,leste,-23.507322,"-46,5958",carro,19,7.57,18.85,4.9,U256,3,12,nao,sim,nublado,0,seg,
ECO-00692,2025-10-11,Curitiba,PR,leste,-25.383511,-49.317186,publico,19,"1,04",3.18,2.3,U397,15,11,nao,nao,sol,8,qui,
ECO-00693,07-11-2025,Salvador,BA,leste,-13.001307,-38.527582,carro,36,7.38,26.73,2.7,U30,1,3,,sim,nublado,17,dom,
ECO-00694,2025-06-05,salvador,BA,centro,-12.964757,-38.488607,bike,28,4.62,14.82,3.6,U134,8,59,sim,sim,sol,20,sab,
ECO-00695,2025-06-23,salvador,BA,centro,-12.9904,"-38,525126",bike,6,4.88,7.84,1.3,U123,26,35,,sim,nublado,16,qui,
ECO-00696,2025-03-20,Uberlândia,MG,leste,-18.925334,-48.287187,bike,12,"9,57",15.31,1.5,U130,1,15,sim,nao,sol,22,sab,
ECO-00697,2025-04-05,Uberaba,MG,oeste,-19.765568,-47.94958,patinete,30,"4,16",12.6,2.3,U120,24,8,,nao,sol,11,sab,
ECO-00698,2025-06-18,São Paulo,SP,leste,-23.533465,-46.651333,patinete,18,4.73,18.08,2.6,U3,7,31,,sim,chuva,2,qua,
ECO-00699,06/02/2025,Salvador,BA,leste,-12.939528,-38.50658,patinete,25,3.54,13.09,3.2,U385,7,39,,nao,sol,5,dom,
ECO-00700,2025-05-06,Uberaba,MG,centro,-19.707471,-47.912734,carro,28,0.5,1.93,4.9,U247,28,3,nao,sim,nublado,23,qui,
ECO-00701,2025-03-17,Campinas,SP,leste,-22.922886,-47.044005,bike,17,"4,34",13.37,2.9,U304,9,15,,sim,nublado,0,qua,
ECO-00702,2025-03-06,Campinas,sp,centro,"-22,906485",-47.079569,carro,21,4.41,16.05,1.7,U258,22,2,nao,sim,nublado,17,ter,
ECO-00703,2025-06-15,Uberaba,MG,leste,-19.772604,-47.927852,carro,31,4.98,14.64,4.9,U48,8,55,sim,nao,sol,21,qua,
ECO-00704,2025-05-06,Campinas,SP,centro,-22.887093,-47.069184,carro,21,2.82,4.36,4.0,U302,24,13,,nao,sol,5,seg,
ECO-00705,2025-02-04,Uberlândia,MG,leste,"-18,953788",-48.307957,bike,25,0.5,1.0,1.1,U349,21,59,nao,nao,chuva,19,qui,
ECO-00706,2025-01-11,Curitiba,PR,oeste,-25.442741,-49.22478,patinete,28,4.64,11.89,2.9,U273,27,36,sim,nao,nublado,3,dom,
ECO-00707,2025-04-22,São Paulo,sp,centro,-23.594491,"-46,644981",bike,15,4.86,17.1,4.5,U60,8,9,sim,nao,nublado,23,ter,
ECO-00708,2025-09-29,Campinas,SP,centro,-22.908613,-47.106142,patinete,15,6.92,25.44,1.1,U115,2,44,nao,sim,nublado,21,sab,
ECO-00709,2025-02-18,Campinas,SP,oeste,-22.950007,-47.078088,carro,15,"2,11",7.27,1.3,U297,27,0,sim,sim,sol,9,qua,
ECO-00710,21/02/2025,Uberaba,MG,oeste,-19.783572,-47.974545,bike,9,"1,16",3.12,3.9,U291,10,59,sim,nao,sol,18,sab,
ECO-00711,2025-05-23,Uberlândia,MG,oeste,-18.909738,-48.237827,carro,10,4.33,11.6,1.2,U282,27,5,nao,sim,chuva,0,dom,
ECO-00712,2025-10-15,Salvador,BA,norte,-13.020249,-38.536531,carro,20,1.62,3.69,4.2,U366,8,10,sim,nao,sol,14,qui,
ECO-00713,02/05/2025,Curitiba,PR,oeste,-25.437575,-49.276838,carro,20,5.16,14.35,3.1,U361,12,10,,nao,chuva,4,sab,
ECO-00714,2025-02-25,Uberlândia,mg,oeste,-18.895088,-48.232204,patinete,7,"5,32",19.09,4.6,U185,23,16,sim,sim,sol,6,sab,
ECO-00715,2025-10-27,Salvador,BA,centro,"-12,940063",-38.549202,publico,17,7.56,16.43,2.6,U23,18,51,,sim,chuva,16,qui,
ECO-00716,2025-05-27,campinas,SP,centro,-22.925094,-47.046748,bike,25,1.96,5.16,2.1,U335,23,13,,nao,chuva,13,dom,
ECO-00717,2025-02-02,Uberlândia,MG,centro,-18.894839,-48.253439,patinete,19,9.2,28.23,3.6,U146,4,2,nao,nao,sol,12,ter,
ECO-00718,09-09-2025,Uberaba,MG,leste,-19.717525,-47.97685,carro,19,3.86,8.92,4.3,U167,5,53,sim,nao,nublado,13,seg,
ECO-00719,2025-02-23,Campinas,SP,norte,-22.864314,-47.057657,publico,18,0.57,1.01,3.7,U329,25,20,nao,sim,chuva,16,qua,
ECO-00720,2025-02-19,Curitiba,PR,centro,-25.397701,"-49,244538",carro,21,"3,75",6.39,3.3,U92,25,36,,nao,sol,8,qua,
ECO-00721,2025-01-27,São Paulo,SP,oeste,"-23,54659","-46,67065",patinete,7,6.65,15.44,2.2,U10,21,22,nao,nao,chuva,21,qui,
ECO-00722,2025-08-27,Uberlândia,MG,norte,-18.886015,-48.275872,bike,3,1.96,7.21,3.2,U282,0,0,sim,nao,sol,9,qua,
ECO-00723,data_invalida,Salvador,BA,leste,-13.025858,-38.493276,publico,20,"4,34",8.55,4.9,U181,16,8,nao,nao,sol,17,sab,
ECO-00724,2025-02-06,São Paulo,SP,centro,"-23,512197","-46,612685",publico,16,3.69,10.46,2.2,U6,29,13,nao,nao,sol,5,qui,
ECO-00725,30/06/2025,Uberlândia,MG,norte,-18.871598,"-48,261254",patinete,13,"3,39",8.02,4.6,U138,10,34,sim,sim,sol,23,qui,
ECO-00726,2025-09-08,Curitiba,PR,sul,-25.477831,-49.250074,bike,7,5.97,16.24,4.2,U311,7,25,,sim,chuva,17,sex,
ECO-00727,2025-01-26,Uberlândia,mg,oeste,-18.921969,-48.299813,carro,3,"8,88",14.48,2.6,U297,23,4,nao,nao,sol,16,seg,
ECO-00728,2025-02-13,São Paulo,SP,sul,-23.538545,-46.665289,bike,29,"0,5",1.4,3.7,U139,8,55,sim,sim,sol,5,dom,
ECO-00729,07-02-2025,Curitiba,PR,sul,-25.406946,-49.290384,bike,26,1.5,3.21,2.3,U86,26,3,nao,sim,chuva,1,dom,
ECO-00730,06-01-2025,salvador,BA,norte,"-13,002089",-38.540243,patinete,13,"3,79",11.93,1.9,U52,21,9,sim,sim,nublado,12,sab,
ECO-00731,2025-02-06,Campinas,sp,centro,-22.904156,-47.073162,carro,9,"5,76",19.23,4.6,U27,21,18,,sim,sol,1,qua,
ECO-00732,2025-08-12,Salvador,BA,centro,-13.024734,-38.455644,patinete,24,1.94,4.5,2.9,U276,4,47,nao,sim,sol,5,qui,
ECO-00733,2025-07-07,Campinas,SP,norte,"-22,862954",-47.068643,publico,10,3.11,11.23,2.8,U391,14,14,sim,nao,chuva,21,seg,
ECO-00734,data_invalida,Curitiba,PR,leste,-25.402913,"-49,277492",bike,15,"7,8",19.41,1.3,U206,29,20,sim,nao,nublado,15,sex,
ECO-00735,2025-08-31,Curitiba,PR,oeste,-25.414722,-49.234812,bike,19,6.82,17.76,2.2,U247,11,39,,sim,sol,6,seg,
ECO-00736,29/05/2025,Salvador,BA,norte,-12.991862,"-38,536356",publico,20,5.3,17.13,2.5,U384,12,18,sim,nao,sol,10,ter,
ECO-00737,2025-06-13,Campinas,SP,oeste,-22.860458,-47.0541,patinete,22,3.96,15.37,4.3,U65,8,58,sim,sim,nublado,17,dom,
ECO-00738,2025-05-10,Uberaba,MG,oeste,-19.789687,-47.964614,bike,6,6.57,16.05,4.3,U14,3,26,nao,nao,sol,1,sab,
ECO-00739,2025-04-15,Uberlândia,MG,leste,-18.946649,-48.2816,publico,9,8.94,20.23,1.7,U178,21,18,sim,nao,nublado,5,qui,
ECO-00740,2025-03-12,Curitiba,PR,norte,-25.382125,-49.299812,bike,25,3.44,13.59,2.5,U270,17,12,,nao,sol,21,sab,
ECO-00741,2025-10-04,Curitiba,PR,centro,-25.437399,-49.254888,bike,37,"4,36",7.19,4.0,U130,12,44,sim,sim,sol,10,sab,
ECO-00742,2025-09-22,são paulo,SP,norte,-23.512413,-46.652375,carro,4,6.71,25.88,1.6,U278,27,51,nao,sim,nublado,9,qua,
ECO-00743,2025-07-19,Campinas,SP,centro,-22.919056,-47.097895,carro,15,7.47,15.47,2.5,U81,5,45,,sim,nublado,8,qui,
ECO-00744,2025-06-17,São Paulo,SP,norte,-23.504177,"-46,68216",patinete,22,"3,15",7.71,3.3,U261,23,40,nao,nao,chuva,21,seg,
ECO-00745,2025-02-16,São Paulo,SP,sul,-23.563446,"-46,64141",patinete,13,4.41,11.29,2.0,U53,20,21,nao,nao,chuva,23,ter,
ECO-00746,2025-02-18,São Paulo,SP,sul,-23.504863,-46.661108,bike,10,1.72,4.78,2.3,U32,3,14,,sim,nublado,8,qui,
ECO-00747,2025-04-25,Salvador,BA,centro,-12.979258,-38.516113,patinete,22,"9,13",24.03,4.9,U143,28,4,nao,sim,nublado,13,ter,
ECO-00748,2025-09-02,São Paulo,SP,sul,-23.534596,-46.634957,bike,11,"4,05",16.09,4.6,U216,22,14,sim,nao,sol,17,ter,
ECO-00749,data_invalida,são paulo,SP,oeste,-23.569182,-46.680952,bike,20,3.75,7.11,2.8,U342,15,9,,sim,sol,18,qui,
ECO-00750,2025-01-12,Campinas,SP,leste,-22.946089,-47.094006,publico,21,4.7,8.59,2.8,U309,25,6,sim,sim,sol,23,seg,
ECO-00751,2025-04-30,Salvador,BA,leste,-12.972223,-38.504824,bike,7,3.3,8.99,2.4,U27,4,5,,sim,sol,22,qui,
ECO-00752,2025-09-16,Campinas,SP,centro,-22.899665,-47.108708,carro,11,0.5,1.76,2.8,U302,9,53,nao,sim,sol,18,sex,
ECO-00753,2025-01-18,Curitiba,PR,oeste,-25.43763,-49.250388,patinete,27,6.69,19.05,1.6,U350,5,27,nao,sim,sol,0,qua,
ECO-00754,2025-10-15,Uberlândia,mg,centro,-18.922621,-48.248439,carro,9,2.32,3.78,3.5,U161,24,47,,sim,nublado,13,sab,
ECO-00755,2025-02-24,uberaba,MG,sul,-19.703761,-47.913808,patinete,18,4.38,11.0,3.3,U146,23,25,nao,sim,sol,3,sex,
ECO-00756,2025-02-14,São Paulo,sp,leste,-23.553286,-46.654251,publico,37,6.23,10.58,4.0,U352,25,26,,sim,nublado,22,qui,
ECO-00757,data_invalida,Curitiba,PR,sul,-25.396191,"-49,270165",carro,17,0.5,0.86,2.9,U304,26,14,,sim,sol,14,qui,
ECO-00758,2025-05-05,Salvador,BA,norte,-13.004338,-38.46886,patinete,35,0.5,1.36,3.3,U71,25,31,,nao,sol,13,qua,
ECO-00759,2025-03-08,Campinas,SP,oeste,-22.931441,-47.024895,patinete,10,7.07,25.4,1.5,U337,23,51,,sim,sol,1,qua,
ECO-00760,2025-09-30,Salvador,BA,oeste,-13.01311,-38.463001,patinete,27,3.03,10.56,4.4,U105,22,43,nao,nao,nublado,17,dom,
ECO-00761,2025-07-22,Salvador,BA,leste,-12.946929,-38.464763,patinete,19,0.5,0.92,2.8,U96,1,39,sim,sim,sol,4,qui,
ECO-00762,2025-05-13,Salvador,BA,leste,-12.981034,-38.530957,patinete,3,"5,39",17.72,4.0,U116,7,58,sim,sim,sol,23,qua,
ECO-00763,2025-09-28,Uberlândia,MG,oeste,"-18,924849",-48.293187,publico,10,0.5,1.96,3.2,U53,8,43,sim,sim,nublado,10,qui,
ECO-00764,04-08-2025,Campinas,SP,norte,"-22,917056",-47.016468,publico,33,1.82,5.67,1.5,U393,16,10,nao,sim,sol,5,qui,
ECO-00765,2025-07-21,São Paulo,SP,norte,-23.527999,-46.622471,bike,15,"3,44",9.33,4.9,U218,0,53,,nao,nublado,19,sab,
ECO-00766,2025-10-16,Uberaba,mg,centro,-19.758753,-47.941318,patinete,24,7.41,17.51,1.9,U287,1,0,sim,nao,sol,2,ter,
ECO-00767,2025-02-08,Campinas,SP,leste,"-22,875247","-47,032606",carro,33,"3,73",11.83,3.6,U336,24,45,sim,nao,chuva,16,sab,
ECO-00768,2025-07-24,Curitiba,PR,leste,-25.40598,"-49,314143",bike,8,"4,29",7.46,4.7,U122,20,28,,nao,nublado,0,seg,
ECO-00769,2025-05-28,Uberlândia,MG,centro,-18.905247,"-48,271834",patinete,43,4.55,11.86,4.1,U40,11,0,nao,sim,sol,6,seg,
ECO-00770,2025-01-02,Salvador,BA,centro,-12.938974,-38.546328,bike,13,0.81,2.57,2.2,U192,17,30,sim,nao,chuva,9,qui,
ECO-00771,data_invalida,Salvador,BA,sul,-13.018116,"-38,489111",carro,24,5.31,8.93,4.0,U303,10,0,sim,sim,nublado,7,sab,
ECO-00772,2025-06-09,São Paulo,SP,sul,"-23,504665",-46.670276,carro,12,5.85,11.91,3.5,U68,29,34,,nao,nublado,3,qua,
ECO-00773,2025-06-16,Curitiba,PR,oeste,-25.394798,-49.224884,bike,28,3.99,7.41,1.9,U268,4,20,nao,nao,nublado,4,dom,
ECO-00774,02-25-2025,São Paulo,sp,oeste,"-23,570249",-46.63099,carro,3,2.49,7.75,2.8,U35,6,9,,sim,nublado,9,ter,
ECO-00775,04-01-2025,Salvador,ba,leste,-12.949221,-38.53653,patinete,28,3.15,5.96,1.9,U204,11,19,,nao,sol,15,seg,
ECO-00776,data_invalida,Campinas,SP,centro,-22.904054,-47.032366,publico,29,9.49,31.17,4.0,U169,9,51,nao,sim,sol,8,qui,
ECO-00777,2025-07-26,Campinas,SP,oeste,-22.877367,-47.110367,publico,13,"1,0",3.5,3.2,U244,3,57,sim,sim,chuva,0,ter,
ECO-00778,2025-08-28,Salvador,BA,norte,-12.962407,-38.519023,bike,19,3.13,6.1,4.8,U388,20,16,,nao,sol,17,ter,
ECO-00779,2025-01-31,Uberlândia,MG,centro,-18.968115,-48.298431,bike,22,5.26,19.06,2.3,U194,12,33,sim,nao,nublado,10,sab,
ECO-00780,2025-10-04,São Paulo,SP,norte,-23.543842,"-46,615568",publico,14,"7,51",19.26,2.7,U41,21,54,nao,sim,nublado,18,qui,
ECO-00781,2025-07-09,Curitiba,PR,oeste,-25.42277,-49.274494,carro,40,14.37,54.96,4.3,U218,19,6,nao,sim,nublado,5,qua,
ECO-00782,2025-03-18,São Paulo,SP,norte,-23.579399,-46.604776,bike,19,2.67,4.1,3.9,U323,30,15,sim,sim,nublado,12,qui,
ECO-00783,09-02-2025,Curitiba,PR,oeste,-25.385304,"-49,309441",patinete,20,5.71,16.32,1.2,U166,4,37,,nao,sol,6,sex,
ECO-00784,2025-01-17,Uberaba,MG,norte,-19.727288,"-47,95802",bike,16,6.28,24.76,4.6,U274,8,34,,sim,sol,15,sex,
ECO-00785,09-24-2025,Curitiba,PR,leste,-25.434427,-49.285182,patinete,4,"5,68",11.33,1.0,U23,18,28,,nao,sol,16,ter,
ECO-00786,26/10/2025,São Paulo,SP,norte,-23.549425,-46.607236,bike,12,3.08,6.3,4.1,U393,8,41,,sim,nublado,14,sex,
ECO-00787,2025-01-13,Uberlândia,MG,leste,-18.937366,"-48,257198",patinete,24,6.53,12.96,4.2,U56,30,52,sim,sim,chuva,6,dom,
ECO-00788,2025-03-05,Salvador,BA,oeste,-12.999381,-38.5146,bike,28,3.62,6.63,4.3,U353,22,53,sim,sim,sol,10,dom,
ECO-00789,2025-09-27,Uberlândia,MG,sul,-18.87506,-48.323957,patinete,3,3.5,10.01,2.2,U183,3,13,sim,sim,sol,9,qua,
ECO-00790,2025-05-25,Salvador,BA,sul,"-13,019639",-38.462832,carro,18,4.55,12.74,4.8,U166,7,15,sim,nao,sol,1,qui,
ECO-00791,2025-07-19,Uberlândia,MG,oeste,-18.922799,-48.303364,bike,17,"2,42",8.42,3.7,U65,11,12,,nao,nublado,12,dom,
ECO-00792,2025-03-01,São Paulo,SP,leste,-23.570964,-46.680687,patinete,23,2.83,5.8,1.6,U35,21,21,nao,sim,sol,7,qua,
ECO-00793,2025-01-24,Curitiba,PR,oeste,-25.399386,-49.319994,patinete,8,"5,1",7.98,3.7,U375,16,6,sim,nao,sol,15,dom,
ECO-00794,2025-01-25,salvador,BA,sul,-12.944268,-38.534759,carro,29,5.68,9.7,4.3,U387,24,42,sim,sim,chuva,15,seg,
ECO-00795,2025-03-31,são paulo,SP,centro,-23.522168,-46.642936,bike,27,3.3,5.56,2.1,U164,12,21,nao,sim,nublado,21,qua,
ECO-00796,2025-02-11,Uberlândia,MG,norte,-18.868739,"-48,3204",patinete,16,"2,37",4.72,1.8,U50,16,54,sim,nao,nublado,11,qui,
ECO-00797,2025-02-16,Uberlândia,MG,sul,-18.886488,-48.275699,bike,22,4.3,16.8,2.3,U261,2,39,sim,nao,sol,13,seg,
ECO-00798,2025-09-03,Salvador,BA,centro,"-13,017979",-38.515308,publico,25,0.5,1.94,1.4,U28,12,24,nao,sim,nublado,19,dom,
ECO-00799,2025-05-17,Uberaba,MG,oeste,-19.771102,"-47,932485",carro,16,"1,59",5.06,2.6,U362,21,37,sim,nao,chuva,13,sab,
ECO-00800,2025-04-01,São Paulo,SP,centro,"-23,519692","-46,590324",patinete,24,5.83,13.14,2.8,U314,27,39,,sim,sol,19,sab,
ECO-00801,2025-05-11,são paulo,SP,oeste,-23.540917,-46.668247,bike,7,3.11,7.91,1.4,U118,13,15,sim,nao,sol,11,dom,
ECO-00802,06-14-2025,São Paulo,SP,oeste,-23.52995,-46.676751,bike,17,2.84,7.35,4.5,U400,26,4,,sim,sol,0,seg,
ECO-00803,2025-05-27,Campinas,SP,norte,-22.902582,-47.087122,publico,11,"1,87",5.62,1.4,U247,26,58,nao,nao,sol,20,sex,
ECO-00804,2025-01-29,Uberlândia,MG,centro,"-18,951994",-48.256275,carro,24,3.81,8.72,1.9,U220,23,22,,nao,chuva,23,seg,
ECO-00805,2025-07-31,São Paulo,SP,oeste,"-23,599698",-46.620425,bike,20,2.3,7.22,4.2,U191,14,0,nao,nao,nublado,15,qua,
ECO-00806,2025-04-13,Campinas,SP,centro,-22.906666,-47.047221,patinete,6,1.53,2.46,1.3,U395,23,52,nao,sim,nublado,16,qua,
ECO-00807,2025-04-16,são paulo,SP,norte,-23.570207,-46.680465,patinete,35,3.37,10.18,3.4,U326,19,36,,nao,sol,7,seg,
ECO-00808,2025-05-29,Campinas,SP,sul,"-22,858572",-47.065126,bike,3,1.79,3.59,4.1,U274,5,32,,nao,nublado,16,dom,
ECO-00809,2025-05-03,Curitiba,PR,leste,-25.461549,"-49,242809",bike,21,9.09,24.18,2.7,U164,11,10,nao,nao,nublado,0,qui,
ECO-00810,2025-10-10,Uberlândia,MG,sul,-18.962039,-48.238515,patinete,15,2.77,4.52,1.8,U184,12,46,sim,nao,nublado,5,ter,
ECO-00811,01/07/2025,Salvador,ba,sul,-12.984848,-38.538978,publico,9,0.5,1.83,3.3,U270,28,27,sim,nao,sol,16,sex,
ECO-00812,2025-01-27,São Paulo,SP,sul,-23.521438,-46.682318,patinete,35,1.91,7.22,3.4,U107,26,12,,sim,chuva,15,seg,
ECO-00813,2025-06-26,Curitiba,PR,sul,"-25,426007",-49.294293,publico,19,5.76,19.52,2.3,U143,3,6,sim,nao,nublado,9,sab,
ECO-00814,2025-04-29,Uberaba,MG,centro,-19.767896,-47.890815,bike,13,5.32,9.43,3.2,U178,4,47,,nao,sol,4,sex,
ECO-00815,13/02/2025,São Paulo,SP,leste,-23.532157,-46.681435,patinete,31,"0,5",1.41,2.6,U273,24,34,nao,sim,chuva,14,sab,
ECO-00816,data_invalida,Salvador,BA,centro,-12.987395,-38.460538,carro,28,0.97,3.76,4.9,U207,30,48,nao,sim,chuva,23,qui,
ECO-00817,2025-03-25,São Paulo,sp,leste,"-23,58107","-46,58438",publico,9,"0,5",1.62,2.0,U325,4,5,sim,sim,sol,0,dom,
ECO-00818,2025-09-24,Salvador,BA,sul,-12.978448,-38.529752,patinete,3,5.59,18.72,3.5,U338,11,24,,nao,sol,4,sex,
ECO-00819,2025-06-02,Uberaba,MG,leste,-19.78648,-47.927008,carro,28,0.5,1.22,4.0,U177,12,43,,nao,nublado,17,dom,
ECO-00820,2025-05-21,Uberlândia,mg,centro,-18.892529,-48.317647,patinete,11,7.87,20.88,1.4,U122,13,25,,nao,nublado,10,qua,
ECO-00821,data_invalida,Salvador,BA,oeste,-12.95632,-38.514371,carro,8,4.19,11.53,4.8,U224,17,4,sim,nao,sol,18,dom,
ECO-00822,2025-09-03,São Paulo,SP,leste,"-23,5337",-46.589596,publico,21,"1,79",3.53,3.8,U359,0,59,,sim,sol,18,qui,
ECO-00823,09-27-2025,Uberlândia,MG,oeste,-18.883507,-48.263371,publico,22,6.11,12.62,1.1,U235,19,14,nao,sim,sol,21,seg,
ECO-00824,2025-03-16,uberaba,MG,centro,-19.741214,-47.916237,carro,18,"8,48",29.45,2.0,U378,15,38,,sim,chuva,11,seg,
ECO-00825,01-22-2025,Curitiba,pr,norte,-25.441411,-49.248847,bike,28,"5,86",13.06,2.0,U237,10,57,nao,sim,sol,1,dom,
ECO-00826,05/09/2025,Campinas,SP,leste,-22.948938,-47.103127,patinete,3,"6,56",10.74,4.6,U175,3,46,sim,sim,chuva,5,sab,
ECO-00827,2025-06-14,Curitiba,PR,norte,"-25,403214",-49.251962,patinete,28,0.5,0.78,1.4,U213,11,43,sim,sim,sol,14,qua,
ECO-00828,2025-05-11,Uberaba,MG,leste,"-19,75092",-47.906278,patinete,25,5.0,13.51,2.5,U323,7,45,sim,nao,sol,22,dom,
ECO-00829,2025-07-17,Uberlândia,MG,centro,-18.892277,-48.326758,carro,9,3.22,12.67,2.8,U69,22,43,,nao,sol,6,qua,
ECO-00830,2025-10-12,Campinas,SP,oeste,-22.941223,-47.099308,carro,15,4.68,11.03,1.9,U138,9,4,nao,nao,chuva,20,sex,
ECO-00831,2025-06-24,Curitiba,PR,sul,-25.466734,"-49,283532",publico,8,"0,5",1.23,4.9,U359,3,21,sim,nao,sol,11,sab,
ECO-00832,2025-06-09,Curitiba,PR,leste,-25.399921,-49.288418,carro,14,0.84,2.06,1.9,U224,15,60,,sim,chuva,5,sex,
ECO-00833,28/06/2025,Uberaba,MG,leste,-19.704694,-47.89536,bike,16,6.44,11.7,3.0,U309,27,6,sim,nao,sol,9,sab,
ECO-00834,2025-06-15,Uberaba,MG,norte,-19.720799,-47.981799,bike,18,8.28,20.81,3.4,U72,14,36,,nao,sol,10,sab,
ECO-00835,2025-01-01,Uberlândia,mg,sul,-18.95618,-48.248255,publico,13,4.46,8.3,1.5,U189,10,0,nao,sim,nublado,4,seg,
ECO-00836,2025-10-02,Uberaba,MG,leste,-19.749267,-47.910285,carro,6,0.64,1.11,4.4,U276,13,9,nao,sim,chuva,4,qua,
ECO-00837,2025-01-14,São Paulo,SP,norte,-23.537222,-46.631095,patinete,19,0.5,1.56,3.9,U25,18,35,,sim,chuva,22,sab,
ECO-00838,2025-04-18,salvador,BA,sul,-12.932159,-38.472943,publico,3,11.16,28.19,3.1,U233,15,60,,nao,sol,4,ter,
ECO-00839,2025-02-08,campinas,SP,centro,-22.855983,-47.019672,bike,21,6.17,24.12,2.8,U258,9,6,sim,sim,sol,6,ter,
ECO-00840,2025-08-01,uberlândia,MG,leste,-18.930111,-48.297705,bike,14,"1,84",6.24,3.9,U238,1,1,sim,nao,nublado,14,qua,
ECO-00841,2025-10-18,Campinas,SP,oeste,"-22,918814",-47.073672,patinete,27,"7,45",24.9,3.0,U300,15,10,,sim,chuva,9,ter,
ECO-00842,2025-08-02,Uberaba,MG,norte,-19.704085,"-47,920345",patinete,24,1.11,3.0,2.8,U119,28,3,nao,sim,nublado,23,sex,
ECO-00843,2025-05-08,Curitiba,PR,oeste,-25.465154,-49.278556,patinete,13,"3,94",9.91,3.1,U238,22,52,,nao,nublado,13,ter,
ECO-00844,04-06-2025,Uberaba,MG,leste,"-19,72292",-47.953179,publico,3,5.01,11.93,3.9,U217,28,2,nao,sim,sol,21,dom,
ECO-00845,2025-07-08,Curitiba,PR,leste,-25.440581,"-49,255541",patinete,17,"6,54",24.71,2.4,U338,17,30,nao,sim,sol,21,dom,
ECO-00846,01/10/2025,São Paulo,SP,norte,"-23,583906",-46.640908,patinete,10,3.67,6.41,4.8,U295,17,5,nao,nao,sol,21,seg,
ECO-00847,05-02-2025,Campinas,sp,centro,-22.917158,-47.041787,bike,10,"5,85",21.6,4.5,U150,18,40,nao,nao,nublado,7,qui,
ECO-00848,24/02/2025,Curitiba,PR,oeste,-25.384219,-49.289103,publico,29,3.96,12.05,1.3,U127,8,12,nao,sim,sol,9,qua,
ECO-00849,2025-09-17,São Paulo,SP,leste,-23.502025,-46.660053,carro,29,5.07,19.88,2.4,U357,11,39,,nao,nublado,10,ter,
ECO-00850,2025-07-05,Uberlândia,MG,sul,-18.91066,-48.239996,bike,27,2.86,5.81,1.3,U55,19,8,sim,sim,sol,21,dom,
ECO-00851,2025-03-04,Curitiba,PR,centro,"-25,451538",-49.252519,bike,3,1.19,4.35,4.5,U239,23,54,sim,nao,sol,3,sex,
ECO-00852,2025-10-28,Salvador,BA,leste,-12.965429,-38.476237,patinete,14,2.58,8.03,3.3,U19,14,49,sim,sim,chuva,15,seg,
ECO-00853,2025-03-02,Curitiba,PR,leste,-25.475812,-49.264805,carro,3,6.09,9.6,2.1,U155,23,18,,sim,sol,17,dom,
ECO-00854,2025-07-15,Uberaba,MG,sul,-19.756813,-47.987984,publico,14,5.81,13.55,4.8,U258,21,43,sim,nao,nublado,19,qui,
ECO-00855,2025-08-15,Campinas,SP,sul,-22.895124,-47.035853,bike,19,2.72,8.25,4.4,U267,12,36,,sim,nublado,3,dom,
ECO-00856,2025-10-27,Uberaba,MG,leste,-19.750962,-47.950729,carro,10,0.5,1.97,2.1,U134,3,47,sim,nao,chuva,22,seg,
ECO-00857,08-28-2025,Uberaba,MG,oeste,-19.755459,-47.966724,bike,3,6.17,12.67,2.5,U384,14,46,sim,nao,nublado,3,dom,
ECO-00858,data_invalida,Uberlândia,MG,centro,-18.884397,-48.305975,carro,10,3.92,14.44,1.3,U203,14,6,,nao,sol,11,sex,
ECO-00859,2025-06-07,Uberaba,MG,sul,"-19,747859",-47.913637,patinete,43,3.1,8.41,1.6,U57,9,0,,nao,sol,4,sab,
ECO-00860,2025-10-23,Campinas,SP,sul,-22.860508,-47.099814,patinete,28,8.52,30.24,4.1,U200,2,54,,nao,sol,4,qua,
ECO-00861,09-30-2025,São Paulo,SP,oeste,-23.519528,-46.663256,patinete,28,2.37,8.04,3.3,U332,26,10,nao,nao,sol,14,ter,
ECO-00862,2025-07-24,Salvador,BA,sul,-13.007359,-38.509133,publico,16,6.57,16.42,2.9,U130,30,2,,nao,chuva,7,qui,
ECO-00863,2025-04-12,Curitiba,PR,leste,-25.40639,-49.23118,patinete,27,5.21,15.87,1.4,U380,8,6,,nao,sol,11,seg,
ECO-00864,2025-02-10,Salvador,BA,norte,-12.986454,-38.535682,patinete,34,"0,5",1.76,3.7,U261,17,22,nao,nao,nublado,4,sex,
ECO-00865,2025-06-03,Curitiba,PR,centro,-25.47665,-49.247261,bike,21,5.23,20.75,2.0,U84,4,19,,nao,nublado,7,dom,
ECO-00866,2025-09-01,Campinas,SP,oeste,-22.900835,-47.041022,patinete,3,0.5,1.87,1.5,U289,29,13,sim,nao,nublado,22,seg,
ECO-00867,data_invalida,Curitiba,pr,sul,-25.47601,-49.288257,bike,25,5.94,18.49,4.1,U320,18,8,sim,nao,nublado,18,seg,
ECO-00868,2025-06-24,Campinas,SP,oeste,"-22,909776","-47,066384",carro,7,6.09,14.31,3.2,U265,2,7,,nao,sol,17,sab,
ECO-00869,2025-10-02,São Paulo,SP,leste,-23.550682,-46.597621,patinete,9,"0,5",1.85,2.5,U298,15,1,sim,sim,nublado,7,qui,
ECO-00870,2025-04-11,Uberaba,MG,leste,-19.795063,-47.896413,patinete,18,2.1,3.47,3.3,U292,22,52,sim,sim,chuva,7,dom,
ECO-00871,2025-06-09,Campinas,sp,sul,-22.954102,-47.055111,bike,16,"0,5",1.29,3.6,U201,3,11,nao,nao,nublado,11,sex,
ECO-00872,2025-01-23,São Paulo,SP,centro,-23.515187,-46.611447,bike,10,10.08,19.19,4.2,U300,21,25,sim,sim,sol,13,sex,
ECO-00873,2025-02-17,Uberaba,MG,centro,-19.750439,-47.966063,publico,17,2.4,4.85,4.3,U42,15,12,nao,nao,sol,9,sab,
ECO-00874,2025-09-10,Salvador,BA,norte,-13.007484,-38.481705,publico,8,1.79,5.97,2.3,U5,27,5,nao,nao,chuva,16,qui,
ECO-00875,2025-03-03,Curitiba,PR,norte,-25.467146,"-49,292178",patinete,29,9.63,19.1,2.9,U217,18,23,nao,sim,chuva,1,sab,
ECO-00876,2025-01-08,Uberaba,MG,oeste,-19.783276,-47.950479,publico,17,6.8,11.05,2.9,U194,25,12,,nao,sol,9,dom,
ECO-00877,2025-09-13,Campinas,SP,leste,-22.900786,-47.038573,bike,20,"0,5",1.48,3.3,U392,9,36,sim,sim,nublado,15,dom,
ECO-00878,2025-06-14,Curitiba,PR,centro,-25.427033,-49.255213,carro,17,0.5,1.16,3.6,U205,23,12,nao,nao,nublado,14,seg,
ECO-00879,2025-03-29,São Paulo,SP,sul,-23.504047,"-46,676776",publico,23,8.54,32.98,1.7,U212,12,33,nao,nao,sol,8,qua,
ECO-00880,01-15-2025,Salvador,BA,sul,"-12,944361",-38.549035,bike,4,2.99,9.98,2.1,U372,20,2,sim,nao,nublado,7,dom,
ECO-00881,2025-02-18,Uberaba,MG,oeste,"-19,735075",-47.890231,patinete,15,4.88,13.75,4.0,U111,17,33,,nao,chuva,8,qui,
ECO-00882,2025-07-23,São Paulo,SP,norte,-23.534202,-46.673276,patinete,9,2.18,5.92,2.1,U324,15,33,nao,nao,sol,7,ter,
ECO-00883,2025-03-23,Campinas,SP,leste,-22.869881,-47.10499,carro,5,0.56,1.26,4.9,U81,19,42,,nao,sol,10,dom,
ECO-00884,2025-02-08,Uberlândia,MG,norte,-18.896315,-48.283041,patinete,22,"2,27",4.32,2.4,U323,2,26,nao,nao,nublado,5,dom,
ECO-00885,2025-06-25,Uberlândia,MG,oeste,"-18,903646",-48.258548,carro,19,3.8,14.13,4.4,U229,3,57,nao,nao,chuva,4,ter,
ECO-00886,2025-08-17,São Paulo,SP,sul,-23.509223,-46.61397,bike,25,6.47,14.96,2.4,U124,29,59,nao,sim,nublado,16,sex,
ECO-00887,2025-10-03,salvador,BA,centro,-12.984137,-38.511898,bike,10,0.5,1.17,4.6,U350,17,45,sim,sim,sol,0,seg,
ECO-00888,2025-05-05,Campinas,SP,oeste,-22.870896,"-47,035919",patinete,15,6.21,18.89,4.3,U306,23,49,nao,nao,nublado,11,qui,
ECO-00889,2025-05-28,Campinas,SP,leste,-22.868932,-47.075923,patinete,19,"5,0",16.09,3.4,U108,25,7,sim,nao,sol,2,qui,
ECO-00890,2025-07-20,São Paulo,SP,leste,-23.524398,-46.594108,patinete,3,0.79,1.2,1.9,U85,18,2,nao,nao,nublado,15,qua,
ECO-00891,2025-01-20,Salvador,BA,centro,"-12,931731",-38.483904,publico,3,"2,99",6.19,2.6,U194,7,59,sim,sim,sol,15,seg,
ECO-00892,23/03/2025,Uberaba,MG,sul,-19.77064,-47.894326,publico,13,0.82,3.21,4.8,U338,20,54,sim,sim,sol,14,seg,
ECO-00893,2025-02-17,uberaba,MG,centro,-19.740109,-47.908002,publico,7,"5,42",11.81,1.3,U227,17,13,,sim,sol,7,dom,
ECO-00894,2025-07-09,São Paulo,SP,centro,-23.558894,-46.663231,bike,27,6.18,11.9,1.5,U156,30,53,,sim,chuva,1,dom,
ECO-00895,2025-08-24,Uberlândia,MG,sul,-18.918383,-48.279094,publico,11,"3,72",6.29,3.2,U292,22,59,sim,nao,chuva,11,sex,
ECO-00896,2025-10-03,uberaba,MG,centro,-19.750732,-47.929318,bike,20,"5,98",16.86,4.5,U195,12,49,nao,sim,sol,18,sex,
ECO-00897,17/01/2025,Uberaba,MG,oeste,-19.75183,-47.936862,bike,29,0.8,2.84,4.5,U339,10,26,,sim,sol,22,ter,
ECO-00898,data_invalida,Campinas,SP,norte,-22.907987,-47.03508,patinete,15,0.5,1.66,3.1,U397,30,37,nao,nao,nublado,1,seg,
ECO-00899,2025-01-18,Curitiba,pr,leste,-25.384983,-49.276537,patinete,23,"3,66",9.34,2.1,U309,20,27,,nao,nublado,7,sex,
ECO-00900,2025-06-16,Curitiba,PR,norte,-25.432791,-49.247713,publico,26,3.24,9.86,2.2,U94,30,40,nao,nao,chuva,18,sab,
ECO-00901,2025-06-02,Salvador,BA,sul,-12.999412,-38.538986,bike,24,0.5,1.37,2.1,U91,14,30,nao,nao,sol,3,sex,
ECO-00902,2025-08-07,Uberlândia,MG,centro,-18.963096,-48.246541,bike,3,2.29,5.72,2.6,U30,0,48,sim,sim,sol,6,seg,
ECO-00903,2025-06-27,Campinas,SP,centro,-22.86454,-47.018537,patinete,16,5.55,15.01,1.2,U253,3,44,sim,sim,nublado,6,dom,
ECO-00904,2025-03-24,Campinas,SP,centro,-22.878268,-47.07348,publico,21,0.5,1.83,4.2,U21,2,15,,sim,chuva,3,qui,
ECO-00905,2025-01-26,Salvador,BA,oeste,-13.010441,-38.453338,publico,18,4.65,14.37,1.8,U63,28,23,,sim,sol,1,dom,
ECO-00906,2025-01-11,Salvador,ba,norte,-12.950861,-38.506418,bike,31,10.1,40.27,4.7,U30,22,7,sim,nao,sol,1,sab,
ECO-00907,06-05-2025,Curitiba,pr,centro,-25.425715,-49.309264,patinete,17,5.63,12.4,2.1,U277,29,37,sim,nao,chuva,21,qui,
ECO-00908,2025-02-10,Salvador,BA,leste,-12.937402,-38.477037,carro,29,6.13,22.2,1.6,U170,10,35,nao,sim,nublado,7,sex,
ECO-00909,07/04/2025,Campinas,SP,sul,-22.950135,-47.089578,bike,16,4.1,13.43,4.8,U84,16,47,sim,nao,chuva,17,qui,
ECO-00910,02/06/2025,São Paulo,SP,sul,-23.576806,-46.628196,carro,14,10.06,35.87,1.5,U187,2,6,sim,nao,nublado,5,sab,
ECO-00911,2025-03-30,Salvador,BA,leste,-13.01267,-38.49931,carro,23,1.88,5.16,2.9,U70,28,40,sim,nao,sol,10,ter,
ECO-00912,2025-10-01,Uberaba,MG,norte,-19.797032,-47.899704,patinete,16,3.12,7.37,4.7,U226,0,44,nao,nao,chuva,2,sab,
ECO-00913,2025-04-11,Curitiba,PR,oeste,-25.420577,-49.238353,publico,24,1.11,3.99,3.8,U185,2,44,sim,nao,sol,13,seg,
ECO-00914,2025-07-10,Curitiba,PR,norte,-25.417607,-49.309665,bike,21,"0,74",2.81,2.4,U47,10,55,sim,nao,nublado,17,sab,
ECO-00915,16/09/2025,Salvador,BA,oeste,-13.002663,-38.523121,publico,18,5.96,18.96,4.2,U351,27,32,,sim,nublado,5,qui,
ECO-00916,2025-06-23,Curitiba,PR,sul,-25.409818,-49.295977,publico,17,4.41,10.25,4.7,U239,5,32,,nao,sol,18,sab,
ECO-00917,2025-01-22,Campinas,SP,sul,-22.917483,-47.067629,publico,21,8.43,14.03,3.7,U374,1,47,,sim,chuva,18,qui,
ECO-00918,2025-07-09,Salvador,BA,leste,"-12,977502",-38.45253,patinete,13,6.75,17.55,4.3,U299,4,16,,nao,sol,9,sab,
ECO-00919,2025-01-12,campinas,SP,norte,-22.893013,-47.022727,carro,21,9.16,36.26,1.6,U26,26,51,nao,sim,nublado,17,seg,
ECO-00920,06-17-2025,Uberlândia,MG,leste,-18.890496,-48.251195,publico,29,"2,63",5.57,3.7,U394,5,21,,nao,nublado,8,qua,
ECO-00921,2025-06-09,Curitiba,PR,sul,-25.386864,-49.30727,carro,17,0.5,0.8,3.9,U101,23,2,nao,sim,sol,9,seg,
ECO-00922,2025-07-22,Salvador,BA,sul,-12.963194,-38.513757,bike,26,4.47,17.62,3.3,U214,1,39,,sim,sol,12,sex,
ECO-00923,2025-08-15,Curitiba,PR,leste,-25.439378,-49.306199,bike,14,0.5,1.43,3.0,U27,17,14,sim,nao,nublado,14,seg,
ECO-00924,2025-10-07,Curitiba,PR,sul,-25.467661,"-49,310775",patinete,12,0.5,1.18,4.9,U398,6,3,,nao,chuva,9,dom,
ECO-00925,2025-05-10,Uberlândia,MG,leste,-18.93016,"-48,275671",carro,9,"5,13",17.62,4.8,U29,12,29,nao,nao,nublado,9,qua,
ECO-00926,2025-07-21,Uberaba,MG,norte,-19.70213,"-47,919906",bike,25,"5,16",9.75,4.4,U76,20,59,nao,sim,nublado,19,sab,
ECO-00927,2025-09-28,Campinas,SP,centro,-22.86677,-47.023825,patinete,21,6.34,21.38,3.5,U156,11,7,nao,sim,chuva,13,seg,
ECO-00928,2025-06-02,Curitiba,PR,oeste,-25.461211,-49.238214,publico,25,11.54,26.79,1.7,U355,6,41,nao,nao,sol,8,dom,
ECO-00929,2025-04-12,Uberaba,MG,centro,-19.725047,-47.942302,bike,11,"1,22",4.4,2.3,U30,5,51,nao,sim,sol,7,qui,
ECO-00930,data_invalida,Uberlândia,MG,leste,"-18,877913",-48.251943,bike,19,0.5,1.15,1.6,U304,20,60,sim,nao,nublado,3,dom,
ECO-00931,07-08-2025,Campinas,SP,leste,-22.902773,-47.014867,bike,22,0.65,1.43,3.9,U15,21,60,sim,sim,chuva,23,ter,
ECO-00932,2025-04-26,Uberaba,MG,norte,-19.740827,-47.908098,bike,18,5.07,19.18,4.9,U378,29,27,,sim,nublado,2,sex,
ECO-00933,2025-07-08,Uberaba,MG,oeste,-19.763812,"-47,953404",bike,21,6.08,11.17,2.1,U66,5,9,nao,nao,sol,5,seg,
ECO-00934,2025-03-18,Uberaba,mg,oeste,-19.705474,-47.956078,publico,20,4.55,8.45,3.2,U81,13,32,nao,nao,sol,18,qui,
ECO-00935,2025-02-13,Uberlândia,mg,oeste,-18.952167,-48.311472,bike,39,"4,66",13.27,2.6,U225,6,6,nao,sim,nublado,8,dom,
ECO-00936,2025-07-24,Campinas,SP,sul,-22.933823,"-47,105095",patinete,18,8.33,24.06,2.3,U291,11,42,,nao,sol,19,sex,
ECO-00937,2025-09-30,salvador,BA,centro,-12.993247,-38.461377,carro,21,3.12,6.52,4.0,U255,11,32,nao,sim,sol,4,dom,
ECO-00938,2025-01-15,São Paulo,SP,norte,-23.528566,-46.610399,bike,26,"0,5",1.43,1.4,U340,4,41,nao,sim,sol,12,qua,
ECO-00939,2025-10-10,Uberlândia,MG,norte,-18.905229,-48.274338,patinete,15,6.02,13.28,4.4,U342,2,1,nao,nao,nublado,14,qua,
ECO-00940,2025-08-02,Campinas,SP,leste,-22.923692,-47.016982,bike,15,0.5,1.08,3.7,U191,20,57,nao,sim,sol,16,dom,
ECO-00941,2025-03-09,Campinas,SP,sul,-22.915254,-47.092616,patinete,15,5.08,9.63,3.0,U101,30,10,,sim,sol,16,seg,
ECO-00942,19/04/2025,Curitiba,PR,leste,-25.450193,"-49,284886",patinete,13,1.71,3.96,4.0,U394,29,21,sim,sim,sol,21,qua,
ECO-00943,2025-10-06,Salvador,BA,centro,-13.012599,-38.528275,carro,27,0.5,1.88,4.3,U378,28,45,nao,sim,nublado,18,ter,
ECO-00944,05-14-2025,Uberlândia,MG,oeste,-18.926999,-48.282869,bike,22,6.89,21.4,3.5,U195,27,54,sim,nao,sol,3,sab,
ECO-00945,2025-07-10,Campinas,SP,sul,-22.90501,-47.051561,bike,3,3.61,14.05,1.0,U99,1,39,sim,nao,nublado,19,qui,
ECO-00946,2025-05-30,Uberlândia,MG,leste,-18.928328,-48.278249,patinete,12,"7,58",21.46,1.3,U197,5,22,nao,nao,sol,20,qui,
ECO-00947,30/03/2025,salvador,ba,norte,-13.017284,-38.516629,patinete,13,2.32,7.45,4.8,U92,22,37,nao,nao,nublado,17,qui,
ECO-00948,07-17-2025,Uberaba,MG,centro,-19.773665,-47.894279,patinete,8,12.2,44.76,2.1,U223,17,3,sim,sim,sol,12,ter,
ECO-00949,2025-03-18,São Paulo,SP,leste,-23.562993,-46.63997,patinete,5,5.74,8.63,3.2,U85,1,24,sim,sim,sol,8,dom,
ECO-00950,2025-08-11,São Paulo,SP,sul,"-23,506231",-46.655121,carro,19,5.23,9.91,2.3,U185,8,32,nao,nao,sol,13,seg,
ECO-00951,2025-06-20,Campinas,SP,oeste,-22.921847,-47.068089,patinete,12,9.84,34.57,4.3,U218,5,21,nao,sim,sol,1,sex,
ECO-00952,2025-07-26,Uberlândia,MG,centro,-18.962992,-48.263242,publico,6,2.81,5.07,3.4,U380,13,46,nao,nao,nublado,22,ter,
ECO-00953,2025-04-07,Uberaba,MG,leste,-19.708226,"-47,923471",bike,44,2.9,7.35,1.3,U122,18,23,sim,nao,sol,5,sex,
ECO-00954,2025-06-14,Uberlândia,MG,sul,-18.901048,-48.228218,publico,5,10.42,39.96,3.4,U229,2,15,sim,sim,sol,7,ter,
ECO-00955,2025-04-29,Curitiba,pr,leste,-25.400726,-49.298863,patinete,27,0.5,1.99,1.8,U48,10,10,sim,nao,chuva,14,dom,
ECO-00956,2025-03-31,Uberlândia,MG,centro,-18.949142,-48.276754,publico,20,5.09,16.48,2.7,U153,4,32,nao,sim,nublado,17,ter,
ECO-00957,2025-10-04,Campinas,SP,norte,-22.923679,-47.037137,bike,16,3.9,7.95,3.2,U154,24,9,sim,nao,nublado,3,ter,
ECO-00958,2025-06-03,Campinas,SP,leste,-22.933638,-47.040036,patinete,9,4.39,12.59,1.6,U53,22,5,sim,sim,chuva,19,qui,
ECO-00959,2025-09-07,salvador,BA,centro,-12.97583,-38.481691,publico,11,1.26,2.5,3.0,U27,9,27,sim,sim,sol,8,sex,
ECO-00960,2025-09-11,Campinas,SP,centro,-22.95537,-47.056429,carro,22,"1,88",5.35,2.0,U282,2,41,sim,nao,nublado,0,sex,
ECO-00961,data_invalida,Campinas,SP,leste,-22.895614,-47.089256,patinete,12,"2,29",4.97,4.8,U178,13,12,sim,nao,chuva,18,sex,
ECO-00962,2025-07-13,uberaba,MG,oeste,"-19,748057","-47,979853",publico,31,9.95,32.16,3.3,U361,18,44,,nao,sol,9,qui,
ECO-00963,2025-04-30,Curitiba,PR,sul,"-25,476724",-49.260126,bike,7,"5,32",15.07,3.8,U53,5,51,nao,sim,sol,4,qua,
ECO-00964,2025-07-20,Uberaba,MG,oeste,-19.703274,-47.914681,bike,12,2.23,3.87,3.3,U28,28,47,sim,nao,chuva,19,sab,
ECO-00965,2025-01-20,São Paulo,sp,norte,-23.566649,-46.604405,bike,3,1.07,1.88,2.2,U288,12,46,nao,sim,sol,3,sab,
ECO-00966,2025-03-10,Uberaba,MG,norte,-19.75785,"-47,928217",carro,3,"8,16",29.46,1.5,U29,24,5,sim,nao,sol,15,sex,
ECO-00967,2025-10-14,Campinas,sp,oeste,-22.933909,-47.044866,publico,27,0.5,1.17,2.2,U17,4,50,nao,sim,chuva,18,sab,
ECO-00968,2025-06-08,Uberaba,MG,norte,-19.79467,-47.956337,publico,3,4.6,11.93,1.6,U341,6,59,sim,nao,nublado,2,qua,
ECO-00969,2025-07-31,Campinas,SP,centro,-22.917979,"-47,051974",publico,18,3.02,5.86,2.2,U120,20,7,nao,nao,sol,17,ter,
ECO-00970,2025-02-16,Salvador,BA,oeste,-12.957527,-38.521189,publico,38,0.97,3.03,2.2,U185,10,14,,sim,chuva,9,dom,
ECO-00971,2025-03-09,Uberlândia,MG,leste,"-18,881202",-48.296588,bike,32,7.64,19.28,2.9,U67,29,11,nao,sim,chuva,2,qui,
ECO-00972,2025-04-12,Curitiba,PR,leste,-25.461383,-49.301779,patinete,18,3.39,8.96,2.4,U219,26,26,nao,nao,chuva,9,sab,
ECO-00973,2025-05-01,Uberaba,MG,sul,-19.760689,-47.924004,publico,26,"5,27",20.86,2.8,U109,11,41,,sim,nublado,2,seg,
ECO-00974,2025-07-19,Curitiba,PR,norte,-25.474376,-49.310058,bike,21,3.61,10.12,1.2,U377,0,13,sim,nao,sol,6,sex,
ECO-00975,2025-01-03,Uberlândia,mg,sul,"-18,88249",-48.276749,bike,3,2.11,3.29,3.1,U341,12,41,sim,nao,nublado,17,sex,
ECO-00976,10-06-2025,Uberlândia,MG,sul,"-18,916073",-48.289638,bike,11,4.32,6.79,1.8,U109,9,46,,nao,nublado,21,sex,
ECO-00977,03-08-2025,Uberaba,MG,centro,-19.738989,-47.89638,carro,29,0.96,2.56,4.9,U398,6,48,,nao,sol,5,dom,
ECO-00978,2025-06-27,Curitiba,PR,centro,-25.390638,-49.282724,bike,17,2.96,4.62,1.4,U47,24,36,sim,sim,sol,10,qua,
ECO-00979,2025-05-24,Curitiba,PR,norte,-25.423376,-49.283798,bike,9,6.25,13.12,2.6,U369,24,0,nao,nao,nublado,14,sab,
ECO-00980,2025-09-07,Campinas,SP,centro,-22.875833,"-47,028502",patinete,28,1.44,5.07,1.9,U24,23,2,sim,sim,sol,9,sex,
ECO-00981,2025-01-04,São Paulo,SP,centro,-23.55021,-46.643229,carro,33,"4,58",13.58,2.0,U106,1,46,sim,nao,sol,13,qui,
ECO-00982,2025-04-05,Uberaba,MG,norte,-19.775191,-47.941799,patinete,15,6.07,13.53,4.0,U1,20,6,,nao,nublado,7,sex,
ECO-00983,2025-03-03,Uberlândia,MG,sul,-18.904653,-48.308596,patinete,31,4.07,15.99,2.5,U40,15,59,nao,nao,sol,14,sex,
ECO-00984,2025-03-07,Uberaba,MG,leste,-19.756611,"-47,956933",bike,14,"6,41",23.78,3.4,U200,2,28,sim,sim,nublado,13,dom,
ECO-00985,2025-05-29,São Paulo,SP,norte,-23.501875,"-46,651749",bike,20,2.55,4.94,1.4,U333,29,32,,sim,chuva,16,ter,
ECO-00986,2025-01-07,Salvador,BA,sul,-12.982556,"-38,490768",bike,30,4.38,15.17,3.2,U126,12,24,nao,nao,chuva,15,qui,
ECO-00987,2025-03-15,São Paulo,SP,centro,-23.537419,-46.589382,publico,3,"5,4",19.14,1.8,U30,4,23,nao,sim,sol,1,qui,
ECO-00988,18/07/2025,Uberaba,MG,sul,-19.698008,-47.91067,carro,5,2.31,6.45,1.2,U107,15,0,nao,nao,nublado,9,ter,
ECO-00989,2025-05-31,São Paulo,SP,sul,-23.558098,-46.597819,publico,27,5.03,13.51,3.2,U116,11,35,,sim,nublado,5,seg,
ECO-00990,04-16-2025,uberaba,MG,leste,-19.751496,-47.946065,carro,5,"5,34",12.53,4.7,U117,10,16,,sim,nublado,20,qui,
ECO-00991,2025-06-01,Uberaba,MG,oeste,-19.720936,-47.891573,patinete,20,5.65,8.82,3.7,U271,20,37,,nao,sol,2,sex,
ECO-00992,17/10/2025,Curitiba,PR,sul,"-25,380354",-49.294302,bike,16,2.19,4.61,2.4,U191,16,48,sim,nao,nublado,6,dom,
ECO-00993,19/08/2025,Campinas,SP,oeste,"-22,91513",-47.046434,patinete,3,5.69,14.93,4.6,U256,3,54,sim,sim,nublado,6,sab,
ECO-00994,2025-07-15,Uberlândia,MG,norte,"-18,928378",-48.292864,bike,36,7.84,30.26,4.8,U257,4,59,,nao,chuva,5,qua,
ECO-00995,2025-03-09,Curitiba,PR,sul,"-25,463174",-49.253991,publico,17,"2,7",6.77,1.8,U65,12,30,sim,nao,nublado,15,qua,
ECO-00996,2025-04-05,Curitiba,PR,leste,-25.468159,-49.318752,patinete,16,8.56,22.08,1.6,U29,13,1,nao,sim,nublado,17,dom,
ECO-00997,20/10/2025,São Paulo,SP,sul,"-23,517694",-46.649371,carro,13,0.5,1.55,4.6,U223,10,11,nao,sim,sol,2,qua,
ECO-00998,2025-03-15,Uberaba,MG,centro,-19.745375,-47.898446,carro,26,2.21,3.76,4.2,U343,21,58,sim,sim,chuva,21,sex,
ECO-00999,2025-03-25,são paulo,SP,norte,"-23,515814",-46.633538,carro,24,3.77,14.16,2.4,U1,28,11,sim,sim,chuva,21,sex,
ECO-00000,2025-09-27,Uberlândia,MG,oeste,-18.927273,-48.25581,patinete,33,3.19,4.79,2.9,U374,12,34,sim,nao,sol,1,ter,
ECO-00001,02-15-2025,Uberlândia,MG,leste,"-18,935736",-48.289407,bike,12,4.45,10.14,4.7,U279,8,41,,nao,chuva,21,dom,
ECO-00002,19/09/2025,Salvador,BA,centro,-12.981363,-38.474097,patinete,8,5.74,11.1,4.2,U377,14,5,sim,sim,nublado,16,sab,
ECO-00003,2025-02-02,Curitiba,PR,leste,-25.404827,-49.275499,bike,30,2.37,6.76,2.8,U18,29,59,,sim,chuva,1,sex,
ECO-00004,2025-01-29,Curitiba,PR,norte,-25.412439,-49.244203,patinete,16,3.08,12.12,3.3,U189,16,7,nao,nao,sol,17,ter,
ECO-00005,2025-07-13,Uberaba,MG,oeste,-19.722675,-47.923988,patinete,17,7.28,18.26,5.0,U10,25,45,nao,nao,nublado,21,ter,
ECO-00006,data_invalida,Uberaba,MG,oeste,-19.704063,-47.894589,bike,13,1.47,2.21,3.9,U388,21,53,nao,nao,sol,0,qua,
ECO-00007,data_invalida,Curitiba,pr,norte,-25.440538,"-49,239972",bike,30,"6,74",25.51,4.2,U176,2,48,,nao,chuva,8,sex,
ECO-00008,2025-02-22,São Paulo,SP,sul,-23.567504,-46.656981,bike,27,0.5,1.16,2.8,U285,22,43,nao,sim,sol,7,seg,
ECO-00009,21/09/2025,São Paulo,SP,oeste,-23.59134,-46.608258,patinete,27,8.91,21.95,5.0,U159,7,21,,sim,nublado,10,dom,
ECO-00010,2025-03-14,São Paulo,SP,leste,-23.593459,-46.664558,bike,28,9.47,23.42,1.7,U193,29,13,,sim,sol,6,qui,
ECO-00011,2025-01-13,Salvador,BA,sul,-13.011067,-38.5436,publico,26,"3,24",12.45,2.4,U301,0,22,nao,sim,nublado,16,sab,
ECO-00012,2025-01-20,Uberaba,MG,centro,-19.794741,-47.903297,patinete,12,2.3,7.19,1.5,U131,8,40,sim,sim,chuva,13,sab,
ECO-00013,07/02/2025,Curitiba,PR,norte,"-25,399628",-49.300279,carro,24,0.5,1.22,2.8,U82,19,7,sim,sim,sol,7,qua,
ECO-00014,2025-05-31,Curitiba,PR,leste,-25.379549,-49.259847,bike,16,"5,71",14.84,1.0,U107,2,17,sim,nao,sol,9,dom,
ECO-00015,2025-03-26,Uberlândia,MG,centro,"-18,868629",-48.260674,patinete,30,7.67,18.99,4.3,U253,6,56,,nao,sol,16,seg,
ECO-00016,2025-04-02,Campinas,SP,norte,"-22,863231",-47.058432,publico,33,4.32,14.52,3.0,U208,30,30,,nao,sol,5,qui,
ECO-00017,24/01/2025,Uberaba,MG,norte,"-19,718422","-47,975029",carro,21,3.97,9.27,1.8,U99,9,0,nao,sim,sol,17,qui,
ECO-00018,2025-03-24,Salvador,BA,centro,-13.013327,-38.497908,bike,13,0.5,1.74,1.4,U337,15,54,,nao,nublado,10,dom,
ECO-00019,2025-06-19,Uberlândia,MG,sul,-18.958578,-48.24119,carro,19,1.82,6.39,2.4,U381,7,12,sim,nao,sol,7,dom,
