registro_id,data_leitura,cidade,uf,usuario_id,livro,subgenero,classificacao_indicativa,idade_usuario,capitulo,avaliacao_capitulo,comentario,tempo_leitura_min,avaliacao_obra,tags,interacao,escritor_id,qualidade_texto_score,aderencia_genero,status_avaliacao,observacao
RP-00000,09-01-2025,Goiânia,GO,U196,A Santa Que Me Condena,fantasia sombria,14,37,13,,,3,1.1,adulto,avaliou,E29,4.6,8.1,procesado,
RP-00001,2025-01-14,São Paulo,mg,U223,A Santa Que Me Condena,darkromance,18,35,20,NA,NA,79,2.3,sombrio,curtiu,E68,9.1,8.2,procesado,
RP-00002,2025-06-21,Goiânia,PR,U215,Sombras Eternas,fantasia,14,21,11,NA,,78,4.0,juvenil,,E90,6.1,8.6,procesado,
RP-00003,data_invalida,Goiânia,GO,U16,Reino das Runas,fantasia sombria,14,38,23,NA,NA,92,3.8,aventura,comentou,E79,9.0,8.5,valido,
RP-00004,17/06/2025,Uberaba,MG,U184,A Santa Que Me Condena,darkromance,18,38,9,NA,,7,4.4,juvenil,,E59,8.6,1.5,,
RP-00005,2025-01-30,Curitiba,SP,U354,Sombras Eternas,fantasia_sombria,14,40,17,NA,ruim,14,2.3,magia,,E36,2.9,3.8,procesado,
RP-00006,29/07/2025,São Paulo,PR,U352,Sombras Eternas,darkromance,livre,24,22,3.3,NA,34,3.6,sombrio,avaliou,E44,6.4,3.4,,
RP-00007,2025-03-19,Curitiba,GO,U356,A Santa Que Me Condena,darkromance,14,22,25,2.4,,115,1.9,sombrio,,E10,1.8,5.3,,
RP-00008,2025-05-25,Curitiba,GO,U301,A Santa Que Me Condena,darkromance,,39,22,NA,ruim,108,1.4,juvenil,curtiu,E21,3.6,10.0,procesado,
RP-00009,2025-07-17,Curitiba,SP,U125,Im(pureza),infanto_juvenil,livre,31,25,2.5,muito bom,117,5.0,juvenil,,E92,7.8,2.6,valido,
RP-00010,02/07/2025,Uberaba,PR,U281,A Santa Que Me Condena,fantasia sombria,18,28,26,9,ruim,112,3.0,juvenil,curtiu,E65,5.6,5.8,,INVALIDO
RP-00011,data_invalida,São Paulo,mg,U188,Im(pureza),fantasia_sombria,,33,1,,NA,11,4.8,juvenil,,E52,6.2,8.3,,
RP-00012,2025-08-25,Curitiba,GO,U289,Reino das Runas,fantasia sombria,,36,18,,,96,3.4,romance,comentou,E6,6.9,5.7,procesado,
RP-00013,2025-04-30,Goiânia,MG,U155,A Santa Que Me Condena,dark_romance,14,18,9,NA,ruim,114,1.4,aventura,comentou,E72,9.5,9.4,valido,
RP-00014,22/07/2025,Uberaba,mg,U233,Reino das Runas,fantasia sombria,livre,27,10,4.2,muito bom,25,3.9,adulto,comentou,E63,6.2,2.2,procesado,
RP-00015,2025-06-16,São Paulo,MG,U204,Reino das Runas,fantasia sombria,,31,12,,muito bom,8,2.2,sombrio,avaliou,E44,3.9,8.2,valido,
RP-00016,2025-08-12,São Paulo,mg,U292,A Santa Que Me Condena,fantasia sombria,18,39,25,4.3,muito bom,14,2.3,aventura,avaliou,E77,1.2,7.8,procesado,
RP-00017,12/05/2025,Goiânia,GO,U85,Im(pureza),fantasia sombria,18,27,1,1.2,,30,4.0,juvenil,avaliou,E54,7.6,6.1,,
RP-00018,2025-05-28,Goiânia,SP,U42,Sombras Eternas,darkromance,,40,1,,NA,39,4.8,sombrio,curtiu,E77,6.7,3.2,procesado,
RP-00019,2025-02-06,Curitiba,SP,U276,Reino das Runas,fantasia,livre,26,15,NA,,115,4.2,magia,curtiu,E98,3.8,1.0,procesado,
RP-00020,06-14-2025,Uberaba,MG,U42,Reino das Runas,darkromance,18,18,27,,muito bom,18,4.8,sombrio,avaliou,E85,4.7,4.6,procesado,
RP-00021,data_invalida,Uberaba,mg,U33,A Santa Que Me Condena,dark_romance,livre,38,29,NA,muito bom,40,4.8,aventura,,E88,2.1,5.5,procesado,
RP-00022,2025-01-21,Uberaba,GO,U59,Im(pureza),fantasia,,21,25,2.7,muito bom,39,4.6,sombrio,comentou,E93,5.5,9.9,valido,
RP-00023,06/04/2025,Uberaba,GO,U180,Reino das Runas,fantasia sombria,14,30,17,2.8,,50,1.2,adulto,avaliou,E74,1.6,3.7,,
RP-00024,2025-06-13,São Paulo,PR,U289,Reino das Runas,darkromance,18,15,14,3.2,muito bom,42,1.0,romance,avaliou,E94,9.5,7.4,procesado,
RP-00025,27/05/2025,São Paulo,GO,U322,Im(pureza),fantasia sombria,14,8,14,,,75,3.1,magia,curtiu,E96,9.7,8.6,valido,IDADE INVALIDA
RP-00026,22/04/2025,Uberaba,PR,U280,Sombras Eternas,fantasia sombria,livre,32,20,1.2,muito bom,77,4.7,adulto,comentou,E64,8.1,8.4,procesado,
RP-00027,2025-03-17,Curitiba,GO,U200,Sombras Eternas,fantasia sombria,14,32,2,NA,ruim,90,1.3,aventura,curtiu,E55,8.4,2.4,valido,
RP-00028,2025-10-09,São Paulo,SP,U369,A Santa Que Me Condena,infanto_juvenil,,18,25,NA,ruim,79,2.2,sombrio,curtiu,E44,1.2,5.1,valido,
RP-00029,data_invalida,Goiânia,PR,U112,A Santa Que Me Condena,dark_romance,14,16,21,,,54,4.3,adulto,,E2,5.7,2.7,,
RP-00030,data_invalida,Uberaba,GO,U177,Sombras Eternas,fantasia sombria,,29,24,NA,NA,101,2.2,romance,,E19,6.4,5.6,valido,
RP-00031,2025-02-06,Uberaba,SP,U381,Im(pureza),dark_romance,livre,12,29,,ruim,93,2.4,aventura,comentou,E70,4.5,6.7,,
RP-00032,2025-02-21,São Paulo,GO,U225,Im(pureza),fantasia,livre,32,15,4.7,muito bom,41,2.6,adulto,curtiu,E96,8.2,4.8,procesado,
RP-00033,2025-05-28,São Paulo,SP,U383,Reino das Runas,fantasia sombria,livre,19,20,3.8,ruim,49,2.5,magia,,E93,3.3,9.7,,
RP-00034,01-25-2025,Curitiba,PR,U115,A Santa Que Me Condena,darkromance,18,14,10,,muito bom,120,4.0,romance,avaliou,E8,3.6,5.1,procesado,
RP-00035,2025-09-30,Curitiba,SP,U262,Sombras Eternas,fantasia sombria,14,32,29,NA,muito bom,115,3.4,romance,,E9,7.8,5.3,,
RP-00036,03-14-2025,Curitiba,GO,U146,Reino das Runas,fantasia sombria,14,18,12,3.2,ruim,90,1.9,magia,avaliou,E63,2.1,5.9,,
RP-00037,2025-06-16,São Paulo,SP,U142,Sombras Eternas,fantasia sombria,18,17,21,,ruim,23,3.2,magia,avaliou,E82,8.9,3.2,,
RP-00038,22/09/2025,Goiânia,GO,U72,Im(pureza),dark_romance,livre,25,7,1.4,,67,4.0,juvenil,comentou,E78,2.6,8.6,,
RP-00039,2025-06-10,São Paulo,MG,U317,A Santa Que Me Condena,fantasia sombria,,28,13,1.7,,33,3.5,aventura,curtiu,E100,7.3,3.7,procesado,
RP-00040,2025-09-14,São Paulo,PR,U338,A Santa Que Me Condena,darkromance,14,23,29,NA,muito bom,500,3.7,juvenil,curtiu,E71,1.7,2.0,valido,OUTLIER
RP-00041,09-30-2025,Goiânia,GO,U102,A Santa Que Me Condena,fantasia sombria,livre,12,10,,ruim,110,3.8,juvenil,avaliou,E48,3.7,8.0,procesado,
RP-00042,08-26-2025,Curitiba,PR,U278,Im(pureza),darkromance,14,39,17,NA,ruim,103,3.8,magia,curtiu,E93,9.1,7.9,valido,
RP-00043,13/07/2025,São Paulo,mg,U28,Reino das Runas,infanto_juvenil,18,27,20,,ruim,109,1.3,magia,comentou,E88,9.2,5.1,,
RP-00044,08-04-2025,São Paulo,mg,U210,Reino das Runas,fantasia sombria,livre,25,10,NA,,95,3.1,sombrio,comentou,E90,1.1,8.7,,
RP-00045,2025-08-29,Uberaba,MG,U74,A Santa Que Me Condena,infanto_juvenil,14,17,23,,muito bom,20,2.9,romance,,E92,3.5,9.3,procesado,
RP-00046,2025-04-04,Goiânia,PR,U302,A Santa Que Me Condena,fantasia sombria,,40,4,NA,NA,61,2.8,juvenil,curtiu,E69,4.9,7.5,valido,
RP-00047,2025-04-20,Uberaba,MG,U339,Sombras Eternas,fantasia sombria,18,28,2,3.6,NA,81,5.0,adulto,comentou,E67,2.8,4.6,valido,
RP-00048,2025-04-09,Uberaba,PR,U189,A Santa Que Me Condena,fantasia sombria,18,28,7,,,117,3.1,aventura,avaliou,E55,9.4,3.5,procesado,
RP-00049,2025-08-22,Uberaba,PR,U314,A Santa Que Me Condena,darkromance,14,23,27,,NA,101,3.6,magia,avaliou,E39,1.9,2.7,procesado,
RP-00050,data_invalida,São Paulo,MG,U378,A Santa Que Me Condena,fantasia_sombria,18,13,21,,NA,74,3.8,romance,,E67,8.2,9.9,procesado,
RP-00051,2025-08-24,Uberaba,SP,U395,Reino das Runas,dark_romance,18,12,13,,NA,3,1.4,aventura,,E93,6.8,2.5,procesado,
RP-00052,2025-06-14,Curitiba,GO,U313,Im(pureza),fantasia sombria,18,25,28,,NA,114,3.7,aventura,,E20,2.0,9.6,procesado,
RP-00053,08-30-2025,Goiânia,MG,U96,Sombras Eternas,fantasia sombria,14,29,15,3.4,NA,100,1.4,sombrio,curtiu,E60,8.4,8.9,,
RP-00054,2025-02-25,Goiânia,SP,U394,A Santa Que Me Condena,fantasia sombria,18,23,2,NA,ruim,54,1.5,sombrio,avaliou,E38,4.7,2.3,procesado,
RP-00055,data_invalida,São Paulo,SP,U2,Im(pureza),darkromance,14,33,27,NA,muito bom,31,2.6,adulto,avaliou,E20,20,1.3,,OUTLIER
RP-00056,data_invalida,Goiânia,PR,U185,Sombras Eternas,fantasia sombria,,25,7,,,74,2.0,adulto,,E54,9.1,5.0,,
RP-00057,2025-05-04,Goiânia,mg,U386,Im(pureza),fantasia sombria,livre,15,4,NA,,86,3.9,magia,curtiu,E91,1.9,1.8,valido,
RP-00058,23/05/2025,Curitiba,PR,U196,Im(pureza),infanto_juvenil,,38,1,1.4,,48,3.2,magia,avaliou,E44,1.4,1.9,valido,
RP-00059,2025-03-01,Curitiba,GO,U266,Sombras Eternas,darkromance,livre,22,16,,ruim,110,1.6,magia,avaliou,E53,2.1,7.9,valido,
RP-00060,2025-10-10,Goiânia,MG,U311,Sombras Eternas,infanto_juvenil,livre,27,9,NA,muito bom,9,1.5,sombrio,avaliou,E45,2.2,2.0,,
RP-00061,2025-03-26,Curitiba,GO,U242,Reino das Runas,fantasia_sombria,18,31,22,,ruim,94,3.0,sombrio,comentou,E60,4.9,8.2,,
RP-00062,2025-06-05,Uberaba,PR,U25,Sombras Eternas,fantasia,14,40,23,,muito bom,82,1.9,magia,comentou,E78,7.1,9.9,valido,
RP-00063,2025-03-28,Uberaba,MG,U377,Im(pureza),infanto_juvenil,livre,29,29,,muito bom,102,2.3,adulto,,E16,9.6,6.6,valido,
RP-00064,2025-04-02,Curitiba,SP,U353,A Santa Que Me Condena,darkromance,18,19,11,NA,ruim,52,3.5,romance,curtiu,E33,3.5,9.4,valido,
RP-00065,2025-01-17,Uberaba,mg,U311,Reino das Runas,fantasia,14,19,9,NA,NA,86,3.2,aventura,comentou,E53,8.8,4.8,valido,
RP-00066,16/03/2025,Goiânia,mg,U321,A Santa Que Me Condena,darkromance,livre,14,21,,ruim,61,4.9,romance,comentou,E69,5.5,3.0,,
RP-00067,2025-09-16,Uberaba,PR,U130,Sombras Eternas,fantasia sombria,,34,28,1.1,ruim,42,3.8,magia,avaliou,E25,5.0,8.5,procesado,
RP-00068,2025-09-04,São Paulo,MG,U362,Sombras Eternas,darkromance,14,31,13,NA,,22,3.9,sombrio,avaliou,E51,6.0,1.7,procesado,
RP-00069,2025-08-31,Goiânia,MG,U198,Im(pureza),fantasia sombria,18,24,23,NA,ruim,30,4.7,magia,curtiu,E4,2.2,2.2,valido,
RP-00070,2025-08-19,São Paulo,GO,U290,Reino das Runas,fantasia sombria,18,12,4,,,32,4.9,juvenil,,E59,3.1,0,,OUTLIER
RP-00071,10-20-2025,Goiânia,GO,U221,Reino das Runas,fantasia,livre,17,6,NA,,46,3.3,juvenil,avaliou,E9,2.9,2.3,,
RP-00072,2025-06-01,Curitiba,GO,U250,Reino das Runas,fantasia_sombria,14,32,25,,NA,48,1.7,juvenil,curtiu,E83,6.5,6.1,procesado,
RP-00073,23/03/2025,Curitiba,GO,U272,A Santa Que Me Condena,darkromance,livre,34,3,NA,ruim,27,2.6,romance,comentou,E90,2.9,7.1,,
RP-00074,2025-08-28,Curitiba,PR,U245,Im(pureza),fantasia sombria,18,37,24,NA,muito bom,8,4.0,adulto,,E53,9.1,3.9,procesado,
RP-00075,2025-05-04,São Paulo,PR,U61,Im(pureza),fantasia sombria,,15,30,,ruim,47,1.5,sombrio,curtiu,E26,5.2,1.6,procesado,
RP-00076,2025-01-28,São Paulo,MG,U51,Sombras Eternas,darkromance,14,21,2,1.4,,113,1.6,juvenil,comentou,E36,9.5,6.3,valido,
RP-00077,2025-08-29,Goiânia,mg,U309,A Santa Que Me Condena,fantasia_sombria,14,37,4,,NA,3,4.6,aventura,curtiu,E75,5.8,2.3,procesado,
RP-00078,2025-07-08,São Paulo,MG,U223,Sombras Eternas,fantasia sombria,18,22,15,NA,muito bom,106,4.7,romance,curtiu,E20,1.0,6.0,procesado,
RP-00079,2025-06-11,Uberaba,SP,U20,Sombras Eternas,fantasia sombria,livre,36,3,3.2,NA,5,2.9,aventura,avaliou,E51,2.6,2.9,valido,
RP-00080,2025-10-19,São Paulo,GO,U229,Im(pureza),fantasia sombria,18,28,17,4.8,ruim,23,4.7,juvenil,curtiu,E31,8.4,1.2,procesado,
RP-00081,data_invalida,São Paulo,SP,U359,A Santa Que Me Condena,dark_romance,livre,23,20,,,56,3.2,romance,,E26,8.4,3.3,procesado,
RP-00082,2025-06-27,Goiânia,PR,U160,Im(pureza),fantasia sombria,,16,17,,muito bom,74,2.7,magia,,E94,2.1,5.6,valido,
RP-00083,2025-03-13,Uberaba,SP,U337,Im(pureza),darkromance,18,13,19,4.0,,18,1.1,adulto,,E80,9.1,8.0,valido,
RP-00084,2025-05-23,Curitiba,GO,U333,Im(pureza),fantasia sombria,livre,36,16,NA,,73,1.3,magia,comentou,E54,6.4,3.8,procesado,
RP-00085,2025-10-12,Goiânia,GO,U5,Sombras Eternas,fantasia_sombria,livre,21,30,3.7,ruim,36,1.7,juvenil,curtiu,E38,3.6,2.7,valido,
RP-00086,2025-05-21,Curitiba,PR,U314,A Santa Que Me Condena,darkromance,14,40,19,,muito bom,1,3.5,romance,curtiu,E66,1.1,6.1,valido,
RP-00087,2025-03-29,São Paulo,mg,U190,Im(pureza),infanto_juvenil,livre,38,6,NA,,112,3.9,juvenil,avaliou,E37,7.2,5.5,valido,
RP-00088,21/10/2025,São Paulo,mg,U223,Sombras Eternas,fantasia sombria,,39,9,NA,ruim,34,2.0,juvenil,avaliou,E98,5.7,8.4,,
RP-00089,2025-01-21,São Paulo,MG,U271,Reino das Runas,fantasia sombria,,19,6,,NA,56,2.7,adulto,avaliou,E57,9.8,4.1,valido,
RP-00090,2025-07-07,São Paulo,PR,U357,A Santa Que Me Condena,fantasia sombria,18,28,19,,,7,3.2,romance,,E60,8.2,5.3,,
RP-00091,11/07/2025,Goiânia,GO,U359,Im(pureza),fantasia sombria,18,14,2,,,46,2.2,juvenil,avaliou,E25,8.4,8.8,,
RP-00092,2025-06-04,Uberaba,GO,U135,Reino das Runas,darkromance,18,38,4,,NA,87,3.4,magia,avaliou,E91,2.0,4.4,procesado,
RP-00093,2025-03-12,Uberaba,PR,U79,Im(pureza),darkromance,14,30,13,,ruim,105,1.0,sombrio,curtiu,E47,5.2,7.8,valido,
RP-00094,2025-02-17,São Paulo,PR,U313,Sombras Eternas,darkromance,18,38,30,1.4,NA,17,2.1,sombrio,comentou,E86,5.0,4.1,,
RP-00095,2025-01-04,Goiânia,GO,U394,A Santa Que Me Condena,fantasia,14,24,29,2.8,muito bom,68,1.0,juvenil,,E2,1.6,7.1,valido,
RP-00096,2025-03-20,Goiânia,mg,U221,A Santa Que Me Condena,darkromance,14,37,13,,muito bom,59,3.8,aventura,curtiu,E45,1.5,2.7,procesado,
RP-00097,2025-02-28,Curitiba,mg,U61,Sombras Eternas,fantasia sombria,livre,39,12,,ruim,76,1.7,sombrio,avaliou,E59,8.6,7.1,valido,
RP-00098,2025-10-14,São Paulo,SP,U173,A Santa Que Me Condena,fantasia sombria,14,15,9,NA,muito bom,65,1.2,magia,,E67,1.9,7.2,procesado,
RP-00099,2025-04-22,Curitiba,GO,U232,Im(pureza),fantasia sombria,18,38,5,2.7,NA,94,2.2,magia,comentou,E1,8.6,7.3,,
RP-00100,data_invalida,São Paulo,SP,U289,Reino das Runas,fantasia sombria,14,36,24,2.6,muito bom,118,4.6,romance,avaliou,E76,5.4,9.9,procesado,
RP-00101,2025-09-19,Uberaba,mg,U210,Im(pureza),fantasia sombria,livre,19,8,,NA,75,1.1,juvenil,comentou,E27,3.8,9.3,valido,
RP-00102,2025-07-14,Uberaba,GO,U181,Sombras Eternas,fantasia_sombria,livre,34,12,,muito bom,118,3.7,adulto,comentou,E29,6.6,5.2,,
RP-00103,2025-07-29,Uberaba,MG,U104,Sombras Eternas,darkromance,18,38,8,NA,,26,2.2,romance,,E80,7.7,9.8,valido,
RP-00104,2025-09-10,São Paulo,GO,U258,Reino das Runas,fantasia sombria,livre,37,27,2.8,muito bom,67,3.6,magia,avaliou,E87,7.6,1.2,valido,
RP-00105,07-31-2025,São Paulo,SP,U19,Im(pureza),fantasia sombria,,23,17,NA,NA,63,3.3,sombrio,,E52,7.3,2.8,,
RP-00106,2025-09-20,Uberaba,GO,U199,Sombras Eternas,infanto_juvenil,,33,1,3.7,ruim,115,3.3,aventura,avaliou,E73,6.7,9.7,procesado,
RP-00107,2025-10-21,Curitiba,MG,U306,A Santa Que Me Condena,darkromance,livre,15,9,,ruim,30,4.9,adulto,avaliou,E42,7.4,1.1,,
RP-00108,2025-01-10,São Paulo,MG,U72,A Santa Que Me Condena,fantasia sombria,,26,18,1.4,ruim,84,2.3,adulto,comentou,E21,8.1,3.7,procesado,
RP-00109,2025-06-12,Curitiba,MG,U171,Im(pureza),fantasia,18,24,11,,ruim,28,1.7,magia,avaliou,E69,6.3,6.5,valido,
RP-00110,2025-04-08,Curitiba,mg,U92,A Santa Que Me Condena,darkromance,livre,25,23,3.1,muito bom,17,1.2,adulto,comentou,E15,7.3,1.6,valido,
RP-00111,22/01/2025,Uberaba,GO,U215,Reino das Runas,fantasia,18,34,11,NA,muito bom,94,1.2,aventura,avaliou,E99,4.4,1.6,procesado,
RP-00112,2025-09-14,Uberaba,GO,U350,Sombras Eternas,fantasia sombria,18,27,3,NA,muito bom,17,3.1,adulto,curtiu,E33,2.8,9.7,procesado,
RP-00113,2025-01-22,São Paulo,GO,U152,A Santa Que Me Condena,darkromance,livre,20,4,NA,,78,3.5,adulto,comentou,E8,1.9,2.1,procesado,
RP-00114,2025-07-25,São Paulo,PR,U337,Reino das Runas,darkromance,18,38,2,NA,ruim,80,2.3,magia,avaliou,E73,3.8,2.8,valido,
RP-00115,2025-04-15,São Paulo,GO,U112,Im(pureza),darkromance,18,27,14,3.0,,55,4.4,juvenil,avaliou,E56,7.6,6.4,,
RP-00116,2025-06-03,Uberaba,PR,U200,Im(pureza),infanto_juvenil,18,12,13,4.4,muito bom,75,3.5,sombrio,curtiu,E50,4.1,8.8,valido,
RP-00117,2025-03-16,Uberaba,SP,U340,Reino das Runas,dark_romance,14,33,4,NA,muito bom,55,3.2,adulto,curtiu,E40,9.7,4.3,procesado,
RP-00118,2025-06-18,São Paulo,GO,U216,Sombras Eternas,fantasia,,16,19,1.7,ruim,22,2.4,sombrio,comentou,E61,2.5,7.3,procesado,
RP-00119,2025-07-18,Uberaba,PR,U85,Reino das Runas,darkromance,14,25,18,4.0,ruim,11,4.1,magia,comentou,E79,1.8,4.0,valido,
RP-00120,2025-03-06,Uberaba,mg,U155,Reino das Runas,darkromance,,12,17,,muito bom,69,3.9,aventura,,E20,5.0,1.3,valido,
RP-00121,data_invalida,Uberaba,mg,U141,Im(pureza),darkromance,livre,27,3,,ruim,54,3.5,aventura,comentou,E55,5.6,7.5,valido,
RP-00122,2025-09-29,Curitiba,SP,U42,A Santa Que Me Condena,darkromance,,33,26,,ruim,64,1.1,sombrio,,E75,9.9,4.5,valido,
RP-00123,data_invalida,Curitiba,mg,U301,Reino das Runas,infanto_juvenil,18,32,3,NA,ruim,36,3.2,romance,avaliou,E56,3.8,5.3,procesado,
RP-00124,2025-10-05,São Paulo,PR,U10,Reino das Runas,darkromance,18,24,8,NA,ruim,20,3.0,adulto,,E29,9.2,9.5,,
RP-00125,05-31-2025,São Paulo,mg,U158,Im(pureza),darkromance,,40,30,2.9,NA,109,1.1,romance,curtiu,E87,2.6,2.7,,
RP-00126,2025-07-05,São Paulo,GO,U12,A Santa Que Me Condena,fantasia_sombria,18,31,21,,ruim,48,3.3,aventura,curtiu,E13,7.7,7.1,procesado,
RP-00127,2025-10-05,São Paulo,PR,U386,Sombras Eternas,fantasia,18,20,30,,,82,2.0,aventura,comentou,E89,3.6,5.9,procesado,
RP-00128,2025-02-04,São Paulo,PR,U95,Reino das Runas,infanto_juvenil,14,21,24,NA,muito bom,21,3.9,aventura,avaliou,E71,1.2,1.7,,
RP-00129,10/08/2025,Uberaba,SP,U369,A Santa Que Me Condena,infanto_juvenil,18,36,14,1.7,muito bom,73,1.5,romance,avaliou,E67,1.3,4.4,valido,
RP-00130,02-09-2025,São Paulo,MG,U26,Sombras Eternas,fantasia sombria,14,35,28,3.1,ruim,2,2.1,sombrio,curtiu,E83,6.5,8.8,procesado,
RP-00131,2025-01-22,Uberaba,PR,U364,Sombras Eternas,fantasia_sombria,livre,20,7,3.4,ruim,108,2.0,magia,avaliou,E6,1.7,4.3,,
RP-00132,2025-09-08,Goiânia,MG,U274,Reino das Runas,darkromance,,20,4,,muito bom,25,2.7,romance,,E12,3.2,4.0,,
RP-00133,2025-09-11,Curitiba,SP,U47,Im(pureza),fantasia_sombria,14,35,24,NA,NA,28,3.5,juvenil,avaliou,E10,5.5,9.5,valido,
RP-00134,2025-08-23,Curitiba,GO,U295,Sombras Eternas,darkromance,livre,20,12,,,93,1.6,juvenil,comentou,E2,8.7,7.8,procesado,
RP-00135,data_invalida,São Paulo,GO,U210,Sombras Eternas,darkromance,14,38,20,NA,,113,4.3,aventura,,E95,7.8,6.7,,
RP-00136,2025-08-10,São Paulo,MG,U270,Sombras Eternas,fantasia sombria,18,39,29,,,27,3.5,magia,avaliou,E72,6.2,9.7,procesado,
RP-00137,2025-02-13,Curitiba,SP,U293,A Santa Que Me Condena,darkromance,18,24,21,,muito bom,48,3.0,sombrio,avaliou,E25,9.6,9.0,,
RP-00138,2025-08-15,Uberaba,GO,U265,Im(pureza),fantasia sombria,14,40,3,NA,,47,1.1,sombrio,curtiu,E98,9.3,2.5,,
RP-00139,2025-10-27,Goiânia,MG,U191,A Santa Que Me Condena,darkromance,livre,23,17,,,34,5.0,romance,avaliou,E56,4.8,5.3,valido,
RP-00140,08/05/2025,São Paulo,PR,U116,Reino das Runas,fantasia,livre,34,9,NA,muito bom,22,2.4,adulto,curtiu,E49,2.9,2.5,valido,
RP-00141,data_invalida,Curitiba,MG,U330,Reino das Runas,fantasia_sombria,14,30,14,2.1,NA,83,1.0,aventura,avaliou,E17,7.4,7.2,valido,
RP-00142,2025-01-21,São Paulo,SP,U400,Sombras Eternas,fantasia sombria,18,20,5,,muito bom,41,2.7,romance,,E30,9.5,8.5,valido,
RP-00143,data_invalida,Uberaba,SP,U146,Reino das Runas,fantasia sombria,,17,17,4.7,ruim,21,1.4,juvenil,avaliou,E31,6.6,5.9,procesado,
RP-00144,2025-03-26,Curitiba,MG,U45,Sombras Eternas,fantasia sombria,livre,16,21,NA,,98,3.2,juvenil,curtiu,E90,3.9,9.8,valido,
RP-00145,2025-02-09,Curitiba,mg,U292,Reino das Runas,fantasia sombria,14,39,28,NA,ruim,79,3.7,adulto,curtiu,E53,7.1,5.1,,
RP-00146,2025-02-18,Uberaba,MG,U276,Sombras Eternas,darkromance,18,20,2,2.7,ruim,40,1.4,romance,,E3,9.5,6.6,,
RP-00147,2025-05-18,Uberaba,SP,U220,Im(pureza),fantasia sombria,14,38,28,4.1,ruim,15,3.9,romance,comentou,E69,7.5,4.2,procesado,
RP-00148,2025-01-13,São Paulo,MG,U153,Im(pureza),fantasia sombria,livre,30,20,1.7,NA,14,3.8,aventura,curtiu,E86,10.0,1.9,valido,
RP-00149,2025-10-07,Goiânia,GO,U250,Reino das Runas,infanto_juvenil,livre,27,24,,ruim,75,2.3,sombrio,,E46,7.8,2.0,,
RP-00150,2025-09-04,Curitiba,mg,U384,A Santa Que Me Condena,fantasia,18,36,12,,ruim,9,4.8,aventura,avaliou,E39,6.7,3.0,procesado,
RP-00151,2025-10-23,Goiânia,PR,U229,Sombras Eternas,darkromance,14,16,3,NA,NA,56,2.7,adulto,comentou,E22,7.8,9.7,,
RP-00152,2025-07-12,Curitiba,GO,U85,Im(pureza),dark_romance,18,14,12,NA,,88,2.1,romance,comentou,E67,5.6,7.8,valido,
RP-00153,2025-02-10,Curitiba,GO,U100,Sombras Eternas,fantasia sombria,18,18,26,,ruim,97,3.3,juvenil,,E10,6.2,1.0,,
RP-00154,2025-03-14,Goiânia,PR,U298,Sombras Eternas,fantasia sombria,18,28,4,,muito bom,19,3.8,juvenil,avaliou,E84,8.3,6.1,procesado,
RP-00155,2025-04-06,São Paulo,GO,U397,Im(pureza),dark_romance,18,37,24,1.7,ruim,32,3.4,adulto,curtiu,E16,5.2,8.8,valido,
RP-00156,02-20-2025,Goiânia,MG,U334,Sombras Eternas,darkromance,14,23,29,2.3,ruim,113,1.2,adulto,avaliou,E84,2.3,7.9,valido,
RP-00157,2025-10-11,Goiânia,PR,U175,A Santa Que Me Condena,darkromance,,28,27,NA,muito bom,49,1.0,magia,comentou,E43,8.8,5.3,,
RP-00158,2025-02-20,Curitiba,PR,U243,Im(pureza),darkromance,,19,20,,ruim,47,1.6,romance,comentou,E15,1.8,7.3,procesado,
RP-00159,2025-08-03,Uberaba,PR,U219,A Santa Que Me Condena,darkromance,14,40,21,NA,NA,10,4.5,magia,avaliou,E32,5.4,8.9,procesado,
RP-00160,2025-02-18,Goiânia,GO,U152,A Santa Que Me Condena,darkromance,18,18,14,NA,ruim,50,3.2,romance,curtiu,E6,1.1,1.6,,
RP-00161,2025-08-24,Goiânia,PR,U48,Im(pureza),fantasia sombria,14,21,23,,,103,1.8,magia,avaliou,E81,3.7,7.0,,
RP-00162,2025-10-03,Goiânia,SP,U74,Im(pureza),darkromance,livre,34,23,3.4,,53,4.7,magia,avaliou,E77,9.3,1.9,procesado,
RP-00163,31/01/2025,Goiânia,SP,U253,Sombras Eternas,fantasia sombria,14,19,2,NA,NA,11,1.4,juvenil,comentou,E97,7.8,6.3,valido,
RP-00164,2025-04-06,São Paulo,SP,U364,A Santa Que Me Condena,darkromance,livre,20,6,,ruim,15,3.6,romance,avaliou,E22,3.5,4.3,procesado,
RP-00165,2025-05-07,Curitiba,PR,U89,Sombras Eternas,darkromance,14,31,5,,ruim,100,4.3,sombrio,avaliou,E18,9.2,6.5,valido,
RP-00166,2025-07-03,Curitiba,PR,U53,A Santa Que Me Condena,infanto_juvenil,livre,35,5,,NA,3,1.8,adulto,comentou,E22,4.4,1.2,valido,
RP-00167,2025-04-02,Curitiba,mg,U393,Sombras Eternas,fantasia sombria,livre,24,1,4.6,NA,116,3.3,aventura,,E44,3.2,1.6,procesado,
RP-00168,2025-03-10,Curitiba,SP,U67,Im(pureza),fantasia,14,21,19,1.6,,103,1.5,sombrio,curtiu,E70,3.8,7.2,,
RP-00169,2025-09-21,Uberaba,SP,U238,Reino das Runas,fantasia_sombria,,28,14,NA,,109,2.5,magia,avaliou,E72,8.8,1.6,,
RP-00170,2025-06-26,São Paulo,SP,U100,Im(pureza),darkromance,livre,37,23,,ruim,30,1.8,sombrio,comentou,E90,1.1,6.3,valido,
RP-00171,2025-04-02,Goiânia,mg,U161,Sombras Eternas,darkromance,,38,22,NA,,54,3.4,aventura,comentou,E13,5.0,2.0,procesado,
RP-00172,2025-08-19,Goiânia,MG,U26,A Santa Que Me Condena,fantasia,livre,12,7,NA,,103,4.4,juvenil,comentou,E60,7.4,8.8,valido,
RP-00173,2025-03-15,São Paulo,PR,U146,Reino das Runas,fantasia_sombria,livre,33,18,,muito bom,112,3.6,magia,,E10,9.9,7.7,valido,
RP-00174,02/09/2025,Curitiba,mg,U296,Im(pureza),fantasia sombria,,24,11,2.0,muito bom,29,2.0,adulto,curtiu,E90,8.2,7.6,valido,
RP-00175,data_invalida,São Paulo,MG,U40,Im(pureza),fantasia sombria,14,13,6,1.2,muito bom,6,4.5,romance,,E63,8.7,4.6,valido,
RP-00176,data_invalida,Uberaba,mg,U381,Reino das Runas,fantasia sombria,18,25,15,NA,NA,57,2.6,romance,curtiu,E47,2.9,7.7,,
RP-00177,2025-08-28,São Paulo,SP,U14,Reino das Runas,dark_romance,,30,24,NA,NA,13,5.0,sombrio,avaliou,E37,1.9,9.3,procesado,
RP-00178,2025-08-30,Curitiba,PR,U167,Im(pureza),fantasia sombria,livre,24,8,NA,NA,110,3.7,aventura,avaliou,E71,2.3,8.3,valido,
RP-00179,2025-02-27,Curitiba,mg,U301,Sombras Eternas,fantasia_sombria,,35,21,,ruim,57,1.6,sombrio,comentou,E59,1.4,4.7,procesado,
RP-00180,2025-07-15,São Paulo,GO,U72,A Santa Que Me Condena,darkromance,14,17,8,1.7,muito bom,21,4.9,adulto,,E84,6.8,5.9,valido,
RP-00181,2025-02-14,Curitiba,PR,U222,A Santa Que Me Condena,fantasia_sombria,livre,16,16,2.1,,71,2.3,magia,avaliou,E34,4.3,8.2,,
RP-00182,2025-05-22,São Paulo,GO,U123,Im(pureza),darkromance,livre,34,27,3.2,muito bom,63,1.2,sombrio,avaliou,E54,5.0,6.4,,
RP-00183,2025-06-02,Goiânia,mg,U49,Im(pureza),fantasia sombria,14,35,6,,ruim,26,3.9,aventura,curtiu,E10,6.9,1.6,valido,
RP-00184,05-04-2025,Curitiba,PR,U28,Sombras Eternas,fantasia sombria,14,36,28,4.3,ruim,116,3.3,romance,avaliou,E37,3.0,4.6,,
RP-00185,2025-06-13,Goiânia,GO,U276,Sombras Eternas,fantasia sombria,,21,27,4.1,muito bom,43,2.9,juvenil,avaliou,E100,4.5,5.0,valido,
RP-00186,2025-08-10,Goiânia,MG,U194,Im(pureza),darkromance,livre,12,25,,ruim,62,3.9,aventura,,E66,3.6,6.0,,
RP-00187,2025-06-14,Uberaba,SP,U85,Im(pureza),fantasia sombria,14,16,17,,,9,2.9,magia,avaliou,E83,9.9,7.1,,
RP-00188,2025-08-18,São Paulo,mg,U383,Im(pureza),darkromance,18,35,17,2.6,muito bom,41,4.0,magia,curtiu,E92,7.4,3.1,procesado,
RP-00189,2025-06-03,Goiânia,SP,U190,Im(pureza),fantasia_sombria,18,35,14,NA,ruim,59,2.0,juvenil,avaliou,E86,8.5,3.0,,
RP-00190,2025-01-22,Uberaba,GO,U323,Sombras Eternas,darkromance,14,34,11,5.0,ruim,106,4.2,adulto,curtiu,E99,10.0,2.7,valido,
RP-00191,2025-03-12,Goiânia,MG,U66,Reino das Runas,fantasia sombria,,40,12,NA,,89,2.6,aventura,,E79,3.2,6.7,,
RP-00192,2025-03-06,Uberaba,MG,U249,Sombras Eternas,infanto_juvenil,14,31,3,,NA,117,2.3,juvenil,,E21,4.1,2.3,procesado,
RP-00193,2025-06-27,São Paulo,mg,U61,Sombras Eternas,fantasia_sombria,14,17,6,NA,muito bom,109,3.7,romance,comentou,E64,2.3,4.5,valido,
RP-00194,2025-06-29,São Paulo,MG,U174,Im(pureza),dark_romance,14,34,20,NA,ruim,34,2.7,magia,curtiu,E100,3.4,7.3,,
RP-00195,2025-07-26,Uberaba,PR,U229,Sombras Eternas,darkromance,livre,29,21,,muito bom,37,3.2,magia,avaliou,E47,6.8,7.4,,
RP-00196,2025-04-20,Goiânia,MG,U90,Sombras Eternas,fantasia sombria,14,23,11,,,80,1.3,adulto,comentou,E32,6.5,5.8,valido,
RP-00197,02-24-2025,Uberaba,PR,U48,Im(pureza),darkromance,14,27,3,1.6,,75,3.4,aventura,curtiu,E10,6.3,7.0,procesado,
RP-00198,2025-04-15,Curitiba,GO,U236,Sombras Eternas,fantasia sombria,livre,17,29,,,104,2.3,sombrio,curtiu,E74,5.1,9.2,,
RP-00199,2025-09-01,Uberaba,PR,U64,Reino das Runas,darkromance,,29,17,1.6,ruim,78,2.9,sombrio,comentou,E58,3.5,2.7,procesado,
RP-00200,01-05-2025,Uberaba,MG,U75,Reino das Runas,fantasia sombria,18,30,20,NA,,104,3.7,juvenil,,E22,2.3,1.7,valido,
RP-00201,2025-08-20,São Paulo,mg,U387,Sombras Eternas,fantasia sombria,livre,24,22,1.0,NA,99,4.1,aventura,avaliou,E45,3.3,8.0,valido,
RP-00202,2025-10-25,Curitiba,mg,U97,A Santa Que Me Condena,fantasia,14,31,15,NA,NA,97,2.5,romance,curtiu,E4,4.3,5.2,procesado,
RP-00203,2025-06-17,Curitiba,SP,U210,A Santa Que Me Condena,fantasia sombria,18,16,2,4.6,ruim,57,2.6,romance,comentou,E42,6.0,5.3,valido,
RP-00204,2025-01-19,Goiânia,MG,U70,Sombras Eternas,fantasia sombria,14,36,24,NA,muito bom,88,3.0,juvenil,curtiu,E44,2.7,1.4,valido,
RP-00205,2025-01-10,Curitiba,GO,U29,Sombras Eternas,dark_romance,,14,18,NA,,2,4.5,romance,avaliou,E50,3.7,4.0,,
RP-00206,2025-06-14,Goiânia,SP,U280,Reino das Runas,darkromance,18,19,7,,NA,88,2.7,romance,comentou,E64,4.1,2.0,,
RP-00207,2025-08-18,Uberaba,MG,U311,Sombras Eternas,fantasia_sombria,18,39,11,2.9,NA,83,2.8,juvenil,avaliou,E24,9.5,3.6,valido,
RP-00208,2025-10-03,Curitiba,GO,U84,A Santa Que Me Condena,darkromance,14,28,9,,,92,3.0,juvenil,,E58,4.4,8.6,procesado,
RP-00209,2025-05-17,Curitiba,MG,U358,Reino das Runas,darkromance,18,39,26,5.0,ruim,107,3.8,sombrio,avaliou,E23,8.4,5.1,procesado,
RP-00210,2025-07-03,São Paulo,MG,U79,Im(pureza),fantasia,14,19,5,NA,ruim,41,3.5,romance,avaliou,E94,6.3,7.6,procesado,
RP-00211,2025-09-16,Uberaba,GO,U387,Im(pureza),darkromance,,23,25,,,70,4.2,sombrio,comentou,E90,6.7,7.0,,
RP-00212,19/05/2025,São Paulo,PR,U6,Sombras Eternas,fantasia_sombria,livre,14,30,,muito bom,116,1.5,juvenil,comentou,E39,3.7,1.3,procesado,
RP-00213,2025-08-14,São Paulo,SP,U382,Im(pureza),dark_romance,livre,34,17,NA,NA,5,2.6,romance,curtiu,E82,2.3,2.8,valido,
RP-00214,2025-02-14,Uberaba,GO,U349,Im(pureza),fantasia sombria,livre,25,17,5.0,muito bom,87,1.8,aventura,,E64,5.3,1.3,procesado,
RP-00215,2025-10-08,Goiânia,mg,U352,A Santa Que Me Condena,dark_romance,14,12,27,NA,NA,21,4.9,magia,,E67,1.7,1.7,valido,
RP-00216,2025-04-06,Goiânia,PR,U139,Im(pureza),fantasia_sombria,14,18,5,3.7,,21,3.1,juvenil,,E91,6.4,2.1,procesado,
RP-00217,2025-09-22,Curitiba,MG,U14,A Santa Que Me Condena,fantasia sombria,18,21,25,4.5,muito bom,84,2.4,adulto,comentou,E76,5.1,3.0,procesado,
RP-00218,2025-01-16,Goiânia,MG,U203,Sombras Eternas,fantasia sombria,livre,13,21,,ruim,38,3.7,magia,curtiu,E36,4.0,5.5,,
RP-00219,2025-06-14,Uberaba,GO,U127,Reino das Runas,fantasia,14,40,7,NA,muito bom,10,1.3,romance,avaliou,E27,4.5,2.3,procesado,
RP-00220,2025-06-26,Curitiba,mg,U169,Reino das Runas,darkromance,14,30,17,NA,NA,34,3.2,juvenil,,E69,9.9,9.1,procesado,
RP-00221,2025-02-23,Curitiba,GO,U61,Sombras Eternas,darkromance,livre,37,30,,ruim,107,2.5,magia,,E51,7.6,9.5,,
RP-00222,27/01/2025,Uberaba,SP,U49,Sombras Eternas,infanto_juvenil,livre,17,9,NA,,97,1.2,magia,curtiu,E17,1.9,2.9,procesado,
RP-00223,2025-04-18,Uberaba,PR,U209,A Santa Que Me Condena,fantasia sombria,14,15,5,,muito bom,15,2.1,adulto,curtiu,E78,3.4,7.5,procesado,
RP-00224,2025-09-15,Curitiba,SP,U365,A Santa Que Me Condena,fantasia sombria,14,31,12,,muito bom,85,2.2,sombrio,,E49,2.5,9.0,procesado,
RP-00225,2025-03-25,Goiânia,mg,U381,A Santa Que Me Condena,darkromance,livre,39,20,,muito bom,12,2.3,adulto,comentou,E98,1.5,2.6,valido,
RP-00226,2025-06-09,Uberaba,PR,U29,A Santa Que Me Condena,fantasia,livre,20,14,NA,muito bom,55,2.0,juvenil,avaliou,E26,6.3,8.9,valido,
RP-00227,2025-09-19,São Paulo,mg,U298,Sombras Eternas,dark_romance,18,38,12,2.3,NA,62,3.6,juvenil,curtiu,E92,7.0,6.9,procesado,
RP-00228,2025-05-22,Curitiba,PR,U130,Sombras Eternas,darkromance,livre,30,28,NA,,13,3.2,juvenil,comentou,E38,6.5,7.7,,
RP-00229,2025-10-18,Uberaba,PR,U154,Sombras Eternas,fantasia sombria,livre,12,24,2.1,ruim,7,1.2,aventura,comentou,E63,3.0,7.6,valido,
RP-00230,12/05/2025,Goiânia,MG,U354,Im(pureza),darkromance,14,32,10,4.5,NA,2,4.7,adulto,comentou,E54,3.3,9.6,procesado,
RP-00231,2025-03-23,Goiânia,SP,U203,Sombras Eternas,darkromance,14,20,2,,ruim,89,3.2,romance,avaliou,E54,2.1,1.8,procesado,
RP-00232,05-04-2025,Curitiba,SP,U105,Sombras Eternas,darkromance,18,14,17,NA,NA,14,2.9,adulto,curtiu,E14,8.7,9.9,procesado,
RP-00233,data_invalida,Curitiba,SP,U253,Reino das Runas,infanto_juvenil,,23,15,NA,ruim,18,2.7,adulto,avaliou,E3,1.8,3.2,procesado,
RP-00234,2025-02-13,Uberaba,SP,U193,Im(pureza),dark_romance,,17,28,NA,muito bom,51,4.2,aventura,avaliou,E21,7.4,8.0,,
RP-00235,2025-10-26,Curitiba,mg,U330,Sombras Eternas,fantasia_sombria,,15,19,,,93,1.6,adulto,curtiu,E29,7.4,6.6,valido,
RP-00236,07-27-2025,São Paulo,PR,U98,A Santa Que Me Condena,fantasia sombria,,21,7,,,22,4.5,sombrio,,E34,4.3,7.4,valido,
RP-00237,data_invalida,São Paulo,GO,U149,Reino das Runas,fantasia sombria,18,33,10,,,100,2.5,juvenil,curtiu,E92,3.8,9.3,procesado,
RP-00238,2025-04-03,Curitiba,SP,U296,Im(pureza),fantasia,14,21,9,,ruim,104,3.5,romance,comentou,E63,4.2,7.5,,
RP-00239,2025-09-12,Uberaba,MG,U399,A Santa Que Me Condena,fantasia sombria,livre,16,27,NA,,60,4.9,aventura,,E38,5.9,9.0,valido,
RP-00240,01/08/2025,Uberaba,PR,U118,A Santa Que Me Condena,fantasia,14,40,6,,,102,4.8,sombrio,avaliou,E100,9.8,7.8,,
RP-00241,30/01/2025,Uberaba,SP,U183,A Santa Que Me Condena,fantasia sombria,18,15,2,NA,ruim,20,5.0,adulto,comentou,E91,9.1,5.0,valido,
RP-00242,2025-02-07,São Paulo,SP,U134,Im(pureza),darkromance,18,24,3,NA,NA,91,1.0,romance,avaliou,E13,6.3,2.8,,
RP-00243,2025-06-25,Goiânia,GO,U17,Reino das Runas,fantasia sombria,14,29,8,4.5,NA,31,4.4,aventura,curtiu,E20,6.7,5.8,procesado,
RP-00244,2025-06-12,São Paulo,GO,U238,Reino das Runas,darkromance,18,19,27,,,67,3.5,juvenil,,E92,3.6,2.2,valido,
RP-00245,2025-03-29,São Paulo,PR,U284,Im(pureza),fantasia sombria,livre,21,1,,NA,118,1.0,magia,avaliou,E69,2.3,7.7,valido,
RP-00246,2025-10-05,Goiânia,SP,U291,Sombras Eternas,fantasia,18,28,22,NA,ruim,34,2.6,romance,,E4,8.3,4.7,procesado,
RP-00247,2025-05-30,São Paulo,MG,U189,Im(pureza),fantasia sombria,livre,32,27,4.2,,42,4.0,magia,comentou,E94,4.6,4.5,,
RP-00248,2025-07-25,Uberaba,PR,U93,Sombras Eternas,fantasia_sombria,18,19,8,NA,ruim,107,3.1,romance,comentou,E61,7.2,4.9,,
RP-00249,2025-02-04,São Paulo,SP,U132,Im(pureza),fantasia_sombria,,38,11,,ruim,38,4.4,juvenil,,E89,6.8,8.1,,
RP-00250,2025-10-18,Uberaba,SP,U400,Reino das Runas,fantasia sombria,,22,28,NA,NA,95,1.5,aventura,,E57,1.8,9.8,,
RP-00251,2025-01-28,São Paulo,GO,U380,Im(pureza),dark_romance,livre,31,17,,muito bom,66,2.1,juvenil,curtiu,E63,6.8,9.1,,
RP-00252,2025-08-25,São Paulo,GO,U133,Reino das Runas,fantasia sombria,livre,37,9,NA,NA,29,2.3,aventura,curtiu,E22,8.6,3.6,valido,
RP-00253,2025-10-18,Goiânia,GO,U299,Sombras Eternas,darkromance,14,20,5,2.0,,100,1.6,aventura,comentou,E16,4.3,1.5,,
RP-00254,2025-03-02,Uberaba,MG,U303,Reino das Runas,darkromance,14,35,20,NA,muito bom,94,1.8,adulto,,E85,3.1,4.5,valido,
RP-00255,15/05/2025,São Paulo,GO,U198,Sombras Eternas,darkromance,14,30,8,1.1,ruim,61,4.8,magia,comentou,E23,2.9,2.4,valido,
RP-00256,2025-07-19,Curitiba,mg,U385,Reino das Runas,darkromance,18,36,17,1.9,muito bom,91,2.4,juvenil,curtiu,E41,1.6,1.1,valido,
RP-00257,2025-05-11,Uberaba,SP,U331,Im(pureza),fantasia,livre,39,15,NA,ruim,56,4.5,sombrio,,E30,7.8,1.5,valido,
RP-00258,2025-09-12,São Paulo,MG,U368,Reino das Runas,dark_romance,,34,20,NA,ruim,65,4.2,romance,,E93,4.8,6.3,valido,
RP-00259,17/10/2025,Goiânia,mg,U358,Im(pureza),darkromance,livre,29,18,,,84,1.3,romance,curtiu,E50,2.6,7.3,procesado,
RP-00260,16/09/2025,Uberaba,MG,U115,A Santa Que Me Condena,fantasia sombria,livre,23,25,,NA,79,2.2,juvenil,avaliou,E99,2.4,8.2,,
RP-00261,2025-01-05,Uberaba,PR,U160,Im(pureza),dark_romance,,19,21,NA,,1,4.7,adulto,curtiu,E32,1.4,8.2,valido,
RP-00262,2025-02-16,Goiânia,PR,U291,Sombras Eternas,darkromance,18,38,16,1.7,NA,120,2.9,aventura,,E78,10.0,2.4,,
RP-00263,04-23-2025,Uberaba,SP,U66,A Santa Que Me Condena,fantasia sombria,,23,9,,NA,11,4.1,adulto,avaliou,E36,1.9,4.8,valido,
RP-00264,2025-08-10,Uberaba,SP,U363,Reino das Runas,darkromance,livre,26,11,NA,ruim,93,1.9,magia,curtiu,E79,5.7,2.9,,
RP-00265,18/05/2025,Goiânia,PR,U333,A Santa Que Me Condena,darkromance,18,17,6,,ruim,2,1.1,romance,avaliou,E4,3.4,5.9,procesado,
RP-00266,2025-02-23,Uberaba,MG,U150,Im(pureza),darkromance,,31,28,NA,muito bom,52,3.7,aventura,,E14,6.9,1.8,valido,
RP-00267,2025-08-14,Uberaba,SP,U66,Sombras Eternas,fantasia sombria,,27,1,,ruim,88,3.3,romance,avaliou,E63,1.4,2.4,valido,
RP-00268,16/03/2025,Goiânia,MG,U164,Im(pureza),darkromance,14,29,4,3.3,muito bom,89,2.0,sombrio,curtiu,E5,5.3,1.8,procesado,
RP-00269,2025-01-03,Curitiba,mg,U398,Im(pureza),fantasia sombria,18,14,23,4.8,NA,76,2.8,aventura,avaliou,E97,2.3,3.2,procesado,
RP-00270,2025-04-08,São Paulo,MG,U200,A Santa Que Me Condena,fantasia,livre,21,11,,,56,3.3,aventura,avaliou,E84,3.4,3.6,valido,
RP-00271,2025-04-26,São Paulo,PR,U305,Sombras Eternas,fantasia sombria,18,17,30,4.7,,91,2.8,sombrio,curtiu,E20,7.5,8.6,,
RP-00272,17/07/2025,Uberaba,mg,U74,Im(pureza),fantasia,,34,8,4.8,muito bom,54,3.8,adulto,comentou,E36,3.6,1.4,valido,
RP-00273,2025-04-16,Uberaba,SP,U72,Sombras Eternas,fantasia sombria,,34,25,,muito bom,5,2.9,juvenil,curtiu,E60,3.9,8.5,valido,
RP-00274,2025-04-03,Uberaba,PR,U6,A Santa Que Me Condena,infanto_juvenil,14,20,19,,ruim,34,4.4,adulto,,E43,4.1,9.5,valido,
RP-00275,2025-01-16,Uberaba,SP,U65,Sombras Eternas,dark_romance,,24,12,5.0,NA,120,2.8,adulto,curtiu,E93,3.9,7.5,valido,
RP-00276,2025-10-23,Curitiba,PR,U193,Im(pureza),infanto_juvenil,,29,21,3.2,muito bom,9,3.5,juvenil,,E37,1.3,8.0,,
RP-00277,2025-07-17,Goiânia,SP,U319,A Santa Que Me Condena,fantasia sombria,livre,34,3,,,56,3.2,adulto,comentou,E76,9.8,3.7,procesado,
RP-00278,2025-10-11,Goiânia,GO,U365,Im(pureza),dark_romance,livre,12,3,NA,ruim,112,1.2,aventura,avaliou,E85,2.1,8.4,valido,
RP-00279,data_invalida,Curitiba,mg,U281,Im(pureza),fantasia_sombria,livre,13,21,NA,ruim,7,2.7,aventura,,E43,7.5,1.1,,
RP-00280,2025-04-03,Goiânia,mg,U283,Im(pureza),darkromance,livre,21,15,,,8,2.7,adulto,comentou,E59,2.3,9.8,valido,
RP-00281,2025-09-17,Uberaba,MG,U381,Reino das Runas,fantasia sombria,,18,11,NA,NA,89,1.4,magia,,E46,3.9,4.9,procesado,
RP-00282,2025-06-12,Uberaba,SP,U288,Reino das Runas,fantasia sombria,18,25,21,1.4,muito bom,2,2.5,sombrio,curtiu,E78,3.2,2.7,procesado,
RP-00283,2025-10-27,Curitiba,GO,U122,A Santa Que Me Condena,infanto_juvenil,18,25,1,1.4,muito bom,118,1.1,magia,avaliou,E15,4.4,2.6,,
RP-00284,2025-10-12,Curitiba,GO,U210,Reino das Runas,darkromance,14,16,14,,muito bom,69,1.1,romance,curtiu,E61,3.9,3.9,valido,
RP-00285,2025-09-12,Curitiba,MG,U152,Reino das Runas,darkromance,14,16,12,NA,muito bom,95,4.5,juvenil,comentou,E77,8.8,9.7,,
RP-00286,2025-01-02,Goiânia,PR,U229,Im(pureza),fantasia sombria,,31,17,,NA,86,1.1,sombrio,comentou,E20,8.6,9.9,,
RP-00287,28/03/2025,Curitiba,GO,U88,A Santa Que Me Condena,fantasia,14,16,28,NA,muito bom,76,2.8,romance,avaliou,E72,5.1,7.5,procesado,
RP-00288,2025-06-18,Uberaba,MG,U217,Sombras Eternas,darkromance,14,28,30,NA,NA,30,1.7,adulto,avaliou,E100,2.6,7.3,procesado,
RP-00289,data_invalida,São Paulo,GO,U393,Im(pureza),darkromance,,17,12,,NA,42,5.0,magia,curtiu,E75,5.3,3.8,valido,
RP-00290,2025-04-29,Goiânia,PR,U162,Sombras Eternas,fantasia,14,27,11,NA,ruim,29,3.3,juvenil,avaliou,E87,2.6,3.3,procesado,
RP-00291,2025-03-19,Goiânia,mg,U277,A Santa Que Me Condena,fantasia sombria,,19,13,NA,ruim,61,2.7,sombrio,avaliou,E74,7.5,8.3,,
RP-00292,2025-05-07,Uberaba,mg,U169,Reino das Runas,darkromance,14,37,18,NA,ruim,64,5.0,adulto,curtiu,E90,3.6,6.1,valido,
RP-00293,2025-10-09,Goiânia,mg,U246,A Santa Que Me Condena,fantasia,14,30,13,,NA,34,4.7,juvenil,curtiu,E81,2.1,6.7,procesado,
RP-00294,2025-10-02,Goiânia,SP,U111,Sombras Eternas,fantasia_sombria,livre,22,3,4.3,NA,23,3.6,sombrio,comentou,E73,9.9,8.4,valido,
RP-00295,2025-01-28,Curitiba,GO,U321,A Santa Que Me Condena,dark_romance,14,19,26,NA,,55,4.1,adulto,comentou,E51,6.8,2.9,procesado,
RP-00296,2025-01-16,Curitiba,mg,U359,A Santa Que Me Condena,darkromance,18,22,13,NA,,59,1.6,sombrio,avaliou,E41,9.1,6.9,valido,
RP-00297,2025-04-26,Curitiba,mg,U335,Im(pureza),darkromance,,23,5,NA,,85,4.8,adulto,curtiu,E99,6.0,9.8,valido,
RP-00298,2025-07-16,Curitiba,PR,U130,Sombras Eternas,fantasia,livre,35,15,,NA,106,1.1,romance,,E19,2.5,4.5,valido,
RP-00299,2025-04-06,Uberaba,MG,U65,Reino das Runas,dark_romance,,30,23,,muito bom,99,3.9,juvenil,comentou,E64,8.3,1.3,procesado,
RP-00300,2025-02-15,Uberaba,MG,U38,Im(pureza),fantasia_sombria,18,20,27,2.7,muito bom,57,1.1,romance,avaliou,E51,9.2,2.1,,
RP-00301,2025-08-12,Curitiba,MG,U184,Im(pureza),fantasia sombria,14,28,23,,NA,81,4.5,juvenil,curtiu,E11,4.6,1.6,valido,
RP-00302,2025-03-13,Goiânia,SP,U189,Reino das Runas,infanto_juvenil,livre,19,20,,ruim,60,1.6,juvenil,,E87,3.4,4.0,valido,
RP-00303,2025-06-08,São Paulo,PR,U27,A Santa Que Me Condena,darkromance,18,32,8,NA,ruim,81,4.1,romance,curtiu,E12,2.1,8.0,procesado,
RP-00304,2025-06-17,Uberaba,PR,U35,Sombras Eternas,fantasia sombria,,23,15,NA,,67,4.5,juvenil,,E71,9.9,3.3,valido,
RP-00305,2025-05-27,Uberaba,SP,U235,Im(pureza),fantasia_sombria,18,30,22,4.9,,50,2.6,sombrio,comentou,E80,7.1,2.2,valido,
RP-00306,2025-01-03,Goiânia,SP,U193,A Santa Que Me Condena,infanto_juvenil,14,15,12,2.7,NA,69,3.1,adulto,curtiu,E28,5.6,1.1,valido,
RP-00307,30/06/2025,Curitiba,mg,U123,Reino das Runas,darkromance,,16,7,NA,,98,2.5,adulto,curtiu,E61,8.6,2.6,,
RP-00308,2025-02-03,Curitiba,SP,U84,Reino das Runas,fantasia_sombria,18,27,26,1.6,ruim,50,2.4,juvenil,,E71,8.2,6.0,valido,
RP-00309,2025-07-02,Uberaba,MG,U304,Reino das Runas,fantasia sombria,18,13,25,NA,muito bom,40,1.5,romance,avaliou,E49,4.4,4.1,procesado,
RP-00310,2025-01-12,Curitiba,SP,U131,Im(pureza),darkromance,18,23,17,,,98,1.6,juvenil,comentou,E53,9.3,7.0,valido,
RP-00311,2025-10-18,São Paulo,SP,U24,Im(pureza),darkromance,,27,11,NA,ruim,29,3.3,sombrio,comentou,E46,6.9,9.6,procesado,
RP-00312,2025-01-26,São Paulo,MG,U325,Sombras Eternas,darkromance,,21,12,,muito bom,9,4.4,juvenil,avaliou,E73,2.4,8.8,valido,
RP-00313,10-11-2025,São Paulo,PR,U159,Im(pureza),fantasia sombria,14,14,20,,,33,1.2,romance,,E32,9.7,8.2,procesado,
RP-00314,2025-04-15,Curitiba,GO,U295,Reino das Runas,fantasia sombria,livre,19,8,3.6,muito bom,68,2.2,magia,avaliou,E25,4.3,4.5,valido,
RP-00315,13/04/2025,Uberaba,PR,U189,Sombras Eternas,darkromance,livre,29,8,NA,NA,64,3.2,magia,curtiu,E32,7.7,2.5,procesado,
RP-00316,2025-01-06,Uberaba,MG,U12,Sombras Eternas,darkromance,,29,13,1.3,NA,67,2.8,aventura,,E71,7.5,5.4,,
RP-00317,2025-05-10,São Paulo,MG,U141,A Santa Que Me Condena,darkromance,14,23,27,,muito bom,104,2.1,adulto,,E40,3.2,2.3,procesado,
RP-00318,2025-02-14,Goiânia,PR,U215,Reino das Runas,fantasia_sombria,livre,15,9,4.2,NA,21,5.0,sombrio,comentou,E66,9.2,2.9,procesado,
RP-00319,2025-10-21,São Paulo,mg,U89,A Santa Que Me Condena,fantasia sombria,18,38,21,1.2,muito bom,8,1.9,aventura,curtiu,E28,9.8,5.1,procesado,
RP-00320,2025-01-03,Uberaba,GO,U212,Reino das Runas,darkromance,18,23,18,NA,ruim,20,3.4,romance,comentou,E91,7.3,8.4,valido,
RP-00321,06-16-2025,Goiânia,GO,U64,Im(pureza),fantasia,14,26,2,,,97,1.4,magia,,E69,1.2,6.3,,
RP-00322,2025-02-18,Curitiba,MG,U17,Reino das Runas,dark_romance,18,33,10,,NA,90,3.5,aventura,avaliou,E98,6.6,7.4,valido,
RP-00323,2025-05-15,São Paulo,MG,U167,Sombras Eternas,fantasia sombria,18,14,17,NA,muito bom,40,4.7,sombrio,avaliou,E95,4.9,6.7,valido,
RP-00324,09/03/2025,São Paulo,PR,U315,A Santa Que Me Condena,dark_romance,livre,27,21,1.7,,11,2.6,juvenil,,E32,9.5,9.1,,
RP-00325,2025-08-24,São Paulo,GO,U216,Sombras Eternas,darkromance,18,14,13,1.8,NA,103,4.5,juvenil,,E54,7.2,4.3,valido,
RP-00326,03-18-2025,Goiânia,mg,U133,Sombras Eternas,fantasia sombria,livre,39,3,1.3,muito bom,76,3.2,juvenil,comentou,E100,1.4,7.5,,
RP-00327,2025-09-07,Goiânia,GO,U161,Sombras Eternas,fantasia_sombria,18,32,19,,,8,1.6,adulto,,E71,3.0,1.5,valido,
RP-00328,09-15-2025,São Paulo,PR,U316,Reino das Runas,fantasia_sombria,14,33,13,,muito bom,27,4.4,juvenil,,E75,1.8,2.7,,
RP-00329,2025-08-01,Goiânia,mg,U6,Im(pureza),fantasia sombria,14,21,29,2.5,muito bom,72,4.5,romance,comentou,E69,2.5,4.7,,
RP-00330,2025-04-29,São Paulo,MG,U58,Reino das Runas,infanto_juvenil,,20,26,NA,ruim,61,3.4,romance,,E100,7.9,6.0,valido,
RP-00331,03-31-2025,Curitiba,PR,U151,Im(pureza),darkromance,14,22,9,3.7,muito bom,50,2.8,adulto,,E40,9.1,5.8,valido,
RP-00332,2025-06-01,São Paulo,PR,U188,Sombras Eternas,fantasia_sombria,livre,40,26,4.5,,50,3.0,juvenil,comentou,E68,6.9,6.5,valido,
RP-00333,2025-09-27,São Paulo,PR,U95,Im(pureza),fantasia sombria,livre,26,27,4.3,ruim,10,4.0,adulto,comentou,E37,4.2,2.7,,
RP-00334,05/05/2025,Curitiba,MG,U89,Reino das Runas,fantasia sombria,,36,2,,NA,88,3.9,sombrio,comentou,E51,7.7,5.4,valido,
RP-00335,2025-03-10,Uberaba,MG,U322,Im(pureza),fantasia sombria,18,14,7,NA,ruim,112,4.3,magia,,E75,4.2,4.3,,
RP-00336,2025-05-13,Goiânia,SP,U15,Sombras Eternas,darkromance,livre,34,29,2.6,ruim,15,3.2,aventura,,E52,3.4,8.7,,
RP-00337,2025-07-24,Uberaba,SP,U335,Sombras Eternas,fantasia,,14,24,NA,muito bom,51,1.1,juvenil,avaliou,E30,4.7,5.5,,
RP-00338,2025-04-02,Uberaba,PR,U249,Im(pureza),fantasia sombria,,33,20,,NA,32,3.3,romance,comentou,E73,9.3,1.8,,
RP-00339,2025-10-23,Curitiba,GO,U229,Sombras Eternas,darkromance,livre,27,30,1.0,ruim,80,3.0,adulto,comentou,E62,2.5,7.6,procesado,
RP-00340,2025-06-29,São Paulo,MG,U127,A Santa Que Me Condena,fantasia sombria,14,13,27,4.9,,52,1.2,juvenil,avaliou,E99,7.6,3.4,valido,
RP-00341,07/05/2025,São Paulo,mg,U391,Reino das Runas,darkromance,,39,6,NA,,102,2.8,adulto,comentou,E77,9.7,7.1,procesado,
RP-00342,2025-03-12,Uberaba,GO,U47,Reino das Runas,darkromance,18,37,11,4.4,NA,46,2.5,adulto,avaliou,E66,5.4,4.9,,
RP-00343,2025-10-10,Curitiba,mg,U278,Reino das Runas,fantasia sombria,,19,29,NA,NA,12,3.3,adulto,curtiu,E33,8.0,1.1,,
RP-00344,2025-06-20,Uberaba,MG,U200,Reino das Runas,fantasia sombria,livre,28,26,4.4,muito bom,8,2.6,sombrio,avaliou,E53,2.6,8.5,valido,
RP-00345,2025-01-11,Curitiba,mg,U2,Reino das Runas,fantasia sombria,18,12,16,NA,NA,3,3.0,romance,avaliou,E16,9.6,5.3,valido,
RP-00346,2025-09-05,Goiânia,mg,U224,Im(pureza),infanto_juvenil,,38,13,NA,,108,2.8,aventura,,E28,2.0,7.4,valido,
RP-00347,16/02/2025,Uberaba,SP,U135,Im(pureza),fantasia_sombria,livre,36,26,NA,NA,65,1.5,romance,comentou,E12,7.7,6.4,,
RP-00348,2025-01-23,Uberaba,SP,U24,Im(pureza),fantasia sombria,18,25,27,,,99,4.4,magia,curtiu,E54,9.9,4.4,,
RP-00349,2025-06-07,São Paulo,SP,U225,Reino das Runas,dark_romance,,25,3,,ruim,83,4.6,romance,,E12,1.4,1.4,procesado,
RP-00350,2025-01-08,Uberaba,PR,U62,Im(pureza),darkromance,livre,33,2,NA,ruim,42,4.8,romance,avaliou,E47,2.0,9.8,valido,
RP-00351,2025-07-26,Uberaba,SP,U115,Sombras Eternas,fantasia_sombria,18,14,26,,muito bom,109,4.4,juvenil,comentou,E69,2.5,6.6,procesado,
RP-00352,2025-03-12,Goiânia,PR,U190,A Santa Que Me Condena,dark_romance,14,36,12,,NA,7,4.4,romance,curtiu,E48,6.9,9.5,valido,
RP-00353,01/01/2025,Curitiba,SP,U252,Im(pureza),darkromance,,20,30,,ruim,83,3.4,juvenil,avaliou,E44,2.0,6.7,,
RP-00354,2025-07-22,Uberaba,MG,U358,Reino das Runas,fantasia sombria,18,33,10,1.4,muito bom,55,2.1,juvenil,comentou,E89,3.3,5.7,valido,
RP-00355,2025-08-06,Curitiba,GO,U35,A Santa Que Me Condena,dark_romance,14,20,3,NA,,13,3.6,adulto,,E14,8.3,5.2,,
RP-00356,2025-02-08,Curitiba,GO,U375,Im(pureza),fantasia_sombria,livre,14,12,3.6,NA,29,4.0,adulto,comentou,E66,5.7,2.5,procesado,
RP-00357,2025-08-09,Uberaba,MG,U311,A Santa Que Me Condena,fantasia sombria,14,27,15,NA,NA,28,4.9,magia,curtiu,E48,9.1,2.7,,
RP-00358,2025-10-09,São Paulo,mg,U237,Reino das Runas,fantasia sombria,livre,24,10,NA,muito bom,102,3.6,aventura,avaliou,E97,5.4,3.6,valido,
RP-00359,2025-02-15,Uberaba,mg,U343,Sombras Eternas,dark_romance,,33,1,NA,ruim,34,3.7,magia,comentou,E28,7.4,5.0,procesado,
RP-00360,2025-02-14,Goiânia,GO,U283,Reino das Runas,darkromance,,15,27,,,22,2.8,magia,comentou,E37,7.4,9.7,valido,
RP-00361,2025-09-19,Curitiba,PR,U243,A Santa Que Me Condena,dark_romance,18,34,24,4.5,ruim,59,3.3,romance,curtiu,E47,9.2,4.0,procesado,
RP-00362,2025-06-26,São Paulo,SP,U271,Sombras Eternas,fantasia sombria,,14,7,NA,muito bom,102,3.3,romance,avaliou,E33,5.7,6.9,,
RP-00363,01-03-2025,Curitiba,PR,U383,Reino das Runas,fantasia_sombria,livre,18,24,,,45,4.2,magia,curtiu,E60,1.4,4.8,,
RP-00364,07/01/2025,Goiânia,mg,U46,Im(pureza),fantasia sombria,,26,5,3.6,ruim,99,2.5,adulto,avaliou,E16,2.2,7.6,,
RP-00365,2025-05-15,Goiânia,GO,U231,A Santa Que Me Condena,darkromance,livre,16,29,NA,ruim,22,3.4,aventura,comentou,E12,5.4,1.8,,
RP-00366,2025-10-17,Goiânia,PR,U211,Reino das Runas,fantasia sombria,livre,34,23,,muito bom,96,3.5,romance,,E23,4.2,1.6,,
RP-00367,19/04/2025,Uberaba,mg,U57,A Santa Que Me Condena,darkromance,14,34,21,3.8,,62,4.4,juvenil,curtiu,E94,2.8,3.5,procesado,
RP-00368,2025-01-23,Uberaba,MG,U142,Im(pureza),fantasia sombria,livre,39,28,NA,,16,1.5,adulto,avaliou,E68,3.7,1.3,valido,
RP-00369,2025-03-11,São Paulo,mg,U367,Im(pureza),dark_romance,livre,32,28,NA,ruim,29,4.8,sombrio,avaliou,E23,7.5,3.7,,
RP-00370,2025-01-05,São Paulo,SP,U371,A Santa Que Me Condena,darkromance,,23,2,NA,NA,11,1.8,aventura,comentou,E43,9.8,1.1,valido,
RP-00371,2025-10-22,Curitiba,PR,U143,A Santa Que Me Condena,darkromance,18,25,30,,ruim,42,3.9,adulto,curtiu,E6,9.6,7.9,valido,
RP-00372,06-27-2025,Uberaba,MG,U100,Sombras Eternas,darkromance,18,17,16,,muito bom,104,4.0,adulto,curtiu,E16,7.6,5.5,valido,
RP-00373,2025-07-22,Goiânia,GO,U134,A Santa Que Me Condena,darkromance,,21,19,4.0,,83,1.7,aventura,avaliou,E55,9.8,2.9,,
RP-00374,data_invalida,São Paulo,GO,U185,A Santa Que Me Condena,fantasia sombria,14,39,12,,,57,4.7,magia,,E10,9.7,2.8,,
RP-00375,04-16-2025,Goiânia,mg,U395,Reino das Runas,darkromance,18,34,2,NA,,29,1.4,juvenil,avaliou,E74,7.9,1.3,valido,
RP-00376,data_invalida,Goiânia,GO,U244,Im(pureza),fantasia sombria,18,19,9,NA,NA,39,1.3,magia,comentou,E2,6.4,9.9,,
RP-00377,2025-04-27,Curitiba,SP,U118,Sombras Eternas,fantasia_sombria,14,16,27,2.0,NA,12,2.7,adulto,avaliou,E40,2.6,1.9,,
RP-00378,2025-04-21,São Paulo,mg,U249,A Santa Que Me Condena,fantasia sombria,livre,15,27,4.7,ruim,104,3.5,romance,comentou,E56,3.5,8.1,,
RP-00379,06-14-2025,Uberaba,mg,U147,Im(pureza),dark_romance,18,39,27,,NA,35,4.0,magia,curtiu,E40,1.1,9.6,procesado,
RP-00380,06-05-2025,Curitiba,PR,U324,Reino das Runas,infanto_juvenil,livre,18,15,,NA,19,2.2,magia,curtiu,E59,5.8,3.4,,
RP-00381,2025-02-25,Curitiba,PR,U301,Reino das Runas,fantasia sombria,livre,17,7,NA,NA,82,2.9,aventura,curtiu,E23,9.0,9.0,,
RP-00382,03/06/2025,São Paulo,mg,U286,A Santa Que Me Condena,fantasia sombria,18,18,24,1.1,NA,19,4.3,romance,,E14,3.9,5.3,valido,
RP-00383,2025-07-26,Curitiba,GO,U261,A Santa Que Me Condena,darkromance,18,31,24,NA,muito bom,7,2.0,juvenil,curtiu,E47,4.0,5.6,valido,
RP-00384,2025-02-21,Curitiba,GO,U362,Sombras Eternas,dark_romance,livre,31,12,NA,muito bom,56,3.0,romance,curtiu,E36,4.9,9.7,procesado,
RP-00385,2025-02-24,Uberaba,GO,U104,A Santa Que Me Condena,fantasia,14,21,15,NA,NA,27,4.6,aventura,curtiu,E26,3.6,3.0,procesado,
RP-00386,2025-03-24,São Paulo,GO,U353,Im(pureza),darkromance,18,28,5,,ruim,47,2.1,magia,comentou,E44,9.2,4.7,,
RP-00387,2025-07-13,Uberaba,mg,U272,Reino das Runas,fantasia sombria,,13,5,4.1,,79,3.4,sombrio,,E40,7.3,2.8,,
RP-00388,2025-06-27,São Paulo,mg,U213,Im(pureza),fantasia,livre,17,2,,NA,7,2.4,juvenil,avaliou,E28,8.9,7.6,valido,
RP-00389,2025-03-22,Uberaba,MG,U97,A Santa Que Me Condena,fantasia sombria,14,34,27,NA,muito bom,35,3.2,sombrio,,E4,9.5,6.3,,
RP-00390,2025-02-08,São Paulo,GO,U266,A Santa Que Me Condena,fantasia sombria,18,29,23,NA,,30,3.7,aventura,comentou,E89,5.6,6.5,procesado,
RP-00391,2025-02-16,São Paulo,mg,U96,Sombras Eternas,fantasia sombria,18,26,24,,,7,1.8,magia,comentou,E4,8.2,3.8,procesado,
RP-00392,2025-01-17,Goiânia,PR,U397,Reino das Runas,darkromance,,33,20,,ruim,103,1.0,sombrio,avaliou,E59,3.2,7.7,valido,
RP-00393,2025-03-22,Uberaba,MG,U119,Im(pureza),darkromance,18,30,27,,,27,3.4,magia,curtiu,E69,7.8,4.2,,
RP-00394,2025-06-22,Goiânia,PR,U315,Im(pureza),darkromance,livre,35,7,,ruim,9,2.3,aventura,avaliou,E29,6.5,2.0,valido,
RP-00395,2025-05-29,Curitiba,SP,U373,Reino das Runas,darkromance,livre,36,26,,,10,3.1,magia,curtiu,E31,5.6,2.2,,
RP-00396,2025-06-04,Uberaba,GO,U176,A Santa Que Me Condena,darkromance,,35,16,3.1,,39,3.3,magia,comentou,E76,6.4,7.4,valido,
RP-00397,18/02/2025,São Paulo,PR,U132,Reino das Runas,fantasia sombria,18,12,20,,ruim,78,4.5,romance,,E14,8.7,8.4,procesado,
RP-00398,2025-01-08,Uberaba,PR,U196,A Santa Que Me Condena,darkromance,livre,31,8,1.9,muito bom,101,4.4,sombrio,,E47,2.8,7.8,procesado,
RP-00399,2025-06-05,Goiânia,GO,U136,Sombras Eternas,dark_romance,,21,7,,NA,112,4.7,magia,,E93,4.6,8.7,procesado,
RP-00400,2025-09-18,São Paulo,MG,U220,Im(pureza),fantasia sombria,livre,40,21,NA,,2,3.1,adulto,avaliou,E33,7.8,8.8,valido,
RP-00401,2025-06-26,Curitiba,MG,U229,Reino das Runas,fantasia_sombria,18,25,1,4.4,muito bom,63,5.0,romance,curtiu,E47,5.2,6.5,procesado,
RP-00402,2025-01-25,São Paulo,mg,U71,A Santa Que Me Condena,darkromance,18,30,30,NA,muito bom,16,3.9,aventura,avaliou,E79,3.4,7.4,procesado,
RP-00403,2025-10-08,São Paulo,PR,U130,A Santa Que Me Condena,infanto_juvenil,14,31,17,1.9,,46,3.4,sombrio,comentou,E51,1.6,9.8,valido,
RP-00404,2025-03-01,Curitiba,GO,U110,Sombras Eternas,fantasia sombria,livre,22,8,NA,,24,1.6,juvenil,,E15,4.0,4.3,procesado,
RP-00405,2025-05-10,Uberaba,GO,U164,Reino das Runas,darkromance,livre,29,5,,ruim,24,2.0,juvenil,curtiu,E92,4.6,9.2,,
RP-00406,2025-08-15,Goiânia,GO,U97,Sombras Eternas,fantasia sombria,18,22,10,NA,NA,61,4.5,sombrio,curtiu,E55,6.8,2.6,,
RP-00407,2025-08-13,São Paulo,SP,U107,Reino das Runas,darkromance,livre,18,17,NA,NA,9,4.5,aventura,curtiu,E47,9.2,6.5,procesado,
RP-00408,data_invalida,Uberaba,PR,U334,A Santa Que Me Condena,dark_romance,14,12,15,,,55,4.4,romance,avaliou,E78,2.0,6.0,,
RP-00409,2025-08-25,Uberaba,SP,U385,A Santa Que Me Condena,darkromance,,21,16,,ruim,13,3.8,aventura,avaliou,E62,1.8,9.4,,
RP-00410,2025-09-02,Curitiba,SP,U98,Sombras Eternas,fantasia sombria,livre,18,17,,muito bom,23,4.2,romance,,E9,2.7,9.1,valido,
RP-00411,2025-07-20,Curitiba,PR,U222,A Santa Que Me Condena,infanto_juvenil,14,35,16,2.7,,52,2.4,juvenil,curtiu,E20,7.0,9.4,procesado,
RP-00412,2025-01-18,Goiânia,PR,U349,Sombras Eternas,fantasia sombria,14,30,8,NA,NA,42,1.6,magia,curtiu,E37,5.1,3.9,,
RP-00413,data_invalida,São Paulo,GO,U356,Reino das Runas,fantasia sombria,,32,18,3.8,muito bom,71,1.3,juvenil,comentou,E59,4.6,5.5,valido,
RP-00414,2025-08-28,Goiânia,mg,U179,Sombras Eternas,fantasia sombria,14,20,5,,muito bom,36,4.4,adulto,comentou,E11,6.6,1.7,,
RP-00415,04/09/2025,Goiânia,SP,U191,Im(pureza),darkromance,18,25,19,,NA,37,3.5,romance,curtiu,E47,3.5,3.8,,
RP-00416,08-25-2025,São Paulo,MG,U213,Sombras Eternas,darkromance,,34,30,,NA,119,3.2,juvenil,avaliou,E93,7.7,6.5,procesado,
RP-00417,2025-02-09,São Paulo,PR,U279,Im(pureza),dark_romance,18,29,22,2.0,NA,106,4.2,adulto,curtiu,E33,4.0,3.2,valido,
RP-00418,2025-08-16,Uberaba,PR,U88,Im(pureza),dark_romance,18,30,7,NA,muito bom,89,3.6,juvenil,,E64,4.6,8.2,valido,
RP-00419,data_invalida,Curitiba,GO,U193,Reino das Runas,fantasia sombria,livre,37,8,NA,ruim,2,2.5,aventura,,E58,5.7,2.5,,
RP-00420,2025-03-06,Uberaba,GO,U30,A Santa Que Me Condena,fantasia,livre,19,6,3.4,ruim,42,1.6,sombrio,avaliou,E42,4.7,9.1,,
RP-00421,2025-05-22,Uberaba,GO,U364,Sombras Eternas,darkromance,,25,20,NA,,27,4.6,magia,,E64,3.4,2.9,valido,
RP-00422,08-12-2025,São Paulo,PR,U13,Im(pureza),fantasia sombria,,18,26,,NA,9,2.2,juvenil,avaliou,E38,4.0,2.3,,
RP-00423,14/06/2025,Uberaba,mg,U32,A Santa Que Me Condena,fantasia sombria,18,34,10,,muito bom,89,1.3,aventura,curtiu,E98,8.4,2.4,,
RP-00424,2025-10-28,Goiânia,PR,U120,A Santa Que Me Condena,darkromance,14,21,9,,muito bom,51,2.0,adulto,,E22,1.4,4.1,procesado,
RP-00425,2025-09-15,Curitiba,PR,U93,A Santa Que Me Condena,fantasia sombria,14,37,22,,,10,4.0,juvenil,curtiu,E21,6.2,5.3,valido,
RP-00426,2025-04-15,Uberaba,SP,U223,Sombras Eternas,fantasia sombria,18,14,4,,NA,8,1.4,aventura,comentou,E44,5.6,8.8,,
RP-00427,2025-04-08,Goiânia,SP,U124,A Santa Que Me Condena,fantasia sombria,18,27,5,3.8,NA,57,4.5,aventura,avaliou,E17,2.8,8.1,procesado,
RP-00428,2025-10-28,São Paulo,PR,U15,Im(pureza),darkromance,14,33,24,1.3,muito bom,75,1.6,juvenil,avaliou,E79,1.1,9.0,,
RP-00429,2025-06-19,Goiânia,GO,U109,Reino das Runas,darkromance,14,40,21,NA,ruim,47,2.0,magia,,E6,1.8,2.0,,
RP-00430,2025-06-25,Goiânia,PR,U321,Sombras Eternas,darkromance,livre,33,4,,,97,1.5,aventura,curtiu,E64,2.1,8.2,valido,
RP-00431,2025-08-03,Curitiba,mg,U178,Im(pureza),fantasia sombria,livre,14,20,,NA,110,4.0,magia,avaliou,E27,9.5,9.5,procesado,
RP-00432,2025-09-12,Goiânia,GO,U304,Im(pureza),fantasia sombria,14,12,2,NA,muito bom,72,1.5,magia,,E100,8.3,4.4,procesado,
RP-00433,2025-01-06,Goiânia,GO,U251,Im(pureza),darkromance,14,22,7,NA,NA,91,3.7,magia,,E20,6.6,5.2,valido,
RP-00434,2025-04-30,Uberaba,GO,U119,Sombras Eternas,darkromance,,35,5,3.0,NA,107,4.7,romance,,E42,6.7,3.0,procesado,
RP-00435,2025-04-10,Curitiba,GO,U212,A Santa Que Me Condena,infanto_juvenil,14,24,16,1.4,muito bom,107,1.8,magia,,E57,2.8,5.1,,
RP-00436,07-11-2025,Uberaba,mg,U122,A Santa Que Me Condena,fantasia sombria,18,32,12,NA,muito bom,106,4.3,magia,,E23,7.0,3.7,,
RP-00437,01-12-2025,São Paulo,mg,U29,Im(pureza),darkromance,livre,38,7,,,26,3.3,magia,,E38,8.5,7.2,,
RP-00438,2025-09-30,São Paulo,SP,U355,Im(pureza),fantasia_sombria,18,19,3,NA,muito bom,11,3.3,sombrio,,E44,1.1,3.3,,
RP-00439,2025-03-24,São Paulo,SP,U352,Im(pureza),darkromance,18,24,8,,muito bom,103,2.2,sombrio,,E24,8.4,2.4,procesado,
RP-00440,12/07/2025,Curitiba,MG,U156,A Santa Que Me Condena,fantasia sombria,livre,36,6,,ruim,94,1.5,juvenil,,E52,4.5,1.8,valido,
RP-00441,2025-05-21,Goiânia,SP,U295,Im(pureza),fantasia sombria,livre,32,14,4.3,NA,11,2.4,magia,,E23,3.0,4.4,procesado,
RP-00442,2025-08-31,Curitiba,SP,U70,A Santa Que Me Condena,infanto_juvenil,18,35,3,,NA,91,1.6,juvenil,avaliou,E17,3.4,2.5,valido,
RP-00443,2025-03-09,Uberaba,SP,U149,Reino das Runas,fantasia sombria,18,22,25,NA,muito bom,97,3.7,aventura,curtiu,E9,9.0,9.0,,
RP-00444,2025-01-27,Goiânia,GO,U257,Im(pureza),darkromance,,23,1,2.3,muito bom,14,3.1,romance,,E36,5.9,7.9,procesado,
RP-00445,data_invalida,Curitiba,MG,U365,Sombras Eternas,infanto_juvenil,livre,12,21,NA,muito bom,34,5.0,romance,,E4,4.8,9.9,,
RP-00446,28/01/2025,Goiânia,SP,U197,Sombras Eternas,fantasia sombria,14,16,7,NA,muito bom,68,3.3,adulto,avaliou,E83,5.0,9.6,valido,
RP-00447,18/08/2025,Uberaba,PR,U298,Im(pureza),fantasia sombria,livre,18,6,,muito bom,108,2.2,romance,,E76,1.9,5.5,procesado,
RP-00448,2025-01-08,São Paulo,GO,U357,A Santa Que Me Condena,fantasia sombria,18,15,9,NA,muito bom,16,2.2,sombrio,avaliou,E46,7.1,7.1,,
RP-00449,2025-05-11,Curitiba,SP,U135,Im(pureza),infanto_juvenil,18,21,21,4.4,,93,1.5,romance,curtiu,E87,2.0,3.8,,
RP-00450,2025-07-26,Uberaba,mg,U384,Sombras Eternas,fantasia sombria,livre,30,20,NA,NA,2,4.2,adulto,curtiu,E33,4.1,6.2,,
RP-00451,25/05/2025,Goiânia,GO,U244,A Santa Que Me Condena,fantasia sombria,,18,11,NA,muito bom,82,2.8,adulto,curtiu,E46,3.7,4.0,,
RP-00452,2025-09-27,Uberaba,GO,U288,Sombras Eternas,fantasia sombria,14,22,26,4.0,,63,4.0,adulto,avaliou,E42,9.4,5.8,procesado,
RP-00453,data_invalida,São Paulo,SP,U143,Sombras Eternas,darkromance,14,17,5,,NA,2,3.4,juvenil,avaliou,E64,1.2,3.7,procesado,
RP-00454,2025-09-23,Curitiba,MG,U247,A Santa Que Me Condena,darkromance,,34,6,,ruim,57,4.5,magia,,E98,1.6,7.4,valido,
RP-00455,2025-05-11,Curitiba,GO,U163,Im(pureza),darkromance,livre,29,9,,,57,2.4,juvenil,comentou,E68,3.6,3.5,procesado,
RP-00456,2025-05-23,São Paulo,SP,U221,Im(pureza),fantasia,,21,13,NA,,87,3.0,juvenil,avaliou,E3,1.8,5.4,valido,
RP-00457,2025-04-13,Goiânia,MG,U166,A Santa Que Me Condena,fantasia sombria,,15,23,,ruim,115,3.9,aventura,avaliou,E40,1.8,9.7,procesado,
RP-00458,11/04/2025,Curitiba,mg,U312,Reino das Runas,fantasia,,28,13,,NA,30,3.0,sombrio,comentou,E42,5.6,6.9,,
RP-00459,data_invalida,Uberaba,SP,U352,Sombras Eternas,darkromance,,26,30,NA,muito bom,20,4.9,sombrio,,E71,2.7,5.6,valido,
RP-00460,2025-06-03,Uberaba,mg,U196,Sombras Eternas,darkromance,livre,39,11,NA,,118,2.4,juvenil,,E93,7.3,4.0,procesado,
RP-00461,2025-04-07,São Paulo,GO,U12,Reino das Runas,fantasia sombria,livre,24,9,,NA,110,2.8,romance,,E29,2.4,3.0,valido,
RP-00462,2025-09-22,Uberaba,PR,U329,Sombras Eternas,fantasia sombria,14,38,27,,ruim,113,1.2,juvenil,,E60,3.6,2.5,,
RP-00463,2025-07-22,Uberaba,SP,U139,Reino das Runas,fantasia sombria,livre,12,25,,ruim,8,1.8,aventura,,E21,1.3,7.8,,
RP-00464,2025-01-02,Uberaba,SP,U2,Reino das Runas,fantasia sombria,livre,19,9,,,107,5.0,romance,curtiu,E79,6.2,1.0,valido,
RP-00465,data_invalida,São Paulo,PR,U296,Im(pureza),fantasia sombria,livre,30,8,,muito bom,24,4.6,aventura,curtiu,E53,4.3,6.0,valido,
RP-00466,05/03/2025,Curitiba,MG,U314,Sombras Eternas,darkromance,,28,30,,muito bom,90,2.0,adulto,curtiu,E58,5.7,9.2,valido,
RP-00467,2025-06-07,São Paulo,MG,U258,Reino das Runas,fantasia sombria,livre,17,18,4.4,NA,29,2.9,romance,,E6,4.7,6.0,procesado,
RP-00468,2025-03-02,Uberaba,PR,U366,A Santa Que Me Condena,darkromance,livre,26,20,3.5,NA,42,3.5,romance,,E79,4.3,4.4,,
RP-00469,2025-01-07,Uberaba,SP,U285,Im(pureza),fantasia,livre,13,22,,ruim,3,2.8,sombrio,,E39,8.2,3.7,procesado,
RP-00470,2025-03-14,Curitiba,mg,U183,Reino das Runas,infanto_juvenil,livre,13,7,1.0,muito bom,62,1.5,aventura,avaliou,E48,3.7,7.3,,
RP-00471,2025-01-10,São Paulo,PR,U307,Reino das Runas,fantasia,livre,29,9,NA,NA,100,2.0,romance,comentou,E3,5.1,3.6,,
RP-00472,2025-06-26,Goiânia,GO,U342,Im(pureza),fantasia_sombria,livre,33,9,,ruim,27,1.3,adulto,curtiu,E22,2.3,7.2,valido,
RP-00473,2025-01-11,Uberaba,SP,U67,Im(pureza),infanto_juvenil,,40,27,NA,,84,2.1,adulto,comentou,E94,9.3,3.3,procesado,
RP-00474,2025-07-18,Goiânia,PR,U314,Reino das Runas,fantasia_sombria,18,20,29,,NA,107,1.2,juvenil,comentou,E81,3.1,8.0,valido,
RP-00475,2025-08-04,Curitiba,MG,U305,Sombras Eternas,fantasia sombria,,28,20,4.9,muito bom,42,1.2,sombrio,,E57,6.5,4.2,valido,
RP-00476,05-19-2025,Curitiba,SP,U369,A Santa Que Me Condena,darkromance,14,20,1,3.7,NA,44,3.2,juvenil,,E23,7.8,3.7,valido,
RP-00477,2025-06-27,São Paulo,SP,U398,A Santa Que Me Condena,fantasia_sombria,14,33,16,NA,ruim,3,2.6,adulto,curtiu,E30,6.8,1.1,procesado,
RP-00478,2025-05-09,Uberaba,mg,U81,A Santa Que Me Condena,fantasia sombria,livre,20,6,2.7,muito bom,44,4.6,aventura,curtiu,E16,7.7,6.2,,
RP-00479,2025-04-16,Goiânia,mg,U56,Reino das Runas,dark_romance,livre,31,20,,muito bom,101,4.1,sombrio,,E13,7.3,4.2,valido,
RP-00480,2025-04-30,Curitiba,MG,U314,Reino das Runas,fantasia sombria,14,25,14,,muito bom,117,4.1,sombrio,comentou,E25,6.3,7.3,procesado,
RP-00481,2025-08-11,São Paulo,GO,U69,Reino das Runas,darkromance,18,25,16,4.3,,35,4.7,aventura,curtiu,E41,1.7,5.6,procesado,
RP-00482,2025-02-08,Uberaba,mg,U164,Reino das Runas,fantasia sombria,14,29,12,,muito bom,49,3.8,romance,,E40,9.4,6.5,procesado,
RP-00483,data_invalida,Curitiba,MG,U377,A Santa Que Me Condena,darkromance,14,35,3,1.1,NA,112,1.4,sombrio,avaliou,E58,1.3,5.1,valido,
RP-00484,2025-06-02,Uberaba,GO,U253,Sombras Eternas,darkromance,18,30,9,4.0,ruim,17,1.6,magia,,E60,1.3,1.2,procesado,
RP-00485,2025-08-31,Uberaba,mg,U74,Reino das Runas,fantasia,livre,40,24,NA,,21,2.0,juvenil,curtiu,E1,1.2,8.4,,
RP-00486,05-27-2025,Uberaba,MG,U135,Reino das Runas,darkromance,,26,4,,ruim,19,2.2,juvenil,comentou,E84,1.3,1.9,,
RP-00487,2025-09-12,Curitiba,MG,U130,Im(pureza),fantasia sombria,livre,26,20,NA,NA,21,1.2,sombrio,comentou,E70,6.6,3.6,,
RP-00488,04-20-2025,São Paulo,GO,U208,A Santa Que Me Condena,darkromance,,36,30,,muito bom,76,2.0,juvenil,avaliou,E32,6.6,1.7,,
RP-00489,2025-07-01,Curitiba,MG,U334,Reino das Runas,infanto_juvenil,livre,40,2,NA,ruim,35,2.8,adulto,avaliou,E80,7.8,4.1,,
RP-00490,2025-04-25,São Paulo,PR,U237,Sombras Eternas,darkromance,14,30,5,NA,ruim,105,1.4,magia,,E43,6.1,1.5,procesado,
RP-00491,2025-02-24,Curitiba,PR,U158,Reino das Runas,fantasia,livre,20,13,,,14,3.0,sombrio,curtiu,E58,1.0,8.7,procesado,
RP-00492,2025-07-18,Uberaba,SP,U184,Sombras Eternas,fantasia sombria,18,25,12,4.9,NA,67,2.8,adulto,curtiu,E43,5.3,7.0,,
RP-00493,2025-04-27,São Paulo,MG,U202,A Santa Que Me Condena,fantasia_sombria,livre,12,18,,muito bom,104,2.5,adulto,comentou,E9,3.1,9.4,valido,
RP-00494,2025-01-17,Curitiba,PR,U394,A Santa Que Me Condena,fantasia sombria,18,24,14,,muito bom,73,1.0,aventura,curtiu,E96,8.9,6.5,,
RP-00495,2025-05-01,Uberaba,mg,U190,Reino das Runas,fantasia sombria,,16,20,NA,ruim,46,2.0,juvenil,curtiu,E90,1.3,5.2,valido,
RP-00496,2025-04-24,Goiânia,mg,U334,Sombras Eternas,fantasia sombria,18,12,15,1.9,NA,96,2.6,romance,comentou,E51,2.0,2.3,valido,
RP-00497,2025-09-05,Curitiba,GO,U25,A Santa Que Me Condena,fantasia sombria,18,15,27,,,63,4.2,juvenil,comentou,E61,2.2,9.5,procesado,
RP-00498,2025-05-22,Goiânia,SP,U279,Im(pureza),dark_romance,14,23,13,3.5,ruim,31,2.3,romance,avaliou,E55,5.6,3.5,valido,
RP-00499,2025-06-06,Uberaba,SP,U216,A Santa Que Me Condena,dark_romance,,28,26,,ruim,75,1.4,aventura,comentou,E66,2.7,2.6,valido,
RP-00500,2025-01-18,Curitiba,SP,U125,A Santa Que Me Condena,darkromance,18,23,17,,muito bom,36,4.4,magia,comentou,E39,4.9,1.7,procesado,
RP-00501,2025-03-13,Goiânia,PR,U399,A Santa Que Me Condena,darkromance,18,12,8,NA,ruim,65,1.9,adulto,avaliou,E25,6.2,4.2,valido,
RP-00502,2025-04-18,Curitiba,SP,U1,Im(pureza),darkromance,livre,24,26,,ruim,19,3.3,adulto,,E18,6.1,8.7,procesado,
RP-00503,01/02/2025,Uberaba,MG,U5,Im(pureza),fantasia,14,28,27,NA,muito bom,85,3.7,sombrio,comentou,E43,4.1,1.6,valido,
RP-00504,2025-02-03,Goiânia,mg,U279,Sombras Eternas,darkromance,14,13,26,NA,,103,1.2,juvenil,curtiu,E57,2.1,1.1,procesado,
RP-00505,2025-09-10,São Paulo,GO,U22,Reino das Runas,darkromance,,27,23,4.7,NA,86,3.8,sombrio,curtiu,E79,3.1,1.1,valido,
RP-00506,2025-08-18,Curitiba,GO,U49,Reino das Runas,darkromance,livre,21,19,,ruim,117,2.1,adulto,comentou,E98,5.0,9.2,,
RP-00507,2025-10-27,Uberaba,mg,U88,Im(pureza),fantasia,18,13,25,,ruim,36,2.0,aventura,comentou,E37,3.5,8.6,procesado,
RP-00508,2025-08-28,Uberaba,mg,U331,Im(pureza),fantasia sombria,18,30,15,NA,NA,116,4.9,aventura,comentou,E40,4.2,3.1,,
RP-00509,2025-04-18,Uberaba,mg,U121,Sombras Eternas,darkromance,18,13,30,4.8,,93,2.1,magia,avaliou,E77,4.5,6.2,valido,
RP-00510,2025-03-26,Uberaba,GO,U399,Im(pureza),darkromance,14,40,23,NA,,116,4.9,aventura,,E4,8.7,8.8,procesado,
RP-00511,2025-07-02,Curitiba,PR,U200,A Santa Que Me Condena,darkromance,14,13,25,2.8,muito bom,53,3.7,romance,curtiu,E67,2.7,7.1,valido,
RP-00512,2025-07-15,Uberaba,mg,U359,Im(pureza),darkromance,,36,10,2.2,muito bom,69,2.4,adulto,avaliou,E84,7.9,1.7,procesado,
RP-00513,2025-08-27,Uberaba,mg,U178,Im(pureza),fantasia sombria,14,17,16,,muito bom,16,1.8,romance,curtiu,E39,3.3,4.6,valido,
RP-00514,2025-03-29,Goiânia,GO,U367,A Santa Que Me Condena,darkromance,livre,37,26,NA,ruim,74,1.1,adulto,comentou,E52,9.8,2.9,valido,
RP-00515,2025-06-19,Curitiba,PR,U118,A Santa Que Me Condena,fantasia sombria,18,13,22,2.1,,96,4.7,aventura,comentou,E49,6.7,5.2,valido,
RP-00516,2025-09-27,Uberaba,SP,U255,Sombras Eternas,fantasia sombria,,18,9,4.5,ruim,19,4.4,sombrio,avaliou,E80,4.0,2.2,valido,
RP-00517,2025-03-29,Uberaba,MG,U3,A Santa Que Me Condena,darkromance,livre,16,21,NA,NA,73,3.7,romance,comentou,E16,3.9,9.1,,
RP-00518,2025-01-08,Goiânia,MG,U126,Reino das Runas,darkromance,livre,16,23,,,88,2.1,romance,avaliou,E48,8.8,2.0,valido,
RP-00519,2025-04-30,São Paulo,MG,U131,Reino das Runas,infanto_juvenil,,29,25,4.3,,4,2.0,magia,curtiu,E21,7.5,7.7,valido,
RP-00520,2025-01-25,Uberaba,mg,U28,A Santa Que Me Condena,infanto_juvenil,livre,29,12,1.1,ruim,1,3.8,juvenil,curtiu,E53,8.0,5.6,,
RP-00521,2025-10-23,São Paulo,PR,U114,A Santa Que Me Condena,fantasia_sombria,,37,23,1.4,NA,10,2.8,magia,comentou,E24,4.9,6.4,procesado,
RP-00522,07-17-2025,São Paulo,mg,U192,A Santa Que Me Condena,fantasia sombria,livre,16,30,NA,NA,30,2.1,aventura,comentou,E50,7.2,2.6,,
RP-00523,2025-08-21,Curitiba,SP,U177,Reino das Runas,fantasia sombria,livre,28,27,NA,,53,3.9,juvenil,comentou,E23,5.7,3.5,procesado,
RP-00524,2025-08-22,Goiânia,SP,U389,Sombras Eternas,darkromance,livre,36,8,,,90,4.1,aventura,avaliou,E91,3.8,9.9,valido,
RP-00525,2025-06-05,Uberaba,mg,U237,Reino das Runas,infanto_juvenil,,12,2,4.1,muito bom,19,2.6,juvenil,avaliou,E69,1.6,8.2,procesado,
RP-00526,2025-09-24,Uberaba,MG,U250,Sombras Eternas,fantasia sombria,18,19,26,4.5,,21,1.3,sombrio,,E86,5.3,9.1,valido,
RP-00527,data_invalida,Goiânia,SP,U105,Reino das Runas,darkromance,14,34,3,,ruim,59,3.5,magia,comentou,E57,7.3,2.8,,
RP-00528,2025-04-11,Goiânia,mg,U92,A Santa Que Me Condena,dark_romance,livre,24,9,,NA,27,3.5,romance,avaliou,E73,7.9,9.2,valido,
RP-00529,2025-02-16,São Paulo,mg,U372,Im(pureza),fantasia_sombria,livre,39,13,,NA,119,4.5,magia,curtiu,E50,9.4,2.1,valido,
RP-00530,25/01/2025,São Paulo,mg,U43,Im(pureza),dark_romance,,14,5,NA,NA,79,2.8,aventura,comentou,E48,8.2,2.4,valido,
RP-00531,05/03/2025,São Paulo,PR,U1,A Santa Que Me Condena,fantasia,18,15,26,NA,NA,98,3.5,magia,curtiu,E87,9.1,3.3,valido,
RP-00532,2025-08-20,Goiânia,GO,U297,Sombras Eternas,fantasia sombria,18,16,24,,muito bom,62,3.2,aventura,curtiu,E63,8.4,7.5,procesado,
RP-00533,2025-02-09,Curitiba,MG,U24,Sombras Eternas,fantasia sombria,,38,7,NA,NA,47,1.6,romance,avaliou,E14,3.5,5.2,valido,
RP-00534,2025-07-31,Curitiba,mg,U286,A Santa Que Me Condena,fantasia sombria,14,24,7,NA,NA,33,3.5,sombrio,,E26,6.0,7.4,,
RP-00535,2025-03-07,Goiânia,SP,U298,Im(pureza),fantasia sombria,livre,16,28,NA,ruim,96,1.0,aventura,,E62,5.6,5.7,procesado,
RP-00536,03-11-2025,Uberaba,mg,U310,Im(pureza),darkromance,livre,23,10,,ruim,103,1.4,adulto,,E19,3.7,8.0,procesado,
RP-00537,05-18-2025,São Paulo,mg,U94,Reino das Runas,fantasia sombria,livre,34,11,,,54,4.3,juvenil,curtiu,E89,2.6,5.4,,
RP-00538,07-26-2025,Goiânia,MG,U164,Reino das Runas,fantasia_sombria,18,36,8,NA,NA,111,1.3,sombrio,avaliou,E45,4.9,6.4,valido,
RP-00539,2025-02-24,Uberaba,GO,U204,Im(pureza),darkromance,14,32,22,NA,,23,3.3,sombrio,curtiu,E100,2.8,2.5,procesado,
RP-00540,16/08/2025,Curitiba,SP,U10,Im(pureza),darkromance,18,17,15,,muito bom,3,1.9,juvenil,,E55,5.6,4.3,,
RP-00541,2025-03-10,Uberaba,SP,U170,Im(pureza),fantasia sombria,,12,8,NA,ruim,23,3.0,romance,,E73,6.6,5.4,procesado,
RP-00542,2025-07-07,São Paulo,GO,U233,Reino das Runas,darkromance,,16,4,3.1,,100,3.1,romance,avaliou,E38,8.8,8.6,valido,
RP-00543,2025-07-21,Goiânia,GO,U296,Sombras Eternas,fantasia sombria,18,36,27,,ruim,79,3.6,romance,curtiu,E97,8.1,2.8,procesado,
RP-00544,2025-05-05,Goiânia,PR,U299,Im(pureza),darkromance,18,24,27,,muito bom,35,2.9,magia,avaliou,E13,1.3,8.5,,
RP-00545,2025-04-05,Uberaba,SP,U351,Im(pureza),darkromance,livre,36,9,,NA,44,1.5,aventura,,E97,6.5,6.6,valido,
RP-00546,10-07-2025,Curitiba,mg,U181,Im(pureza),darkromance,,39,16,4.4,muito bom,40,4.9,romance,curtiu,E79,4.1,2.8,procesado,
RP-00547,2025-08-26,Goiânia,mg,U158,Sombras Eternas,fantasia_sombria,livre,27,20,2.6,muito bom,109,4.2,romance,comentou,E31,5.2,4.5,valido,
RP-00548,18/08/2025,Goiânia,SP,U316,A Santa Que Me Condena,fantasia sombria,18,15,9,3.4,,13,4.6,juvenil,comentou,E45,7.8,4.4,valido,
RP-00549,08-27-2025,Curitiba,mg,U76,Reino das Runas,fantasia sombria,18,30,4,4.6,NA,100,2.6,magia,avaliou,E47,3.1,8.6,valido,
RP-00550,2025-02-04,São Paulo,SP,U67,Im(pureza),darkromance,14,31,14,NA,muito bom,3,2.6,sombrio,curtiu,E97,4.3,6.8,,
RP-00551,08-09-2025,Goiânia,PR,U177,Sombras Eternas,fantasia sombria,livre,26,7,1.5,ruim,72,3.1,magia,,E52,1.0,5.0,procesado,
RP-00552,2025-10-02,Goiânia,SP,U42,Sombras Eternas,darkromance,18,17,29,3.4,ruim,41,4.7,romance,curtiu,E93,3.5,4.2,valido,
RP-00553,01-29-2025,Uberaba,GO,U104,Sombras Eternas,fantasia_sombria,14,22,8,NA,ruim,82,4.1,magia,curtiu,E55,5.2,6.9,valido,
RP-00554,2025-07-13,Goiânia,GO,U359,Im(pureza),infanto_juvenil,,40,14,NA,muito bom,80,3.6,romance,,E29,5.3,2.5,procesado,
RP-00555,2025-06-07,Curitiba,SP,U245,A Santa Que Me Condena,darkromance,,32,25,NA,muito bom,115,4.7,juvenil,avaliou,E33,1.2,7.4,procesado,
RP-00556,2025-08-09,São Paulo,PR,U348,Im(pureza),darkromance,18,40,30,NA,,27,4.2,aventura,,E75,4.2,7.8,valido,
RP-00557,2025-02-01,Curitiba,PR,U293,Sombras Eternas,fantasia sombria,,26,13,,muito bom,16,4.9,sombrio,,E93,5.6,4.1,procesado,
RP-00558,2025-02-26,São Paulo,SP,U381,Sombras Eternas,fantasia sombria,,35,24,2.4,,30,1.3,adulto,avaliou,E55,9.2,6.8,,
RP-00559,2025-10-08,São Paulo,PR,U173,Sombras Eternas,fantasia_sombria,,35,27,,muito bom,72,1.1,sombrio,,E46,3.1,5.8,valido,
RP-00560,09-04-2025,Goiânia,SP,U40,Sombras Eternas,darkromance,,31,27,4.1,muito bom,120,3.2,juvenil,curtiu,E51,7.8,3.6,,
RP-00561,2025-04-03,Uberaba,MG,U373,Im(pureza),darkromance,,20,8,NA,muito bom,111,2.7,juvenil,curtiu,E57,8.1,1.9,procesado,
RP-00562,2025-06-04,São Paulo,GO,U253,A Santa Que Me Condena,darkromance,livre,24,1,NA,,12,4.7,adulto,curtiu,E1,3.4,8.0,valido,
RP-00563,2025-01-22,Uberaba,PR,U60,Reino das Runas,fantasia sombria,,20,30,2.4,,53,4.1,adulto,comentou,E89,7.1,1.8,procesado,
RP-00564,2025-10-04,Curitiba,SP,U261,Sombras Eternas,fantasia sombria,18,32,24,,NA,42,1.0,sombrio,curtiu,E66,9.5,5.4,,
RP-00565,2025-02-12,Uberaba,MG,U202,Im(pureza),darkromance,,25,11,,ruim,97,2.5,magia,curtiu,E25,2.8,8.9,valido,
RP-00566,2025-08-13,São Paulo,GO,U238,Reino das Runas,fantasia sombria,livre,17,28,1.4,,55,4.7,juvenil,curtiu,E80,2.7,7.5,procesado,
RP-00567,2025-07-12,Uberaba,mg,U318,Sombras Eternas,fantasia,14,40,15,2.5,NA,21,2.9,magia,comentou,E53,4.6,1.0,valido,
RP-00568,2025-04-03,Goiânia,SP,U212,A Santa Que Me Condena,darkromance,14,16,15,NA,NA,41,1.3,adulto,avaliou,E80,6.7,5.4,,
RP-00569,2025-05-27,Curitiba,MG,U132,Sombras Eternas,fantasia_sombria,,12,2,3.1,NA,95,3.6,juvenil,curtiu,E81,1.6,9.7,valido,
RP-00570,08/06/2025,Uberaba,mg,U50,A Santa Que Me Condena,darkromance,,30,11,,muito bom,64,1.3,romance,,E83,4.1,1.4,,
RP-00571,2025-08-08,São Paulo,SP,U25,Reino das Runas,fantasia sombria,18,14,19,2.3,,79,2.1,magia,comentou,E92,2.6,4.6,valido,
RP-00572,2025-02-10,São Paulo,MG,U86,A Santa Que Me Condena,fantasia_sombria,14,27,3,NA,,3,1.2,juvenil,comentou,E20,1.5,10.0,procesado,
RP-00573,2025-06-06,Uberaba,SP,U313,A Santa Que Me Condena,darkromance,14,38,18,NA,ruim,35,1.9,sombrio,comentou,E40,8.0,3.2,valido,
RP-00574,2025-09-03,São Paulo,GO,U25,Reino das Runas,darkromance,14,40,28,1.7,,111,3.2,aventura,comentou,E69,5.1,8.0,valido,
RP-00575,2025-08-21,São Paulo,mg,U373,A Santa Que Me Condena,dark_romance,livre,23,30,2.6,NA,67,3.4,juvenil,,E63,5.9,9.4,valido,
RP-00576,2025-04-16,São Paulo,PR,U270,A Santa Que Me Condena,fantasia_sombria,,15,29,NA,,21,1.2,adulto,avaliou,E35,1.6,8.2,valido,
RP-00577,20/05/2025,Goiânia,PR,U358,Sombras Eternas,fantasia sombria,,20,3,NA,ruim,82,2.8,juvenil,,E8,2.6,4.5,valido,
RP-00578,30/09/2025,Goiânia,PR,U239,Im(pureza),darkromance,,21,28,1.2,,38,4.9,aventura,,E69,5.8,4.8,procesado,
RP-00579,01-05-2025,Curitiba,GO,U333,Sombras Eternas,fantasia sombria,,30,9,NA,,3,2.3,aventura,,E8,1.0,3.0,valido,
RP-00580,2025-04-08,Uberaba,mg,U177,Im(pureza),darkromance,18,32,6,,muito bom,62,3.5,romance,comentou,E12,3.3,7.8,valido,
RP-00581,2025-02-22,Curitiba,MG,U170,Reino das Runas,darkromance,18,16,13,,ruim,76,3.0,romance,avaliou,E46,3.5,1.8,,
RP-00582,2025-06-02,São Paulo,GO,U83,Reino das Runas,fantasia,14,14,6,3.9,,33,1.9,juvenil,curtiu,E79,4.7,7.2,procesado,
RP-00583,2025-04-18,Goiânia,PR,U121,Im(pureza),darkromance,livre,29,30,,,38,1.3,magia,comentou,E52,1.9,8.0,,
RP-00584,03-20-2025,Goiânia,SP,U69,Im(pureza),darkromance,18,22,9,NA,muito bom,23,2.7,romance,comentou,E38,6.2,2.0,,
RP-00585,2025-05-25,Uberaba,SP,U223,Reino das Runas,darkromance,,22,27,NA,NA,61,3.3,sombrio,curtiu,E66,7.8,2.4,procesado,
RP-00586,23/02/2025,São Paulo,mg,U379,Im(pureza),fantasia sombria,,24,5,NA,,89,1.2,aventura,,E75,6.5,2.6,valido,
RP-00587,2025-03-07,Curitiba,SP,U212,Im(pureza),fantasia sombria,14,16,30,,,49,4.2,adulto,comentou,E95,5.5,8.1,procesado,
RP-00588,2025-04-28,Goiânia,GO,U121,Im(pureza),darkromance,livre,40,29,NA,muito bom,21,3.7,magia,avaliou,E18,4.2,5.5,procesado,
RP-00589,2025-02-11,Curitiba,GO,U213,Reino das Runas,fantasia_sombria,18,21,20,4.1,,32,3.9,romance,avaliou,E83,4.7,7.4,valido,
RP-00590,2025-07-19,Curitiba,PR,U156,Reino das Runas,fantasia sombria,livre,17,8,2.5,muito bom,32,2.0,juvenil,,E68,7.0,5.1,procesado,
RP-00591,2025-02-02,Curitiba,PR,U95,Sombras Eternas,fantasia_sombria,,37,16,2.9,muito bom,16,4.7,romance,avaliou,E60,3.2,8.9,,
RP-00592,2025-02-10,Uberaba,MG,U205,A Santa Que Me Condena,fantasia sombria,18,16,21,,,91,1.6,aventura,comentou,E1,9.6,8.1,valido,
RP-00593,2025-03-17,Uberaba,MG,U341,A Santa Que Me Condena,darkromance,,29,10,NA,,107,3.6,romance,,E68,7.4,6.1,procesado,
RP-00594,2025-06-19,São Paulo,PR,U220,A Santa Que Me Condena,fantasia sombria,18,26,27,4.8,NA,101,4.3,sombrio,,E33,9.9,2.4,procesado,
RP-00595,2025-05-09,São Paulo,SP,U120,Reino das Runas,dark_romance,18,22,19,NA,,29,4.0,aventura,curtiu,E96,5.5,7.0,valido,
RP-00596,2025-06-23,São Paulo,GO,U392,Reino das Runas,fantasia sombria,livre,12,17,NA,muito bom,3,4.8,juvenil,,E60,7.4,6.9,procesado,
RP-00597,06-10-2025,Curitiba,PR,U85,A Santa Que Me Condena,darkromance,livre,39,1,NA,muito bom,116,2.6,aventura,comentou,E50,1.4,5.5,valido,
RP-00598,2025-07-12,São Paulo,mg,U181,Im(pureza),fantasia sombria,,29,11,NA,NA,48,1.4,magia,curtiu,E71,8.4,5.8,,
RP-00599,2025-01-14,Curitiba,mg,U284,Reino das Runas,fantasia sombria,18,25,27,NA,,25,1.8,juvenil,avaliou,E86,1.6,1.8,procesado,
RP-00600,2025-01-14,Goiânia,mg,U143,Sombras Eternas,fantasia sombria,livre,39,25,4.4,,16,4.0,adulto,comentou,E79,8.0,7.7,valido,
RP-00601,2025-04-21,Uberaba,SP,U90,Reino das Runas,darkromance,14,22,16,4.4,muito bom,66,2.0,magia,,E57,5.0,1.3,,
RP-00602,2025-01-27,Curitiba,SP,U25,Sombras Eternas,fantasia sombria,,33,12,,muito bom,81,4.1,magia,comentou,E93,2.7,3.9,,
RP-00603,2025-08-27,Uberaba,PR,U342,Reino das Runas,fantasia sombria,18,20,28,5.0,muito bom,37,1.9,romance,curtiu,E36,8.2,9.5,valido,
RP-00604,2025-03-25,Goiânia,SP,U235,Reino das Runas,fantasia,18,22,28,2.5,ruim,38,4.6,magia,,E29,2.1,5.0,,
RP-00605,27/09/2025,Goiânia,mg,U175,A Santa Que Me Condena,fantasia,livre,35,16,,,14,4.0,aventura,curtiu,E92,9.0,3.7,valido,
RP-00606,2025-08-31,Goiânia,SP,U356,Reino das Runas,dark_romance,livre,39,8,NA,,102,3.1,sombrio,,E79,8.2,1.2,valido,
RP-00607,2025-04-20,Uberaba,MG,U120,Sombras Eternas,dark_romance,livre,32,9,,,83,4.2,romance,,E96,5.7,5.0,procesado,
RP-00608,2025-01-15,São Paulo,MG,U268,Im(pureza),darkromance,livre,28,1,2.9,,45,3.0,sombrio,curtiu,E21,4.0,6.1,valido,
RP-00609,2025-05-14,Curitiba,mg,U32,Im(pureza),darkromance,livre,19,1,NA,ruim,89,2.7,romance,avaliou,E19,6.3,6.1,,
RP-00610,25/02/2025,Curitiba,mg,U305,Reino das Runas,darkromance,14,33,24,,muito bom,88,3.5,juvenil,,E19,7.8,6.1,procesado,
RP-00611,data_invalida,Goiânia,PR,U175,A Santa Que Me Condena,darkromance,livre,31,24,4.0,,15,3.4,romance,,E86,4.7,5.3,procesado,
RP-00612,2025-09-03,Curitiba,SP,U389,Sombras Eternas,fantasia sombria,,21,1,3.5,ruim,49,2.0,sombrio,,E74,6.7,9.0,procesado,
RP-00613,2025-03-13,Goiânia,MG,U152,Im(pureza),fantasia sombria,livre,31,11,1.8,,20,1.3,aventura,,E71,6.0,1.8,,
RP-00614,2025-03-29,Goiânia,mg,U61,Im(pureza),fantasia sombria,14,21,28,4.4,,14,3.1,juvenil,,E89,2.9,6.9,,
RP-00615,08-01-2025,Goiânia,mg,U100,Im(pureza),fantasia,18,26,26,3.5,,113,4.5,romance,avaliou,E70,5.0,4.4,procesado,
RP-00616,2025-02-07,Goiânia,GO,U91,Im(pureza),darkromance,18,28,12,NA,ruim,103,1.8,adulto,avaliou,E90,5.5,2.9,procesado,
RP-00617,2025-06-25,São Paulo,GO,U25,Reino das Runas,fantasia sombria,livre,27,14,NA,NA,24,2.2,juvenil,,E53,1.6,8.7,,
RP-00618,2025-05-16,Goiânia,PR,U383,A Santa Que Me Condena,darkromance,livre,27,26,3.6,,58,4.5,magia,,E7,5.0,8.0,procesado,
RP-00619,03-10-2025,Uberaba,SP,U156,A Santa Que Me Condena,fantasia sombria,18,28,20,3.4,NA,98,2.0,sombrio,comentou,E84,8.9,9.6,valido,
RP-00620,15/04/2025,Uberaba,mg,U79,Sombras Eternas,fantasia sombria,14,38,26,NA,muito bom,44,2.0,adulto,comentou,E54,2.0,9.6,procesado,
RP-00621,2025-03-08,Curitiba,PR,U176,Sombras Eternas,fantasia_sombria,,31,3,NA,muito bom,57,1.8,aventura,,E55,5.8,4.0,valido,
RP-00622,2025-09-09,São Paulo,GO,U233,A Santa Que Me Condena,darkromance,14,39,26,NA,ruim,10,2.7,magia,,E22,7.9,9.1,,
RP-00623,2025-07-01,Uberaba,SP,U147,Sombras Eternas,infanto_juvenil,14,36,26,4.9,NA,24,2.8,sombrio,curtiu,E4,8.9,6.9,valido,
RP-00624,2025-01-27,Uberaba,SP,U386,Reino das Runas,dark_romance,14,26,6,4.0,NA,7,4.6,aventura,comentou,E60,1.6,2.3,valido,
RP-00625,17/04/2025,São Paulo,SP,U394,A Santa Que Me Condena,dark_romance,livre,25,16,,,33,2.3,adulto,avaliou,E56,5.1,1.5,procesado,
RP-00626,2025-01-01,Curitiba,SP,U365,A Santa Que Me Condena,fantasia_sombria,livre,28,29,,,51,3.6,adulto,,E83,2.5,3.9,valido,
RP-00627,12/07/2025,São Paulo,mg,U148,Sombras Eternas,fantasia_sombria,,26,10,,muito bom,97,2.6,adulto,,E92,2.5,9.2,procesado,
RP-00628,2025-01-09,São Paulo,MG,U238,Im(pureza),fantasia,14,35,6,NA,ruim,71,2.0,juvenil,comentou,E46,8.6,2.9,valido,
RP-00629,07-10-2025,Goiânia,SP,U262,Reino das Runas,darkromance,,32,1,NA,ruim,4,1.2,magia,curtiu,E70,3.9,6.8,,
RP-00630,2025-06-01,São Paulo,MG,U4,A Santa Que Me Condena,darkromance,,24,22,NA,muito bom,93,2.1,romance,curtiu,E41,5.4,7.7,,
RP-00631,2025-09-13,Goiânia,mg,U267,A Santa Que Me Condena,fantasia sombria,14,28,24,,NA,10,2.2,juvenil,curtiu,E18,1.7,1.9,valido,
RP-00632,04-24-2025,São Paulo,PR,U189,Reino das Runas,darkromance,,23,21,,ruim,100,3.4,romance,comentou,E65,7.9,9.9,procesado,
RP-00633,2025-06-19,Curitiba,PR,U329,Reino das Runas,darkromance,14,29,10,4.0,muito bom,109,4.7,sombrio,comentou,E63,6.9,2.9,valido,
RP-00634,2025-02-27,Curitiba,GO,U162,A Santa Que Me Condena,darkromance,,28,11,,ruim,63,3.1,adulto,comentou,E43,9.2,4.2,valido,
RP-00635,2025-02-25,Curitiba,MG,U169,Im(pureza),infanto_juvenil,18,22,9,NA,ruim,60,2.5,sombrio,avaliou,E21,7.9,9.9,,
RP-00636,2025-01-02,Curitiba,SP,U192,Im(pureza),fantasia sombria,14,26,13,,ruim,86,3.7,romance,avaliou,E50,2.6,8.2,valido,
RP-00637,2025-07-18,Uberaba,MG,U240,Sombras Eternas,darkromance,,22,30,,ruim,48,1.2,sombrio,curtiu,E14,4.8,5.2,procesado,
RP-00638,2025-10-07,Goiânia,GO,U53,Im(pureza),darkromance,14,29,27,3.2,muito bom,54,1.4,magia,avaliou,E93,4.0,3.4,procesado,
RP-00639,2025-04-08,Uberaba,GO,U314,Im(pureza),fantasia sombria,18,16,28,4.7,NA,9,3.3,adulto,,E46,4.0,1.1,procesado,
RP-00640,2025-06-11,Curitiba,PR,U332,Sombras Eternas,dark_romance,18,28,16,2.9,muito bom,117,2.1,aventura,,E40,1.4,9.2,procesado,
RP-00641,2025-10-02,Uberaba,GO,U43,Reino das Runas,darkromance,14,34,7,4.1,,94,1.7,romance,avaliou,E24,1.5,4.0,procesado,
RP-00642,2025-08-21,Goiânia,GO,U55,Sombras Eternas,darkromance,14,38,15,NA,NA,16,1.9,sombrio,curtiu,E55,4.2,1.6,valido,
RP-00643,2025-05-24,Uberaba,GO,U13,Im(pureza),darkromance,18,27,16,NA,,1,1.4,aventura,curtiu,E98,8.3,5.5,procesado,
RP-00644,2025-01-12,Uberaba,SP,U201,Sombras Eternas,darkromance,18,14,8,NA,,31,1.0,aventura,,E60,5.3,6.5,procesado,
RP-00645,2025-07-02,Curitiba,PR,U251,Im(pureza),darkromance,18,14,23,,muito bom,90,4.8,romance,comentou,E32,9.9,5.0,valido,
RP-00646,2025-07-30,Uberaba,SP,U75,Im(pureza),infanto_juvenil,,12,4,,muito bom,55,4.0,romance,,E88,1.2,7.2,,
RP-00647,11/07/2025,Curitiba,SP,U33,Im(pureza),darkromance,18,21,16,,NA,40,4.2,juvenil,curtiu,E67,9.3,8.3,valido,
RP-00648,2025-08-26,Curitiba,mg,U236,A Santa Que Me Condena,infanto_juvenil,14,18,22,2.4,,57,2.6,sombrio,curtiu,E17,2.6,5.2,procesado,
RP-00649,2025-08-04,Goiânia,PR,U114,Sombras Eternas,fantasia sombria,,38,9,,,119,4.0,magia,avaliou,E55,7.9,5.0,procesado,
RP-00650,10-01-2025,Uberaba,MG,U195,Sombras Eternas,dark_romance,,22,29,,,14,3.5,romance,avaliou,E59,2.5,8.0,valido,
RP-00651,2025-08-15,Uberaba,PR,U172,A Santa Que Me Condena,fantasia sombria,14,14,18,NA,NA,2,2.8,sombrio,avaliou,E42,5.6,6.7,,
RP-00652,14/08/2025,Curitiba,SP,U41,Sombras Eternas,darkromance,,24,26,2.3,NA,73,2.7,juvenil,curtiu,E98,5.3,9.7,,
RP-00653,23/02/2025,Uberaba,MG,U299,Im(pureza),dark_romance,14,25,24,,muito bom,66,3.4,juvenil,avaliou,E18,1.0,1.4,valido,
RP-00654,2025-04-24,São Paulo,SP,U305,A Santa Que Me Condena,dark_romance,14,13,1,NA,muito bom,84,2.6,juvenil,curtiu,E28,8.6,4.7,procesado,
RP-00655,2025-10-14,Uberaba,SP,U20,Sombras Eternas,fantasia sombria,18,18,20,NA,,10,2.7,sombrio,curtiu,E60,3.3,3.4,valido,
RP-00656,2025-01-13,São Paulo,MG,U337,A Santa Que Me Condena,fantasia sombria,18,27,22,,ruim,109,3.1,adulto,curtiu,E59,9.9,4.1,,
RP-00657,24/04/2025,Uberaba,MG,U67,Im(pureza),fantasia sombria,18,22,26,3.9,muito bom,2,3.4,juvenil,avaliou,E66,3.7,7.8,,
RP-00658,2025-02-06,Uberaba,SP,U14,A Santa Que Me Condena,dark_romance,18,17,30,3.2,,117,4.2,magia,comentou,E23,3.6,7.7,valido,
RP-00659,2025-02-13,Goiânia,PR,U270,Sombras Eternas,fantasia sombria,livre,36,23,,ruim,76,1.6,romance,curtiu,E76,9.7,7.5,procesado,
RP-00660,2025-10-13,Curitiba,MG,U104,A Santa Que Me Condena,darkromance,18,12,30,3.6,NA,119,1.9,sombrio,curtiu,E90,9.5,2.7,,
RP-00661,2025-07-05,São Paulo,mg,U205,A Santa Que Me Condena,fantasia sombria,14,22,3,NA,ruim,119,2.7,magia,curtiu,E67,3.0,3.0,procesado,
RP-00662,07-21-2025,São Paulo,MG,U211,A Santa Que Me Condena,darkromance,,27,8,NA,NA,78,2.6,romance,curtiu,E66,8.3,8.6,valido,
RP-00663,2025-08-17,Uberaba,mg,U140,Reino das Runas,infanto_juvenil,livre,27,23,4.6,,2,2.3,romance,avaliou,E77,9.6,8.5,procesado,
RP-00664,2025-01-09,Goiânia,SP,U361,Im(pureza),fantasia,livre,17,19,NA,muito bom,54,4.4,juvenil,,E15,5.5,2.1,procesado,
RP-00665,2025-02-24,São Paulo,PR,U131,Reino das Runas,fantasia sombria,,26,12,1.4,NA,54,4.1,magia,avaliou,E33,4.7,1.8,valido,
RP-00666,2025-01-03,Goiânia,mg,U172,Reino das Runas,dark_romance,14,19,5,2.8,NA,11,2.6,aventura,curtiu,E62,6.6,1.9,valido,
RP-00667,2025-05-27,Goiânia,PR,U3,Im(pureza),fantasia_sombria,18,27,20,NA,ruim,40,1.7,juvenil,,E96,3.9,8.1,procesado,
RP-00668,05/07/2025,Curitiba,MG,U296,Sombras Eternas,darkromance,18,23,16,NA,,34,2.6,sombrio,avaliou,E26,4.5,2.3,,
RP-00669,2025-07-13,Goiânia,mg,U6,Reino das Runas,darkromance,,28,15,1.0,NA,15,3.5,magia,avaliou,E97,6.3,3.9,valido,
RP-00670,2025-10-16,Curitiba,SP,U174,A Santa Que Me Condena,fantasia sombria,,39,28,,ruim,108,2.8,sombrio,comentou,E50,1.6,5.2,valido,
RP-00671,2025-02-27,São Paulo,GO,U306,Im(pureza),fantasia_sombria,,28,21,2.4,NA,12,3.0,magia,comentou,E41,8.7,7.6,,
RP-00672,2025-08-16,Goiânia,PR,U152,Sombras Eternas,darkromance,,25,16,1.0,NA,17,1.2,aventura,curtiu,E29,8.6,9.8,procesado,
RP-00673,2025-04-24,São Paulo,PR,U253,Im(pureza),fantasia_sombria,18,34,3,,,47,2.8,romance,curtiu,E9,6.2,2.2,valido,
RP-00674,09-22-2025,Goiânia,mg,U79,Sombras Eternas,fantasia sombria,18,33,24,,,3,1.1,sombrio,avaliou,E45,7.0,7.9,,
RP-00675,01-16-2025,Uberaba,SP,U23,Reino das Runas,infanto_juvenil,18,16,27,2.3,,13,1.1,aventura,avaliou,E6,3.3,8.9,procesado,
RP-00676,data_invalida,São Paulo,SP,U86,Im(pureza),darkromance,14,26,26,,muito bom,39,3.9,magia,curtiu,E48,6.7,6.2,,
RP-00677,09-20-2025,São Paulo,PR,U146,Sombras Eternas,darkromance,,23,12,NA,ruim,34,2.1,aventura,curtiu,E70,2.8,7.2,procesado,
RP-00678,2025-04-21,Goiânia,PR,U355,Reino das Runas,darkromance,14,35,28,4.4,NA,70,4.4,sombrio,,E52,2.1,7.3,valido,
RP-00679,2025-10-27,Uberaba,mg,U8,Reino das Runas,darkromance,livre,25,3,NA,,30,2.4,adulto,,E61,9.3,1.4,procesado,
RP-00680,2025-06-09,Goiânia,mg,U47,Im(pureza),fantasia_sombria,18,18,29,,muito bom,23,1.5,sombrio,comentou,E57,8.1,3.0,valido,
RP-00681,08-17-2025,Goiânia,mg,U353,A Santa Que Me Condena,darkromance,,21,4,NA,,113,1.5,sombrio,comentou,E54,8.3,5.7,valido,
RP-00682,2025-01-19,São Paulo,mg,U367,Reino das Runas,fantasia,18,12,2,NA,NA,101,3.3,adulto,avaliou,E71,4.7,5.6,procesado,
RP-00683,01-03-2025,São Paulo,SP,U250,Sombras Eternas,darkromance,livre,39,30,,ruim,77,1.1,juvenil,,E33,4.6,4.0,procesado,
RP-00684,31/01/2025,São Paulo,SP,U65,A Santa Que Me Condena,darkromance,,29,6,2.8,ruim,103,2.1,juvenil,avaliou,E64,8.4,9.6,procesado,
RP-00685,2025-05-15,Curitiba,mg,U340,Im(pureza),darkromance,livre,19,10,1.7,,47,4.3,aventura,avaliou,E58,8.3,3.8,,
RP-00686,2025-06-30,Goiânia,MG,U359,Reino das Runas,infanto_juvenil,livre,27,26,NA,NA,17,2.8,juvenil,,E70,3.1,5.8,procesado,
RP-00687,2025-07-24,São Paulo,SP,U137,Sombras Eternas,darkromance,14,40,3,,muito bom,98,1.3,adulto,avaliou,E44,2.0,4.7,valido,
RP-00688,2025-02-01,Goiânia,MG,U33,A Santa Que Me Condena,darkromance,,21,14,4.5,,74,1.5,juvenil,,E12,4.4,7.0,,
RP-00689,2025-03-05,São Paulo,PR,U176,Reino das Runas,fantasia,18,12,30,NA,ruim,45,3.3,sombrio,avaliou,E18,4.9,5.5,procesado,
RP-00690,22/04/2025,São Paulo,SP,U341,A Santa Que Me Condena,infanto_juvenil,14,17,27,5.0,muito bom,33,4.2,sombrio,curtiu,E70,6.2,9.7,,
RP-00691,2025-05-03,Goiânia,MG,U209,Reino das Runas,fantasia,livre,13,13,NA,muito bom,46,4.8,romance,,E59,1.7,2.3,,
RP-00692,2025-03-06,Goiânia,MG,U111,Im(pureza),darkromance,livre,39,11,3.9,ruim,90,4.2,magia,comentou,E27,3.9,9.1,,
RP-00693,2025-04-02,Curitiba,mg,U336,A Santa Que Me Condena,darkromance,18,14,23,3.3,muito bom,27,4.1,magia,avaliou,E15,1.0,9.0,valido,
RP-00694,2025-04-28,Uberaba,SP,U252,A Santa Que Me Condena,fantasia sombria,,32,7,2.6,NA,116,3.7,sombrio,,E48,2.1,6.8,valido,
RP-00695,10/04/2025,Uberaba,mg,U354,A Santa Que Me Condena,darkromance,livre,28,26,NA,muito bom,1,1.8,adulto,avaliou,E29,7.7,4.9,valido,
RP-00696,10-19-2025,São Paulo,MG,U396,Sombras Eternas,fantasia_sombria,14,21,30,1.4,muito bom,92,1.8,magia,comentou,E57,1.4,7.0,,
RP-00697,2025-10-13,Curitiba,PR,U360,Reino das Runas,infanto_juvenil,,38,17,2.1,muito bom,77,2.8,sombrio,comentou,E22,8.7,6.3,,
RP-00698,2025-04-15,São Paulo,SP,U376,Im(pureza),darkromance,18,34,21,1.9,NA,31,2.7,adulto,,E33,8.4,1.5,procesado,
RP-00699,10-17-2025,Goiânia,MG,U257,Sombras Eternas,fantasia sombria,,29,19,NA,muito bom,24,3.2,magia,,E90,6.6,1.0,,
RP-00700,2025-09-28,Curitiba,SP,U376,Reino das Runas,fantasia,livre,12,17,,NA,117,4.1,magia,curtiu,E14,8.6,7.7,,
RP-00701,2025-06-01,Goiânia,MG,U115,Sombras Eternas,darkromance,14,22,9,NA,muito bom,46,2.4,aventura,avaliou,E97,9.7,3.7,procesado,
RP-00702,2025-07-08,Uberaba,PR,U228,Reino das Runas,fantasia sombria,14,18,9,4.7,ruim,90,2.4,adulto,,E94,5.8,8.6,procesado,
RP-00703,2025-06-18,Curitiba,SP,U135,Sombras Eternas,fantasia,18,14,7,NA,,105,2.9,sombrio,,E65,6.5,2.4,procesado,
RP-00704,08/10/2025,São Paulo,GO,U81,A Santa Que Me Condena,darkromance,livre,26,5,,muito bom,63,5.0,magia,,E8,8.8,1.1,valido,
RP-00705,28/04/2025,Curitiba,MG,U168,Reino das Runas,darkromance,18,28,19,,muito bom,83,4.5,romance,comentou,E7,1.2,1.1,valido,
RP-00706,2025-01-22,São Paulo,SP,U290,Reino das Runas,dark_romance,,18,12,,ruim,66,4.6,aventura,,E80,2.1,8.2,,
RP-00707,2025-09-09,Uberaba,GO,U373,Im(pureza),darkromance,,18,18,NA,,15,1.7,sombrio,,E58,3.2,7.5,,
RP-00708,2025-01-28,Uberaba,mg,U199,Im(pureza),fantasia_sombria,18,23,25,NA,muito bom,82,4.6,juvenil,comentou,E33,8.7,4.0,valido,
RP-00709,04-09-2025,Curitiba,PR,U54,Sombras Eternas,darkromance,,36,4,NA,muito bom,117,4.1,aventura,comentou,E3,9.8,9.0,procesado,
RP-00710,2025-02-11,Goiânia,MG,U229,Sombras Eternas,darkromance,14,27,1,NA,ruim,119,4.1,magia,avaliou,E12,1.4,9.7,,
RP-00711,2025-02-24,Goiânia,mg,U242,Im(pureza),fantasia sombria,,26,6,4.4,ruim,16,1.7,adulto,,E48,8.9,6.4,,
RP-00712,08-26-2025,Goiânia,GO,U212,Sombras Eternas,infanto_juvenil,,34,2,,,76,3.2,magia,curtiu,E49,3.8,5.7,valido,
RP-00713,2025-02-13,Curitiba,MG,U362,Im(pureza),darkromance,,24,13,NA,NA,99,4.2,romance,,E95,7.9,5.5,procesado,
RP-00714,2025-05-01,Curitiba,GO,U29,A Santa Que Me Condena,fantasia,livre,23,13,NA,ruim,27,3.2,magia,,E52,9.1,6.0,valido,
RP-00715,2025-03-08,Curitiba,SP,U322,Reino das Runas,fantasia sombria,,37,17,NA,ruim,11,4.1,romance,avaliou,E3,8.5,1.4,valido,
RP-00716,2025-06-28,São Paulo,SP,U250,A Santa Que Me Condena,dark_romance,18,16,24,,,52,1.3,juvenil,,E8,2.9,3.6,,
RP-00717,2025-01-12,Uberaba,MG,U279,A Santa Que Me Condena,fantasia sombria,,21,13,2.7,muito bom,40,3.6,magia,,E4,7.9,6.4,procesado,
RP-00718,2025-09-11,Goiânia,MG,U340,A Santa Que Me Condena,fantasia_sombria,livre,17,4,NA,,118,3.8,adulto,avaliou,E98,4.4,5.5,valido,
RP-00719,2025-08-01,Goiânia,GO,U345,Im(pureza),darkromance,14,16,5,NA,NA,44,4.0,aventura,curtiu,E26,9.8,7.7,valido,
RP-00720,2025-03-16,Curitiba,PR,U300,Sombras Eternas,infanto_juvenil,,36,13,NA,NA,15,2.1,juvenil,avaliou,E79,4.1,9.9,procesado,
RP-00721,2025-01-26,Goiânia,SP,U268,Reino das Runas,fantasia sombria,18,38,13,,,106,4.6,juvenil,avaliou,E85,7.7,1.5,procesado,
RP-00722,2025-01-28,Curitiba,PR,U357,Reino das Runas,darkromance,18,25,30,NA,,19,1.4,aventura,curtiu,E5,2.7,6.4,procesado,
RP-00723,2025-10-18,Goiânia,SP,U224,Im(pureza),fantasia sombria,18,30,14,4.4,,2,2.6,aventura,comentou,E20,4.5,2.0,,
RP-00724,2025-06-04,Uberaba,mg,U305,Reino das Runas,dark_romance,,32,18,,ruim,62,2.9,juvenil,curtiu,E84,7.5,10.0,procesado,
RP-00725,2025-02-16,Uberaba,SP,U168,Im(pureza),darkromance,18,25,24,,muito bom,104,2.9,juvenil,comentou,E84,3.3,7.0,procesado,
RP-00726,data_invalida,Uberaba,SP,U58,A Santa Que Me Condena,fantasia sombria,livre,23,4,1.4,muito bom,60,3.2,juvenil,avaliou,E68,9.3,4.4,procesado,
RP-00727,2025-02-08,Goiânia,SP,U112,A Santa Que Me Condena,darkromance,18,30,10,,ruim,76,3.2,magia,,E45,7.7,9.1,valido,
RP-00728,24/10/2025,Curitiba,SP,U131,A Santa Que Me Condena,fantasia sombria,livre,27,19,,,96,2.0,juvenil,,E36,7.8,2.5,,
RP-00729,2025-03-02,Goiânia,PR,U244,A Santa Que Me Condena,dark_romance,livre,21,10,4.6,ruim,114,3.4,magia,comentou,E26,8.1,7.2,procesado,
RP-00730,data_invalida,Curitiba,MG,U33,Sombras Eternas,dark_romance,14,17,6,NA,,31,1.8,magia,avaliou,E28,5.2,3.7,,
RP-00731,2025-07-09,Goiânia,SP,U75,Im(pureza),fantasia_sombria,18,35,12,,muito bom,50,4.6,romance,curtiu,E35,2.3,2.0,valido,
RP-00732,2025-08-04,Uberaba,GO,U359,A Santa Que Me Condena,fantasia_sombria,18,12,9,NA,NA,94,1.6,adulto,comentou,E64,6.9,3.6,valido,
RP-00733,05-25-2025,Curitiba,GO,U2,Reino das Runas,fantasia sombria,18,25,3,1.6,,25,3.3,romance,avaliou,E11,9.8,1.5,procesado,
RP-00734,data_invalida,Goiânia,PR,U65,Im(pureza),fantasia sombria,livre,23,7,4.9,NA,16,4.6,magia,comentou,E23,8.6,5.4,,
RP-00735,2025-04-26,Uberaba,PR,U365,A Santa Que Me Condena,infanto_juvenil,,17,25,NA,,82,4.7,juvenil,avaliou,E4,4.5,2.7,valido,
RP-00736,23/05/2025,Uberaba,GO,U147,Im(pureza),fantasia sombria,livre,23,8,,NA,47,1.8,magia,comentou,E86,2.3,6.3,,
RP-00737,2025-03-06,São Paulo,MG,U293,Im(pureza),infanto_juvenil,,40,15,1.7,muito bom,77,2.7,romance,comentou,E36,4.6,7.1,procesado,
RP-00738,06-19-2025,Goiânia,PR,U387,Sombras Eternas,darkromance,livre,32,24,,NA,51,1.4,adulto,,E88,1.4,1.8,valido,
RP-00739,2025-01-02,São Paulo,MG,U138,Reino das Runas,fantasia_sombria,14,24,19,,NA,10,2.6,juvenil,curtiu,E19,10.0,1.6,,
RP-00740,2025-06-27,São Paulo,GO,U257,Reino das Runas,darkromance,14,28,9,,muito bom,11,3.2,romance,,E73,2.1,5.7,procesado,
RP-00741,2025-01-28,Uberaba,MG,U299,Sombras Eternas,fantasia sombria,,35,14,NA,,28,1.0,juvenil,curtiu,E86,4.7,7.5,procesado,
RP-00742,2025-07-30,Curitiba,mg,U114,A Santa Que Me Condena,fantasia sombria,14,29,26,,muito bom,93,1.7,juvenil,comentou,E88,9.5,4.6,procesado,
RP-00743,2025-09-19,Uberaba,mg,U121,Reino das Runas,fantasia,,27,23,,muito bom,16,1.2,adulto,curtiu,E45,1.6,9.4,,
RP-00744,2025-02-15,Curitiba,PR,U104,Reino das Runas,darkromance,18,31,6,NA,,38,4.8,aventura,,E32,9.2,8.9,valido,
RP-00745,2025-08-10,Curitiba,SP,U37,Im(pureza),fantasia sombria,livre,12,28,2.2,muito bom,6,4.8,juvenil,avaliou,E70,3.8,8.4,procesado,
RP-00746,2025-07-21,São Paulo,mg,U224,Im(pureza),fantasia sombria,livre,27,1,2.7,,107,2.7,romance,comentou,E99,6.5,7.7,valido,
RP-00747,2025-03-13,Goiânia,MG,U181,Im(pureza),darkromance,livre,31,9,NA,ruim,119,2.4,adulto,comentou,E63,7.4,1.9,,
RP-00748,2025-06-27,Curitiba,mg,U86,Sombras Eternas,fantasia sombria,14,40,12,NA,muito bom,27,4.5,magia,avaliou,E35,2.1,1.7,valido,
RP-00749,2025-07-05,São Paulo,SP,U4,Im(pureza),dark_romance,14,28,13,NA,NA,113,2.5,magia,avaliou,E18,6.2,1.4,,
RP-00750,15/07/2025,São Paulo,MG,U163,A Santa Que Me Condena,infanto_juvenil,18,33,7,4.4,NA,93,3.6,romance,comentou,E93,2.0,7.6,valido,
RP-00751,2025-08-23,Curitiba,PR,U322,Sombras Eternas,fantasia sombria,18,15,17,2.0,ruim,90,4.5,adulto,avaliou,E89,2.0,3.7,procesado,
RP-00752,2025-03-29,Curitiba,SP,U75,Im(pureza),dark_romance,,36,14,NA,NA,45,4.6,aventura,curtiu,E13,4.1,2.7,,
RP-00753,2025-03-21,São Paulo,mg,U138,Im(pureza),darkromance,,14,18,NA,muito bom,57,2.5,romance,,E16,2.3,3.8,valido,
RP-00754,01-30-2025,Goiânia,PR,U203,Im(pureza),fantasia sombria,14,13,21,,ruim,63,3.0,magia,avaliou,E55,9.3,3.3,procesado,
RP-00755,2025-01-12,Goiânia,mg,U292,Sombras Eternas,fantasia sombria,livre,28,29,1.1,NA,63,4.9,sombrio,avaliou,E5,1.6,5.1,procesado,
RP-00756,2025-07-28,Goiânia,GO,U351,Reino das Runas,dark_romance,14,25,10,,NA,74,1.9,magia,comentou,E56,1.1,9.4,valido,
RP-00757,2025-05-23,Curitiba,GO,U358,Im(pureza),fantasia sombria,14,34,10,,NA,37,1.5,romance,,E35,6.0,9.3,,
RP-00758,2025-06-15,Curitiba,mg,U387,Im(pureza),fantasia,18,37,5,,ruim,58,3.2,juvenil,avaliou,E45,7.1,5.3,procesado,
RP-00759,09-22-2025,Curitiba,PR,U212,A Santa Que Me Condena,fantasia sombria,14,34,4,NA,ruim,6,1.5,magia,avaliou,E27,9.9,4.5,valido,
RP-00760,2025-03-03,Curitiba,MG,U57,A Santa Que Me Condena,fantasia,livre,21,23,4.9,muito bom,102,4.7,aventura,comentou,E41,8.7,8.7,valido,
RP-00761,2025-03-27,São Paulo,PR,U72,Reino das Runas,fantasia sombria,18,35,15,NA,ruim,29,4.6,romance,comentou,E44,5.1,4.6,valido,
RP-00762,2025-07-02,Uberaba,mg,U336,Im(pureza),fantasia sombria,,27,4,4.5,muito bom,98,1.8,aventura,comentou,E46,3.3,8.3,,
RP-00763,01-23-2025,Uberaba,SP,U226,A Santa Que Me Condena,fantasia sombria,14,33,5,NA,ruim,120,1.4,magia,,E13,2.1,5.1,procesado,
RP-00764,2025-08-16,Uberaba,mg,U18,Sombras Eternas,fantasia sombria,14,17,7,3.5,ruim,61,1.9,adulto,comentou,E79,4.9,7.8,valido,
RP-00765,data_invalida,Uberaba,mg,U374,Reino das Runas,fantasia_sombria,livre,22,25,2.6,muito bom,27,3.0,sombrio,curtiu,E16,2.3,6.6,,
RP-00766,2025-05-22,Uberaba,MG,U151,Reino das Runas,fantasia_sombria,,28,16,2.4,,70,3.0,aventura,comentou,E59,7.7,6.9,procesado,
RP-00767,2025-02-24,Uberaba,mg,U103,Im(pureza),fantasia_sombria,14,40,12,5.0,NA,20,3.8,juvenil,,E90,7.8,1.6,valido,
RP-00768,2025-07-23,Goiânia,mg,U265,Im(pureza),fantasia,14,12,22,,NA,17,3.9,aventura,avaliou,E61,4.3,6.7,procesado,
RP-00769,17/08/2025,Uberaba,GO,U236,Sombras Eternas,fantasia sombria,livre,40,23,,ruim,55,1.6,romance,curtiu,E72,7.2,6.1,procesado,
RP-00770,09-17-2025,São Paulo,mg,U319,A Santa Que Me Condena,fantasia sombria,18,25,25,,muito bom,80,4.8,romance,curtiu,E26,9.1,6.2,procesado,
RP-00771,2025-03-21,Curitiba,mg,U245,Sombras Eternas,fantasia sombria,18,12,24,4.3,muito bom,22,3.3,juvenil,comentou,E97,5.6,5.8,procesado,
RP-00772,2025-05-29,Curitiba,mg,U384,Reino das Runas,fantasia sombria,livre,35,9,4.0,ruim,26,2.6,magia,comentou,E34,4.1,1.4,procesado,
RP-00773,2025-10-18,São Paulo,PR,U389,Sombras Eternas,darkromance,14,34,26,1.4,NA,11,1.6,juvenil,avaliou,E78,9.6,3.2,valido,
RP-00774,2025-03-18,São Paulo,SP,U11,A Santa Que Me Condena,darkromance,livre,23,21,2.3,ruim,86,1.2,adulto,curtiu,E80,4.5,2.4,valido,
RP-00775,2025-02-27,São Paulo,GO,U114,A Santa Que Me Condena,fantasia sombria,,31,19,NA,muito bom,45,4.3,romance,curtiu,E25,8.6,7.2,valido,
RP-00776,2025-03-26,Curitiba,SP,U330,Im(pureza),darkromance,livre,37,1,,NA,92,1.8,aventura,,E66,5.2,1.4,,
RP-00777,2025-10-06,Curitiba,mg,U133,Sombras Eternas,fantasia sombria,livre,20,19,,muito bom,46,3.4,adulto,avaliou,E91,9.4,4.6,,
RP-00778,2025-08-08,Goiânia,GO,U87,Sombras Eternas,fantasia,,26,19,,NA,92,2.6,magia,comentou,E33,2.6,8.6,,
RP-00779,2025-06-07,Uberaba,SP,U86,Im(pureza),fantasia,,28,27,NA,NA,35,1.1,aventura,comentou,E96,9.4,2.9,procesado,
RP-00780,2025-05-29,Goiânia,mg,U107,Reino das Runas,infanto_juvenil,livre,40,28,,NA,112,4.2,juvenil,curtiu,E15,9.9,2.7,valido,
RP-00781,data_invalida,Goiânia,PR,U203,A Santa Que Me Condena,fantasia sombria,,38,29,NA,,46,3.8,magia,curtiu,E93,6.8,9.9,valido,
RP-00782,2025-09-29,Uberaba,mg,U79,Sombras Eternas,darkromance,,35,10,NA,NA,51,3.5,romance,avaliou,E20,3.0,4.7,,
RP-00783,2025-07-19,São Paulo,SP,U241,A Santa Que Me Condena,fantasia sombria,14,27,28,NA,NA,67,2.6,sombrio,,E66,3.8,8.4,,
RP-00784,2025-05-02,Goiânia,PR,U250,Reino das Runas,darkromance,,12,30,4.1,,106,1.0,aventura,curtiu,E12,7.0,4.4,procesado,
RP-00785,2025-07-20,Uberaba,MG,U173,Reino das Runas,darkromance,livre,35,1,NA,muito bom,118,2.0,sombrio,curtiu,E8,5.6,2.4,procesado,
RP-00786,27/02/2025,Goiânia,SP,U201,A Santa Que Me Condena,fantasia sombria,14,18,12,3.4,muito bom,19,1.6,adulto,avaliou,E97,3.4,3.5,,
RP-00787,2025-08-04,São Paulo,PR,U72,A Santa Que Me Condena,fantasia sombria,18,23,28,NA,,21,2.5,adulto,avaliou,E53,9.5,5.9,procesado,
RP-00788,2025-03-31,Curitiba,mg,U332,Im(pureza),fantasia sombria,,25,1,4.5,ruim,33,2.0,adulto,,E77,6.0,4.8,valido,
RP-00789,24/03/2025,Goiânia,SP,U94,Sombras Eternas,fantasia sombria,,20,9,3.0,muito bom,23,4.4,juvenil,curtiu,E73,7.4,5.8,procesado,
RP-00790,2025-10-23,Curitiba,PR,U298,A Santa Que Me Condena,dark_romance,livre,39,2,3.4,ruim,7,2.0,magia,,E45,8.4,2.9,valido,
RP-00791,26/10/2025,Goiânia,mg,U279,Reino das Runas,darkromance,,21,21,4.0,muito bom,13,4.3,adulto,comentou,E73,8.3,3.8,,
RP-00792,2025-10-13,Goiânia,MG,U190,Sombras Eternas,infanto_juvenil,18,26,23,3.2,,83,2.1,sombrio,avaliou,E39,1.3,8.4,,
RP-00793,2025-10-27,Uberaba,MG,U386,Sombras Eternas,fantasia sombria,,30,2,4.7,NA,8,1.1,magia,curtiu,E48,8.3,5.0,procesado,
RP-00794,2025-09-01,Goiânia,mg,U236,Reino das Runas,fantasia,18,12,17,4.3,ruim,65,1.4,juvenil,comentou,E68,1.7,3.9,,
RP-00795,2025-06-09,Goiânia,mg,U229,Reino das Runas,fantasia sombria,livre,38,27,1.6,ruim,59,1.1,sombrio,comentou,E36,3.7,7.1,,
RP-00796,2025-06-07,Curitiba,SP,U375,Im(pureza),fantasia,14,15,2,1.4,muito bom,33,2.4,magia,comentou,E5,6.0,3.7,valido,
RP-00797,09-11-2025,Uberaba,SP,U6,Im(pureza),fantasia sombria,,15,17,3.0,,113,1.7,adulto,avaliou,E56,7.2,9.6,valido,
RP-00798,2025-03-01,Goiânia,PR,U129,Im(pureza),fantasia sombria,14,18,2,NA,NA,53,4.9,aventura,curtiu,E39,3.0,5.9,valido,
RP-00799,20/01/2025,São Paulo,mg,U108,Im(pureza),fantasia sombria,14,20,15,2.7,NA,117,2.6,magia,,E33,6.4,7.8,,
RP-00800,2025-07-12,São Paulo,mg,U30,Reino das Runas,fantasia_sombria,,13,14,NA,muito bom,110,4.3,romance,comentou,E26,4.3,5.3,procesado,
RP-00801,2025-06-30,Uberaba,SP,U263,Reino das Runas,darkromance,18,36,4,NA,muito bom,6,1.1,romance,avaliou,E77,8.0,6.1,procesado,
RP-00802,20/05/2025,Curitiba,MG,U379,A Santa Que Me Condena,darkromance,,33,16,NA,NA,86,1.1,romance,avaliou,E47,8.9,9.1,procesado,
RP-00803,07/02/2025,São Paulo,mg,U282,Reino das Runas,darkromance,,20,5,NA,muito bom,67,3.1,adulto,,E68,8.2,8.7,procesado,
RP-00804,2025-04-20,São Paulo,GO,U183,Sombras Eternas,darkromance,14,28,16,4.0,,118,2.1,aventura,curtiu,E50,6.8,2.8,procesado,
RP-00805,2025-04-02,Goiânia,MG,U335,Im(pureza),darkromance,18,17,22,NA,muito bom,64,4.5,aventura,curtiu,E25,4.6,9.5,,
RP-00806,2025-04-10,Goiânia,GO,U288,Sombras Eternas,darkromance,18,15,20,,,92,1.0,magia,,E56,7.6,9.6,valido,
RP-00807,2025-06-06,São Paulo,MG,U93,A Santa Que Me Condena,dark_romance,livre,31,19,NA,muito bom,5,2.8,sombrio,comentou,E32,4.2,5.5,valido,
RP-00808,2025-06-19,Curitiba,SP,U122,Sombras Eternas,fantasia_sombria,14,27,9,NA,,66,4.3,magia,avaliou,E1,3.0,1.7,,
RP-00809,2025-10-25,Curitiba,SP,U366,Im(pureza),dark_romance,14,30,29,3.0,muito bom,14,2.0,aventura,,E51,9.2,10.0,procesado,
RP-00810,2025-09-22,Goiânia,MG,U305,Reino das Runas,darkromance,18,12,30,NA,muito bom,77,3.5,aventura,avaliou,E54,2.2,9.0,procesado,
RP-00811,2025-08-24,Uberaba,PR,U184,Im(pureza),infanto_juvenil,18,29,4,1.8,muito bom,86,3.9,sombrio,avaliou,E38,1.7,2.1,procesado,
RP-00812,data_invalida,Goiânia,GO,U237,Sombras Eternas,fantasia_sombria,livre,16,20,,muito bom,13,4.2,magia,comentou,E100,7.5,3.2,procesado,
RP-00813,2025-07-01,Uberaba,SP,U327,Reino das Runas,fantasia_sombria,18,18,3,2.8,muito bom,50,4.2,romance,avaliou,E49,1.3,4.0,procesado,
RP-00814,2025-03-21,Uberaba,GO,U274,A Santa Que Me Condena,fantasia sombria,14,24,7,4.6,ruim,30,2.3,romance,,E11,2.9,4.1,,
RP-00815,2025-01-19,Goiânia,SP,U195,A Santa Que Me Condena,fantasia sombria,,23,21,1.8,,33,3.9,aventura,comentou,E6,3.9,5.5,procesado,
RP-00816,2025-10-28,Goiânia,PR,U33,Reino das Runas,fantasia,,20,9,3.8,muito bom,73,4.1,magia,comentou,E91,5.0,9.3,,
RP-00817,2025-10-15,Goiânia,SP,U118,A Santa Que Me Condena,fantasia_sombria,18,20,8,,ruim,36,1.7,sombrio,curtiu,E19,3.3,4.6,procesado,
RP-00818,2025-07-29,Goiânia,mg,U25,Reino das Runas,dark_romance,18,40,3,,NA,62,3.5,romance,avaliou,E69,4.2,5.3,procesado,
RP-00819,2025-05-21,Curitiba,GO,U216,Reino das Runas,fantasia sombria,14,31,16,4.1,ruim,62,3.6,aventura,curtiu,E35,9.6,5.7,,
RP-00820,2025-01-02,São Paulo,PR,U398,Sombras Eternas,darkromance,,26,8,4.7,NA,23,4.2,juvenil,avaliou,E77,2.3,1.3,procesado,
RP-00821,2025-07-29,Goiânia,mg,U346,Sombras Eternas,fantasia,14,17,24,1.9,muito bom,21,3.8,aventura,avaliou,E29,4.2,7.2,procesado,
RP-00822,2025-04-06,São Paulo,PR,U122,Im(pureza),darkromance,livre,22,10,,NA,47,1.5,romance,,E54,2.3,1.4,valido,
RP-00823,2025-06-13,Curitiba,MG,U357,A Santa Que Me Condena,fantasia_sombria,livre,32,28,4.9,muito bom,54,4.4,magia,avaliou,E4,4.2,3.9,procesado,
RP-00824,2025-07-15,Goiânia,mg,U4,A Santa Que Me Condena,darkromance,,39,4,NA,muito bom,36,4.1,sombrio,comentou,E51,2.9,10.0,,
RP-00825,2025-04-12,Uberaba,SP,U325,Sombras Eternas,darkromance,,37,4,1.9,NA,65,1.8,romance,curtiu,E6,8.7,4.6,procesado,
RP-00826,2025-03-25,Curitiba,GO,U71,Im(pureza),darkromance,18,37,25,3.5,ruim,76,3.5,adulto,,E38,2.4,6.9,procesado,
RP-00827,2025-06-16,Curitiba,MG,U135,A Santa Que Me Condena,darkromance,18,26,10,NA,NA,16,3.8,adulto,avaliou,E88,2.4,8.8,,
RP-00828,2025-08-03,Goiânia,mg,U251,Im(pureza),darkromance,livre,27,16,4.4,muito bom,95,2.8,aventura,curtiu,E54,6.8,7.0,valido,
RP-00829,2025-06-26,Goiânia,SP,U207,Reino das Runas,fantasia sombria,livre,21,1,NA,muito bom,73,1.1,adulto,comentou,E52,5.8,3.8,,
RP-00830,2025-08-08,Uberaba,mg,U388,Sombras Eternas,fantasia sombria,,21,22,NA,muito bom,112,3.6,juvenil,avaliou,E5,8.5,8.4,,
RP-00831,2025-07-31,São Paulo,PR,U217,Im(pureza),fantasia sombria,,38,26,NA,NA,78,4.5,sombrio,comentou,E91,6.7,7.3,,
RP-00832,2025-02-21,Goiânia,MG,U12,Sombras Eternas,fantasia_sombria,14,40,9,3.1,,8,1.7,juvenil,,E22,6.8,5.6,valido,
RP-00833,2025-10-14,Curitiba,SP,U199,Im(pureza),fantasia sombria,livre,39,8,1.3,,95,1.8,romance,avaliou,E73,1.9,3.1,procesado,
RP-00834,2025-01-15,Uberaba,SP,U374,Reino das Runas,infanto_juvenil,18,27,26,3.1,NA,103,1.9,romance,curtiu,E9,9.3,9.0,valido,
RP-00835,2025-09-17,Uberaba,GO,U30,Sombras Eternas,fantasia sombria,14,22,25,NA,,72,3.5,magia,,E73,8.1,8.6,procesado,
RP-00836,2025-09-21,São Paulo,mg,U386,Reino das Runas,darkromance,livre,34,5,3.3,NA,97,3.4,magia,curtiu,E37,7.7,5.0,valido,
RP-00837,09-23-2025,Goiânia,PR,U382,A Santa Que Me Condena,darkromance,18,36,15,,NA,89,2.4,adulto,curtiu,E76,3.0,5.8,procesado,
RP-00838,08-10-2025,Curitiba,mg,U94,Im(pureza),darkromance,livre,26,3,,ruim,60,4.1,aventura,,E62,8.3,8.7,procesado,
RP-00839,2025-07-26,Uberaba,GO,U252,A Santa Que Me Condena,darkromance,livre,20,16,NA,muito bom,108,4.8,magia,,E6,4.5,5.5,valido,
RP-00840,2025-08-10,São Paulo,mg,U11,Sombras Eternas,dark_romance,14,15,26,,ruim,2,3.7,adulto,,E17,3.8,8.1,valido,
RP-00841,2025-05-31,São Paulo,PR,U268,Im(pureza),darkromance,livre,31,9,,NA,5,2.5,juvenil,comentou,E50,5.9,9.7,,
RP-00842,2025-07-28,Uberaba,GO,U152,Im(pureza),fantasia sombria,,32,21,4.6,muito bom,61,4.7,sombrio,curtiu,E84,8.8,2.1,valido,
RP-00843,2025-01-22,São Paulo,PR,U304,Reino das Runas,fantasia sombria,livre,16,8,,,107,1.3,romance,comentou,E85,8.0,7.9,,
RP-00844,2025-02-01,Uberaba,PR,U362,Im(pureza),darkromance,18,12,9,2.7,ruim,45,1.4,sombrio,curtiu,E68,2.4,8.9,,
RP-00845,2025-08-07,Curitiba,PR,U59,Im(pureza),fantasia sombria,14,38,27,NA,,12,2.2,aventura,curtiu,E17,5.8,5.1,procesado,
RP-00846,07/06/2025,Curitiba,mg,U233,Sombras Eternas,darkromance,,26,29,,NA,106,4.9,magia,comentou,E55,1.1,4.8,procesado,
RP-00847,2025-09-03,Uberaba,mg,U132,A Santa Que Me Condena,darkromance,livre,33,26,NA,muito bom,104,3.6,juvenil,,E33,5.1,8.5,,
RP-00848,2025-01-07,Uberaba,PR,U259,Sombras Eternas,fantasia,livre,32,25,,ruim,2,4.0,sombrio,,E83,1.6,1.8,,
RP-00849,08-30-2025,Curitiba,SP,U137,Im(pureza),darkromance,,33,9,5.0,ruim,97,3.9,romance,,E60,6.7,7.3,procesado,
RP-00850,2025-09-04,São Paulo,PR,U365,A Santa Que Me Condena,darkromance,,25,28,,ruim,120,2.0,juvenil,avaliou,E35,1.3,4.2,procesado,
RP-00851,2025-10-14,Curitiba,PR,U208,Im(pureza),darkromance,,18,4,NA,,62,1.1,magia,avaliou,E66,3.8,7.6,,
RP-00852,2025-04-06,Goiânia,GO,U85,A Santa Que Me Condena,darkromance,14,28,8,NA,NA,92,4.7,juvenil,,E48,1.8,4.0,procesado,
RP-00853,2025-10-18,Curitiba,mg,U316,A Santa Que Me Condena,fantasia,18,29,16,,muito bom,118,2.8,magia,,E92,3.8,5.1,procesado,
RP-00854,14/07/2025,Uberaba,MG,U312,Reino das Runas,darkromance,18,31,4,,ruim,72,3.4,juvenil,comentou,E56,8.1,3.7,valido,
RP-00855,02/05/2025,Uberaba,PR,U338,Im(pureza),fantasia_sombria,,25,15,1.4,NA,34,4.0,juvenil,,E60,7.8,7.5,valido,
RP-00856,2025-05-29,Uberaba,MG,U259,Sombras Eternas,darkromance,18,23,18,,,109,2.2,sombrio,avaliou,E47,1.3,7.3,valido,
RP-00857,2025-07-25,São Paulo,mg,U40,Sombras Eternas,fantasia,livre,33,9,2.5,,13,2.3,juvenil,avaliou,E73,3.9,5.2,procesado,
RP-00858,2025-10-22,Goiânia,mg,U325,Im(pureza),fantasia,livre,28,25,,ruim,12,3.2,sombrio,avaliou,E1,9.7,6.5,valido,
RP-00859,2025-09-03,Uberaba,PR,U387,Reino das Runas,darkromance,livre,38,9,NA,muito bom,2,4.4,sombrio,avaliou,E78,4.9,8.1,valido,
RP-00860,2025-09-24,São Paulo,MG,U173,Sombras Eternas,fantasia sombria,livre,36,26,,muito bom,45,1.1,juvenil,,E30,2.9,5.4,valido,
RP-00861,08/08/2025,Uberaba,MG,U138,Reino das Runas,fantasia sombria,18,22,28,,,23,3.2,romance,curtiu,E30,7.4,5.4,,
RP-00862,2025-02-18,São Paulo,MG,U42,Sombras Eternas,fantasia sombria,18,28,11,,NA,111,4.2,adulto,,E10,1.6,8.0,valido,
RP-00863,data_invalida,Uberaba,MG,U134,Reino das Runas,darkromance,livre,21,24,1.6,,64,1.7,juvenil,curtiu,E79,4.3,3.9,procesado,
RP-00864,24/03/2025,Curitiba,SP,U41,A Santa Que Me Condena,infanto_juvenil,,12,25,NA,NA,107,2.5,adulto,comentou,E34,7.7,1.6,procesado,
RP-00865,01-27-2025,São Paulo,mg,U116,Sombras Eternas,fantasia,livre,24,13,NA,muito bom,20,2.9,adulto,curtiu,E42,1.1,6.5,procesado,
RP-00866,08-02-2025,Goiânia,GO,U331,Sombras Eternas,infanto_juvenil,,40,26,,,37,4.0,romance,,E31,7.8,9.6,procesado,
RP-00867,2025-08-08,Curitiba,mg,U223,Reino das Runas,fantasia sombria,14,23,18,NA,NA,76,3.2,sombrio,avaliou,E73,6.0,7.7,,
RP-00868,2025-05-24,Curitiba,MG,U229,Sombras Eternas,infanto_juvenil,14,27,9,,,80,1.0,romance,comentou,E83,2.1,5.1,procesado,
RP-00869,2025-04-19,Goiânia,SP,U82,A Santa Que Me Condena,darkromance,14,28,29,NA,,34,4.2,juvenil,curtiu,E56,7.7,4.7,procesado,
RP-00870,2025-10-13,Uberaba,mg,U165,Reino das Runas,darkromance,,39,6,,,8,1.7,romance,,E43,6.6,1.4,procesado,
RP-00871,2025-08-19,Curitiba,MG,U51,A Santa Que Me Condena,fantasia sombria,,29,14,NA,,27,4.7,magia,,E10,2.2,7.6,valido,
RP-00872,08-24-2025,Curitiba,GO,U113,Sombras Eternas,fantasia sombria,18,25,27,1.2,NA,53,2.1,juvenil,,E43,7.6,1.1,,
RP-00873,2025-09-26,São Paulo,mg,U298,Reino das Runas,darkromance,livre,32,3,4.1,muito bom,92,4.5,romance,curtiu,E88,2.0,1.4,valido,
RP-00874,2025-02-10,Goiânia,mg,U67,Im(pureza),darkromance,livre,35,20,NA,muito bom,12,2.1,sombrio,,E11,6.9,5.7,,
RP-00875,2025-06-30,Curitiba,PR,U378,Sombras Eternas,fantasia,livre,32,25,1.6,NA,88,4.8,juvenil,avaliou,E84,5.3,8.3,procesado,
RP-00876,2025-10-03,Curitiba,GO,U287,Sombras Eternas,fantasia,18,23,19,,NA,51,2.1,adulto,,E94,1.2,1.1,procesado,
RP-00877,2025-05-15,Curitiba,mg,U303,Im(pureza),darkromance,livre,14,15,NA,,56,2.8,adulto,curtiu,E95,2.8,1.1,,
RP-00878,2025-10-14,São Paulo,mg,U41,Im(pureza),darkromance,18,24,4,NA,,58,3.9,adulto,,E31,8.9,5.8,valido,
RP-00879,2025-02-22,São Paulo,mg,U115,Im(pureza),fantasia sombria,14,29,9,3.4,,39,1.9,juvenil,,E53,4.0,9.7,procesado,
RP-00880,2025-05-05,Goiânia,mg,U165,Reino das Runas,fantasia sombria,livre,37,2,NA,NA,60,3.1,juvenil,curtiu,E44,5.2,3.2,,
RP-00881,2025-02-15,Curitiba,GO,U237,Reino das Runas,fantasia sombria,livre,31,8,2.3,NA,97,2.0,aventura,avaliou,E13,4.9,2.3,,
RP-00882,26/02/2025,Uberaba,SP,U253,Sombras Eternas,fantasia_sombria,,31,9,1.6,,38,1.2,aventura,avaliou,E97,4.8,4.9,procesado,
RP-00883,2025-01-31,São Paulo,GO,U343,Reino das Runas,infanto_juvenil,18,33,25,,ruim,96,4.4,sombrio,,E59,1.7,8.7,valido,
RP-00884,data_invalida,Curitiba,GO,U388,A Santa Que Me Condena,darkromance,18,19,3,,NA,29,3.7,romance,curtiu,E21,7.4,1.7,procesado,
RP-00885,2025-10-08,Uberaba,MG,U6,Sombras Eternas,fantasia sombria,14,38,12,4.2,NA,61,3.4,adulto,,E20,2.3,1.7,,
RP-00886,2025-04-06,Curitiba,GO,U155,A Santa Que Me Condena,fantasia sombria,livre,16,2,NA,,29,2.0,adulto,comentou,E42,2.7,6.0,valido,
RP-00887,2025-10-21,Uberaba,mg,U127,Sombras Eternas,darkromance,18,12,24,,NA,90,2.2,juvenil,,E33,1.0,6.5,valido,
RP-00888,2025-10-26,Uberaba,GO,U400,Im(pureza),fantasia,14,22,15,NA,muito bom,117,2.3,romance,avaliou,E29,2.0,1.9,,
RP-00889,data_invalida,Curitiba,PR,U233,Sombras Eternas,darkromance,livre,15,21,NA,NA,45,4.4,adulto,comentou,E53,2.8,1.5,valido,
RP-00890,03-15-2025,Goiânia,mg,U49,Sombras Eternas,fantasia sombria,14,40,11,NA,muito bom,116,5.0,juvenil,curtiu,E52,3.7,7.2,,
RP-00891,2025-02-13,São Paulo,GO,U51,A Santa Que Me Condena,fantasia,livre,30,7,,muito bom,53,1.4,adulto,avaliou,E55,3.3,7.6,procesado,
RP-00892,01-03-2025,Curitiba,mg,U306,A Santa Que Me Condena,fantasia sombria,14,33,10,,muito bom,105,2.5,juvenil,avaliou,E4,4.6,1.5,valido,
RP-00893,23/09/2025,Uberaba,SP,U370,A Santa Que Me Condena,darkromance,18,39,14,NA,NA,87,3.5,juvenil,,E89,3.6,9.3,,
RP-00894,05-10-2025,Goiânia,PR,U238,Im(pureza),darkromance,,12,24,NA,NA,57,2.8,juvenil,,E100,6.3,8.1,,
RP-00895,2025-07-19,São Paulo,MG,U348,A Santa Que Me Condena,fantasia,18,33,24,2.3,,18,4.7,sombrio,comentou,E43,5.5,7.2,,
RP-00896,2025-10-09,São Paulo,SP,U104,Sombras Eternas,fantasia sombria,,31,26,1.5,ruim,32,3.3,romance,avaliou,E40,1.7,9.1,valido,
RP-00897,2025-10-27,Goiânia,GO,U286,Sombras Eternas,fantasia sombria,18,30,12,NA,NA,69,4.8,adulto,curtiu,E66,2.7,5.8,valido,
RP-00898,2025-08-24,São Paulo,mg,U365,A Santa Que Me Condena,darkromance,livre,24,24,,muito bom,81,2.0,romance,comentou,E50,5.1,6.2,procesado,
RP-00899,2025-01-20,Curitiba,mg,U127,Sombras Eternas,fantasia_sombria,14,28,9,,ruim,98,1.1,romance,comentou,E5,5.5,5.5,procesado,
RP-00900,2025-03-25,São Paulo,mg,U201,A Santa Que Me Condena,infanto_juvenil,livre,24,13,4.6,muito bom,92,3.0,adulto,,E96,7.3,9.4,valido,
RP-00901,2025-02-20,São Paulo,PR,U172,A Santa Que Me Condena,fantasia sombria,,19,14,NA,,78,3.0,magia,,E38,7.2,9.7,procesado,
RP-00902,16/07/2025,Goiânia,GO,U4,Reino das Runas,darkromance,14,18,23,2.5,NA,62,4.5,aventura,avaliou,E53,6.3,4.7,procesado,
RP-00903,2025-10-14,São Paulo,SP,U78,Im(pureza),darkromance,18,23,11,NA,NA,99,1.7,romance,avaliou,E99,7.6,1.1,procesado,
RP-00904,2025-09-07,Curitiba,mg,U127,Sombras Eternas,infanto_juvenil,livre,37,30,NA,,67,1.3,magia,curtiu,E96,3.0,6.0,procesado,
RP-00905,2025-05-19,Uberaba,SP,U56,Reino das Runas,darkromance,,25,12,NA,muito bom,24,2.2,juvenil,comentou,E14,7.3,6.2,,
RP-00906,2025-05-03,Goiânia,PR,U170,Reino das Runas,darkromance,18,22,11,NA,NA,115,2.5,sombrio,curtiu,E3,5.4,8.0,procesado,
RP-00907,2025-02-05,São Paulo,MG,U100,A Santa Que Me Condena,darkromance,,13,17,1.1,,58,4.4,sombrio,,E13,1.8,4.9,procesado,
RP-00908,2025-02-04,Curitiba,mg,U38,Reino das Runas,fantasia,,36,13,NA,NA,116,1.7,aventura,comentou,E15,4.8,6.3,valido,
RP-00909,2025-06-04,São Paulo,MG,U290,Reino das Runas,fantasia sombria,livre,17,12,,NA,41,4.0,romance,,E42,6.2,4.6,,
RP-00910,2025-03-07,Uberaba,SP,U347,Sombras Eternas,darkromance,,35,17,,ruim,104,1.0,juvenil,avaliou,E56,1.6,5.0,procesado,
RP-00911,2025-05-06,Goiânia,GO,U155,Sombras Eternas,darkromance,14,20,4,NA,,67,2.5,adulto,avaliou,E34,2.6,7.3,valido,
RP-00912,2025-08-03,Uberaba,PR,U213,A Santa Que Me Condena,fantasia,14,33,19,1.8,NA,97,4.7,romance,curtiu,E26,5.2,5.0,procesado,
RP-00913,data_invalida,Curitiba,PR,U243,Sombras Eternas,darkromance,livre,21,26,,ruim,96,2.1,aventura,,E85,3.9,3.8,valido,
RP-00914,2025-04-27,Curitiba,PR,U211,A Santa Que Me Condena,fantasia sombria,livre,40,13,,ruim,38,4.4,adulto,,E82,3.7,3.5,valido,
RP-00915,2025-06-21,Goiânia,PR,U324,Sombras Eternas,fantasia_sombria,18,30,20,,NA,68,1.6,aventura,avaliou,E9,1.3,1.2,valido,
RP-00916,2025-08-14,Uberaba,MG,U156,Sombras Eternas,darkromance,18,30,14,,ruim,66,1.6,sombrio,avaliou,E22,7.3,2.2,,
RP-00917,2025-02-20,São Paulo,MG,U301,A Santa Que Me Condena,fantasia,,12,20,4.0,muito bom,42,1.8,romance,avaliou,E73,9.6,7.3,,
RP-00918,2025-07-06,São Paulo,PR,U87,Reino das Runas,fantasia sombria,,23,10,NA,muito bom,76,2.3,magia,comentou,E90,8.7,2.3,,
RP-00919,04/10/2025,Goiânia,mg,U193,Im(pureza),dark_romance,,20,26,4.7,,26,1.4,romance,avaliou,E25,6.0,3.5,valido,
RP-00920,2025-01-10,São Paulo,mg,U330,A Santa Que Me Condena,dark_romance,14,24,12,3.6,NA,29,1.4,aventura,,E65,9.3,9.0,valido,
RP-00921,2025-10-12,Uberaba,PR,U347,Sombras Eternas,darkromance,14,16,17,,ruim,41,2.0,magia,curtiu,E64,4.0,9.7,valido,
RP-00922,2025-08-14,São Paulo,GO,U274,Im(pureza),darkromance,,18,14,,muito bom,12,4.4,romance,avaliou,E68,9.1,2.6,procesado,
RP-00923,2025-10-28,São Paulo,SP,U17,Im(pureza),infanto_juvenil,18,35,5,,ruim,95,3.0,adulto,,E51,3.7,8.8,procesado,
RP-00924,2025-07-18,São Paulo,mg,U230,Reino das Runas,darkromance,livre,37,1,2.8,muito bom,84,1.2,aventura,avaliou,E81,7.0,6.2,procesado,
RP-00925,2025-06-17,Uberaba,PR,U94,A Santa Que Me Condena,darkromance,18,18,27,,muito bom,98,4.0,adulto,comentou,E57,4.1,8.8,procesado,
RP-00926,2025-02-11,Uberaba,GO,U6,Sombras Eternas,darkromance,14,39,23,,ruim,62,3.6,romance,curtiu,E24,9.9,8.7,valido,
RP-00927,2025-01-13,Curitiba,SP,U272,Sombras Eternas,fantasia,18,14,18,,,50,2.0,sombrio,comentou,E83,1.0,3.7,,
RP-00928,2025-01-21,Uberaba,GO,U384,Im(pureza),darkromance,18,34,7,NA,muito bom,83,1.9,adulto,comentou,E79,9.6,7.0,,
RP-00929,2025-05-24,Curitiba,mg,U10,A Santa Que Me Condena,fantasia sombria,14,27,29,2.8,,120,1.1,aventura,,E6,1.7,4.8,,
RP-00930,2025-09-01,Goiânia,PR,U223,A Santa Que Me Condena,fantasia sombria,18,37,2,2.0,ruim,58,1.2,sombrio,avaliou,E21,6.5,7.0,,
RP-00931,2025-10-07,Uberaba,MG,U352,Im(pureza),fantasia_sombria,18,25,1,2.4,NA,107,2.2,adulto,curtiu,E55,2.7,8.1,,
RP-00932,2025-10-25,Goiânia,MG,U93,Reino das Runas,infanto_juvenil,14,22,6,NA,muito bom,13,3.9,romance,,E86,7.5,1.2,,
RP-00933,2025-07-10,Goiânia,MG,U94,A Santa Que Me Condena,fantasia sombria,18,21,9,NA,NA,91,4.8,sombrio,avaliou,E25,5.5,6.4,procesado,
RP-00934,2025-09-24,Curitiba,MG,U272,A Santa Que Me Condena,fantasia sombria,14,31,9,1.6,NA,32,1.3,romance,curtiu,E55,6.2,2.7,,
RP-00935,07/05/2025,Goiânia,mg,U362,Reino das Runas,fantasia_sombria,,40,10,NA,ruim,79,1.6,magia,curtiu,E84,6.4,9.4,procesado,
RP-00936,2025-01-27,Goiânia,GO,U103,Reino das Runas,fantasia sombria,livre,22,19,4.9,muito bom,84,3.3,aventura,curtiu,E71,9.7,3.7,procesado,
RP-00937,2025-03-10,Goiânia,PR,U162,Im(pureza),fantasia sombria,,20,22,4.5,NA,103,3.2,juvenil,comentou,E3,1.6,9.4,procesado,
RP-00938,2025-09-21,São Paulo,SP,U298,Im(pureza),darkromance,livre,39,27,NA,NA,51,2.1,juvenil,avaliou,E82,3.1,2.1,valido,
RP-00939,2025-06-18,Goiânia,SP,U312,Reino das Runas,darkromance,18,26,16,,,82,3.7,adulto,avaliou,E100,1.5,5.0,valido,
RP-00940,23/04/2025,Curitiba,PR,U258,A Santa Que Me Condena,fantasia sombria,18,21,24,2.7,muito bom,61,2.3,juvenil,,E89,1.5,2.7,valido,
RP-00941,2025-02-01,Uberaba,mg,U305,A Santa Que Me Condena,infanto_juvenil,livre,40,27,4.3,,51,4.2,adulto,,E22,3.4,6.4,valido,
RP-00942,03/02/2025,Curitiba,mg,U68,Reino das Runas,fantasia sombria,18,21,6,1.3,ruim,57,2.1,aventura,avaliou,E81,4.4,7.8,valido,
RP-00943,2025-06-08,São Paulo,GO,U64,A Santa Que Me Condena,fantasia sombria,,33,4,4.1,,55,2.1,magia,curtiu,E77,3.9,2.1,procesado,
RP-00944,2025-04-22,Curitiba,PR,U205,Sombras Eternas,fantasia sombria,14,21,19,NA,,93,3.4,sombrio,curtiu,E48,1.5,5.4,,
RP-00945,04/06/2025,Uberaba,GO,U291,Reino das Runas,fantasia sombria,livre,19,18,,,26,1.4,magia,comentou,E74,5.9,8.6,,
RP-00946,2025-02-27,Goiânia,mg,U295,Sombras Eternas,fantasia sombria,18,22,11,,,89,2.2,adulto,curtiu,E48,6.7,1.6,,
RP-00947,2025-10-01,Goiânia,mg,U328,A Santa Que Me Condena,infanto_juvenil,livre,26,20,,muito bom,76,3.7,sombrio,curtiu,E87,3.2,2.6,valido,
RP-00948,10-09-2025,Uberaba,mg,U124,Reino das Runas,darkromance,,24,20,NA,ruim,68,4.5,aventura,avaliou,E27,9.3,5.1,,
RP-00949,data_invalida,Goiânia,GO,U53,A Santa Que Me Condena,fantasia sombria,,23,8,,NA,44,2.4,romance,curtiu,E43,2.9,4.6,,
RP-00950,2025-02-03,Uberaba,mg,U242,Im(pureza),fantasia sombria,,29,17,NA,ruim,98,3.3,magia,comentou,E76,4.0,6.5,,
RP-00951,2025-01-10,São Paulo,GO,U187,Sombras Eternas,darkromance,18,20,4,NA,ruim,82,1.3,magia,curtiu,E52,2.1,6.4,procesado,
RP-00952,2025-10-12,Curitiba,SP,U74,A Santa Que Me Condena,fantasia sombria,18,16,14,4.4,muito bom,100,3.5,juvenil,comentou,E100,8.3,4.3,,
RP-00953,2025-10-05,Curitiba,PR,U250,A Santa Que Me Condena,infanto_juvenil,14,38,6,NA,,83,3.9,juvenil,comentou,E51,4.4,9.6,valido,
RP-00954,2025-05-25,Uberaba,GO,U399,Reino das Runas,darkromance,18,13,22,1.5,muito bom,35,3.5,adulto,avaliou,E75,8.4,1.1,valido,
RP-00955,2025-01-22,Curitiba,PR,U50,Sombras Eternas,fantasia sombria,,39,9,,NA,9,4.7,magia,,E3,9.4,6.7,valido,
RP-00956,2025-08-28,São Paulo,PR,U399,Reino das Runas,fantasia,18,36,18,NA,ruim,8,3.2,sombrio,,E79,1.4,6.2,,
RP-00957,2025-03-22,Uberaba,PR,U14,A Santa Que Me Condena,fantasia sombria,,12,13,1.4,muito bom,120,1.6,juvenil,curtiu,E34,2.6,9.3,procesado,
RP-00958,05-21-2025,São Paulo,PR,U111,A Santa Que Me Condena,dark_romance,,39,9,1.0,NA,30,1.4,aventura,curtiu,E87,2.1,10.0,,
RP-00959,2025-02-06,Goiânia,SP,U185,Im(pureza),fantasia sombria,livre,37,22,NA,ruim,21,2.8,adulto,curtiu,E75,8.6,9.2,valido,
RP-00960,2025-02-18,Goiânia,GO,U111,Im(pureza),darkromance,18,29,4,3.7,,19,1.7,adulto,avaliou,E6,4.8,3.7,procesado,
RP-00961,2025-03-11,Curitiba,GO,U224,A Santa Que Me Condena,darkromance,18,13,13,NA,ruim,77,1.0,romance,,E70,2.1,9.3,valido,
RP-00962,2025-01-12,São Paulo,SP,U255,Reino das Runas,fantasia,livre,32,28,NA,ruim,63,2.4,juvenil,avaliou,E54,2.8,4.8,procesado,
RP-00963,2025-03-24,Curitiba,PR,U84,Im(pureza),fantasia_sombria,,17,8,NA,muito bom,104,5.0,adulto,curtiu,E97,4.9,10.0,,
RP-00964,2025-06-15,Uberaba,GO,U263,A Santa Que Me Condena,fantasia,18,12,21,,ruim,82,1.1,juvenil,avaliou,E24,6.9,7.8,valido,
RP-00965,2025-01-17,Curitiba,MG,U123,Im(pureza),fantasia sombria,livre,37,23,,NA,37,3.9,aventura,,E37,2.3,7.5,valido,
RP-00966,2025-02-02,Uberaba,mg,U37,Sombras Eternas,fantasia sombria,,12,21,,NA,57,2.0,magia,comentou,E72,2.3,8.6,,
RP-00967,2025-03-31,Goiânia,GO,U36,Reino das Runas,dark_romance,,21,2,4.0,,89,4.2,romance,comentou,E62,2.1,8.0,procesado,
RP-00968,data_invalida,Uberaba,SP,U91,A Santa Que Me Condena,darkromance,18,19,28,,ruim,67,4.2,magia,avaliou,E83,1.9,2.9,procesado,
RP-00969,2025-10-08,Goiânia,SP,U311,Sombras Eternas,darkromance,14,23,30,,NA,66,4.1,aventura,,E91,4.0,8.9,,
RP-00970,2025-10-22,São Paulo,SP,U101,Im(pureza),fantasia sombria,14,12,8,1.5,,14,3.4,aventura,,E32,9.8,8.7,valido,
RP-00971,2025-05-09,São Paulo,mg,U383,Reino das Runas,darkromance,18,26,21,,NA,66,3.8,magia,comentou,E11,1.1,2.1,,
RP-00972,2025-06-05,São Paulo,SP,U257,Reino das Runas,fantasia sombria,14,38,3,4.7,NA,36,2.3,romance,avaliou,E53,4.9,6.9,procesado,
RP-00973,2025-02-28,São Paulo,MG,U265,Im(pureza),darkromance,livre,31,3,NA,NA,32,1.1,magia,curtiu,E77,6.6,5.5,procesado,
RP-00974,2025-04-24,Goiânia,MG,U160,Im(pureza),fantasia sombria,14,35,17,,NA,54,4.8,juvenil,comentou,E56,3.7,5.5,valido,
RP-00975,19/04/2025,Goiânia,PR,U100,Reino das Runas,infanto_juvenil,18,22,11,2.3,ruim,95,3.7,romance,comentou,E86,9.4,1.3,valido,
RP-00976,2025-09-12,Curitiba,MG,U259,A Santa Que Me Condena,darkromance,14,28,10,,muito bom,97,4.1,romance,comentou,E15,3.5,7.0,procesado,
RP-00977,2025-01-27,Goiânia,mg,U396,A Santa Que Me Condena,darkromance,14,40,4,NA,ruim,41,2.2,romance,comentou,E62,8.8,4.4,,
RP-00978,31/08/2025,São Paulo,GO,U38,Reino das Runas,darkromance,livre,24,6,,,118,3.4,sombrio,,E93,9.6,7.4,procesado,
RP-00979,2025-03-10,Uberaba,GO,U87,A Santa Que Me Condena,darkromance,,12,23,1.5,ruim,88,4.8,juvenil,avaliou,E45,2.8,4.9,procesado,
RP-00980,2025-04-02,Goiânia,SP,U151,Reino das Runas,infanto_juvenil,,14,30,NA,muito bom,76,1.4,aventura,,E89,7.8,9.2,procesado,
RP-00981,2025-01-22,Goiânia,mg,U126,Sombras Eternas,infanto_juvenil,livre,14,1,,ruim,13,1.7,aventura,curtiu,E88,2.1,1.6,valido,
RP-00982,12/07/2025,Uberaba,SP,U220,Sombras Eternas,darkromance,14,17,3,3.2,ruim,80,2.2,aventura,comentou,E38,3.5,6.8,procesado,
RP-00983,2025-06-03,São Paulo,mg,U83,Im(pureza),darkromance,,15,24,,muito bom,119,3.3,juvenil,curtiu,E22,5.4,8.5,,
RP-00984,22/09/2025,Curitiba,MG,U14,A Santa Que Me Condena,fantasia sombria,18,17,13,NA,muito bom,86,2.1,magia,avaliou,E40,2.2,3.0,valido,
RP-00985,2025-06-02,Uberaba,SP,U182,Im(pureza),darkromance,,24,22,1.7,muito bom,62,3.4,adulto,curtiu,E27,1.4,8.3,,
RP-00986,03-08-2025,Uberaba,SP,U127,Im(pureza),darkromance,,18,24,3.8,NA,31,4.9,juvenil,comentou,E66,5.6,9.2,,
RP-00987,2025-09-21,São Paulo,PR,U89,Sombras Eternas,fantasia sombria,14,16,22,NA,ruim,15,1.3,sombrio,,E42,5.5,2.4,valido,
RP-00988,2025-09-20,Goiânia,PR,U100,A Santa Que Me Condena,fantasia sombria,livre,37,2,NA,,110,2.4,adulto,curtiu,E32,2.9,4.0,procesado,
RP-00989,13/06/2025,Goiânia,PR,U141,Reino das Runas,fantasia sombria,14,31,5,,muito bom,73,4.1,juvenil,avaliou,E11,4.6,9.4,,
RP-00990,30/07/2025,São Paulo,SP,U388,A Santa Que Me Condena,darkromance,14,34,14,NA,NA,16,3.7,sombrio,,E35,8.0,9.5,valido,
RP-00991,2025-09-01,Curitiba,GO,U371,Reino das Runas,darkromance,18,40,10,1.5,muito bom,71,2.2,adulto,comentou,E75,2.1,5.3,procesado,
RP-00992,2025-01-05,Curitiba,PR,U367,A Santa Que Me Condena,darkromance,livre,36,14,NA,ruim,95,2.2,adulto,comentou,E43,9.1,4.4,,
RP-00993,2025-06-12,Curitiba,SP,U101,Sombras Eternas,fantasia,livre,24,25,4.7,ruim,60,2.9,juvenil,avaliou,E21,7.5,7.1,valido,
RP-00994,2025-04-07,Uberaba,GO,U226,Sombras Eternas,darkromance,livre,34,7,NA,muito bom,58,2.2,romance,curtiu,E41,2.4,4.5,,
RP-00995,07-16-2025,Goiânia,MG,U256,Reino das Runas,darkromance,,31,1,NA,muito bom,2,1.4,aventura,avaliou,E100,5.5,9.7,procesado,
RP-00996,2025-08-06,Goiânia,SP,U192,A Santa Que Me Condena,darkromance,18,25,18,NA,muito bom,97,2.2,aventura,avaliou,E38,6.2,1.4,,
RP-00997,2025-05-27,São Paulo,PR,U91,Im(pureza),fantasia sombria,livre,13,3,,muito bom,39,2.9,sombrio,curtiu,E86,2.0,6.6,procesado,
RP-00998,2025-07-05,Curitiba,SP,U390,Reino das Runas,darkromance,,40,10,1.3,ruim,77,2.5,adulto,comentou,E51,8.2,4.0,procesado,
RP-00999,2025-06-27,São Paulo,PR,U295,Sombras Eternas,dark_romance,14,34,13,1.6,NA,20,4.6,sombrio,avaliou,E17,5.4,3.6,procesado,
RP-00000,09-01-2025,Goiânia,GO,U196,A Santa Que Me Condena,fantasia sombria,14,37,13,,,3,1.1,adulto,avaliou,E29,4.6,8.1,procesado,
RP-00001,2025-01-14,São Paulo,mg,U223,A Santa Que Me Condena,darkromance,18,35,20,NA,NA,79,2.3,sombrio,curtiu,E68,9.1,8.2,procesado,
RP-00002,2025-06-21,Goiânia,PR,U215,Sombras Eternas,fantasia,14,21,11,NA,,78,4.0,juvenil,,E90,6.1,8.6,procesado,
RP-00003,data_invalida,Goiânia,GO,U16,Reino das Runas,fantasia sombria,14,38,23,NA,NA,92,3.8,aventura,comentou,E79,9.0,8.5,valido,
RP-00004,17/06/2025,Uberaba,MG,U184,A Santa Que Me Condena,darkromance,18,38,9,NA,,7,4.4,juvenil,,E59,8.6,1.5,,
RP-00005,2025-01-30,Curitiba,SP,U354,Sombras Eternas,fantasia_sombria,14,40,17,NA,ruim,14,2.3,magia,,E36,2.9,3.8,procesado,
RP-00006,29/07/2025,São Paulo,PR,U352,Sombras Eternas,darkromance,livre,24,22,3.3,NA,34,3.6,sombrio,avaliou,E44,6.4,3.4,,
RP-00007,2025-03-19,Curitiba,GO,U356,A Santa Que Me Condena,darkromance,14,22,25,2.4,,115,1.9,sombrio,,E10,1.8,5.3,,
RP-00008,2025-05-25,Curitiba,GO,U301,A Santa Que Me Condena,darkromance,,39,22,NA,ruim,108,1.4,juvenil,curtiu,E21,3.6,10.0,procesado,
RP-00009,2025-07-17,Curitiba,SP,U125,Im(pureza),infanto_juvenil,livre,31,25,2.5,muito bom,117,5.0,juvenil,,E92,7.8,2.6,valido,
RP-00010,02/07/2025,Uberaba,PR,U281,A Santa Que Me Condena,fantasia sombria,18,28,26,NA,ruim,112,3.0,juvenil,curtiu,E65,5.6,5.8,,
RP-00011,data_invalida,São Paulo,mg,U188,Im(pureza),fantasia_sombria,,33,1,,NA,11,4.8,juvenil,,E52,6.2,8.3,,
RP-00012,2025-08-25,Curitiba,GO,U289,Reino das Runas,fantasia sombria,,36,18,,,96,3.4,romance,comentou,E6,6.9,5.7,procesado,
RP-00013,2025-04-30,Goiânia,MG,U155,A Santa Que Me Condena,dark_romance,14,18,9,NA,ruim,114,1.4,aventura,comentou,E72,9.5,9.4,valido,
RP-00014,22/07/2025,Uberaba,mg,U233,Reino das Runas,fantasia sombria,livre,27,10,4.2,muito bom,25,3.9,adulto,comentou,E63,6.2,2.2,procesado,
RP-00015,2025-06-16,São Paulo,MG,U204,Reino das Runas,fantasia sombria,,31,12,,muito bom,8,2.2,sombrio,avaliou,E44,3.9,8.2,valido,
RP-00016,2025-08-12,São Paulo,mg,U292,A Santa Que Me Condena,fantasia sombria,18,39,25,4.3,muito bom,14,2.3,aventura,avaliou,E77,1.2,7.8,procesado,
RP-00017,12/05/2025,Goiânia,GO,U85,Im(pureza),fantasia sombria,18,27,1,1.2,,30,4.0,juvenil,avaliou,E54,7.6,6.1,,
RP-00018,2025-05-28,Goiânia,SP,U42,Sombras Eternas,darkromance,,40,1,,NA,39,4.8,sombrio,curtiu,E77,6.7,3.2,procesado,
RP-00019,2025-02-06,Curitiba,SP,U276,Reino das Runas,fantasia,livre,26,15,NA,,115,4.2,magia,curtiu,E98,3.8,1.0,procesado,
